Sample File,Marker,Dye,Allele 1,Size 1,Height 1,Allele 2,Size 2,Height 2,Allele 3,Size 3,Height 3,Allele 4,Size 4,Height 4,Allele 5,Size 5,Height 5,Allele 6,Size 6,Height 6,Allele 7,Size 7,Height 7,Allele 8,Size 8,Height 8,Allele 9,Size 9,Height 9,Allele 10,Size 10,Height 10,Allele 11,Size 11,Height 11,Allele 12,Size 12,Height 12,Allele 13,Size 13,Height 13,Allele 14,Size 14,Height 14,Allele 15,Size 15,Height 15,Allele 16,Size 16,Height 16,Allele 17,Size 17,Height 17,Allele 18,Size 18,Height 18,Allele 19,Size 19,Height 19,Allele 20,Size 20,Height 20,Allele 21,Size 21,Height 21,Allele 22,Size 22,Height 22,Allele 23,Size 23,Height 23,Allele 24,Size 24,Height 24,Allele 25,Size 25,Height 25,Allele 26,Size 26,Height 26,Allele 27,Size 27,Height 27,Allele 28,Size 28,Height 28,Allele 29,Size 29,Height 29,Allele 30,Size 30,Height 30,Allele 31,Size 31,Height 31,Allele 32,Size 32,Height 32,Allele 33,Size 33,Height 33,Allele 34,Size 34,Height 34,Allele 35,Size 35,Height 35,Allele 36,Size 36,Height 36,Allele 37,Size 37,Height 37,Allele 38,Size 38,Height 38,Allele 39,Size 39,Height 39,Allele 40,Size 40,Height 40,Allele 41,Size 41,Height 41,Allele 42,Size 42,Height 42,Allele 43,Size 43,Height 43,Allele 44,Size 44,Height 44,Allele 45,Size 45,Height 45,Allele 46,Size 46,Height 46,Allele 47,Size 47,Height 47,Allele 48,Size 48,Height 48,Allele 49,Size 49,Height 49,Allele 50,Size 50,Height 50,Allele 51,Size 51,Height 51,Allele 52,Size 52,Height 52,Allele 53,Size 53,Height 53,Allele 54,Size 54,Height 54,Allele 55,Size 55,Height 55,Allele 56,Size 56,Height 56,Allele 57,Size 57,Height 57,Allele 58,Size 58,Height 58,Allele 59,Size 59,Height 59,Allele 60,Size 60,Height 60,Allele 61,Size 61,Height 61,Allele 62,Size 62,Height 62,Allele 63,Size 63,Height 63,Allele 64,Size 64,Height 64,Allele 65,Size 65,Height 65,Allele 66,Size 66,Height 66,Allele 67,Size 67,Height 67,Allele 68,Size 68,Height 68,Allele 69,Size 69,Height 69,Allele 70,Size 70,Height 70,Allele 71,Size 71,Height 71,Allele 72,Size 72,Height 72,Allele 73,Size 73,Height 73,Allele 74,Size 74,Height 74,Allele 75,Size 75,Height 75,Allele 76,Size 76,Height 76,Allele 77,Size 77,Height 77,Allele 78,Size 78,Height 78,Allele 79,Size 79,Height 79,Allele 80,Size 80,Height 80,Allele 81,Size 81,Height 81,Allele 82,Size 82,Height 82,Allele 83,Size 83,Height 83,Allele 84,Size 84,Height 84,Allele 85,Size 85,Height 85,Allele 86,Size 86,Height 86,Allele 87,Size 87,Height 87,Allele 88,Size 88,Height 88,Allele 89,Size 89,Height 89,Allele 90,Size 90,Height 90,Allele 91,Size 91,Height 91,Allele 92,Size 92,Height 92,Allele 93,Size 93,Height 93,Allele 94,Size 94,Height 94,Allele 95,Size 95,Height 95,Allele 96,Size 96,Height 96,Allele 97,Size 97,Height 97,Allele 98,Size 98,Height 98,Allele 99,Size 99,Height 99,Allele 100,Size 100,Height 100
A02_RD14-0003-44_45-1;1-M4d-0.031IP-Q0.9_001.20sec.fsa,D8S1179,B,OL,120.08,2,OL,123.57,6,10,129.69,79,OL,139.68,4,OL,140.82,2,13,141.89,8,OL,143.79,2,14,146.19,194,16,154.07,2,17,158.33,3,OL,160.16,4,OL,172.69,2,,,,,,,,,,,,,,,,,,,,,,,,,,,,,,,,,,,,,,,,,,,,,,,,,,,,,,,,,,,,,,,,,,,,,,,,,,,,,,,,,,,,,,,,,,,,,,,,,,,,,,,,,,,,,,,,,,,,,,,,,,,,,,,,,,,,,,,,,,,,,,,,,,,,,,,,,,,,,,,,,,,,,,,,,,,,,,,,,,,,,,,,,,,,,,,,,,,,,,,,,,,,,,,,,,,,,,,,,,,,,,,,,,,,,,,,,,,,,,,,,,,,,,,,,,,,,,,,,,,,,,,,
A02_RD14-0003-44_45-1;1-M4d-0.031IP-Q0.9_001.20sec.fsa,D21S11,B,23.2,179.84,5,26,190.67,1,27,194.62,15,28,198.74,87,OL,213.92,6,32.2,216.65,3,34.2,224.45,2,OL,239.75,4,,,,,,,,,,,,,,,,,,,,,,,,,,,,,,,,,,,,,,,,,,,,,,,,,,,,,,,,,,,,,,,,,,,,,,,,,,,,,,,,,,,,,,,,,,,,,,,,,,,,,,,,,,,,,,,,,,,,,,,,,,,,,,,,,,,,,,,,,,,,,,,,,,,,,,,,,,,,,,,,,,,,,,,,,,,,,,,,,,,,,,,,,,,,,,,,,,,,,,,,,,,,,,,,,,,,,,,,,,,,,,,,,,,,,,,,,,,,,,,,,,,,,,,,,,,,,,,,,,,,,,,,,,,,,,,,,,,,
A02_RD14-0003-44_45-1;1-M4d-0.031IP-Q0.9_001.20sec.fsa,D7S820,B,5,249.91,5,OL,251.42,4,6,253.68,3,OL,256.85,2,OL,260.17,6,9,266.25,3,10,270.15,31,OL,275.83,1,OL,279.91,5,OL,285.32,3,15,290.22,2,,,,,,,,,,,,,,,,,,,,,,,,,,,,,,,,,,,,,,,,,,,,,,,,,,,,,,,,,,,,,,,,,,,,,,,,,,,,,,,,,,,,,,,,,,,,,,,,,,,,,,,,,,,,,,,,,,,,,,,,,,,,,,,,,,,,,,,,,,,,,,,,,,,,,,,,,,,,,,,,,,,,,,,,,,,,,,,,,,,,,,,,,,,,,,,,,,,,,,,,,,,,,,,,,,,,,,,,,,,,,,,,,,,,,,,,,,,,,,,,,,,,,,,,,,,,,,,,,,,,,,,,,,,
A02_RD14-0003-44_45-1;1-M4d-0.031IP-Q0.9_001.20sec.fsa,CSF1PO,B,OL,300,4,OL,301.91,2,6,302.65,2,OL,304.99,2,10,318.56,9,10.2,320.35,5,11,322.8,108,12,326.89,142,OL,333.47,2,16,342.45,4,,,,,,,,,,,,,,,,,,,,,,,,,,,,,,,,,,,,,,,,,,,,,,,,,,,,,,,,,,,,,,,,,,,,,,,,,,,,,,,,,,,,,,,,,,,,,,,,,,,,,,,,,,,,,,,,,,,,,,,,,,,,,,,,,,,,,,,,,,,,,,,,,,,,,,,,,,,,,,,,,,,,,,,,,,,,,,,,,,,,,,,,,,,,,,,,,,,,,,,,,,,,,,,,,,,,,,,,,,,,,,,,,,,,,,,,,,,,,,,,,,,,,,,,,,,,,,,,,,,,,,,,,,,,,,
A02_RD14-0003-44_45-1;1-M4d-0.031IP-Q0.9_001.20sec.fsa,D3S1358,G,OL,96.85,4,OL,99.45,4,OL,100.56,7,OL,116.31,12,OL,117,12,14,118.16,28,15,122.25,375,OL,124.82,2,16,126.3,60,17,130.08,189,20,142.55,3,,,,,,,,,,,,,,,,,,,,,,,,,,,,,,,,,,,,,,,,,,,,,,,,,,,,,,,,,,,,,,,,,,,,,,,,,,,,,,,,,,,,,,,,,,,,,,,,,,,,,,,,,,,,,,,,,,,,,,,,,,,,,,,,,,,,,,,,,,,,,,,,,,,,,,,,,,,,,,,,,,,,,,,,,,,,,,,,,,,,,,,,,,,,,,,,,,,,,,,,,,,,,,,,,,,,,,,,,,,,,,,,,,,,,,,,,,,,,,,,,,,,,,,,,,,,,,,,,,,,,,,,,,,
A02_RD14-0003-44_45-1;1-M4d-0.031IP-Q0.9_001.20sec.fsa,TH01,G,5,164.09,3,6,168.59,56,7,172.61,147,9,180.76,48,9.3,183.86,107,OL,195.71,4,OL,198.07,2,,,,,,,,,,,,,,,,,,,,,,,,,,,,,,,,,,,,,,,,,,,,,,,,,,,,,,,,,,,,,,,,,,,,,,,,,,,,,,,,,,,,,,,,,,,,,,,,,,,,,,,,,,,,,,,,,,,,,,,,,,,,,,,,,,,,,,,,,,,,,,,,,,,,,,,,,,,,,,,,,,,,,,,,,,,,,,,,,,,,,,,,,,,,,,,,,,,,,,,,,,,,,,,,,,,,,,,,,,,,,,,,,,,,,,,,,,,,,,,,,,,,,,,,,,,,,,,,,,,,,,,,,,,,,,,,,,,,,,,
A02_RD14-0003-44_45-1;1-M4d-0.031IP-Q0.9_001.20sec.fsa,D13S317,G,8,215.11,153,11,227.05,2,OL,232.77,2,OL,236.13,4,14,238.99,3,,,,,,,,,,,,,,,,,,,,,,,,,,,,,,,,,,,,,,,,,,,,,,,,,,,,,,,,,,,,,,,,,,,,,,,,,,,,,,,,,,,,,,,,,,,,,,,,,,,,,,,,,,,,,,,,,,,,,,,,,,,,,,,,,,,,,,,,,,,,,,,,,,,,,,,,,,,,,,,,,,,,,,,,,,,,,,,,,,,,,,,,,,,,,,,,,,,,,,,,,,,,,,,,,,,,,,,,,,,,,,,,,,,,,,,,,,,,,,,,,,,,,,,,,,,,,,,,,,,,,,,,,,,,,,,,,,,,,,,,,,,,,
A02_RD14-0003-44_45-1;1-M4d-0.031IP-Q0.9_001.20sec.fsa,D16S539,G,11,275.32,96,OL,292.16,2,,,,,,,,,,,,,,,,,,,,,,,,,,,,,,,,,,,,,,,,,,,,,,,,,,,,,,,,,,,,,,,,,,,,,,,,,,,,,,,,,,,,,,,,,,,,,,,,,,,,,,,,,,,,,,,,,,,,,,,,,,,,,,,,,,,,,,,,,,,,,,,,,,,,,,,,,,,,,,,,,,,,,,,,,,,,,,,,,,,,,,,,,,,,,,,,,,,,,,,,,,,,,,,,,,,,,,,,,,,,,,,,,,,,,,,,,,,,,,,,,,,,,,,,,,,,,,,,,,,,,,,,,,,,,,,,,,,,,,,,,,,,,,,,,,,,,,
A02_RD14-0003-44_45-1;1-M4d-0.031IP-Q0.9_001.20sec.fsa,D2S1338,G,OL,301.41,3,15,304.91,14,16,308.87,215,OL,314.09,3,OL,320.26,4,21,329.06,3,OL,331.74,3,OL,332.35,2,OL,335.88,3,OL,339.14,2,OL,346.55,3,26,349.69,7,28,357.55,2,OL,359.39,4,OL,360.86,3,,,,,,,,,,,,,,,,,,,,,,,,,,,,,,,,,,,,,,,,,,,,,,,,,,,,,,,,,,,,,,,,,,,,,,,,,,,,,,,,,,,,,,,,,,,,,,,,,,,,,,,,,,,,,,,,,,,,,,,,,,,,,,,,,,,,,,,,,,,,,,,,,,,,,,,,,,,,,,,,,,,,,,,,,,,,,,,,,,,,,,,,,,,,,,,,,,,,,,,,,,,,,,,,,,,,,,,,,,,,,,,,,,,,,,,,,,,,,,,,,,,,,,,,,,,,,,,
A02_RD14-0003-44_45-1;1-M4d-0.031IP-Q0.9_001.20sec.fsa,D19S433,Y,11,108.14,185,12,112.02,11,13,116.23,161,14,120.15,141,15,124.04,54,OL,132.86,5,OL,135.57,8,,,,,,,,,,,,,,,,,,,,,,,,,,,,,,,,,,,,,,,,,,,,,,,,,,,,,,,,,,,,,,,,,,,,,,,,,,,,,,,,,,,,,,,,,,,,,,,,,,,,,,,,,,,,,,,,,,,,,,,,,,,,,,,,,,,,,,,,,,,,,,,,,,,,,,,,,,,,,,,,,,,,,,,,,,,,,,,,,,,,,,,,,,,,,,,,,,,,,,,,,,,,,,,,,,,,,,,,,,,,,,,,,,,,,,,,,,,,,,,,,,,,,,,,,,,,,,,,,,,,,,,,,,,,,,,,,,,,,,,
A02_RD14-0003-44_45-1;1-M4d-0.031IP-Q0.9_001.20sec.fsa,vWA,Y,13,160.08,109,16,172.2,231,OL,183.61,3,20,188.49,116,23,200.16,8,24,204.58,7,,,,,,,,,,,,,,,,,,,,,,,,,,,,,,,,,,,,,,,,,,,,,,,,,,,,,,,,,,,,,,,,,,,,,,,,,,,,,,,,,,,,,,,,,,,,,,,,,,,,,,,,,,,,,,,,,,,,,,,,,,,,,,,,,,,,,,,,,,,,,,,,,,,,,,,,,,,,,,,,,,,,,,,,,,,,,,,,,,,,,,,,,,,,,,,,,,,,,,,,,,,,,,,,,,,,,,,,,,,,,,,,,,,,,,,,,,,,,,,,,,,,,,,,,,,,,,,,,,,,,,,,,,,,,,,,,,,,,,,,,,
A02_RD14-0003-44_45-1;1-M4d-0.031IP-Q0.9_001.20sec.fsa,TPOX,Y,OL,218.88,7,OL,220.08,7,7,224.53,6,11,240.78,40,OL,244.23,7,14,253.01,8,OL,253.68,6,OL,255.35,4,,,,,,,,,,,,,,,,,,,,,,,,,,,,,,,,,,,,,,,,,,,,,,,,,,,,,,,,,,,,,,,,,,,,,,,,,,,,,,,,,,,,,,,,,,,,,,,,,,,,,,,,,,,,,,,,,,,,,,,,,,,,,,,,,,,,,,,,,,,,,,,,,,,,,,,,,,,,,,,,,,,,,,,,,,,,,,,,,,,,,,,,,,,,,,,,,,,,,,,,,,,,,,,,,,,,,,,,,,,,,,,,,,,,,,,,,,,,,,,,,,,,,,,,,,,,,,,,,,,,,,,,,,,,,,,,,,,,
A02_RD14-0003-44_45-1;1-M4d-0.031IP-Q0.9_001.20sec.fsa,D18S51,Y,OL,263.63,5,OL,266.34,6,10.2,275.15,7,OL,276.09,10,12,281.18,77,14,289.12,65,16.2,298.99,8,17,301.08,32,OL,340.44,8,27,341.66,8,OL,346.2,5,,,,,,,,,,,,,,,,,,,,,,,,,,,,,,,,,,,,,,,,,,,,,,,,,,,,,,,,,,,,,,,,,,,,,,,,,,,,,,,,,,,,,,,,,,,,,,,,,,,,,,,,,,,,,,,,,,,,,,,,,,,,,,,,,,,,,,,,,,,,,,,,,,,,,,,,,,,,,,,,,,,,,,,,,,,,,,,,,,,,,,,,,,,,,,,,,,,,,,,,,,,,,,,,,,,,,,,,,,,,,,,,,,,,,,,,,,,,,,,,,,,,,,,,,,,,,,,,,,,,,,,,,,,
A02_RD14-0003-44_45-1;1-M4d-0.031IP-Q0.9_001.20sec.fsa,AMEL,R,X,104.88,329,Y,110.84,148,,,,,,,,,,,,,,,,,,,,,,,,,,,,,,,,,,,,,,,,,,,,,,,,,,,,,,,,,,,,,,,,,,,,,,,,,,,,,,,,,,,,,,,,,,,,,,,,,,,,,,,,,,,,,,,,,,,,,,,,,,,,,,,,,,,,,,,,,,,,,,,,,,,,,,,,,,,,,,,,,,,,,,,,,,,,,,,,,,,,,,,,,,,,,,,,,,,,,,,,,,,,,,,,,,,,,,,,,,,,,,,,,,,,,,,,,,,,,,,,,,,,,,,,,,,,,,,,,,,,,,,,,,,,,,,,,,,,,,,,,,,,,,,,,,,,,,
A02_RD14-0003-44_45-1;1-M4d-0.031IP-Q0.9_001.20sec.fsa,D5S818,R,OL,139.35,8,OL,141.23,7,11,148.92,95,OL,153.99,7,,,,,,,,,,,,,,,,,,,,,,,,,,,,,,,,,,,,,,,,,,,,,,,,,,,,,,,,,,,,,,,,,,,,,,,,,,,,,,,,,,,,,,,,,,,,,,,,,,,,,,,,,,,,,,,,,,,,,,,,,,,,,,,,,,,,,,,,,,,,,,,,,,,,,,,,,,,,,,,,,,,,,,,,,,,,,,,,,,,,,,,,,,,,,,,,,,,,,,,,,,,,,,,,,,,,,,,,,,,,,,,,,,,,,,,,,,,,,,,,,,,,,,,,,,,,,,,,,,,,,,,,,,,,,,,,,,,,,,,,,,,,,,,,
A02_RD14-0003-44_45-1;1-M4d-0.031IP-Q0.9_001.20sec.fsa,FGA,R,OL,204.17,10,OL,206.55,6,17,212.67,10,17.2,214.6,7,18.2,218.45,6,18.2,219.31,5,OL,221.51,4,23,237.22,36,24,241.3,59,OL,254.93,5,27.2,255.76,7,OL,256.68,7,29.2,263.12,7,OL,274.56,6,OL,277.11,8,OL,289.12,7,OL,289.96,5,OL,292.5,6,OL,294.44,5,OL,301.32,8,OL,303.49,8,OL,313.48,10,OL,323.84,6,OL,331.22,6,OL,350.22,6,51.2,352.93,7,,,,,,,,,,,,,,,,,,,,,,,,,,,,,,,,,,,,,,,,,,,,,,,,,,,,,,,,,,,,,,,,,,,,,,,,,,,,,,,,,,,,,,,,,,,,,,,,,,,,,,,,,,,,,,,,,,,,,,,,,,,,,,,,,,,,,,,,,,,,,,,,,,,,,,,,,,,,,,,,,,,,,,,,,,,,,,,,,,,,,,,,,,,,,,,,,,,,,,,,,,,,,,,,,,,,,,,,,,,,,,
A03_RD14-0003-40_41-1;4-M4a-0.075IP-Q0.6_001.20sec.fsa,D8S1179,B,OL,114.16,8,OL,122.35,6,OL,122.98,8,OL,123.93,7,10,129.65,5,11,133.66,14,12,137.8,104,13,141.91,1008,14,146.17,755,15,150.28,133,OL,151.79,3,17,158.3,4,OL,165.19,3,,,,,,,,,,,,,,,,,,,,,,,,,,,,,,,,,,,,,,,,,,,,,,,,,,,,,,,,,,,,,,,,,,,,,,,,,,,,,,,,,,,,,,,,,,,,,,,,,,,,,,,,,,,,,,,,,,,,,,,,,,,,,,,,,,,,,,,,,,,,,,,,,,,,,,,,,,,,,,,,,,,,,,,,,,,,,,,,,,,,,,,,,,,,,,,,,,,,,,,,,,,,,,,,,,,,,,,,,,,,,,,,,,,,,,,,,,,,,,,,,,,,,,,,,,,,,,,,,,,,,
A03_RD14-0003-40_41-1;4-M4a-0.075IP-Q0.6_001.20sec.fsa,D21S11,B,24,182.23,5,28,198.71,40,28.2,200.25,5,29,202.69,4,29.2,204.46,4,30,206.66,28,OL,207.94,3,31,210.66,390,OL,214.09,4,32,214.7,5,33,218.85,6,OL,219.91,5,33.2,220.87,4,34,222.95,40,35,226.94,395,36,231.03,7,OL,232.07,3,OL,239.83,4,,,,,,,,,,,,,,,,,,,,,,,,,,,,,,,,,,,,,,,,,,,,,,,,,,,,,,,,,,,,,,,,,,,,,,,,,,,,,,,,,,,,,,,,,,,,,,,,,,,,,,,,,,,,,,,,,,,,,,,,,,,,,,,,,,,,,,,,,,,,,,,,,,,,,,,,,,,,,,,,,,,,,,,,,,,,,,,,,,,,,,,,,,,,,,,,,,,,,,,,,,,,,,,,,,,,,,,,,,,,,,,,,,,,,,,,,,,,,,,,,,,,,,
A03_RD14-0003-40_41-1;4-M4a-0.075IP-Q0.6_001.20sec.fsa,D7S820,B,5,250,3,8,262.11,5,9,266.15,63,10,270.13,57,11,274.12,940,OL,279.91,4,OL,284.71,1,,,,,,,,,,,,,,,,,,,,,,,,,,,,,,,,,,,,,,,,,,,,,,,,,,,,,,,,,,,,,,,,,,,,,,,,,,,,,,,,,,,,,,,,,,,,,,,,,,,,,,,,,,,,,,,,,,,,,,,,,,,,,,,,,,,,,,,,,,,,,,,,,,,,,,,,,,,,,,,,,,,,,,,,,,,,,,,,,,,,,,,,,,,,,,,,,,,,,,,,,,,,,,,,,,,,,,,,,,,,,,,,,,,,,,,,,,,,,,,,,,,,,,,,,,,,,,,,,,,,,,,,,,,,,,,,,,,,,,,
A03_RD14-0003-40_41-1;4-M4a-0.075IP-Q0.6_001.20sec.fsa,CSF1PO,B,5,298.84,3,7,307.09,5,10,318.76,4,11,322.86,53,12,326.91,931,OL,339.73,3,,,,,,,,,,,,,,,,,,,,,,,,,,,,,,,,,,,,,,,,,,,,,,,,,,,,,,,,,,,,,,,,,,,,,,,,,,,,,,,,,,,,,,,,,,,,,,,,,,,,,,,,,,,,,,,,,,,,,,,,,,,,,,,,,,,,,,,,,,,,,,,,,,,,,,,,,,,,,,,,,,,,,,,,,,,,,,,,,,,,,,,,,,,,,,,,,,,,,,,,,,,,,,,,,,,,,,,,,,,,,,,,,,,,,,,,,,,,,,,,,,,,,,,,,,,,,,,,,,,,,,,,,,,,,,,,,,,,,,,,,,
A03_RD14-0003-40_41-1;4-M4a-0.075IP-Q0.6_001.20sec.fsa,D3S1358,G,OL,104.81,6,OL,116.18,13,14,118.29,19,15,122.2,198,16,126.3,536,OL,127.73,9,17,130.45,410,,,,,,,,,,,,,,,,,,,,,,,,,,,,,,,,,,,,,,,,,,,,,,,,,,,,,,,,,,,,,,,,,,,,,,,,,,,,,,,,,,,,,,,,,,,,,,,,,,,,,,,,,,,,,,,,,,,,,,,,,,,,,,,,,,,,,,,,,,,,,,,,,,,,,,,,,,,,,,,,,,,,,,,,,,,,,,,,,,,,,,,,,,,,,,,,,,,,,,,,,,,,,,,,,,,,,,,,,,,,,,,,,,,,,,,,,,,,,,,,,,,,,,,,,,,,,,,,,,,,,,,,,,,,,,,,,,,,,,,
A03_RD14-0003-40_41-1;4-M4a-0.075IP-Q0.6_001.20sec.fsa,TH01,G,OL,159.15,3,6,168.55,27,7,172.66,1369,OL,174.52,6,8,176.71,106,OL,180.34,7,OL,181.8,2,OL,201.09,3,,,,,,,,,,,,,,,,,,,,,,,,,,,,,,,,,,,,,,,,,,,,,,,,,,,,,,,,,,,,,,,,,,,,,,,,,,,,,,,,,,,,,,,,,,,,,,,,,,,,,,,,,,,,,,,,,,,,,,,,,,,,,,,,,,,,,,,,,,,,,,,,,,,,,,,,,,,,,,,,,,,,,,,,,,,,,,,,,,,,,,,,,,,,,,,,,,,,,,,,,,,,,,,,,,,,,,,,,,,,,,,,,,,,,,,,,,,,,,,,,,,,,,,,,,,,,,,,,,,,,,,,,,,,,,,,,,,,
A03_RD14-0003-40_41-1;4-M4a-0.075IP-Q0.6_001.20sec.fsa,D13S317,G,OL,214.44,6,11,227.29,27,12,231.29,585,13,235.29,605,15,243.85,4,,,,,,,,,,,,,,,,,,,,,,,,,,,,,,,,,,,,,,,,,,,,,,,,,,,,,,,,,,,,,,,,,,,,,,,,,,,,,,,,,,,,,,,,,,,,,,,,,,,,,,,,,,,,,,,,,,,,,,,,,,,,,,,,,,,,,,,,,,,,,,,,,,,,,,,,,,,,,,,,,,,,,,,,,,,,,,,,,,,,,,,,,,,,,,,,,,,,,,,,,,,,,,,,,,,,,,,,,,,,,,,,,,,,,,,,,,,,,,,,,,,,,,,,,,,,,,,,,,,,,,,,,,,,,,,,,,,,,,,,,,,,,
A03_RD14-0003-40_41-1;4-M4a-0.075IP-Q0.6_001.20sec.fsa,D16S539,G,8,263.42,15,9,267.3,385,10,271.19,30,11,275.27,666,12,279.2,17,13,283.2,236,14,287.55,5,15,290.93,5,,,,,,,,,,,,,,,,,,,,,,,,,,,,,,,,,,,,,,,,,,,,,,,,,,,,,,,,,,,,,,,,,,,,,,,,,,,,,,,,,,,,,,,,,,,,,,,,,,,,,,,,,,,,,,,,,,,,,,,,,,,,,,,,,,,,,,,,,,,,,,,,,,,,,,,,,,,,,,,,,,,,,,,,,,,,,,,,,,,,,,,,,,,,,,,,,,,,,,,,,,,,,,,,,,,,,,,,,,,,,,,,,,,,,,,,,,,,,,,,,,,,,,,,,,,,,,,,,,,,,,,,,,,,,,,,,,,,
A03_RD14-0003-40_41-1;4-M4a-0.075IP-Q0.6_001.20sec.fsa,D2S1338,G,18,316.85,6,19,321.11,67,20,325.16,795,21,329.2,55,22,333.21,777,25,345.18,46,26,349.53,5,28,357.22,4,OL,360.83,4,,,,,,,,,,,,,,,,,,,,,,,,,,,,,,,,,,,,,,,,,,,,,,,,,,,,,,,,,,,,,,,,,,,,,,,,,,,,,,,,,,,,,,,,,,,,,,,,,,,,,,,,,,,,,,,,,,,,,,,,,,,,,,,,,,,,,,,,,,,,,,,,,,,,,,,,,,,,,,,,,,,,,,,,,,,,,,,,,,,,,,,,,,,,,,,,,,,,,,,,,,,,,,,,,,,,,,,,,,,,,,,,,,,,,,,,,,,,,,,,,,,,,,,,,,,,,,,,,,,,,,,,,,,,,,,,,
A03_RD14-0003-40_41-1;4-M4a-0.075IP-Q0.6_001.20sec.fsa,D19S433,Y,9,100.08,12,12,112.09,32,13,116.18,607,14.2,122.12,15,15.2,126.06,57,16.2,130.05,603,,,,,,,,,,,,,,,,,,,,,,,,,,,,,,,,,,,,,,,,,,,,,,,,,,,,,,,,,,,,,,,,,,,,,,,,,,,,,,,,,,,,,,,,,,,,,,,,,,,,,,,,,,,,,,,,,,,,,,,,,,,,,,,,,,,,,,,,,,,,,,,,,,,,,,,,,,,,,,,,,,,,,,,,,,,,,,,,,,,,,,,,,,,,,,,,,,,,,,,,,,,,,,,,,,,,,,,,,,,,,,,,,,,,,,,,,,,,,,,,,,,,,,,,,,,,,,,,,,,,,,,,,,,,,,,,,,,,,,,,,,
A03_RD14-0003-40_41-1;4-M4a-0.075IP-Q0.6_001.20sec.fsa,vWA,Y,11,152.3,5,OL,160.92,7,OL,169.22,2,16,172.66,42,OL,175.02,10,17,176.2,48,18,180.34,573,OL,183.17,13,19,184.46,676,OL,187.03,6,OL,194.24,7,OL,200.08,11,24,205.22,8,,,,,,,,,,,,,,,,,,,,,,,,,,,,,,,,,,,,,,,,,,,,,,,,,,,,,,,,,,,,,,,,,,,,,,,,,,,,,,,,,,,,,,,,,,,,,,,,,,,,,,,,,,,,,,,,,,,,,,,,,,,,,,,,,,,,,,,,,,,,,,,,,,,,,,,,,,,,,,,,,,,,,,,,,,,,,,,,,,,,,,,,,,,,,,,,,,,,,,,,,,,,,,,,,,,,,,,,,,,,,,,,,,,,,,,,,,,,,,,,,,,,,,,,,,,,,,,,,,,,,
A03_RD14-0003-40_41-1;4-M4a-0.075IP-Q0.6_001.20sec.fsa,TPOX,Y,OL,213.4,7,OL,215.5,6,7,224.6,22,OL,225.99,7,8,228.77,981,10,236.51,7,OL,240,8,OL,250.95,4,,,,,,,,,,,,,,,,,,,,,,,,,,,,,,,,,,,,,,,,,,,,,,,,,,,,,,,,,,,,,,,,,,,,,,,,,,,,,,,,,,,,,,,,,,,,,,,,,,,,,,,,,,,,,,,,,,,,,,,,,,,,,,,,,,,,,,,,,,,,,,,,,,,,,,,,,,,,,,,,,,,,,,,,,,,,,,,,,,,,,,,,,,,,,,,,,,,,,,,,,,,,,,,,,,,,,,,,,,,,,,,,,,,,,,,,,,,,,,,,,,,,,,,,,,,,,,,,,,,,,,,,,,,,,,,,,,,,
A03_RD14-0003-40_41-1;4-M4a-0.075IP-Q0.6_001.20sec.fsa,D18S51,Y,7,261.32,9,OL,267.3,8,12,281.16,45,13,285.15,714,OL,287.91,3,OL,290.4,3,OL,293.87,6,18,305.15,37,18.2,307.44,4,19,309.14,372,20,312.91,6,22.2,323.78,4,OL,332.02,8,OL,333.12,19,OL,334.75,6,OL,345.64,8,,,,,,,,,,,,,,,,,,,,,,,,,,,,,,,,,,,,,,,,,,,,,,,,,,,,,,,,,,,,,,,,,,,,,,,,,,,,,,,,,,,,,,,,,,,,,,,,,,,,,,,,,,,,,,,,,,,,,,,,,,,,,,,,,,,,,,,,,,,,,,,,,,,,,,,,,,,,,,,,,,,,,,,,,,,,,,,,,,,,,,,,,,,,,,,,,,,,,,,,,,,,,,,,,,,,,,,,,,,,,,,,,,,,,,,,,,,,,,,,,,,,,,,,,,,,
A03_RD14-0003-40_41-1;4-M4a-0.075IP-Q0.6_001.20sec.fsa,AMEL,R,X,104.89,455,Y,110.81,232,,,,,,,,,,,,,,,,,,,,,,,,,,,,,,,,,,,,,,,,,,,,,,,,,,,,,,,,,,,,,,,,,,,,,,,,,,,,,,,,,,,,,,,,,,,,,,,,,,,,,,,,,,,,,,,,,,,,,,,,,,,,,,,,,,,,,,,,,,,,,,,,,,,,,,,,,,,,,,,,,,,,,,,,,,,,,,,,,,,,,,,,,,,,,,,,,,,,,,,,,,,,,,,,,,,,,,,,,,,,,,,,,,,,,,,,,,,,,,,,,,,,,,,,,,,,,,,,,,,,,,,,,,,,,,,,,,,,,,,,,,,,,,,,,,,,,,
A03_RD14-0003-40_41-1;4-M4a-0.075IP-Q0.6_001.20sec.fsa,D5S818,R,10,144.75,62,OL,147.51,7,11,148.85,895,OL,151.71,9,12,153.14,15,OL,158.98,9,OL,167.87,4,OL,168.8,6,OL,171.82,8,OL,178.23,7,,,,,,,,,,,,,,,,,,,,,,,,,,,,,,,,,,,,,,,,,,,,,,,,,,,,,,,,,,,,,,,,,,,,,,,,,,,,,,,,,,,,,,,,,,,,,,,,,,,,,,,,,,,,,,,,,,,,,,,,,,,,,,,,,,,,,,,,,,,,,,,,,,,,,,,,,,,,,,,,,,,,,,,,,,,,,,,,,,,,,,,,,,,,,,,,,,,,,,,,,,,,,,,,,,,,,,,,,,,,,,,,,,,,,,,,,,,,,,,,,,,,,,,,,,,,,,,,,,,,,,,,,,,,,,
A03_RD14-0003-40_41-1;4-M4a-0.075IP-Q0.6_001.20sec.fsa,FGA,R,OL,204.97,4,19,220.95,11,OL,222.08,12,20,225.29,10,OL,228.07,5,21,229.2,33,22,233.2,491,OL,235.99,10,26,249.64,85,26.2,252.16,6,27,253.63,396,28,257.59,174,OL,260.7,9,OL,262.19,10,OL,264.92,6,32.2,275.72,11,OL,278.48,14,OL,285.07,12,OL,293.6,8,OL,295.73,5,OL,296.53,6,OL,302.34,9,OL,312.28,17,OL,314.47,6,OL,327.09,9,OL,330.02,9,OL,342.96,11,,,,,,,,,,,,,,,,,,,,,,,,,,,,,,,,,,,,,,,,,,,,,,,,,,,,,,,,,,,,,,,,,,,,,,,,,,,,,,,,,,,,,,,,,,,,,,,,,,,,,,,,,,,,,,,,,,,,,,,,,,,,,,,,,,,,,,,,,,,,,,,,,,,,,,,,,,,,,,,,,,,,,,,,,,,,,,,,,,,,,,,,,,,,,,,,,,,,,,,,,,,,,,,,,,,,,,,,,,,
A04_RD14-0003-40_41-1;4-M3e-0.155IP-Q0.8_001.20sec.fsa,D8S1179,B,OL,118.2,2,OL,122.42,9,OL,123.26,11,OL,127.61,5,OL,128.61,3,11,133.65,9,12,137.79,65,13,141.92,995,14,146.18,586,15,150.31,113,OL,172.61,9,OL,173.91,4,OL,176.42,4,,,,,,,,,,,,,,,,,,,,,,,,,,,,,,,,,,,,,,,,,,,,,,,,,,,,,,,,,,,,,,,,,,,,,,,,,,,,,,,,,,,,,,,,,,,,,,,,,,,,,,,,,,,,,,,,,,,,,,,,,,,,,,,,,,,,,,,,,,,,,,,,,,,,,,,,,,,,,,,,,,,,,,,,,,,,,,,,,,,,,,,,,,,,,,,,,,,,,,,,,,,,,,,,,,,,,,,,,,,,,,,,,,,,,,,,,,,,,,,,,,,,,,,,,,,,,,,,,,,,,
A04_RD14-0003-40_41-1;4-M3e-0.155IP-Q0.8_001.20sec.fsa,D21S11,B,OL,193.88,3,28,198.51,9,29,202.66,69,30,206.56,10,31,210.64,109,31.2,212.52,6,OL,217.46,4,33,218.56,6,34,222.91,45,35,226.92,444,36,231.1,8,37,235.12,5,,,,,,,,,,,,,,,,,,,,,,,,,,,,,,,,,,,,,,,,,,,,,,,,,,,,,,,,,,,,,,,,,,,,,,,,,,,,,,,,,,,,,,,,,,,,,,,,,,,,,,,,,,,,,,,,,,,,,,,,,,,,,,,,,,,,,,,,,,,,,,,,,,,,,,,,,,,,,,,,,,,,,,,,,,,,,,,,,,,,,,,,,,,,,,,,,,,,,,,,,,,,,,,,,,,,,,,,,,,,,,,,,,,,,,,,,,,,,,,,,,,,,,,,,,,,,,,,,,,,,,,,
A04_RD14-0003-40_41-1;4-M3e-0.155IP-Q0.8_001.20sec.fsa,D7S820,B,OL,247.51,3,5,250.25,5,OL,260.17,6,8,261.86,7,9,266.26,46,10,270.09,31,11,274.09,602,12,278.63,4,OL,280,4,,,,,,,,,,,,,,,,,,,,,,,,,,,,,,,,,,,,,,,,,,,,,,,,,,,,,,,,,,,,,,,,,,,,,,,,,,,,,,,,,,,,,,,,,,,,,,,,,,,,,,,,,,,,,,,,,,,,,,,,,,,,,,,,,,,,,,,,,,,,,,,,,,,,,,,,,,,,,,,,,,,,,,,,,,,,,,,,,,,,,,,,,,,,,,,,,,,,,,,,,,,,,,,,,,,,,,,,,,,,,,,,,,,,,,,,,,,,,,,,,,,,,,,,,,,,,,,,,,,,,,,,,,,,,,,,,
A04_RD14-0003-40_41-1;4-M3e-0.155IP-Q0.8_001.20sec.fsa,CSF1PO,B,6,303.01,3,7,306.9,4,8,310.51,67,OL,315.38,2,10,318.98,6,11,322.77,57,12,326.87,1024,OL,337.02,4,OL,338.08,1,,,,,,,,,,,,,,,,,,,,,,,,,,,,,,,,,,,,,,,,,,,,,,,,,,,,,,,,,,,,,,,,,,,,,,,,,,,,,,,,,,,,,,,,,,,,,,,,,,,,,,,,,,,,,,,,,,,,,,,,,,,,,,,,,,,,,,,,,,,,,,,,,,,,,,,,,,,,,,,,,,,,,,,,,,,,,,,,,,,,,,,,,,,,,,,,,,,,,,,,,,,,,,,,,,,,,,,,,,,,,,,,,,,,,,,,,,,,,,,,,,,,,,,,,,,,,,,,,,,,,,,,,,,,,,,,,
A04_RD14-0003-40_41-1;4-M3e-0.155IP-Q0.8_001.20sec.fsa,D3S1358,G,OL,107.91,6,13,114.23,2,14,118.05,8,15,122.27,108,16,126.31,853,17,130.46,1147,,,,,,,,,,,,,,,,,,,,,,,,,,,,,,,,,,,,,,,,,,,,,,,,,,,,,,,,,,,,,,,,,,,,,,,,,,,,,,,,,,,,,,,,,,,,,,,,,,,,,,,,,,,,,,,,,,,,,,,,,,,,,,,,,,,,,,,,,,,,,,,,,,,,,,,,,,,,,,,,,,,,,,,,,,,,,,,,,,,,,,,,,,,,,,,,,,,,,,,,,,,,,,,,,,,,,,,,,,,,,,,,,,,,,,,,,,,,,,,,,,,,,,,,,,,,,,,,,,,,,,,,,,,,,,,,,,,,,,,,,,
A04_RD14-0003-40_41-1;4-M3e-0.155IP-Q0.8_001.20sec.fsa,TH01,G,6,168.56,20,7,172.61,1178,8,176.67,190,OL,178.94,2,13,197.02,4,,,,,,,,,,,,,,,,,,,,,,,,,,,,,,,,,,,,,,,,,,,,,,,,,,,,,,,,,,,,,,,,,,,,,,,,,,,,,,,,,,,,,,,,,,,,,,,,,,,,,,,,,,,,,,,,,,,,,,,,,,,,,,,,,,,,,,,,,,,,,,,,,,,,,,,,,,,,,,,,,,,,,,,,,,,,,,,,,,,,,,,,,,,,,,,,,,,,,,,,,,,,,,,,,,,,,,,,,,,,,,,,,,,,,,,,,,,,,,,,,,,,,,,,,,,,,,,,,,,,,,,,,,,,,,,,,,,,,,,,,,,,,
A04_RD14-0003-40_41-1;4-M3e-0.155IP-Q0.8_001.20sec.fsa,D13S317,G,OL,218.47,4,11,227.25,66,12,231.27,1175,13,235.29,637,OL,241.47,7,,,,,,,,,,,,,,,,,,,,,,,,,,,,,,,,,,,,,,,,,,,,,,,,,,,,,,,,,,,,,,,,,,,,,,,,,,,,,,,,,,,,,,,,,,,,,,,,,,,,,,,,,,,,,,,,,,,,,,,,,,,,,,,,,,,,,,,,,,,,,,,,,,,,,,,,,,,,,,,,,,,,,,,,,,,,,,,,,,,,,,,,,,,,,,,,,,,,,,,,,,,,,,,,,,,,,,,,,,,,,,,,,,,,,,,,,,,,,,,,,,,,,,,,,,,,,,,,,,,,,,,,,,,,,,,,,,,,,,,,,,,,,
A04_RD14-0003-40_41-1;4-M3e-0.155IP-Q0.8_001.20sec.fsa,D16S539,G,OL,254.01,6,7,259.59,13,8,263.21,15,9,267.28,531,10,271.36,11,11,275.29,231,12,279.23,30,13,283.25,370,16,295.55,7,,,,,,,,,,,,,,,,,,,,,,,,,,,,,,,,,,,,,,,,,,,,,,,,,,,,,,,,,,,,,,,,,,,,,,,,,,,,,,,,,,,,,,,,,,,,,,,,,,,,,,,,,,,,,,,,,,,,,,,,,,,,,,,,,,,,,,,,,,,,,,,,,,,,,,,,,,,,,,,,,,,,,,,,,,,,,,,,,,,,,,,,,,,,,,,,,,,,,,,,,,,,,,,,,,,,,,,,,,,,,,,,,,,,,,,,,,,,,,,,,,,,,,,,,,,,,,,,,,,,,,,,,,,,,,,,,
A04_RD14-0003-40_41-1;4-M3e-0.155IP-Q0.8_001.20sec.fsa,D2S1338,G,OL,306.31,4,OL,308.02,5,16,309.05,6,OL,312.16,6,18,316.67,14,19,321.08,102,20,325.09,622,21,329.18,39,22,333.16,564,25,345.55,8,OL,350.03,5,OL,351.64,4,28,357.39,4,,,,,,,,,,,,,,,,,,,,,,,,,,,,,,,,,,,,,,,,,,,,,,,,,,,,,,,,,,,,,,,,,,,,,,,,,,,,,,,,,,,,,,,,,,,,,,,,,,,,,,,,,,,,,,,,,,,,,,,,,,,,,,,,,,,,,,,,,,,,,,,,,,,,,,,,,,,,,,,,,,,,,,,,,,,,,,,,,,,,,,,,,,,,,,,,,,,,,,,,,,,,,,,,,,,,,,,,,,,,,,,,,,,,,,,,,,,,,,,,,,,,,,,,,,,,,,,,,,,,,
A04_RD14-0003-40_41-1;4-M3e-0.155IP-Q0.8_001.20sec.fsa,D19S433,Y,OL,102.41,9,10,103.96,13,11,108.07,213,12,112.23,56,13,116.18,760,13.2,118.13,8,14.2,121.89,19,15.2,126.08,108,16.2,130.08,1034,17.2,134.5,12,,,,,,,,,,,,,,,,,,,,,,,,,,,,,,,,,,,,,,,,,,,,,,,,,,,,,,,,,,,,,,,,,,,,,,,,,,,,,,,,,,,,,,,,,,,,,,,,,,,,,,,,,,,,,,,,,,,,,,,,,,,,,,,,,,,,,,,,,,,,,,,,,,,,,,,,,,,,,,,,,,,,,,,,,,,,,,,,,,,,,,,,,,,,,,,,,,,,,,,,,,,,,,,,,,,,,,,,,,,,,,,,,,,,,,,,,,,,,,,,,,,,,,,,,,,,,,,,,,,,,,,,,,,,,,
A04_RD14-0003-40_41-1;4-M3e-0.155IP-Q0.8_001.20sec.fsa,vWA,Y,13,160,8,15,168.15,39,OL,171.07,9,16,172.69,22,17,176.26,115,18,180.33,452,19,184.46,740,OL,185.78,15,22,196.61,4,,,,,,,,,,,,,,,,,,,,,,,,,,,,,,,,,,,,,,,,,,,,,,,,,,,,,,,,,,,,,,,,,,,,,,,,,,,,,,,,,,,,,,,,,,,,,,,,,,,,,,,,,,,,,,,,,,,,,,,,,,,,,,,,,,,,,,,,,,,,,,,,,,,,,,,,,,,,,,,,,,,,,,,,,,,,,,,,,,,,,,,,,,,,,,,,,,,,,,,,,,,,,,,,,,,,,,,,,,,,,,,,,,,,,,,,,,,,,,,,,,,,,,,,,,,,,,,,,,,,,,,,,,,,,,,,,
A04_RD14-0003-40_41-1;4-M3e-0.155IP-Q0.8_001.20sec.fsa,TPOX,Y,8,228.67,1050,OL,231.18,26,12,244.84,63,OL,246.9,8,OL,252.01,5,14,253.26,8,,,,,,,,,,,,,,,,,,,,,,,,,,,,,,,,,,,,,,,,,,,,,,,,,,,,,,,,,,,,,,,,,,,,,,,,,,,,,,,,,,,,,,,,,,,,,,,,,,,,,,,,,,,,,,,,,,,,,,,,,,,,,,,,,,,,,,,,,,,,,,,,,,,,,,,,,,,,,,,,,,,,,,,,,,,,,,,,,,,,,,,,,,,,,,,,,,,,,,,,,,,,,,,,,,,,,,,,,,,,,,,,,,,,,,,,,,,,,,,,,,,,,,,,,,,,,,,,,,,,,,,,,,,,,,,,,,,,,,,,,,
A04_RD14-0003-40_41-1;4-M3e-0.155IP-Q0.8_001.20sec.fsa,D18S51,Y,OL,263.3,10,8,264.48,4,OL,271.62,7,11,276.83,5,12,281.11,90,13,285.13,299,OL,288.03,8,14.2,290.77,4,OL,298.12,6,16.2,299.57,7,17,301.17,12,18,304.95,45,19,309.05,454,OL,328.91,8,24,329.62,5,26,337.46,8,,,,,,,,,,,,,,,,,,,,,,,,,,,,,,,,,,,,,,,,,,,,,,,,,,,,,,,,,,,,,,,,,,,,,,,,,,,,,,,,,,,,,,,,,,,,,,,,,,,,,,,,,,,,,,,,,,,,,,,,,,,,,,,,,,,,,,,,,,,,,,,,,,,,,,,,,,,,,,,,,,,,,,,,,,,,,,,,,,,,,,,,,,,,,,,,,,,,,,,,,,,,,,,,,,,,,,,,,,,,,,,,,,,,,,,,,,,,,,,,,,,,,,,,,,,,
A04_RD14-0003-40_41-1;4-M3e-0.155IP-Q0.8_001.20sec.fsa,AMEL,R,X,104.97,1093,OL,107.37,7,OL,107.91,4,Y,110.84,1063,,,,,,,,,,,,,,,,,,,,,,,,,,,,,,,,,,,,,,,,,,,,,,,,,,,,,,,,,,,,,,,,,,,,,,,,,,,,,,,,,,,,,,,,,,,,,,,,,,,,,,,,,,,,,,,,,,,,,,,,,,,,,,,,,,,,,,,,,,,,,,,,,,,,,,,,,,,,,,,,,,,,,,,,,,,,,,,,,,,,,,,,,,,,,,,,,,,,,,,,,,,,,,,,,,,,,,,,,,,,,,,,,,,,,,,,,,,,,,,,,,,,,,,,,,,,,,,,,,,,,,,,,,,,,,,,,,,,,,,,,,,,,,,,
A04_RD14-0003-40_41-1;4-M3e-0.155IP-Q0.8_001.20sec.fsa,D5S818,R,OL,127.84,16,6,128.69,15,OL,134.19,12,10,144.73,51,11,148.85,823,OL,150.87,8,12,152.98,371,13,157.14,69,OL,162.82,6,OL,170.01,8,OL,174.8,9,OL,177.64,10,,,,,,,,,,,,,,,,,,,,,,,,,,,,,,,,,,,,,,,,,,,,,,,,,,,,,,,,,,,,,,,,,,,,,,,,,,,,,,,,,,,,,,,,,,,,,,,,,,,,,,,,,,,,,,,,,,,,,,,,,,,,,,,,,,,,,,,,,,,,,,,,,,,,,,,,,,,,,,,,,,,,,,,,,,,,,,,,,,,,,,,,,,,,,,,,,,,,,,,,,,,,,,,,,,,,,,,,,,,,,,,,,,,,,,,,,,,,,,,,,,,,,,,,,,,,,,,,,,,,,,,,
A04_RD14-0003-40_41-1;4-M3e-0.155IP-Q0.8_001.20sec.fsa,FGA,R,17,212.93,13,19,221.33,11,19.2,222.83,7,OL,226,8,21,229.09,30,22,233.19,388,23,236.97,9,24,240.95,12,24,241.47,11,OL,242.25,11,24.2,243.72,11,25,245.53,9,26,249.57,58,27,253.68,467,28,257.68,78,29,261.27,7,OL,274.69,6,OL,277.34,12,OL,281.71,11,OL,291.54,7,OL,305.54,8,OL,312.08,16,OL,313.04,16,OL,323.85,7,OL,326.25,7,OL,329.98,8,OL,331.66,8,OL,335.8,10,,,,,,,,,,,,,,,,,,,,,,,,,,,,,,,,,,,,,,,,,,,,,,,,,,,,,,,,,,,,,,,,,,,,,,,,,,,,,,,,,,,,,,,,,,,,,,,,,,,,,,,,,,,,,,,,,,,,,,,,,,,,,,,,,,,,,,,,,,,,,,,,,,,,,,,,,,,,,,,,,,,,,,,,,,,,,,,,,,,,,,,,,,,,,,,,,,,,,,,,,,,,,,,,,,,,,,,,
A05_RD14-0003-42_43-1;9-M2d-0.31IP-Q0.8_001.20sec.fsa,D8S1179,B,8,121.5,8,OL,123.4,14,10,129.72,64,11,133.68,1035,12,137.77,271,13,142.09,1129,14,146.2,263,OL,152.61,3,OL,169.26,4,OL,169.93,4,OL,172.04,3,OL,172.55,3,OL,175.68,2,,,,,,,,,,,,,,,,,,,,,,,,,,,,,,,,,,,,,,,,,,,,,,,,,,,,,,,,,,,,,,,,,,,,,,,,,,,,,,,,,,,,,,,,,,,,,,,,,,,,,,,,,,,,,,,,,,,,,,,,,,,,,,,,,,,,,,,,,,,,,,,,,,,,,,,,,,,,,,,,,,,,,,,,,,,,,,,,,,,,,,,,,,,,,,,,,,,,,,,,,,,,,,,,,,,,,,,,,,,,,,,,,,,,,,,,,,,,,,,,,,,,,,,,,,,,,,,,,,,,,
A05_RD14-0003-42_43-1;9-M2d-0.31IP-Q0.8_001.20sec.fsa,D21S11,B,24.2,183.96,2,OL,185.68,7,26,190.51,36,27,194.65,834,27.2,197.06,1,28,198.62,45,OL,199.83,12,29,202.63,737,30.2,208.59,10,OL,209.87,3,31.2,212.71,91,32,214.26,5,32.2,216.91,3,36.2,232.47,6,37.2,236.85,9,,,,,,,,,,,,,,,,,,,,,,,,,,,,,,,,,,,,,,,,,,,,,,,,,,,,,,,,,,,,,,,,,,,,,,,,,,,,,,,,,,,,,,,,,,,,,,,,,,,,,,,,,,,,,,,,,,,,,,,,,,,,,,,,,,,,,,,,,,,,,,,,,,,,,,,,,,,,,,,,,,,,,,,,,,,,,,,,,,,,,,,,,,,,,,,,,,,,,,,,,,,,,,,,,,,,,,,,,,,,,,,,,,,,,,,,,,,,,,,,,,,,,,,,,,,,,,,
A05_RD14-0003-42_43-1;9-M2d-0.31IP-Q0.8_001.20sec.fsa,D7S820,B,OL,250.87,3,6,253.92,6,7,258.18,55,8,262.12,700,9,266.11,534,10,270.1,5,11,274.11,52,13,282.13,6,15,290.36,5,OL,292.04,4,,,,,,,,,,,,,,,,,,,,,,,,,,,,,,,,,,,,,,,,,,,,,,,,,,,,,,,,,,,,,,,,,,,,,,,,,,,,,,,,,,,,,,,,,,,,,,,,,,,,,,,,,,,,,,,,,,,,,,,,,,,,,,,,,,,,,,,,,,,,,,,,,,,,,,,,,,,,,,,,,,,,,,,,,,,,,,,,,,,,,,,,,,,,,,,,,,,,,,,,,,,,,,,,,,,,,,,,,,,,,,,,,,,,,,,,,,,,,,,,,,,,,,,,,,,,,,,,,,,,,,,,,,,,,,
A05_RD14-0003-42_43-1;9-M2d-0.31IP-Q0.8_001.20sec.fsa,CSF1PO,B,5,299.03,5,OL,300,4,OL,313,4,9,314.57,27,10,318.76,687,11,322.95,13,12,326.91,273,OL,336.75,3,OL,339.82,5,,,,,,,,,,,,,,,,,,,,,,,,,,,,,,,,,,,,,,,,,,,,,,,,,,,,,,,,,,,,,,,,,,,,,,,,,,,,,,,,,,,,,,,,,,,,,,,,,,,,,,,,,,,,,,,,,,,,,,,,,,,,,,,,,,,,,,,,,,,,,,,,,,,,,,,,,,,,,,,,,,,,,,,,,,,,,,,,,,,,,,,,,,,,,,,,,,,,,,,,,,,,,,,,,,,,,,,,,,,,,,,,,,,,,,,,,,,,,,,,,,,,,,,,,,,,,,,,,,,,,,,,,,,,,,,,,
A05_RD14-0003-42_43-1;9-M2d-0.31IP-Q0.8_001.20sec.fsa,D3S1358,G,OL,100.32,8,13,114.31,11,OL,115.4,9,OL,116.11,14,14,118.29,242,15,122.29,3835,16,126.18,356,20,142.42,9,,,,,,,,,,,,,,,,,,,,,,,,,,,,,,,,,,,,,,,,,,,,,,,,,,,,,,,,,,,,,,,,,,,,,,,,,,,,,,,,,,,,,,,,,,,,,,,,,,,,,,,,,,,,,,,,,,,,,,,,,,,,,,,,,,,,,,,,,,,,,,,,,,,,,,,,,,,,,,,,,,,,,,,,,,,,,,,,,,,,,,,,,,,,,,,,,,,,,,,,,,,,,,,,,,,,,,,,,,,,,,,,,,,,,,,,,,,,,,,,,,,,,,,,,,,,,,,,,,,,,,,,,,,,,,,,,,,,
A05_RD14-0003-42_43-1;9-M2d-0.31IP-Q0.8_001.20sec.fsa,TH01,G,OL,164.03,6,5,164.62,6,6,168.24,4,7,172.63,121,8,176.69,1336,9,180.77,211,9.3,183.87,1679,11,188.61,4,OL,191.11,4,13.3,200.08,7,,,,,,,,,,,,,,,,,,,,,,,,,,,,,,,,,,,,,,,,,,,,,,,,,,,,,,,,,,,,,,,,,,,,,,,,,,,,,,,,,,,,,,,,,,,,,,,,,,,,,,,,,,,,,,,,,,,,,,,,,,,,,,,,,,,,,,,,,,,,,,,,,,,,,,,,,,,,,,,,,,,,,,,,,,,,,,,,,,,,,,,,,,,,,,,,,,,,,,,,,,,,,,,,,,,,,,,,,,,,,,,,,,,,,,,,,,,,,,,,,,,,,,,,,,,,,,,,,,,,,,,,,,,,,,
A05_RD14-0003-42_43-1;9-M2d-0.31IP-Q0.8_001.20sec.fsa,D13S317,G,OL,203.73,7,OL,204.58,8,OL,205.6,8,OL,212.36,5,OL,214.7,12,OL,222,9,10,223.22,40,11,227.23,864,12,231.34,964,13,235.27,84,15,243.94,5,OL,246.08,6,,,,,,,,,,,,,,,,,,,,,,,,,,,,,,,,,,,,,,,,,,,,,,,,,,,,,,,,,,,,,,,,,,,,,,,,,,,,,,,,,,,,,,,,,,,,,,,,,,,,,,,,,,,,,,,,,,,,,,,,,,,,,,,,,,,,,,,,,,,,,,,,,,,,,,,,,,,,,,,,,,,,,,,,,,,,,,,,,,,,,,,,,,,,,,,,,,,,,,,,,,,,,,,,,,,,,,,,,,,,,,,,,,,,,,,,,,,,,,,,,,,,,,,,,,,,,,,,,,,,,,,,
A05_RD14-0003-42_43-1;9-M2d-0.31IP-Q0.8_001.20sec.fsa,D16S539,G,OL,254.62,8,OL,258,6,7,259.83,11,OL,262.39,6,9,267.35,243,10,271.26,1733,12,279.37,186,13,283.1,14,14,286.99,5,,,,,,,,,,,,,,,,,,,,,,,,,,,,,,,,,,,,,,,,,,,,,,,,,,,,,,,,,,,,,,,,,,,,,,,,,,,,,,,,,,,,,,,,,,,,,,,,,,,,,,,,,,,,,,,,,,,,,,,,,,,,,,,,,,,,,,,,,,,,,,,,,,,,,,,,,,,,,,,,,,,,,,,,,,,,,,,,,,,,,,,,,,,,,,,,,,,,,,,,,,,,,,,,,,,,,,,,,,,,,,,,,,,,,,,,,,,,,,,,,,,,,,,,,,,,,,,,,,,,,,,,,,,,,,,,,
A05_RD14-0003-42_43-1;9-M2d-0.31IP-Q0.8_001.20sec.fsa,D2S1338,G,OL,310.39,6,17,312.73,10,18,316.85,36,19,321.11,650,21,329.2,61,22,333.12,554,23,337.11,62,OL,348.51,5,OL,364.32,4,,,,,,,,,,,,,,,,,,,,,,,,,,,,,,,,,,,,,,,,,,,,,,,,,,,,,,,,,,,,,,,,,,,,,,,,,,,,,,,,,,,,,,,,,,,,,,,,,,,,,,,,,,,,,,,,,,,,,,,,,,,,,,,,,,,,,,,,,,,,,,,,,,,,,,,,,,,,,,,,,,,,,,,,,,,,,,,,,,,,,,,,,,,,,,,,,,,,,,,,,,,,,,,,,,,,,,,,,,,,,,,,,,,,,,,,,,,,,,,,,,,,,,,,,,,,,,,,,,,,,,,,,,,,,,,,,
A05_RD14-0003-42_43-1;9-M2d-0.31IP-Q0.8_001.20sec.fsa,D19S433,Y,12,112.08,16,12.2,114.23,101,13,116.18,122,13.2,118.21,1319,14,120.16,1747,14.2,122.13,450,15.2,126.26,11,,,,,,,,,,,,,,,,,,,,,,,,,,,,,,,,,,,,,,,,,,,,,,,,,,,,,,,,,,,,,,,,,,,,,,,,,,,,,,,,,,,,,,,,,,,,,,,,,,,,,,,,,,,,,,,,,,,,,,,,,,,,,,,,,,,,,,,,,,,,,,,,,,,,,,,,,,,,,,,,,,,,,,,,,,,,,,,,,,,,,,,,,,,,,,,,,,,,,,,,,,,,,,,,,,,,,,,,,,,,,,,,,,,,,,,,,,,,,,,,,,,,,,,,,,,,,,,,,,,,,,,,,,,,,,,,,,,,,,,
A05_RD14-0003-42_43-1;9-M2d-0.31IP-Q0.8_001.20sec.fsa,vWA,Y,OL,148.55,13,OL,152.61,13,12,155.83,29,OL,158.81,9,13,160,1210,OL,165.04,11,15,168.16,10,16,172.3,206,17,176.36,1043,19,184.04,36,20,188.87,13,OL,197.93,6,23,200.34,14,,,,,,,,,,,,,,,,,,,,,,,,,,,,,,,,,,,,,,,,,,,,,,,,,,,,,,,,,,,,,,,,,,,,,,,,,,,,,,,,,,,,,,,,,,,,,,,,,,,,,,,,,,,,,,,,,,,,,,,,,,,,,,,,,,,,,,,,,,,,,,,,,,,,,,,,,,,,,,,,,,,,,,,,,,,,,,,,,,,,,,,,,,,,,,,,,,,,,,,,,,,,,,,,,,,,,,,,,,,,,,,,,,,,,,,,,,,,,,,,,,,,,,,,,,,,,,,,,,,,,
A05_RD14-0003-42_43-1;9-M2d-0.31IP-Q0.8_001.20sec.fsa,TPOX,Y,7,224.7,17,8,228.72,962,10,236.76,219,OL,238.25,18,11,240.81,880,,,,,,,,,,,,,,,,,,,,,,,,,,,,,,,,,,,,,,,,,,,,,,,,,,,,,,,,,,,,,,,,,,,,,,,,,,,,,,,,,,,,,,,,,,,,,,,,,,,,,,,,,,,,,,,,,,,,,,,,,,,,,,,,,,,,,,,,,,,,,,,,,,,,,,,,,,,,,,,,,,,,,,,,,,,,,,,,,,,,,,,,,,,,,,,,,,,,,,,,,,,,,,,,,,,,,,,,,,,,,,,,,,,,,,,,,,,,,,,,,,,,,,,,,,,,,,,,,,,,,,,,,,,,,,,,,,,,,,,,,,,,,
A05_RD14-0003-42_43-1;9-M2d-0.31IP-Q0.8_001.20sec.fsa,D18S51,Y,OL,263.54,9,OL,267.17,11,9.2,271.35,50,10,273.22,10,OL,284.6,6,16,297.08,20,17,301.13,77,18,305.06,644,19,309.04,412,22,321.48,18,OL,331.57,4,OL,336.02,4,OL,340,9,OL,345.18,5,,,,,,,,,,,,,,,,,,,,,,,,,,,,,,,,,,,,,,,,,,,,,,,,,,,,,,,,,,,,,,,,,,,,,,,,,,,,,,,,,,,,,,,,,,,,,,,,,,,,,,,,,,,,,,,,,,,,,,,,,,,,,,,,,,,,,,,,,,,,,,,,,,,,,,,,,,,,,,,,,,,,,,,,,,,,,,,,,,,,,,,,,,,,,,,,,,,,,,,,,,,,,,,,,,,,,,,,,,,,,,,,,,,,,,,,,,,,,,,,,,,,,,,,,,,,,,,,,,
A05_RD14-0003-42_43-1;9-M2d-0.31IP-Q0.8_001.20sec.fsa,AMEL,R,X,104.93,1556,Y,110.8,1975,,,,,,,,,,,,,,,,,,,,,,,,,,,,,,,,,,,,,,,,,,,,,,,,,,,,,,,,,,,,,,,,,,,,,,,,,,,,,,,,,,,,,,,,,,,,,,,,,,,,,,,,,,,,,,,,,,,,,,,,,,,,,,,,,,,,,,,,,,,,,,,,,,,,,,,,,,,,,,,,,,,,,,,,,,,,,,,,,,,,,,,,,,,,,,,,,,,,,,,,,,,,,,,,,,,,,,,,,,,,,,,,,,,,,,,,,,,,,,,,,,,,,,,,,,,,,,,,,,,,,,,,,,,,,,,,,,,,,,,,,,,,,,,,,,,,,,
A05_RD14-0003-42_43-1;9-M2d-0.31IP-Q0.8_001.20sec.fsa,D5S818,R,OL,130.52,5,8,136.22,9,10,144.77,48,11,148.89,1002,12,153.03,1191,13,157.1,193,OL,163.78,9,OL,164.79,10,OL,174.75,10,,,,,,,,,,,,,,,,,,,,,,,,,,,,,,,,,,,,,,,,,,,,,,,,,,,,,,,,,,,,,,,,,,,,,,,,,,,,,,,,,,,,,,,,,,,,,,,,,,,,,,,,,,,,,,,,,,,,,,,,,,,,,,,,,,,,,,,,,,,,,,,,,,,,,,,,,,,,,,,,,,,,,,,,,,,,,,,,,,,,,,,,,,,,,,,,,,,,,,,,,,,,,,,,,,,,,,,,,,,,,,,,,,,,,,,,,,,,,,,,,,,,,,,,,,,,,,,,,,,,,,,,,,,,,,,,,
A05_RD14-0003-42_43-1;9-M2d-0.31IP-Q0.8_001.20sec.fsa,FGA,R,16.2,210.99,10,17,212.36,15,17.2,214.88,7,OL,216.29,8,20,225.05,163,21,229.15,1171,OL,232.21,11,24,241.43,9,OL,243.94,8,26.2,251.83,9,27,253.66,25,OL,256.27,9,28,257.57,406,29,261.5,34,OL,268.86,11,31.2,271.88,5,32.2,275.62,9,OL,281.06,12,34.2,283.19,10,OL,293.54,12,OL,294.16,9,OL,311.47,26,OL,330.02,6,OL,334.75,7,OL,337.56,10,OL,338.38,5,49.2,344.81,7,,,,,,,,,,,,,,,,,,,,,,,,,,,,,,,,,,,,,,,,,,,,,,,,,,,,,,,,,,,,,,,,,,,,,,,,,,,,,,,,,,,,,,,,,,,,,,,,,,,,,,,,,,,,,,,,,,,,,,,,,,,,,,,,,,,,,,,,,,,,,,,,,,,,,,,,,,,,,,,,,,,,,,,,,,,,,,,,,,,,,,,,,,,,,,,,,,,,,,,,,,,,,,,,,,,,,,,,,,,
B01_RD14-0003-44_45-1;1-M3a-0.25IP-Q0.5_002.20sec.fsa,D8S1179,B,OL,122.27,8,9,125.66,52,10,129.67,906,11,133.41,9,OL,137.26,4,12,137.95,8,13,142.08,122,14,146.17,1603,OL,148.65,2,15,150.35,885,OL,160,5,OL,166.2,4,OL,168.5,9,OL,172.56,10,OL,173.71,3,OL,178.08,3,,,,,,,,,,,,,,,,,,,,,,,,,,,,,,,,,,,,,,,,,,,,,,,,,,,,,,,,,,,,,,,,,,,,,,,,,,,,,,,,,,,,,,,,,,,,,,,,,,,,,,,,,,,,,,,,,,,,,,,,,,,,,,,,,,,,,,,,,,,,,,,,,,,,,,,,,,,,,,,,,,,,,,,,,,,,,,,,,,,,,,,,,,,,,,,,,,,,,,,,,,,,,,,,,,,,,,,,,,,,,,,,,,,,,,,,,,,,,,,,,,,,,,,,,,,,
B01_RD14-0003-44_45-1;1-M3a-0.25IP-Q0.5_002.20sec.fsa,D21S11,B,23.2,179.92,3,24.2,183.91,10,OL,185.24,4,26,190.32,4,27,194.54,94,27.2,196.64,6,28,198.67,1363,29,202.59,12,30,206.63,83,30.2,208.62,4,31,210.62,1063,32,214.71,545,33,218.73,8,35,227.17,3,OL,230.06,4,36,231.23,16,OL,234.12,6,37,235.38,16,37.2,237.49,3,OL,238.2,5,OL,240.16,4,38.2,241.29,3,,,,,,,,,,,,,,,,,,,,,,,,,,,,,,,,,,,,,,,,,,,,,,,,,,,,,,,,,,,,,,,,,,,,,,,,,,,,,,,,,,,,,,,,,,,,,,,,,,,,,,,,,,,,,,,,,,,,,,,,,,,,,,,,,,,,,,,,,,,,,,,,,,,,,,,,,,,,,,,,,,,,,,,,,,,,,,,,,,,,,,,,,,,,,,,,,,,,,,,,,,,,,,,,,,,,,,,,,,,,,,,,,,,,,,,,,,
B01_RD14-0003-44_45-1;1-M3a-0.25IP-Q0.5_002.20sec.fsa,D7S820,B,OL,247.85,2,OL,257.01,4,7,258.16,18,8,262.11,702,9,266.11,507,10,270.12,1234,11,273.9,4,OL,275.25,30,OL,276.99,4,OL,280.08,5,OL,283.62,2,,,,,,,,,,,,,,,,,,,,,,,,,,,,,,,,,,,,,,,,,,,,,,,,,,,,,,,,,,,,,,,,,,,,,,,,,,,,,,,,,,,,,,,,,,,,,,,,,,,,,,,,,,,,,,,,,,,,,,,,,,,,,,,,,,,,,,,,,,,,,,,,,,,,,,,,,,,,,,,,,,,,,,,,,,,,,,,,,,,,,,,,,,,,,,,,,,,,,,,,,,,,,,,,,,,,,,,,,,,,,,,,,,,,,,,,,,,,,,,,,,,,,,,,,,,,,,,,,,,,,,,,,,,
B01_RD14-0003-44_45-1;1-M3a-0.25IP-Q0.5_002.20sec.fsa,CSF1PO,B,OL,300.08,4,OL,301.7,4,OL,308.78,18,OL,313.11,6,OL,314,5,9,315.01,3,10,318.64,43,10.2,320.99,19,11,322.8,957,12,326.82,1445,13,330.83,6,OL,337.49,3,OL,340,6,OL,341.81,1,16,342.8,3,OL,343.54,3,,,,,,,,,,,,,,,,,,,,,,,,,,,,,,,,,,,,,,,,,,,,,,,,,,,,,,,,,,,,,,,,,,,,,,,,,,,,,,,,,,,,,,,,,,,,,,,,,,,,,,,,,,,,,,,,,,,,,,,,,,,,,,,,,,,,,,,,,,,,,,,,,,,,,,,,,,,,,,,,,,,,,,,,,,,,,,,,,,,,,,,,,,,,,,,,,,,,,,,,,,,,,,,,,,,,,,,,,,,,,,,,,,,,,,,,,,,,,,,,,,,,,,,,,,,,
B01_RD14-0003-44_45-1;1-M3a-0.25IP-Q0.5_002.20sec.fsa,D3S1358,G,OL,103.34,2,11,106.44,11,OL,108.02,6,OL,116.82,16,14,118.34,120,15,122.27,1670,16,126.47,1640,17,130.19,1165,OL,133.04,6,18,134.16,7,,,,,,,,,,,,,,,,,,,,,,,,,,,,,,,,,,,,,,,,,,,,,,,,,,,,,,,,,,,,,,,,,,,,,,,,,,,,,,,,,,,,,,,,,,,,,,,,,,,,,,,,,,,,,,,,,,,,,,,,,,,,,,,,,,,,,,,,,,,,,,,,,,,,,,,,,,,,,,,,,,,,,,,,,,,,,,,,,,,,,,,,,,,,,,,,,,,,,,,,,,,,,,,,,,,,,,,,,,,,,,,,,,,,,,,,,,,,,,,,,,,,,,,,,,,,,,,,,,,,,,,,,,,,,,
B01_RD14-0003-44_45-1;1-M3a-0.25IP-Q0.5_002.20sec.fsa,TH01,G,OL,155.79,2,OL,159.53,7,5,164.44,18,6,168.57,1424,6.3,171.41,12,7,172.63,1291,8,176.55,52,9,180.7,659,9.3,183.83,729,OL,190.4,3,OL,196.25,2,,,,,,,,,,,,,,,,,,,,,,,,,,,,,,,,,,,,,,,,,,,,,,,,,,,,,,,,,,,,,,,,,,,,,,,,,,,,,,,,,,,,,,,,,,,,,,,,,,,,,,,,,,,,,,,,,,,,,,,,,,,,,,,,,,,,,,,,,,,,,,,,,,,,,,,,,,,,,,,,,,,,,,,,,,,,,,,,,,,,,,,,,,,,,,,,,,,,,,,,,,,,,,,,,,,,,,,,,,,,,,,,,,,,,,,,,,,,,,,,,,,,,,,,,,,,,,,,,,,,,,,,,,,
B01_RD14-0003-44_45-1;1-M3a-0.25IP-Q0.5_002.20sec.fsa,D13S317,G,OL,204.8,3,7,211.08,25,8,215.1,1706,9,219.05,11,10,223.27,45,11,227.25,78,12,231.31,1138,13,235.38,1084,14,239.37,9,,,,,,,,,,,,,,,,,,,,,,,,,,,,,,,,,,,,,,,,,,,,,,,,,,,,,,,,,,,,,,,,,,,,,,,,,,,,,,,,,,,,,,,,,,,,,,,,,,,,,,,,,,,,,,,,,,,,,,,,,,,,,,,,,,,,,,,,,,,,,,,,,,,,,,,,,,,,,,,,,,,,,,,,,,,,,,,,,,,,,,,,,,,,,,,,,,,,,,,,,,,,,,,,,,,,,,,,,,,,,,,,,,,,,,,,,,,,,,,,,,,,,,,,,,,,,,,,,,,,,,,,,,,,,,,,,
B01_RD14-0003-44_45-1;1-M3a-0.25IP-Q0.5_002.20sec.fsa,D16S539,G,5,251.47,2,9,267.29,100,10,271.3,2239,11,275.25,2147,12,279.44,12,OL,293.93,3,,,,,,,,,,,,,,,,,,,,,,,,,,,,,,,,,,,,,,,,,,,,,,,,,,,,,,,,,,,,,,,,,,,,,,,,,,,,,,,,,,,,,,,,,,,,,,,,,,,,,,,,,,,,,,,,,,,,,,,,,,,,,,,,,,,,,,,,,,,,,,,,,,,,,,,,,,,,,,,,,,,,,,,,,,,,,,,,,,,,,,,,,,,,,,,,,,,,,,,,,,,,,,,,,,,,,,,,,,,,,,,,,,,,,,,,,,,,,,,,,,,,,,,,,,,,,,,,,,,,,,,,,,,,,,,,,,,,,,,,,,
B01_RD14-0003-44_45-1;1-M3a-0.25IP-Q0.5_002.20sec.fsa,D2S1338,G,14,300.77,6,15,304.91,42,16,308.78,961,17,312.63,7,18,316.86,104,19,320.99,1572,23,337.17,7,24,341.15,93,25,345.19,914,26,349.65,2,OL,350.65,2,,,,,,,,,,,,,,,,,,,,,,,,,,,,,,,,,,,,,,,,,,,,,,,,,,,,,,,,,,,,,,,,,,,,,,,,,,,,,,,,,,,,,,,,,,,,,,,,,,,,,,,,,,,,,,,,,,,,,,,,,,,,,,,,,,,,,,,,,,,,,,,,,,,,,,,,,,,,,,,,,,,,,,,,,,,,,,,,,,,,,,,,,,,,,,,,,,,,,,,,,,,,,,,,,,,,,,,,,,,,,,,,,,,,,,,,,,,,,,,,,,,,,,,,,,,,,,,,,,,,,,,,,,,
B01_RD14-0003-44_45-1;1-M3a-0.25IP-Q0.5_002.20sec.fsa,D19S433,Y,OL,96.26,8,OL,97.53,8,10,103.95,39,11,108.17,883,12,112.29,52,13,116.24,883,14,120.15,943,15,124.11,469,OL,127.51,15,OL,128.62,12,OL,139.31,6,OL,140,5,OL,141.85,9,,,,,,,,,,,,,,,,,,,,,,,,,,,,,,,,,,,,,,,,,,,,,,,,,,,,,,,,,,,,,,,,,,,,,,,,,,,,,,,,,,,,,,,,,,,,,,,,,,,,,,,,,,,,,,,,,,,,,,,,,,,,,,,,,,,,,,,,,,,,,,,,,,,,,,,,,,,,,,,,,,,,,,,,,,,,,,,,,,,,,,,,,,,,,,,,,,,,,,,,,,,,,,,,,,,,,,,,,,,,,,,,,,,,,,,,,,,,,,,,,,,,,,,,,,,,,,,,,,,,,
B01_RD14-0003-44_45-1;1-M3a-0.25IP-Q0.5_002.20sec.fsa,vWA,Y,OL,148.57,17,12,155.79,39,OL,157.97,3,13,160,1269,15,168.11,58,16,172.17,1014,17,176.09,7,18,180.23,17,19,184.38,182,20,188.44,1810,24,204.8,3,,,,,,,,,,,,,,,,,,,,,,,,,,,,,,,,,,,,,,,,,,,,,,,,,,,,,,,,,,,,,,,,,,,,,,,,,,,,,,,,,,,,,,,,,,,,,,,,,,,,,,,,,,,,,,,,,,,,,,,,,,,,,,,,,,,,,,,,,,,,,,,,,,,,,,,,,,,,,,,,,,,,,,,,,,,,,,,,,,,,,,,,,,,,,,,,,,,,,,,,,,,,,,,,,,,,,,,,,,,,,,,,,,,,,,,,,,,,,,,,,,,,,,,,,,,,,,,,,,,,,,,,,,,
B01_RD14-0003-44_45-1;1-M3a-0.25IP-Q0.5_002.20sec.fsa,TPOX,Y,OL,219.29,5,7,224.6,17,8,228.73,1133,9,232.79,10,OL,233.58,10,10,236.79,84,11,240.8,2397,,,,,,,,,,,,,,,,,,,,,,,,,,,,,,,,,,,,,,,,,,,,,,,,,,,,,,,,,,,,,,,,,,,,,,,,,,,,,,,,,,,,,,,,,,,,,,,,,,,,,,,,,,,,,,,,,,,,,,,,,,,,,,,,,,,,,,,,,,,,,,,,,,,,,,,,,,,,,,,,,,,,,,,,,,,,,,,,,,,,,,,,,,,,,,,,,,,,,,,,,,,,,,,,,,,,,,,,,,,,,,,,,,,,,,,,,,,,,,,,,,,,,,,,,,,,,,,,,,,,,,,,,,,,,,,,,,,,,,,
B01_RD14-0003-44_45-1;1-M3a-0.25IP-Q0.5_002.20sec.fsa,D18S51,Y,OL,266.89,5,OL,268.31,8,OL,272.4,29,10,273.27,30,11,277.07,31,12,281.1,718,13,285.11,42,14,289.13,702,15,293.14,100,16,297.16,996,17,301.08,879,17.2,303.5,4,OL,307.91,3,OL,310.38,5,22.2,323.46,4,24,329.6,3,OL,330.5,3,OL,342.56,7,,,,,,,,,,,,,,,,,,,,,,,,,,,,,,,,,,,,,,,,,,,,,,,,,,,,,,,,,,,,,,,,,,,,,,,,,,,,,,,,,,,,,,,,,,,,,,,,,,,,,,,,,,,,,,,,,,,,,,,,,,,,,,,,,,,,,,,,,,,,,,,,,,,,,,,,,,,,,,,,,,,,,,,,,,,,,,,,,,,,,,,,,,,,,,,,,,,,,,,,,,,,,,,,,,,,,,,,,,,,,,,,,,,,,,,,,,,,,,,,,,,,,,
B01_RD14-0003-44_45-1;1-M3a-0.25IP-Q0.5_002.20sec.fsa,AMEL,R,X,105,1203,OL,106.29,28,Y,110.87,1762,,,,,,,,,,,,,,,,,,,,,,,,,,,,,,,,,,,,,,,,,,,,,,,,,,,,,,,,,,,,,,,,,,,,,,,,,,,,,,,,,,,,,,,,,,,,,,,,,,,,,,,,,,,,,,,,,,,,,,,,,,,,,,,,,,,,,,,,,,,,,,,,,,,,,,,,,,,,,,,,,,,,,,,,,,,,,,,,,,,,,,,,,,,,,,,,,,,,,,,,,,,,,,,,,,,,,,,,,,,,,,,,,,,,,,,,,,,,,,,,,,,,,,,,,,,,,,,,,,,,,,,,,,,,,,,,,,,,,,,,,,,,,,,,,,,
B01_RD14-0003-44_45-1;1-M3a-0.25IP-Q0.5_002.20sec.fsa,D5S818,R,OL,130.11,19,OL,134.84,6,OL,139.01,10,9,140.62,12,9,141.16,12,10,144.78,119,11,148.88,2358,12,152.99,813,OL,160.69,10,OL,173.94,6,OL,174.63,6,,,,,,,,,,,,,,,,,,,,,,,,,,,,,,,,,,,,,,,,,,,,,,,,,,,,,,,,,,,,,,,,,,,,,,,,,,,,,,,,,,,,,,,,,,,,,,,,,,,,,,,,,,,,,,,,,,,,,,,,,,,,,,,,,,,,,,,,,,,,,,,,,,,,,,,,,,,,,,,,,,,,,,,,,,,,,,,,,,,,,,,,,,,,,,,,,,,,,,,,,,,,,,,,,,,,,,,,,,,,,,,,,,,,,,,,,,,,,,,,,,,,,,,,,,,,,,,,,,,,,,,,,,,
B01_RD14-0003-44_45-1;1-M3a-0.25IP-Q0.5_002.20sec.fsa,FGA,R,OL,206.56,6,19,221.17,8,20,225.06,45,21,229.12,595,22,233.26,94,23,237.33,902,24,241.45,597,25,245.61,576,OL,251.01,7,OL,258.93,7,OL,264.3,8,OL,275.09,28,OL,278.89,10,OL,295.59,7,OL,298.34,9,OL,300,10,OL,302.33,7,OL,308.62,17,OL,313.92,4,42.2,315.94,3,OL,333.43,5,47.2,336.76,5,49.2,345.03,19,,,,,,,,,,,,,,,,,,,,,,,,,,,,,,,,,,,,,,,,,,,,,,,,,,,,,,,,,,,,,,,,,,,,,,,,,,,,,,,,,,,,,,,,,,,,,,,,,,,,,,,,,,,,,,,,,,,,,,,,,,,,,,,,,,,,,,,,,,,,,,,,,,,,,,,,,,,,,,,,,,,,,,,,,,,,,,,,,,,,,,,,,,,,,,,,,,,,,,,,,,,,,,,,,,,,,,,,,,,,,,,,,,,,,,,
B02_RD14-0003-44_45-1;1-M2e-0.25IP-Q0.8_002.20sec.fsa,D8S1179,B,OL,111.78,3,OL,112.57,4,8,121.48,2,OL,123.97,9,9,125.62,34,OL,127.12,5,10,129.65,680,OL,134.75,2,12,137.81,10,13,142.06,68,14,146.19,1343,15,150.33,456,OL,157.57,2,OL,160,4,OL,161.4,3,OL,164.02,3,OL,170.03,7,OL,174.06,3,,,,,,,,,,,,,,,,,,,,,,,,,,,,,,,,,,,,,,,,,,,,,,,,,,,,,,,,,,,,,,,,,,,,,,,,,,,,,,,,,,,,,,,,,,,,,,,,,,,,,,,,,,,,,,,,,,,,,,,,,,,,,,,,,,,,,,,,,,,,,,,,,,,,,,,,,,,,,,,,,,,,,,,,,,,,,,,,,,,,,,,,,,,,,,,,,,,,,,,,,,,,,,,,,,,,,,,,,,,,,,,,,,,,,,,,,,,,,,,,,,,,,,
B02_RD14-0003-44_45-1;1-M2e-0.25IP-Q0.8_002.20sec.fsa,D21S11,B,OL,181.09,2,24.2,183.95,5,25,186.63,2,26,190.25,3,27,194.62,35,27.2,196.72,6,28,198.65,680,29,202.64,5,30,206.7,23,31,210.76,304,32,214.76,328,32.2,216.28,3,33,218.9,4,36,231.36,5,OL,238.22,2,OL,239.92,4,39,243.03,3,,,,,,,,,,,,,,,,,,,,,,,,,,,,,,,,,,,,,,,,,,,,,,,,,,,,,,,,,,,,,,,,,,,,,,,,,,,,,,,,,,,,,,,,,,,,,,,,,,,,,,,,,,,,,,,,,,,,,,,,,,,,,,,,,,,,,,,,,,,,,,,,,,,,,,,,,,,,,,,,,,,,,,,,,,,,,,,,,,,,,,,,,,,,,,,,,,,,,,,,,,,,,,,,,,,,,,,,,,,,,,,,,,,,,,,,,,,,,,,,,,,,,,,,,
B02_RD14-0003-44_45-1;1-M2e-0.25IP-Q0.8_002.20sec.fsa,D7S820,B,OL,251.01,2,OL,256.85,2,7,258.18,22,8,262.19,381,9,266.17,115,10,270.15,423,OL,275.24,8,OL,279.91,3,,,,,,,,,,,,,,,,,,,,,,,,,,,,,,,,,,,,,,,,,,,,,,,,,,,,,,,,,,,,,,,,,,,,,,,,,,,,,,,,,,,,,,,,,,,,,,,,,,,,,,,,,,,,,,,,,,,,,,,,,,,,,,,,,,,,,,,,,,,,,,,,,,,,,,,,,,,,,,,,,,,,,,,,,,,,,,,,,,,,,,,,,,,,,,,,,,,,,,,,,,,,,,,,,,,,,,,,,,,,,,,,,,,,,,,,,,,,,,,,,,,,,,,,,,,,,,,,,,,,,,,,,,,,,,,,,,,,
B02_RD14-0003-44_45-1;1-M2e-0.25IP-Q0.8_002.20sec.fsa,CSF1PO,B,OL,300.08,5,8,310.9,2,OL,314,6,OL,316.95,2,10,318.74,18,11,322.88,464,12,326.88,282,13,330.96,3,OL,336.74,3,OL,344.21,2,,,,,,,,,,,,,,,,,,,,,,,,,,,,,,,,,,,,,,,,,,,,,,,,,,,,,,,,,,,,,,,,,,,,,,,,,,,,,,,,,,,,,,,,,,,,,,,,,,,,,,,,,,,,,,,,,,,,,,,,,,,,,,,,,,,,,,,,,,,,,,,,,,,,,,,,,,,,,,,,,,,,,,,,,,,,,,,,,,,,,,,,,,,,,,,,,,,,,,,,,,,,,,,,,,,,,,,,,,,,,,,,,,,,,,,,,,,,,,,,,,,,,,,,,,,,,,,,,,,,,,,,,,,,,,
B02_RD14-0003-44_45-1;1-M2e-0.25IP-Q0.8_002.20sec.fsa,D3S1358,G,OL,98.58,4,OL,116.16,10,OL,116.77,10,14,118.31,103,15,122.25,1716,16,126.41,883,17,130.12,574,OL,137.49,3,20,142.14,5,,,,,,,,,,,,,,,,,,,,,,,,,,,,,,,,,,,,,,,,,,,,,,,,,,,,,,,,,,,,,,,,,,,,,,,,,,,,,,,,,,,,,,,,,,,,,,,,,,,,,,,,,,,,,,,,,,,,,,,,,,,,,,,,,,,,,,,,,,,,,,,,,,,,,,,,,,,,,,,,,,,,,,,,,,,,,,,,,,,,,,,,,,,,,,,,,,,,,,,,,,,,,,,,,,,,,,,,,,,,,,,,,,,,,,,,,,,,,,,,,,,,,,,,,,,,,,,,,,,,,,,,,,,,,,,,,
B02_RD14-0003-44_45-1;1-M2e-0.25IP-Q0.8_002.20sec.fsa,TH01,G,OL,159.75,15,OL,162.38,5,5,164.6,13,6,168.63,703,7,172.66,490,OL,174.31,3,8,176.78,15,8.3,179.59,12,9,180.76,482,9.3,183.86,610,OL,189.91,4,OL,190.92,7,12,193.1,3,OL,194.7,4,OL,196.38,2,OL,198.74,6,OL,199.5,6,,,,,,,,,,,,,,,,,,,,,,,,,,,,,,,,,,,,,,,,,,,,,,,,,,,,,,,,,,,,,,,,,,,,,,,,,,,,,,,,,,,,,,,,,,,,,,,,,,,,,,,,,,,,,,,,,,,,,,,,,,,,,,,,,,,,,,,,,,,,,,,,,,,,,,,,,,,,,,,,,,,,,,,,,,,,,,,,,,,,,,,,,,,,,,,,,,,,,,,,,,,,,,,,,,,,,,,,,,,,,,,,,,,,,,,,,,,,,,,,,,,,,,,,,
B02_RD14-0003-44_45-1;1-M2e-0.25IP-Q0.8_002.20sec.fsa,D13S317,G,OL,203.39,2,7,211.01,20,OL,212.42,4,8,215.1,956,9,218.9,4,10,223.11,5,11,227.23,17,12,231.28,365,13,235.34,545,,,,,,,,,,,,,,,,,,,,,,,,,,,,,,,,,,,,,,,,,,,,,,,,,,,,,,,,,,,,,,,,,,,,,,,,,,,,,,,,,,,,,,,,,,,,,,,,,,,,,,,,,,,,,,,,,,,,,,,,,,,,,,,,,,,,,,,,,,,,,,,,,,,,,,,,,,,,,,,,,,,,,,,,,,,,,,,,,,,,,,,,,,,,,,,,,,,,,,,,,,,,,,,,,,,,,,,,,,,,,,,,,,,,,,,,,,,,,,,,,,,,,,,,,,,,,,,,,,,,,,,,,,,,,,,,,
B02_RD14-0003-44_45-1;1-M2e-0.25IP-Q0.8_002.20sec.fsa,D16S539,G,8,263.38,4,9,267.35,47,10,271.33,885,11,275.24,592,12.2,281.01,5,OL,286.41,4,OL,290.21,3,,,,,,,,,,,,,,,,,,,,,,,,,,,,,,,,,,,,,,,,,,,,,,,,,,,,,,,,,,,,,,,,,,,,,,,,,,,,,,,,,,,,,,,,,,,,,,,,,,,,,,,,,,,,,,,,,,,,,,,,,,,,,,,,,,,,,,,,,,,,,,,,,,,,,,,,,,,,,,,,,,,,,,,,,,,,,,,,,,,,,,,,,,,,,,,,,,,,,,,,,,,,,,,,,,,,,,,,,,,,,,,,,,,,,,,,,,,,,,,,,,,,,,,,,,,,,,,,,,,,,,,,,,,,,,,,,,,,,,,
B02_RD14-0003-44_45-1;1-M2e-0.25IP-Q0.8_002.20sec.fsa,D2S1338,G,15,304.86,17,16,308.84,292,18,316.95,29,19,321.05,345,OL,335.62,3,24,341.14,24,25,345.18,218,OL,354.91,2,OL,359.74,4,OL,360.52,4,29,361.3,4,,,,,,,,,,,,,,,,,,,,,,,,,,,,,,,,,,,,,,,,,,,,,,,,,,,,,,,,,,,,,,,,,,,,,,,,,,,,,,,,,,,,,,,,,,,,,,,,,,,,,,,,,,,,,,,,,,,,,,,,,,,,,,,,,,,,,,,,,,,,,,,,,,,,,,,,,,,,,,,,,,,,,,,,,,,,,,,,,,,,,,,,,,,,,,,,,,,,,,,,,,,,,,,,,,,,,,,,,,,,,,,,,,,,,,,,,,,,,,,,,,,,,,,,,,,,,,,,,,,,,,,,,,,
B02_RD14-0003-44_45-1;1-M2e-0.25IP-Q0.8_002.20sec.fsa,D19S433,Y,9,100.16,11,10,104.03,54,11,108.19,1019,12,112.25,47,13,116.31,979,14,120.16,911,15,124.13,559,OL,140.16,7,,,,,,,,,,,,,,,,,,,,,,,,,,,,,,,,,,,,,,,,,,,,,,,,,,,,,,,,,,,,,,,,,,,,,,,,,,,,,,,,,,,,,,,,,,,,,,,,,,,,,,,,,,,,,,,,,,,,,,,,,,,,,,,,,,,,,,,,,,,,,,,,,,,,,,,,,,,,,,,,,,,,,,,,,,,,,,,,,,,,,,,,,,,,,,,,,,,,,,,,,,,,,,,,,,,,,,,,,,,,,,,,,,,,,,,,,,,,,,,,,,,,,,,,,,,,,,,,,,,,,,,,,,,,,,,,,,,,
B02_RD14-0003-44_45-1;1-M2e-0.25IP-Q0.8_002.20sec.fsa,vWA,Y,OL,148.67,20,OL,149.66,11,12,155.9,18,13,160,462,OL,166.16,9,15,167.97,22,16,172.25,407,OL,179.17,3,19,184.37,73,20,188.48,794,,,,,,,,,,,,,,,,,,,,,,,,,,,,,,,,,,,,,,,,,,,,,,,,,,,,,,,,,,,,,,,,,,,,,,,,,,,,,,,,,,,,,,,,,,,,,,,,,,,,,,,,,,,,,,,,,,,,,,,,,,,,,,,,,,,,,,,,,,,,,,,,,,,,,,,,,,,,,,,,,,,,,,,,,,,,,,,,,,,,,,,,,,,,,,,,,,,,,,,,,,,,,,,,,,,,,,,,,,,,,,,,,,,,,,,,,,,,,,,,,,,,,,,,,,,,,,,,,,,,,,,,,,,,,,
B02_RD14-0003-44_45-1;1-M2e-0.25IP-Q0.8_002.20sec.fsa,TPOX,Y,5,217.12,5,OL,220.08,7,OL,221.51,5,8,228.74,387,OL,234.07,6,10,236.78,33,11,240.78,953,OL,249.66,6,,,,,,,,,,,,,,,,,,,,,,,,,,,,,,,,,,,,,,,,,,,,,,,,,,,,,,,,,,,,,,,,,,,,,,,,,,,,,,,,,,,,,,,,,,,,,,,,,,,,,,,,,,,,,,,,,,,,,,,,,,,,,,,,,,,,,,,,,,,,,,,,,,,,,,,,,,,,,,,,,,,,,,,,,,,,,,,,,,,,,,,,,,,,,,,,,,,,,,,,,,,,,,,,,,,,,,,,,,,,,,,,,,,,,,,,,,,,,,,,,,,,,,,,,,,,,,,,,,,,,,,,,,,,,,,,,,,,
B02_RD14-0003-44_45-1;1-M2e-0.25IP-Q0.8_002.20sec.fsa,D18S51,Y,OL,274.22,8,12,281.1,188,13,285.23,18,13.2,287,4,14,289.11,256,16,297.21,103,17,301.08,187,20.2,314.98,7,22,322.01,12,22.2,324.1,9,OL,324.71,7,23,326.1,7,OL,326.88,4,OL,330.87,6,OL,334.93,6,OL,339.14,6,OL,340.44,8,OL,344.91,4,,,,,,,,,,,,,,,,,,,,,,,,,,,,,,,,,,,,,,,,,,,,,,,,,,,,,,,,,,,,,,,,,,,,,,,,,,,,,,,,,,,,,,,,,,,,,,,,,,,,,,,,,,,,,,,,,,,,,,,,,,,,,,,,,,,,,,,,,,,,,,,,,,,,,,,,,,,,,,,,,,,,,,,,,,,,,,,,,,,,,,,,,,,,,,,,,,,,,,,,,,,,,,,,,,,,,,,,,,,,,,,,,,,,,,,,,,,,,,,,,,,,,,
B02_RD14-0003-44_45-1;1-M2e-0.25IP-Q0.8_002.20sec.fsa,AMEL,R,X,104.91,1358,OL,106.19,30,Y,110.9,1395,,,,,,,,,,,,,,,,,,,,,,,,,,,,,,,,,,,,,,,,,,,,,,,,,,,,,,,,,,,,,,,,,,,,,,,,,,,,,,,,,,,,,,,,,,,,,,,,,,,,,,,,,,,,,,,,,,,,,,,,,,,,,,,,,,,,,,,,,,,,,,,,,,,,,,,,,,,,,,,,,,,,,,,,,,,,,,,,,,,,,,,,,,,,,,,,,,,,,,,,,,,,,,,,,,,,,,,,,,,,,,,,,,,,,,,,,,,,,,,,,,,,,,,,,,,,,,,,,,,,,,,,,,,,,,,,,,,,,,,,,,,,,,,,,,,
B02_RD14-0003-44_45-1;1-M2e-0.25IP-Q0.8_002.20sec.fsa,D5S818,R,7,132.75,10,10,144.86,76,11,148.92,1474,12,152.99,435,OL,161.89,6,OL,162.79,7,,,,,,,,,,,,,,,,,,,,,,,,,,,,,,,,,,,,,,,,,,,,,,,,,,,,,,,,,,,,,,,,,,,,,,,,,,,,,,,,,,,,,,,,,,,,,,,,,,,,,,,,,,,,,,,,,,,,,,,,,,,,,,,,,,,,,,,,,,,,,,,,,,,,,,,,,,,,,,,,,,,,,,,,,,,,,,,,,,,,,,,,,,,,,,,,,,,,,,,,,,,,,,,,,,,,,,,,,,,,,,,,,,,,,,,,,,,,,,,,,,,,,,,,,,,,,,,,,,,,,,,,,,,,,,,,,,,,,,,,,,
B02_RD14-0003-44_45-1;1-M2e-0.25IP-Q0.8_002.20sec.fsa,FGA,R,OL,213.83,10,17.2,215.01,23,OL,215.94,7,18.2,218.81,7,19,221.17,11,20,224.95,28,21,229.08,463,22,233.22,20,23,237.28,273,24,241.39,339,25,245.53,185,26.2,251.17,7,OL,281.52,11,34.2,283.29,7,OL,284.98,8,OL,296.29,5,OL,296.88,6,OL,299.92,5,OL,300.75,6,OL,301.83,9,OL,313.91,7,42.2,315.52,3,OL,320.87,12,OL,333.2,5,OL,337.08,8,OL,355.61,3,OL,357.46,5,,,,,,,,,,,,,,,,,,,,,,,,,,,,,,,,,,,,,,,,,,,,,,,,,,,,,,,,,,,,,,,,,,,,,,,,,,,,,,,,,,,,,,,,,,,,,,,,,,,,,,,,,,,,,,,,,,,,,,,,,,,,,,,,,,,,,,,,,,,,,,,,,,,,,,,,,,,,,,,,,,,,,,,,,,,,,,,,,,,,,,,,,,,,,,,,,,,,,,,,,,,,,,,,,,,,,,,,,,,
B04_RD14-0003-40_41-1;4-M4e-0.075IP-Q0.7_002.20sec.fsa,D8S1179,B,8,122.04,9,OL,123.4,8,OL,133.06,6,12,137.8,15,13,141.92,229,14,146.16,425,OL,148.81,3,15,150.26,57,16,154.47,6,OL,159.92,5,OL,172.56,9,,,,,,,,,,,,,,,,,,,,,,,,,,,,,,,,,,,,,,,,,,,,,,,,,,,,,,,,,,,,,,,,,,,,,,,,,,,,,,,,,,,,,,,,,,,,,,,,,,,,,,,,,,,,,,,,,,,,,,,,,,,,,,,,,,,,,,,,,,,,,,,,,,,,,,,,,,,,,,,,,,,,,,,,,,,,,,,,,,,,,,,,,,,,,,,,,,,,,,,,,,,,,,,,,,,,,,,,,,,,,,,,,,,,,,,,,,,,,,,,,,,,,,,,,,,,,,,,,,,,,,,,,,,
B04_RD14-0003-40_41-1;4-M4e-0.075IP-Q0.7_002.20sec.fsa,D21S11,B,23.2,179.92,3,OL,183.21,7,OL,186.99,3,OL,193.98,8,27.2,197.03,2,28,198.6,59,29,202.66,104,30,206.72,9,31,210.63,132,OL,211.86,4,OL,214.17,5,33,218.9,6,OL,220.08,4,34,222.83,15,34.2,225.16,4,35,226.9,215,36,230.98,19,37,235.41,7,37.2,236.82,3,OL,238.16,5,OL,240,6,,,,,,,,,,,,,,,,,,,,,,,,,,,,,,,,,,,,,,,,,,,,,,,,,,,,,,,,,,,,,,,,,,,,,,,,,,,,,,,,,,,,,,,,,,,,,,,,,,,,,,,,,,,,,,,,,,,,,,,,,,,,,,,,,,,,,,,,,,,,,,,,,,,,,,,,,,,,,,,,,,,,,,,,,,,,,,,,,,,,,,,,,,,,,,,,,,,,,,,,,,,,,,,,,,,,,,,,,,,,,,,,,,,,,,,,,,,,,
B04_RD14-0003-40_41-1;4-M4e-0.075IP-Q0.7_002.20sec.fsa,D7S820,B,5.2,252.65,4,OL,255.05,1,OL,260.08,4,9,266.09,47,9.2,268.21,4,10,270.08,12,11,274.18,325,OL,284.15,3,OL,287.62,5,OL,293.13,3,,,,,,,,,,,,,,,,,,,,,,,,,,,,,,,,,,,,,,,,,,,,,,,,,,,,,,,,,,,,,,,,,,,,,,,,,,,,,,,,,,,,,,,,,,,,,,,,,,,,,,,,,,,,,,,,,,,,,,,,,,,,,,,,,,,,,,,,,,,,,,,,,,,,,,,,,,,,,,,,,,,,,,,,,,,,,,,,,,,,,,,,,,,,,,,,,,,,,,,,,,,,,,,,,,,,,,,,,,,,,,,,,,,,,,,,,,,,,,,,,,,,,,,,,,,,,,,,,,,,,,,,,,,,,,
B04_RD14-0003-40_41-1;4-M4e-0.075IP-Q0.7_002.20sec.fsa,CSF1PO,B,6,302.51,3,OL,303.52,3,OL,308.8,3,OL,309.83,3,8,310.61,2,9,314.27,5,11,322.67,9,12,326.85,195,OL,340.09,5,,,,,,,,,,,,,,,,,,,,,,,,,,,,,,,,,,,,,,,,,,,,,,,,,,,,,,,,,,,,,,,,,,,,,,,,,,,,,,,,,,,,,,,,,,,,,,,,,,,,,,,,,,,,,,,,,,,,,,,,,,,,,,,,,,,,,,,,,,,,,,,,,,,,,,,,,,,,,,,,,,,,,,,,,,,,,,,,,,,,,,,,,,,,,,,,,,,,,,,,,,,,,,,,,,,,,,,,,,,,,,,,,,,,,,,,,,,,,,,,,,,,,,,,,,,,,,,,,,,,,,,,,,,,,,,,,
B04_RD14-0003-40_41-1;4-M4e-0.075IP-Q0.7_002.20sec.fsa,D3S1358,G,OL,96.79,3,OL,116.1,10,14,118.28,11,15,122.26,161,15.2,123.78,10,16,126.37,751,17,130.51,295,19,138.04,5,OL,141.68,12,,,,,,,,,,,,,,,,,,,,,,,,,,,,,,,,,,,,,,,,,,,,,,,,,,,,,,,,,,,,,,,,,,,,,,,,,,,,,,,,,,,,,,,,,,,,,,,,,,,,,,,,,,,,,,,,,,,,,,,,,,,,,,,,,,,,,,,,,,,,,,,,,,,,,,,,,,,,,,,,,,,,,,,,,,,,,,,,,,,,,,,,,,,,,,,,,,,,,,,,,,,,,,,,,,,,,,,,,,,,,,,,,,,,,,,,,,,,,,,,,,,,,,,,,,,,,,,,,,,,,,,,,,,,,,,,,
B04_RD14-0003-40_41-1;4-M4e-0.075IP-Q0.7_002.20sec.fsa,TH01,G,3,156.74,6,OL,157.47,8,5,164.42,4,6,168.36,18,7,172.64,1021,8,176.68,53,OL,178.06,7,OL,183.21,8,10,184.77,7,OL,185.59,11,10.3,187.89,3,11,189.13,5,OL,194.07,6,,,,,,,,,,,,,,,,,,,,,,,,,,,,,,,,,,,,,,,,,,,,,,,,,,,,,,,,,,,,,,,,,,,,,,,,,,,,,,,,,,,,,,,,,,,,,,,,,,,,,,,,,,,,,,,,,,,,,,,,,,,,,,,,,,,,,,,,,,,,,,,,,,,,,,,,,,,,,,,,,,,,,,,,,,,,,,,,,,,,,,,,,,,,,,,,,,,,,,,,,,,,,,,,,,,,,,,,,,,,,,,,,,,,,,,,,,,,,,,,,,,,,,,,,,,,,,,,,,,,,
B04_RD14-0003-40_41-1;4-M4e-0.075IP-Q0.7_002.20sec.fsa,D13S317,G,7,211.37,4,9,218.9,5,11,226.99,19,12,231.32,368,13,235.32,263,14,239.41,8,,,,,,,,,,,,,,,,,,,,,,,,,,,,,,,,,,,,,,,,,,,,,,,,,,,,,,,,,,,,,,,,,,,,,,,,,,,,,,,,,,,,,,,,,,,,,,,,,,,,,,,,,,,,,,,,,,,,,,,,,,,,,,,,,,,,,,,,,,,,,,,,,,,,,,,,,,,,,,,,,,,,,,,,,,,,,,,,,,,,,,,,,,,,,,,,,,,,,,,,,,,,,,,,,,,,,,,,,,,,,,,,,,,,,,,,,,,,,,,,,,,,,,,,,,,,,,,,,,,,,,,,,,,,,,,,,,,,,,,,,,
B04_RD14-0003-40_41-1;4-M4e-0.075IP-Q0.7_002.20sec.fsa,D16S539,G,OL,250.66,6,6,255.22,6,OL,260.25,5,9,267.28,164,10,271.28,32,11,275.29,677,12,279.4,10,13,283.22,116,OL,290.25,5,,,,,,,,,,,,,,,,,,,,,,,,,,,,,,,,,,,,,,,,,,,,,,,,,,,,,,,,,,,,,,,,,,,,,,,,,,,,,,,,,,,,,,,,,,,,,,,,,,,,,,,,,,,,,,,,,,,,,,,,,,,,,,,,,,,,,,,,,,,,,,,,,,,,,,,,,,,,,,,,,,,,,,,,,,,,,,,,,,,,,,,,,,,,,,,,,,,,,,,,,,,,,,,,,,,,,,,,,,,,,,,,,,,,,,,,,,,,,,,,,,,,,,,,,,,,,,,,,,,,,,,,,,,,,,,,,
B04_RD14-0003-40_41-1;4-M4e-0.075IP-Q0.7_002.20sec.fsa,D2S1338,G,18,316.9,8,19,321.07,133,20,325.08,277,22,333.13,135,OL,339.65,7,25,345.17,68,OL,362.93,6,,,,,,,,,,,,,,,,,,,,,,,,,,,,,,,,,,,,,,,,,,,,,,,,,,,,,,,,,,,,,,,,,,,,,,,,,,,,,,,,,,,,,,,,,,,,,,,,,,,,,,,,,,,,,,,,,,,,,,,,,,,,,,,,,,,,,,,,,,,,,,,,,,,,,,,,,,,,,,,,,,,,,,,,,,,,,,,,,,,,,,,,,,,,,,,,,,,,,,,,,,,,,,,,,,,,,,,,,,,,,,,,,,,,,,,,,,,,,,,,,,,,,,,,,,,,,,,,,,,,,,,,,,,,,,,,,,,,,,,
B04_RD14-0003-40_41-1;4-M4e-0.075IP-Q0.7_002.20sec.fsa,D19S433,Y,OL,105.05,6,11,108.06,65,12,112.23,24,12.2,114.45,8,13,116.25,306,13.2,118.13,5,OL,123.25,10,15.2,126.14,26,16.2,130.05,291,,,,,,,,,,,,,,,,,,,,,,,,,,,,,,,,,,,,,,,,,,,,,,,,,,,,,,,,,,,,,,,,,,,,,,,,,,,,,,,,,,,,,,,,,,,,,,,,,,,,,,,,,,,,,,,,,,,,,,,,,,,,,,,,,,,,,,,,,,,,,,,,,,,,,,,,,,,,,,,,,,,,,,,,,,,,,,,,,,,,,,,,,,,,,,,,,,,,,,,,,,,,,,,,,,,,,,,,,,,,,,,,,,,,,,,,,,,,,,,,,,,,,,,,,,,,,,,,,,,,,,,,,,,,,,,,,
B04_RD14-0003-40_41-1;4-M4e-0.075IP-Q0.7_002.20sec.fsa,vWA,Y,OL,157.15,9,OL,166.67,11,15,168.12,31,17,175.95,24,18,180.33,349,19,184.44,410,22,196.29,8,OL,198.02,6,23,200.4,10,,,,,,,,,,,,,,,,,,,,,,,,,,,,,,,,,,,,,,,,,,,,,,,,,,,,,,,,,,,,,,,,,,,,,,,,,,,,,,,,,,,,,,,,,,,,,,,,,,,,,,,,,,,,,,,,,,,,,,,,,,,,,,,,,,,,,,,,,,,,,,,,,,,,,,,,,,,,,,,,,,,,,,,,,,,,,,,,,,,,,,,,,,,,,,,,,,,,,,,,,,,,,,,,,,,,,,,,,,,,,,,,,,,,,,,,,,,,,,,,,,,,,,,,,,,,,,,,,,,,,,,,,,,,,,,,,
B04_RD14-0003-40_41-1;4-M4e-0.075IP-Q0.7_002.20sec.fsa,TPOX,Y,6,220.42,10,OL,222.33,9,OL,223.49,4,8,228.73,386,OL,240.34,6,OL,243.94,10,OL,246.25,8,OL,247.36,7,OL,248.04,8,OL,249.74,7,14,252.9,12,,,,,,,,,,,,,,,,,,,,,,,,,,,,,,,,,,,,,,,,,,,,,,,,,,,,,,,,,,,,,,,,,,,,,,,,,,,,,,,,,,,,,,,,,,,,,,,,,,,,,,,,,,,,,,,,,,,,,,,,,,,,,,,,,,,,,,,,,,,,,,,,,,,,,,,,,,,,,,,,,,,,,,,,,,,,,,,,,,,,,,,,,,,,,,,,,,,,,,,,,,,,,,,,,,,,,,,,,,,,,,,,,,,,,,,,,,,,,,,,,,,,,,,,,,,,,,,,,,,,,,,,,,,
B04_RD14-0003-40_41-1;4-M4e-0.075IP-Q0.7_002.20sec.fsa,D18S51,Y,OL,270.42,8,11,277.34,11,OL,278.11,8,12,281.1,105,13,285.25,45,16,297.37,10,OL,298.13,12,18,305.05,21,OL,307.94,10,19,308.97,82,OL,328.98,9,OL,336.22,8,,,,,,,,,,,,,,,,,,,,,,,,,,,,,,,,,,,,,,,,,,,,,,,,,,,,,,,,,,,,,,,,,,,,,,,,,,,,,,,,,,,,,,,,,,,,,,,,,,,,,,,,,,,,,,,,,,,,,,,,,,,,,,,,,,,,,,,,,,,,,,,,,,,,,,,,,,,,,,,,,,,,,,,,,,,,,,,,,,,,,,,,,,,,,,,,,,,,,,,,,,,,,,,,,,,,,,,,,,,,,,,,,,,,,,,,,,,,,,,,,,,,,,,,,,,,,,,,,,,,,,,,
B04_RD14-0003-40_41-1;4-M4e-0.075IP-Q0.7_002.20sec.fsa,AMEL,R,X,104.97,411,OL,106.29,13,Y,110.84,656,,,,,,,,,,,,,,,,,,,,,,,,,,,,,,,,,,,,,,,,,,,,,,,,,,,,,,,,,,,,,,,,,,,,,,,,,,,,,,,,,,,,,,,,,,,,,,,,,,,,,,,,,,,,,,,,,,,,,,,,,,,,,,,,,,,,,,,,,,,,,,,,,,,,,,,,,,,,,,,,,,,,,,,,,,,,,,,,,,,,,,,,,,,,,,,,,,,,,,,,,,,,,,,,,,,,,,,,,,,,,,,,,,,,,,,,,,,,,,,,,,,,,,,,,,,,,,,,,,,,,,,,,,,,,,,,,,,,,,,,,,,,,,,,,,,
B04_RD14-0003-40_41-1;4-M4e-0.075IP-Q0.7_002.20sec.fsa,D5S818,R,OL,131.97,9,OL,137.18,11,OL,138.67,9,OL,141.44,11,10,144.8,25,11,148.81,508,12,152.93,59,13,156.99,51,OL,163.45,10,OL,166.11,8,OL,176.76,7,,,,,,,,,,,,,,,,,,,,,,,,,,,,,,,,,,,,,,,,,,,,,,,,,,,,,,,,,,,,,,,,,,,,,,,,,,,,,,,,,,,,,,,,,,,,,,,,,,,,,,,,,,,,,,,,,,,,,,,,,,,,,,,,,,,,,,,,,,,,,,,,,,,,,,,,,,,,,,,,,,,,,,,,,,,,,,,,,,,,,,,,,,,,,,,,,,,,,,,,,,,,,,,,,,,,,,,,,,,,,,,,,,,,,,,,,,,,,,,,,,,,,,,,,,,,,,,,,,,,,,,,,,,
B04_RD14-0003-40_41-1;4-M4e-0.075IP-Q0.7_002.20sec.fsa,FGA,R,17,213.01,13,17.2,214.84,10,19.2,222.74,10,OL,224.24,10,OL,228.32,8,22,233.24,154,24.2,243,12,25,245.91,6,26,249.57,59,27,253.56,175,28,257.44,29,28.2,259.34,8,OL,270.08,7,OL,274.52,8,OL,300.83,6,OL,308.37,7,OL,309.06,11,OL,316.72,9,OL,321.52,6,44.2,323.92,6,OL,331.1,6,OL,341.25,7,OL,342.23,4,,,,,,,,,,,,,,,,,,,,,,,,,,,,,,,,,,,,,,,,,,,,,,,,,,,,,,,,,,,,,,,,,,,,,,,,,,,,,,,,,,,,,,,,,,,,,,,,,,,,,,,,,,,,,,,,,,,,,,,,,,,,,,,,,,,,,,,,,,,,,,,,,,,,,,,,,,,,,,,,,,,,,,,,,,,,,,,,,,,,,,,,,,,,,,,,,,,,,,,,,,,,,,,,,,,,,,,,,,,,,,,,,,,,,,,
B05_RD14-0003-42_43-1;9-M2d-0.15IP-Q0.8_002.20sec.fsa,D8S1179,B,OL,112.16,4,OL,114.15,4,7,117.85,5,OL,122.28,7,OL,123.07,8,10,129.61,49,11,133.66,587,12,137.93,28,13,142.09,521,OL,144.77,5,14,146.2,89,OL,151.6,2,17,158.38,4,18,162.51,5,OL,163.68,2,OL,169.39,1,OL,175.19,3,,,,,,,,,,,,,,,,,,,,,,,,,,,,,,,,,,,,,,,,,,,,,,,,,,,,,,,,,,,,,,,,,,,,,,,,,,,,,,,,,,,,,,,,,,,,,,,,,,,,,,,,,,,,,,,,,,,,,,,,,,,,,,,,,,,,,,,,,,,,,,,,,,,,,,,,,,,,,,,,,,,,,,,,,,,,,,,,,,,,,,,,,,,,,,,,,,,,,,,,,,,,,,,,,,,,,,,,,,,,,,,,,,,,,,,,,,,,,,,,,,,,,,,,,
B05_RD14-0003-42_43-1;9-M2d-0.15IP-Q0.8_002.20sec.fsa,D21S11,B,26,190.6,19,OL,193.44,6,27,194.65,401,27.2,196.2,7,28,198.53,12,OL,200,4,OL,201.34,6,29,202.69,184,30,206.67,51,31.2,212.63,53,37,235.36,6,38,238.6,5,OL,240.27,5,,,,,,,,,,,,,,,,,,,,,,,,,,,,,,,,,,,,,,,,,,,,,,,,,,,,,,,,,,,,,,,,,,,,,,,,,,,,,,,,,,,,,,,,,,,,,,,,,,,,,,,,,,,,,,,,,,,,,,,,,,,,,,,,,,,,,,,,,,,,,,,,,,,,,,,,,,,,,,,,,,,,,,,,,,,,,,,,,,,,,,,,,,,,,,,,,,,,,,,,,,,,,,,,,,,,,,,,,,,,,,,,,,,,,,,,,,,,,,,,,,,,,,,,,,,,,,,,,,,,,
B05_RD14-0003-42_43-1;9-M2d-0.15IP-Q0.8_002.20sec.fsa,D7S820,B,OL,248.4,5,OL,254.75,3,7,258.2,10,8,262.11,236,9,266.16,130,10,269.87,7,11,274.13,131,15,290.04,5,,,,,,,,,,,,,,,,,,,,,,,,,,,,,,,,,,,,,,,,,,,,,,,,,,,,,,,,,,,,,,,,,,,,,,,,,,,,,,,,,,,,,,,,,,,,,,,,,,,,,,,,,,,,,,,,,,,,,,,,,,,,,,,,,,,,,,,,,,,,,,,,,,,,,,,,,,,,,,,,,,,,,,,,,,,,,,,,,,,,,,,,,,,,,,,,,,,,,,,,,,,,,,,,,,,,,,,,,,,,,,,,,,,,,,,,,,,,,,,,,,,,,,,,,,,,,,,,,,,,,,,,,,,,,,,,,,,,
B05_RD14-0003-42_43-1;9-M2d-0.15IP-Q0.8_002.20sec.fsa,CSF1PO,B,OL,300,3,OL,305.93,3,7,306.55,4,OL,309.31,4,9,314.76,10,10,318.76,263,OL,321.38,5,11,322.95,20,12,326.98,306,OL,332.98,6,OL,344.14,2,,,,,,,,,,,,,,,,,,,,,,,,,,,,,,,,,,,,,,,,,,,,,,,,,,,,,,,,,,,,,,,,,,,,,,,,,,,,,,,,,,,,,,,,,,,,,,,,,,,,,,,,,,,,,,,,,,,,,,,,,,,,,,,,,,,,,,,,,,,,,,,,,,,,,,,,,,,,,,,,,,,,,,,,,,,,,,,,,,,,,,,,,,,,,,,,,,,,,,,,,,,,,,,,,,,,,,,,,,,,,,,,,,,,,,,,,,,,,,,,,,,,,,,,,,,,,,,,,,,,,,,,,,,
B05_RD14-0003-42_43-1;9-M2d-0.15IP-Q0.8_002.20sec.fsa,D3S1358,G,OL,96.42,5,OL,99.92,6,14,118.31,82,15,122.2,1228,16,126.08,113,OL,137.68,6,OL,139.67,7,OL,144.27,6,,,,,,,,,,,,,,,,,,,,,,,,,,,,,,,,,,,,,,,,,,,,,,,,,,,,,,,,,,,,,,,,,,,,,,,,,,,,,,,,,,,,,,,,,,,,,,,,,,,,,,,,,,,,,,,,,,,,,,,,,,,,,,,,,,,,,,,,,,,,,,,,,,,,,,,,,,,,,,,,,,,,,,,,,,,,,,,,,,,,,,,,,,,,,,,,,,,,,,,,,,,,,,,,,,,,,,,,,,,,,,,,,,,,,,,,,,,,,,,,,,,,,,,,,,,,,,,,,,,,,,,,,,,,,,,,,,,,
B05_RD14-0003-42_43-1;9-M2d-0.15IP-Q0.8_002.20sec.fsa,TH01,G,OL,166.53,6,OL,169.13,7,OL,169.97,5,7,172.66,19,8,176.71,844,9,180.77,85,9.3,183.87,873,10,185.34,10,OL,188.35,11,OL,194.48,8,,,,,,,,,,,,,,,,,,,,,,,,,,,,,,,,,,,,,,,,,,,,,,,,,,,,,,,,,,,,,,,,,,,,,,,,,,,,,,,,,,,,,,,,,,,,,,,,,,,,,,,,,,,,,,,,,,,,,,,,,,,,,,,,,,,,,,,,,,,,,,,,,,,,,,,,,,,,,,,,,,,,,,,,,,,,,,,,,,,,,,,,,,,,,,,,,,,,,,,,,,,,,,,,,,,,,,,,,,,,,,,,,,,,,,,,,,,,,,,,,,,,,,,,,,,,,,,,,,,,,,,,,,,,,,
B05_RD14-0003-42_43-1;9-M2d-0.15IP-Q0.8_002.20sec.fsa,D13S317,G,9,219.2,4,10,223.22,25,11,227.23,543,12,231.34,134,13,235.36,27,OL,240.36,5,,,,,,,,,,,,,,,,,,,,,,,,,,,,,,,,,,,,,,,,,,,,,,,,,,,,,,,,,,,,,,,,,,,,,,,,,,,,,,,,,,,,,,,,,,,,,,,,,,,,,,,,,,,,,,,,,,,,,,,,,,,,,,,,,,,,,,,,,,,,,,,,,,,,,,,,,,,,,,,,,,,,,,,,,,,,,,,,,,,,,,,,,,,,,,,,,,,,,,,,,,,,,,,,,,,,,,,,,,,,,,,,,,,,,,,,,,,,,,,,,,,,,,,,,,,,,,,,,,,,,,,,,,,,,,,,,,,,,,,,,,
B05_RD14-0003-42_43-1;9-M2d-0.15IP-Q0.8_002.20sec.fsa,D16S539,G,OL,249.56,4,9,267.31,102,10,271.29,572,11,275.46,8,12,279.29,48,OL,283.96,4,OL,285.81,4,,,,,,,,,,,,,,,,,,,,,,,,,,,,,,,,,,,,,,,,,,,,,,,,,,,,,,,,,,,,,,,,,,,,,,,,,,,,,,,,,,,,,,,,,,,,,,,,,,,,,,,,,,,,,,,,,,,,,,,,,,,,,,,,,,,,,,,,,,,,,,,,,,,,,,,,,,,,,,,,,,,,,,,,,,,,,,,,,,,,,,,,,,,,,,,,,,,,,,,,,,,,,,,,,,,,,,,,,,,,,,,,,,,,,,,,,,,,,,,,,,,,,,,,,,,,,,,,,,,,,,,,,,,,,,,,,,,,,,,
B05_RD14-0003-42_43-1;9-M2d-0.15IP-Q0.8_002.20sec.fsa,D2S1338,G,16,308.68,5,18,316.85,22,19,321.11,287,OL,323.59,5,21,329.07,29,22,333.16,267,23,337.13,32,28,357.88,5,OL,362.56,6,,,,,,,,,,,,,,,,,,,,,,,,,,,,,,,,,,,,,,,,,,,,,,,,,,,,,,,,,,,,,,,,,,,,,,,,,,,,,,,,,,,,,,,,,,,,,,,,,,,,,,,,,,,,,,,,,,,,,,,,,,,,,,,,,,,,,,,,,,,,,,,,,,,,,,,,,,,,,,,,,,,,,,,,,,,,,,,,,,,,,,,,,,,,,,,,,,,,,,,,,,,,,,,,,,,,,,,,,,,,,,,,,,,,,,,,,,,,,,,,,,,,,,,,,,,,,,,,,,,,,,,,,,,,,,,,,
B05_RD14-0003-42_43-1;9-M2d-0.15IP-Q0.8_002.20sec.fsa,D19S433,Y,9,100.25,9,10.2,106.03,12,OL,107.65,11,12.2,114.31,60,13,116.23,49,13.2,118.23,652,14,120.16,771,14.2,122.12,68,,,,,,,,,,,,,,,,,,,,,,,,,,,,,,,,,,,,,,,,,,,,,,,,,,,,,,,,,,,,,,,,,,,,,,,,,,,,,,,,,,,,,,,,,,,,,,,,,,,,,,,,,,,,,,,,,,,,,,,,,,,,,,,,,,,,,,,,,,,,,,,,,,,,,,,,,,,,,,,,,,,,,,,,,,,,,,,,,,,,,,,,,,,,,,,,,,,,,,,,,,,,,,,,,,,,,,,,,,,,,,,,,,,,,,,,,,,,,,,,,,,,,,,,,,,,,,,,,,,,,,,,,,,,,,,,,,,,
B05_RD14-0003-42_43-1;9-M2d-0.15IP-Q0.8_002.20sec.fsa,vWA,Y,11,151.77,12,12,155.66,22,13,160.08,317,14,164.27,7,16,172.24,85,17,176.37,362,OL,186.8,7,23,200.5,12,25,208.53,7,,,,,,,,,,,,,,,,,,,,,,,,,,,,,,,,,,,,,,,,,,,,,,,,,,,,,,,,,,,,,,,,,,,,,,,,,,,,,,,,,,,,,,,,,,,,,,,,,,,,,,,,,,,,,,,,,,,,,,,,,,,,,,,,,,,,,,,,,,,,,,,,,,,,,,,,,,,,,,,,,,,,,,,,,,,,,,,,,,,,,,,,,,,,,,,,,,,,,,,,,,,,,,,,,,,,,,,,,,,,,,,,,,,,,,,,,,,,,,,,,,,,,,,,,,,,,,,,,,,,,,,,,,,,,,,,,
B05_RD14-0003-42_43-1;9-M2d-0.15IP-Q0.8_002.20sec.fsa,TPOX,Y,7,224.53,10,8,228.8,337,10,236.76,65,11,240.81,167,OL,250.26,8,,,,,,,,,,,,,,,,,,,,,,,,,,,,,,,,,,,,,,,,,,,,,,,,,,,,,,,,,,,,,,,,,,,,,,,,,,,,,,,,,,,,,,,,,,,,,,,,,,,,,,,,,,,,,,,,,,,,,,,,,,,,,,,,,,,,,,,,,,,,,,,,,,,,,,,,,,,,,,,,,,,,,,,,,,,,,,,,,,,,,,,,,,,,,,,,,,,,,,,,,,,,,,,,,,,,,,,,,,,,,,,,,,,,,,,,,,,,,,,,,,,,,,,,,,,,,,,,,,,,,,,,,,,,,,,,,,,,,,,,,,,,,
B05_RD14-0003-42_43-1;9-M2d-0.15IP-Q0.8_002.20sec.fsa,D18S51,Y,11,276.7,4,OL,280.35,12,12.2,283.26,9,13,284.93,5,OL,288.01,4,OL,290.48,7,17,301.12,41,18,305.05,508,19,309.13,98,OL,318.09,9,OL,320.37,11,23.2,327.61,6,OL,332.79,12,,,,,,,,,,,,,,,,,,,,,,,,,,,,,,,,,,,,,,,,,,,,,,,,,,,,,,,,,,,,,,,,,,,,,,,,,,,,,,,,,,,,,,,,,,,,,,,,,,,,,,,,,,,,,,,,,,,,,,,,,,,,,,,,,,,,,,,,,,,,,,,,,,,,,,,,,,,,,,,,,,,,,,,,,,,,,,,,,,,,,,,,,,,,,,,,,,,,,,,,,,,,,,,,,,,,,,,,,,,,,,,,,,,,,,,,,,,,,,,,,,,,,,,,,,,,,,,,,,,,,
B05_RD14-0003-42_43-1;9-M2d-0.15IP-Q0.8_002.20sec.fsa,AMEL,R,X,104.97,826,Y,110.87,387,,,,,,,,,,,,,,,,,,,,,,,,,,,,,,,,,,,,,,,,,,,,,,,,,,,,,,,,,,,,,,,,,,,,,,,,,,,,,,,,,,,,,,,,,,,,,,,,,,,,,,,,,,,,,,,,,,,,,,,,,,,,,,,,,,,,,,,,,,,,,,,,,,,,,,,,,,,,,,,,,,,,,,,,,,,,,,,,,,,,,,,,,,,,,,,,,,,,,,,,,,,,,,,,,,,,,,,,,,,,,,,,,,,,,,,,,,,,,,,,,,,,,,,,,,,,,,,,,,,,,,,,,,,,,,,,,,,,,,,,,,,,,,,,,,,,,,
B05_RD14-0003-42_43-1;9-M2d-0.15IP-Q0.8_002.20sec.fsa,D5S818,R,10,144.77,40,11,148.89,734,12,153.03,530,13,157.11,57,16,169.05,6,,,,,,,,,,,,,,,,,,,,,,,,,,,,,,,,,,,,,,,,,,,,,,,,,,,,,,,,,,,,,,,,,,,,,,,,,,,,,,,,,,,,,,,,,,,,,,,,,,,,,,,,,,,,,,,,,,,,,,,,,,,,,,,,,,,,,,,,,,,,,,,,,,,,,,,,,,,,,,,,,,,,,,,,,,,,,,,,,,,,,,,,,,,,,,,,,,,,,,,,,,,,,,,,,,,,,,,,,,,,,,,,,,,,,,,,,,,,,,,,,,,,,,,,,,,,,,,,,,,,,,,,,,,,,,,,,,,,,,,,,,,,,
B05_RD14-0003-42_43-1;9-M2d-0.15IP-Q0.8_002.20sec.fsa,FGA,R,16,208.79,6,OL,216.11,6,18.2,219.03,4,19,220.87,11,20,225.05,131,21,229.15,184,OL,232.3,5,22.2,235.53,9,23.2,239.21,6,OL,244.03,6,26,249.82,6,OL,250.78,5,27,253.63,33,28,257.59,514,OL,266.52,5,32.2,275.64,7,OL,290.75,4,OL,293.13,7,OL,294.01,8,OL,294.62,8,OL,309.04,17,OL,318.76,6,OL,321.2,11,OL,329.98,10,OL,331.8,9,OL,339.91,6,OL,354.46,5,,,,,,,,,,,,,,,,,,,,,,,,,,,,,,,,,,,,,,,,,,,,,,,,,,,,,,,,,,,,,,,,,,,,,,,,,,,,,,,,,,,,,,,,,,,,,,,,,,,,,,,,,,,,,,,,,,,,,,,,,,,,,,,,,,,,,,,,,,,,,,,,,,,,,,,,,,,,,,,,,,,,,,,,,,,,,,,,,,,,,,,,,,,,,,,,,,,,,,,,,,,,,,,,,,,,,,,,,,,
C01_RD14-0003-44_45-1;1-M3a-0.126IP-Q0.5_003.20sec.fsa,D8S1179,B,OL,112.28,4,OL,118.27,3,9,125.6,32,10,129.7,831,11,133.69,4,12,138.09,5,OL,140,2,13,142.08,47,14,146.17,828,15,150.35,226,OL,153.38,2,16,154.47,3,OL,160.08,2,19,166.56,2,,,,,,,,,,,,,,,,,,,,,,,,,,,,,,,,,,,,,,,,,,,,,,,,,,,,,,,,,,,,,,,,,,,,,,,,,,,,,,,,,,,,,,,,,,,,,,,,,,,,,,,,,,,,,,,,,,,,,,,,,,,,,,,,,,,,,,,,,,,,,,,,,,,,,,,,,,,,,,,,,,,,,,,,,,,,,,,,,,,,,,,,,,,,,,,,,,,,,,,,,,,,,,,,,,,,,,,,,,,,,,,,,,,,,,,,,,,,,,,,,,,,,,,,,,,,,,,,,,
C01_RD14-0003-44_45-1;1-M3a-0.126IP-Q0.5_003.20sec.fsa,D21S11,B,23.2,180.55,5,OL,182.97,3,24.2,183.91,4,OL,189.38,3,26,190.4,4,27,194.62,49,28,198.67,879,29,202.6,7,OL,205.44,1,30,206.67,12,31,210.68,208,32,214.71,198,33,218.81,6,36,231.23,11,37,235.45,11,,,,,,,,,,,,,,,,,,,,,,,,,,,,,,,,,,,,,,,,,,,,,,,,,,,,,,,,,,,,,,,,,,,,,,,,,,,,,,,,,,,,,,,,,,,,,,,,,,,,,,,,,,,,,,,,,,,,,,,,,,,,,,,,,,,,,,,,,,,,,,,,,,,,,,,,,,,,,,,,,,,,,,,,,,,,,,,,,,,,,,,,,,,,,,,,,,,,,,,,,,,,,,,,,,,,,,,,,,,,,,,,,,,,,,,,,,,,,,,,,,,,,,,,,,,,,,,
C01_RD14-0003-44_45-1;1-M3a-0.126IP-Q0.5_003.20sec.fsa,D7S820,B,7,258.09,25,8,262.12,500,9,266.05,379,10,270.16,595,11,274.12,7,OL,275.15,18,12,278.41,4,13,282.28,2,OL,285.35,2,OL,292.6,2,,,,,,,,,,,,,,,,,,,,,,,,,,,,,,,,,,,,,,,,,,,,,,,,,,,,,,,,,,,,,,,,,,,,,,,,,,,,,,,,,,,,,,,,,,,,,,,,,,,,,,,,,,,,,,,,,,,,,,,,,,,,,,,,,,,,,,,,,,,,,,,,,,,,,,,,,,,,,,,,,,,,,,,,,,,,,,,,,,,,,,,,,,,,,,,,,,,,,,,,,,,,,,,,,,,,,,,,,,,,,,,,,,,,,,,,,,,,,,,,,,,,,,,,,,,,,,,,,,,,,,,,,,,,,,
C01_RD14-0003-44_45-1;1-M3a-0.126IP-Q0.5_003.20sec.fsa,CSF1PO,B,OL,300.15,4,OL,308.86,7,9,314.5,6,10,318.73,42,10.2,320.99,17,11,322.8,757,12,326.82,604,OL,340.16,3,OL,343.71,1,,,,,,,,,,,,,,,,,,,,,,,,,,,,,,,,,,,,,,,,,,,,,,,,,,,,,,,,,,,,,,,,,,,,,,,,,,,,,,,,,,,,,,,,,,,,,,,,,,,,,,,,,,,,,,,,,,,,,,,,,,,,,,,,,,,,,,,,,,,,,,,,,,,,,,,,,,,,,,,,,,,,,,,,,,,,,,,,,,,,,,,,,,,,,,,,,,,,,,,,,,,,,,,,,,,,,,,,,,,,,,,,,,,,,,,,,,,,,,,,,,,,,,,,,,,,,,,,,,,,,,,,,,,,,,,,,
C01_RD14-0003-44_45-1;1-M3a-0.126IP-Q0.5_003.20sec.fsa,D3S1358,G,13,114.29,5,OL,116.75,13,14,118.27,103,15,122.2,1263,16,126.42,357,17,130.15,438,OL,143.39,3,,,,,,,,,,,,,,,,,,,,,,,,,,,,,,,,,,,,,,,,,,,,,,,,,,,,,,,,,,,,,,,,,,,,,,,,,,,,,,,,,,,,,,,,,,,,,,,,,,,,,,,,,,,,,,,,,,,,,,,,,,,,,,,,,,,,,,,,,,,,,,,,,,,,,,,,,,,,,,,,,,,,,,,,,,,,,,,,,,,,,,,,,,,,,,,,,,,,,,,,,,,,,,,,,,,,,,,,,,,,,,,,,,,,,,,,,,,,,,,,,,,,,,,,,,,,,,,,,,,,,,,,,,,,,,,,,,,,,,,
C01_RD14-0003-44_45-1;1-M3a-0.126IP-Q0.5_003.20sec.fsa,TH01,G,OL,155.71,3,4,160.69,2,5,164.55,17,6,168.56,458,7,172.66,441,8,176.67,16,9,180.78,607,9.3,183.91,471,OL,186.02,2,13.3,200.61,1,,,,,,,,,,,,,,,,,,,,,,,,,,,,,,,,,,,,,,,,,,,,,,,,,,,,,,,,,,,,,,,,,,,,,,,,,,,,,,,,,,,,,,,,,,,,,,,,,,,,,,,,,,,,,,,,,,,,,,,,,,,,,,,,,,,,,,,,,,,,,,,,,,,,,,,,,,,,,,,,,,,,,,,,,,,,,,,,,,,,,,,,,,,,,,,,,,,,,,,,,,,,,,,,,,,,,,,,,,,,,,,,,,,,,,,,,,,,,,,,,,,,,,,,,,,,,,,,,,,,,,,,,,,,,,
C01_RD14-0003-44_45-1;1-M3a-0.126IP-Q0.5_003.20sec.fsa,D13S317,G,OL,204.06,5,OL,208.67,4,7,210.91,12,8,215.18,734,OL,222.8,2,11,227.33,28,12,231.31,597,13,235.38,617,14,239.29,4,15,243.77,4,,,,,,,,,,,,,,,,,,,,,,,,,,,,,,,,,,,,,,,,,,,,,,,,,,,,,,,,,,,,,,,,,,,,,,,,,,,,,,,,,,,,,,,,,,,,,,,,,,,,,,,,,,,,,,,,,,,,,,,,,,,,,,,,,,,,,,,,,,,,,,,,,,,,,,,,,,,,,,,,,,,,,,,,,,,,,,,,,,,,,,,,,,,,,,,,,,,,,,,,,,,,,,,,,,,,,,,,,,,,,,,,,,,,,,,,,,,,,,,,,,,,,,,,,,,,,,,,,,,,,,,,,,,,,,
C01_RD14-0003-44_45-1;1-M3a-0.126IP-Q0.5_003.20sec.fsa,D16S539,G,5,251.85,2,OL,258.24,4,8,263.06,6,9,267.24,26,10,271.26,642,11,275.31,1199,OL,277.53,2,OL,281.81,2,OL,283.94,3,14,287.16,4,OL,289.76,2,,,,,,,,,,,,,,,,,,,,,,,,,,,,,,,,,,,,,,,,,,,,,,,,,,,,,,,,,,,,,,,,,,,,,,,,,,,,,,,,,,,,,,,,,,,,,,,,,,,,,,,,,,,,,,,,,,,,,,,,,,,,,,,,,,,,,,,,,,,,,,,,,,,,,,,,,,,,,,,,,,,,,,,,,,,,,,,,,,,,,,,,,,,,,,,,,,,,,,,,,,,,,,,,,,,,,,,,,,,,,,,,,,,,,,,,,,,,,,,,,,,,,,,,,,,,,,,,,,,,,,,,,,,
C01_RD14-0003-44_45-1;1-M3a-0.126IP-Q0.5_003.20sec.fsa,D2S1338,G,14,301.16,5,15,304.67,14,16,308.78,364,OL,314.93,1,18,316.86,95,19,320.99,1127,21,328.95,3,OL,331.8,3,OL,336.52,1,OL,339.84,3,24,341.07,23,25,345.19,300,OL,347.01,3,26,348.91,2,27,352.96,3,27,353.79,4,OL,356.93,1,29,361.73,3,OL,365.19,4,,,,,,,,,,,,,,,,,,,,,,,,,,,,,,,,,,,,,,,,,,,,,,,,,,,,,,,,,,,,,,,,,,,,,,,,,,,,,,,,,,,,,,,,,,,,,,,,,,,,,,,,,,,,,,,,,,,,,,,,,,,,,,,,,,,,,,,,,,,,,,,,,,,,,,,,,,,,,,,,,,,,,,,,,,,,,,,,,,,,,,,,,,,,,,,,,,,,,,,,,,,,,,,,,,,,,,,,,,,,,,,,,,,,,,,,,,,,,,,,,,,
C01_RD14-0003-44_45-1;1-M3a-0.126IP-Q0.5_003.20sec.fsa,D19S433,Y,OL,95.14,12,OL,95.74,12,10,103.97,26,OL,104.73,10,11,108.14,458,12,112.2,33,12.2,113.93,6,13,116.17,505,OL,117.18,9,14,120.07,389,15,124.05,235,17.2,133.61,5,,,,,,,,,,,,,,,,,,,,,,,,,,,,,,,,,,,,,,,,,,,,,,,,,,,,,,,,,,,,,,,,,,,,,,,,,,,,,,,,,,,,,,,,,,,,,,,,,,,,,,,,,,,,,,,,,,,,,,,,,,,,,,,,,,,,,,,,,,,,,,,,,,,,,,,,,,,,,,,,,,,,,,,,,,,,,,,,,,,,,,,,,,,,,,,,,,,,,,,,,,,,,,,,,,,,,,,,,,,,,,,,,,,,,,,,,,,,,,,,,,,,,,,,,,,,,,,,,,,,,,,,
C01_RD14-0003-44_45-1;1-M3a-0.126IP-Q0.5_003.20sec.fsa,vWA,Y,OL,148.49,12,13,160,321,14,163.85,6,14,164.47,6,15,168.18,23,16,172.19,377,17,176.13,16,19,184.38,110,20,188.52,987,21,192.59,7,OL,197.5,5,OL,202.68,4,,,,,,,,,,,,,,,,,,,,,,,,,,,,,,,,,,,,,,,,,,,,,,,,,,,,,,,,,,,,,,,,,,,,,,,,,,,,,,,,,,,,,,,,,,,,,,,,,,,,,,,,,,,,,,,,,,,,,,,,,,,,,,,,,,,,,,,,,,,,,,,,,,,,,,,,,,,,,,,,,,,,,,,,,,,,,,,,,,,,,,,,,,,,,,,,,,,,,,,,,,,,,,,,,,,,,,,,,,,,,,,,,,,,,,,,,,,,,,,,,,,,,,,,,,,,,,,,,,,,,,,,
C01_RD14-0003-44_45-1;1-M3a-0.126IP-Q0.5_003.20sec.fsa,TPOX,Y,OL,214.24,10,OL,219.45,8,7,224.6,16,8,228.73,615,OL,234.59,8,10,236.79,27,OL,238.51,2,11,240.8,551,OL,244.25,4,OL,247.13,8,OL,247.69,8,OL,248.49,8,OL,250.15,6,OL,250.93,9,OL,251.55,6,OL,254.86,6,,,,,,,,,,,,,,,,,,,,,,,,,,,,,,,,,,,,,,,,,,,,,,,,,,,,,,,,,,,,,,,,,,,,,,,,,,,,,,,,,,,,,,,,,,,,,,,,,,,,,,,,,,,,,,,,,,,,,,,,,,,,,,,,,,,,,,,,,,,,,,,,,,,,,,,,,,,,,,,,,,,,,,,,,,,,,,,,,,,,,,,,,,,,,,,,,,,,,,,,,,,,,,,,,,,,,,,,,,,,,,,,,,,,,,,,,,,,,,,,,,,,,,,,,,,,
C01_RD14-0003-44_45-1;1-M3a-0.126IP-Q0.5_003.20sec.fsa,D18S51,Y,OL,262.12,10,OL,263.38,5,10,272.61,16,OL,273.8,16,11,277.21,29,12,281.1,347,OL,283.7,5,13,285.27,14,14,289.13,194,14.2,290.94,7,15,293.23,36,16,297.16,439,16.2,299.37,4,17,301.16,210,20.2,315.6,5,OL,318.64,9,OL,320.08,9,OL,322.72,14,OL,324.61,7,24,329.44,8,OL,332.05,4,26,338.22,3,,,,,,,,,,,,,,,,,,,,,,,,,,,,,,,,,,,,,,,,,,,,,,,,,,,,,,,,,,,,,,,,,,,,,,,,,,,,,,,,,,,,,,,,,,,,,,,,,,,,,,,,,,,,,,,,,,,,,,,,,,,,,,,,,,,,,,,,,,,,,,,,,,,,,,,,,,,,,,,,,,,,,,,,,,,,,,,,,,,,,,,,,,,,,,,,,,,,,,,,,,,,,,,,,,,,,,,,,,,,,,,,,,,,,,,,,,
C01_RD14-0003-44_45-1;1-M3a-0.126IP-Q0.5_003.20sec.fsa,AMEL,R,X,104.96,730,Y,110.92,1113,,,,,,,,,,,,,,,,,,,,,,,,,,,,,,,,,,,,,,,,,,,,,,,,,,,,,,,,,,,,,,,,,,,,,,,,,,,,,,,,,,,,,,,,,,,,,,,,,,,,,,,,,,,,,,,,,,,,,,,,,,,,,,,,,,,,,,,,,,,,,,,,,,,,,,,,,,,,,,,,,,,,,,,,,,,,,,,,,,,,,,,,,,,,,,,,,,,,,,,,,,,,,,,,,,,,,,,,,,,,,,,,,,,,,,,,,,,,,,,,,,,,,,,,,,,,,,,,,,,,,,,,,,,,,,,,,,,,,,,,,,,,,,,,,,,,,,
C01_RD14-0003-44_45-1;1-M3a-0.126IP-Q0.5_003.20sec.fsa,D5S818,R,8,136.79,8,10,144.78,78,11,148.88,1304,12,152.99,399,13,157.04,7,OL,166.25,4,OL,169.87,2,OL,175.36,6,,,,,,,,,,,,,,,,,,,,,,,,,,,,,,,,,,,,,,,,,,,,,,,,,,,,,,,,,,,,,,,,,,,,,,,,,,,,,,,,,,,,,,,,,,,,,,,,,,,,,,,,,,,,,,,,,,,,,,,,,,,,,,,,,,,,,,,,,,,,,,,,,,,,,,,,,,,,,,,,,,,,,,,,,,,,,,,,,,,,,,,,,,,,,,,,,,,,,,,,,,,,,,,,,,,,,,,,,,,,,,,,,,,,,,,,,,,,,,,,,,,,,,,,,,,,,,,,,,,,,,,,,,,,,,,,,,,,
C01_RD14-0003-44_45-1;1-M3a-0.126IP-Q0.5_003.20sec.fsa,FGA,R,17,213.07,10,OL,215.34,18,20,225.14,48,20.2,227.09,2,21,229.2,535,22,233.19,31,23,237.33,371,24,241.45,490,25,245.53,268,27,253.47,5,OL,260.86,7,OL,262.9,8,30,265.58,7,OL,268.5,4,31.2,271.26,16,OL,274.12,4,32.2,275.15,29,OL,276.98,9,OL,281.02,9,OL,311.42,3,OL,316.86,8,44.2,324.12,10,OL,327.97,6,45.2,328.79,6,OL,337.9,7,OL,342.31,5,,,,,,,,,,,,,,,,,,,,,,,,,,,,,,,,,,,,,,,,,,,,,,,,,,,,,,,,,,,,,,,,,,,,,,,,,,,,,,,,,,,,,,,,,,,,,,,,,,,,,,,,,,,,,,,,,,,,,,,,,,,,,,,,,,,,,,,,,,,,,,,,,,,,,,,,,,,,,,,,,,,,,,,,,,,,,,,,,,,,,,,,,,,,,,,,,,,,,,,,,,,,,,,,,,,,,,,,,,,,,,
C02_RD14-0003-44_45-1;1-M3e-0.126IP-Q1.1_003.20sec.fsa,D8S1179,B,OL,111.78,3,OL,120.16,4,9,125.64,13,10,129.75,333,13,142.13,31,14,146.16,596,15,150.36,221,OL,155.59,2,OL,160.41,3,OL,175.52,4,OL,178.09,3,,,,,,,,,,,,,,,,,,,,,,,,,,,,,,,,,,,,,,,,,,,,,,,,,,,,,,,,,,,,,,,,,,,,,,,,,,,,,,,,,,,,,,,,,,,,,,,,,,,,,,,,,,,,,,,,,,,,,,,,,,,,,,,,,,,,,,,,,,,,,,,,,,,,,,,,,,,,,,,,,,,,,,,,,,,,,,,,,,,,,,,,,,,,,,,,,,,,,,,,,,,,,,,,,,,,,,,,,,,,,,,,,,,,,,,,,,,,,,,,,,,,,,,,,,,,,,,,,,,,,,,,,,,
C02_RD14-0003-44_45-1;1-M3e-0.126IP-Q1.1_003.20sec.fsa,D21S11,B,OL,187.66,2,26,191.02,3,27,194.63,8,28,198.74,186,30,206.64,7,OL,209.19,3,31,210.68,100,32,215.2,7,OL,219.4,2,OL,221.93,4,OL,223.69,3,OL,226.05,4,35,227.22,2,OL,242.16,3,,,,,,,,,,,,,,,,,,,,,,,,,,,,,,,,,,,,,,,,,,,,,,,,,,,,,,,,,,,,,,,,,,,,,,,,,,,,,,,,,,,,,,,,,,,,,,,,,,,,,,,,,,,,,,,,,,,,,,,,,,,,,,,,,,,,,,,,,,,,,,,,,,,,,,,,,,,,,,,,,,,,,,,,,,,,,,,,,,,,,,,,,,,,,,,,,,,,,,,,,,,,,,,,,,,,,,,,,,,,,,,,,,,,,,,,,,,,,,,,,,,,,,,,,,,,,,,,,,
C02_RD14-0003-44_45-1;1-M3e-0.126IP-Q1.1_003.20sec.fsa,D7S820,B,8,262.2,133,9,266.17,104,10,270.15,120,OL,273.2,1,OL,280.25,3,,,,,,,,,,,,,,,,,,,,,,,,,,,,,,,,,,,,,,,,,,,,,,,,,,,,,,,,,,,,,,,,,,,,,,,,,,,,,,,,,,,,,,,,,,,,,,,,,,,,,,,,,,,,,,,,,,,,,,,,,,,,,,,,,,,,,,,,,,,,,,,,,,,,,,,,,,,,,,,,,,,,,,,,,,,,,,,,,,,,,,,,,,,,,,,,,,,,,,,,,,,,,,,,,,,,,,,,,,,,,,,,,,,,,,,,,,,,,,,,,,,,,,,,,,,,,,,,,,,,,,,,,,,,,,,,,,,,,,,,,,,,,
C02_RD14-0003-44_45-1;1-M3e-0.126IP-Q1.1_003.20sec.fsa,CSF1PO,B,5,298.74,2,OL,305.64,4,OL,308.85,4,OL,309.87,3,OL,313.91,3,10,318.54,5,OL,321.41,5,11,322.9,177,12,326.92,157,,,,,,,,,,,,,,,,,,,,,,,,,,,,,,,,,,,,,,,,,,,,,,,,,,,,,,,,,,,,,,,,,,,,,,,,,,,,,,,,,,,,,,,,,,,,,,,,,,,,,,,,,,,,,,,,,,,,,,,,,,,,,,,,,,,,,,,,,,,,,,,,,,,,,,,,,,,,,,,,,,,,,,,,,,,,,,,,,,,,,,,,,,,,,,,,,,,,,,,,,,,,,,,,,,,,,,,,,,,,,,,,,,,,,,,,,,,,,,,,,,,,,,,,,,,,,,,,,,,,,,,,,,,,,,,,,
C02_RD14-0003-44_45-1;1-M3e-0.126IP-Q1.1_003.20sec.fsa,D3S1358,G,OL,116.26,14,14,118.29,76,15,122.27,1091,16,126.51,543,17,130.23,365,18,134.06,4,OL,144.18,2,,,,,,,,,,,,,,,,,,,,,,,,,,,,,,,,,,,,,,,,,,,,,,,,,,,,,,,,,,,,,,,,,,,,,,,,,,,,,,,,,,,,,,,,,,,,,,,,,,,,,,,,,,,,,,,,,,,,,,,,,,,,,,,,,,,,,,,,,,,,,,,,,,,,,,,,,,,,,,,,,,,,,,,,,,,,,,,,,,,,,,,,,,,,,,,,,,,,,,,,,,,,,,,,,,,,,,,,,,,,,,,,,,,,,,,,,,,,,,,,,,,,,,,,,,,,,,,,,,,,,,,,,,,,,,,,,,,,,,,
C02_RD14-0003-44_45-1;1-M3e-0.126IP-Q1.1_003.20sec.fsa,TH01,G,OL,157.75,6,4,160.16,4,6,168.57,256,7,172.71,207,8,176.6,10,9,180.84,373,9.3,183.96,318,OL,185.72,4,OL,188.33,3,OL,191.61,3,,,,,,,,,,,,,,,,,,,,,,,,,,,,,,,,,,,,,,,,,,,,,,,,,,,,,,,,,,,,,,,,,,,,,,,,,,,,,,,,,,,,,,,,,,,,,,,,,,,,,,,,,,,,,,,,,,,,,,,,,,,,,,,,,,,,,,,,,,,,,,,,,,,,,,,,,,,,,,,,,,,,,,,,,,,,,,,,,,,,,,,,,,,,,,,,,,,,,,,,,,,,,,,,,,,,,,,,,,,,,,,,,,,,,,,,,,,,,,,,,,,,,,,,,,,,,,,,,,,,,,,,,,,,,,
C02_RD14-0003-44_45-1;1-M3e-0.126IP-Q1.1_003.20sec.fsa,D13S317,G,7,211.18,7,8,215.11,631,11,227.31,5,12,231.26,119,13,235.37,207,OL,246.56,5,,,,,,,,,,,,,,,,,,,,,,,,,,,,,,,,,,,,,,,,,,,,,,,,,,,,,,,,,,,,,,,,,,,,,,,,,,,,,,,,,,,,,,,,,,,,,,,,,,,,,,,,,,,,,,,,,,,,,,,,,,,,,,,,,,,,,,,,,,,,,,,,,,,,,,,,,,,,,,,,,,,,,,,,,,,,,,,,,,,,,,,,,,,,,,,,,,,,,,,,,,,,,,,,,,,,,,,,,,,,,,,,,,,,,,,,,,,,,,,,,,,,,,,,,,,,,,,,,,,,,,,,,,,,,,,,,,,,,,,,,,
C02_RD14-0003-44_45-1;1-M3e-0.126IP-Q1.1_003.20sec.fsa,D16S539,G,OL,249.66,4,OL,250.92,4,OL,252.51,5,OL,253.68,3,OL,261.35,5,9,267.27,18,OL,269.56,4,10,271.34,464,11,275.33,283,OL,285.97,3,OL,293.28,4,,,,,,,,,,,,,,,,,,,,,,,,,,,,,,,,,,,,,,,,,,,,,,,,,,,,,,,,,,,,,,,,,,,,,,,,,,,,,,,,,,,,,,,,,,,,,,,,,,,,,,,,,,,,,,,,,,,,,,,,,,,,,,,,,,,,,,,,,,,,,,,,,,,,,,,,,,,,,,,,,,,,,,,,,,,,,,,,,,,,,,,,,,,,,,,,,,,,,,,,,,,,,,,,,,,,,,,,,,,,,,,,,,,,,,,,,,,,,,,,,,,,,,,,,,,,,,,,,,,,,,,,,,,
C02_RD14-0003-44_45-1;1-M3e-0.126IP-Q1.1_003.20sec.fsa,D2S1338,G,15,304.81,10,16,308.77,131,18,316.99,23,19,321.06,363,OL,327.62,3,OL,332.64,4,OL,339.74,3,OL,342.96,1,25,345.13,25,26,349.04,3,OL,359.74,4,OL,362.5,3,OL,365.18,3,,,,,,,,,,,,,,,,,,,,,,,,,,,,,,,,,,,,,,,,,,,,,,,,,,,,,,,,,,,,,,,,,,,,,,,,,,,,,,,,,,,,,,,,,,,,,,,,,,,,,,,,,,,,,,,,,,,,,,,,,,,,,,,,,,,,,,,,,,,,,,,,,,,,,,,,,,,,,,,,,,,,,,,,,,,,,,,,,,,,,,,,,,,,,,,,,,,,,,,,,,,,,,,,,,,,,,,,,,,,,,,,,,,,,,,,,,,,,,,,,,,,,,,,,,,,,,,,,,,,,
C02_RD14-0003-44_45-1;1-M3e-0.126IP-Q1.1_003.20sec.fsa,D19S433,Y,OL,94.87,13,10,103.91,36,11,108.13,402,12,112.26,27,13,116.26,455,14,120.23,445,15,124.15,527,OL,127.06,10,,,,,,,,,,,,,,,,,,,,,,,,,,,,,,,,,,,,,,,,,,,,,,,,,,,,,,,,,,,,,,,,,,,,,,,,,,,,,,,,,,,,,,,,,,,,,,,,,,,,,,,,,,,,,,,,,,,,,,,,,,,,,,,,,,,,,,,,,,,,,,,,,,,,,,,,,,,,,,,,,,,,,,,,,,,,,,,,,,,,,,,,,,,,,,,,,,,,,,,,,,,,,,,,,,,,,,,,,,,,,,,,,,,,,,,,,,,,,,,,,,,,,,,,,,,,,,,,,,,,,,,,,,,,,,,,,,,,
C02_RD14-0003-44_45-1;1-M3e-0.126IP-Q1.1_003.20sec.fsa,vWA,Y,12,155.83,11,13,160,219,15,168.41,12,16,172.21,211,19,184.38,31,20,188.58,365,21,192.7,14,23,200.16,9,,,,,,,,,,,,,,,,,,,,,,,,,,,,,,,,,,,,,,,,,,,,,,,,,,,,,,,,,,,,,,,,,,,,,,,,,,,,,,,,,,,,,,,,,,,,,,,,,,,,,,,,,,,,,,,,,,,,,,,,,,,,,,,,,,,,,,,,,,,,,,,,,,,,,,,,,,,,,,,,,,,,,,,,,,,,,,,,,,,,,,,,,,,,,,,,,,,,,,,,,,,,,,,,,,,,,,,,,,,,,,,,,,,,,,,,,,,,,,,,,,,,,,,,,,,,,,,,,,,,,,,,,,,,,,,,,,,,
C02_RD14-0003-44_45-1;1-M3e-0.126IP-Q1.1_003.20sec.fsa,TPOX,Y,OL,215.8,6,5,217.08,5,OL,220.08,7,7,225.04,9,8,228.82,172,10,236.8,55,11,240.78,645,OL,253.85,4,,,,,,,,,,,,,,,,,,,,,,,,,,,,,,,,,,,,,,,,,,,,,,,,,,,,,,,,,,,,,,,,,,,,,,,,,,,,,,,,,,,,,,,,,,,,,,,,,,,,,,,,,,,,,,,,,,,,,,,,,,,,,,,,,,,,,,,,,,,,,,,,,,,,,,,,,,,,,,,,,,,,,,,,,,,,,,,,,,,,,,,,,,,,,,,,,,,,,,,,,,,,,,,,,,,,,,,,,,,,,,,,,,,,,,,,,,,,,,,,,,,,,,,,,,,,,,,,,,,,,,,,,,,,,,,,,,,,
C02_RD14-0003-44_45-1;1-M3e-0.126IP-Q1.1_003.20sec.fsa,D18S51,Y,8,264.99,5,OL,266.76,6,11,276.77,11,12,281.18,151,14,289.08,73,16,297.23,17,19.2,310.98,6,OL,314.09,7,OL,331.26,7,,,,,,,,,,,,,,,,,,,,,,,,,,,,,,,,,,,,,,,,,,,,,,,,,,,,,,,,,,,,,,,,,,,,,,,,,,,,,,,,,,,,,,,,,,,,,,,,,,,,,,,,,,,,,,,,,,,,,,,,,,,,,,,,,,,,,,,,,,,,,,,,,,,,,,,,,,,,,,,,,,,,,,,,,,,,,,,,,,,,,,,,,,,,,,,,,,,,,,,,,,,,,,,,,,,,,,,,,,,,,,,,,,,,,,,,,,,,,,,,,,,,,,,,,,,,,,,,,,,,,,,,,,,,,,,,,
C02_RD14-0003-44_45-1;1-M3e-0.126IP-Q1.1_003.20sec.fsa,AMEL,R,X,104.95,658,Y,110.83,529,,,,,,,,,,,,,,,,,,,,,,,,,,,,,,,,,,,,,,,,,,,,,,,,,,,,,,,,,,,,,,,,,,,,,,,,,,,,,,,,,,,,,,,,,,,,,,,,,,,,,,,,,,,,,,,,,,,,,,,,,,,,,,,,,,,,,,,,,,,,,,,,,,,,,,,,,,,,,,,,,,,,,,,,,,,,,,,,,,,,,,,,,,,,,,,,,,,,,,,,,,,,,,,,,,,,,,,,,,,,,,,,,,,,,,,,,,,,,,,,,,,,,,,,,,,,,,,,,,,,,,,,,,,,,,,,,,,,,,,,,,,,,,,,,,,,,,
C02_RD14-0003-44_45-1;1-M3e-0.126IP-Q1.1_003.20sec.fsa,D5S818,R,OL,133.26,6,OL,133.98,5,OL,135.42,7,10,144.84,22,11,148.88,470,12,153.01,187,OL,160.74,6,OL,176.77,6,,,,,,,,,,,,,,,,,,,,,,,,,,,,,,,,,,,,,,,,,,,,,,,,,,,,,,,,,,,,,,,,,,,,,,,,,,,,,,,,,,,,,,,,,,,,,,,,,,,,,,,,,,,,,,,,,,,,,,,,,,,,,,,,,,,,,,,,,,,,,,,,,,,,,,,,,,,,,,,,,,,,,,,,,,,,,,,,,,,,,,,,,,,,,,,,,,,,,,,,,,,,,,,,,,,,,,,,,,,,,,,,,,,,,,,,,,,,,,,,,,,,,,,,,,,,,,,,,,,,,,,,,,,,,,,,,,,,
C02_RD14-0003-44_45-1;1-M3e-0.126IP-Q1.1_003.20sec.fsa,FGA,R,20,225.21,11,21,229.16,190,22,233.19,16,23,237.22,170,24,241.38,82,25,245.53,228,OL,260.76,7,OL,282.44,7,OL,285.89,7,OL,299.5,8,OL,301.73,5,OL,313.13,7,OL,322.73,8,46.2,332.55,4,OL,356.87,5,,,,,,,,,,,,,,,,,,,,,,,,,,,,,,,,,,,,,,,,,,,,,,,,,,,,,,,,,,,,,,,,,,,,,,,,,,,,,,,,,,,,,,,,,,,,,,,,,,,,,,,,,,,,,,,,,,,,,,,,,,,,,,,,,,,,,,,,,,,,,,,,,,,,,,,,,,,,,,,,,,,,,,,,,,,,,,,,,,,,,,,,,,,,,,,,,,,,,,,,,,,,,,,,,,,,,,,,,,,,,,,,,,,,,,,,,,,,,,,,,,,,,,,,,,,,,,,
D01_RD14-0003-44_45-1;1-M3a-0.062IP-Q0.5_004.20sec.fsa,D8S1179,B,OL,112.66,3,OL,118.99,1,OL,124.09,8,9,125.71,23,10,129.71,274,12,137.95,3,OL,140.15,3,13,142.08,23,14,146.17,431,15,150.36,296,OL,160,2,20,170.37,2,20,170.98,3,OL,177.25,1,OL,178.16,3,,,,,,,,,,,,,,,,,,,,,,,,,,,,,,,,,,,,,,,,,,,,,,,,,,,,,,,,,,,,,,,,,,,,,,,,,,,,,,,,,,,,,,,,,,,,,,,,,,,,,,,,,,,,,,,,,,,,,,,,,,,,,,,,,,,,,,,,,,,,,,,,,,,,,,,,,,,,,,,,,,,,,,,,,,,,,,,,,,,,,,,,,,,,,,,,,,,,,,,,,,,,,,,,,,,,,,,,,,,,,,,,,,,,,,,,,,,,,,,,,,,,,,,,,,,,,,,
D01_RD14-0003-44_45-1;1-M3a-0.062IP-Q0.5_004.20sec.fsa,D21S11,B,23.2,180.23,4,26,190.48,21,27,194.54,23,28,198.67,367,29,202.72,6,30,206.59,17,30.2,208.5,2,31,210.63,243,31.2,212.54,4,32,214.71,276,33,218.65,8,OL,228.2,3,OL,236.5,2,OL,239.92,4,,,,,,,,,,,,,,,,,,,,,,,,,,,,,,,,,,,,,,,,,,,,,,,,,,,,,,,,,,,,,,,,,,,,,,,,,,,,,,,,,,,,,,,,,,,,,,,,,,,,,,,,,,,,,,,,,,,,,,,,,,,,,,,,,,,,,,,,,,,,,,,,,,,,,,,,,,,,,,,,,,,,,,,,,,,,,,,,,,,,,,,,,,,,,,,,,,,,,,,,,,,,,,,,,,,,,,,,,,,,,,,,,,,,,,,,,,,,,,,,,,,,,,,,,,,,,,,,,,
D01_RD14-0003-44_45-1;1-M3a-0.062IP-Q0.5_004.20sec.fsa,D7S820,B,OL,253.14,2,7,258.1,3,8,262.11,153,9,266.03,129,10,270.12,424,OL,275.32,5,OL,279.84,5,13,282.26,1,OL,285.31,1,OL,287.34,3,,,,,,,,,,,,,,,,,,,,,,,,,,,,,,,,,,,,,,,,,,,,,,,,,,,,,,,,,,,,,,,,,,,,,,,,,,,,,,,,,,,,,,,,,,,,,,,,,,,,,,,,,,,,,,,,,,,,,,,,,,,,,,,,,,,,,,,,,,,,,,,,,,,,,,,,,,,,,,,,,,,,,,,,,,,,,,,,,,,,,,,,,,,,,,,,,,,,,,,,,,,,,,,,,,,,,,,,,,,,,,,,,,,,,,,,,,,,,,,,,,,,,,,,,,,,,,,,,,,,,,,,,,,,,,
D01_RD14-0003-44_45-1;1-M3a-0.062IP-Q0.5_004.20sec.fsa,CSF1PO,B,OL,299.77,4,9,314.25,4,10,318.75,38,11,322.78,552,12,326.78,437,OL,330.11,2,OL,339.84,3,OL,342.3,2,,,,,,,,,,,,,,,,,,,,,,,,,,,,,,,,,,,,,,,,,,,,,,,,,,,,,,,,,,,,,,,,,,,,,,,,,,,,,,,,,,,,,,,,,,,,,,,,,,,,,,,,,,,,,,,,,,,,,,,,,,,,,,,,,,,,,,,,,,,,,,,,,,,,,,,,,,,,,,,,,,,,,,,,,,,,,,,,,,,,,,,,,,,,,,,,,,,,,,,,,,,,,,,,,,,,,,,,,,,,,,,,,,,,,,,,,,,,,,,,,,,,,,,,,,,,,,,,,,,,,,,,,,,,,,,,,,,,
D01_RD14-0003-44_45-1;1-M3a-0.062IP-Q0.5_004.20sec.fsa,D3S1358,G,OL,94.72,5,OL,100.38,4,13,114.29,3,OL,116.97,13,14,118.27,55,OL,120.44,3,15,122.26,685,16,126.45,110,17,130.15,330,OL,137.12,7,OL,140.46,3,,,,,,,,,,,,,,,,,,,,,,,,,,,,,,,,,,,,,,,,,,,,,,,,,,,,,,,,,,,,,,,,,,,,,,,,,,,,,,,,,,,,,,,,,,,,,,,,,,,,,,,,,,,,,,,,,,,,,,,,,,,,,,,,,,,,,,,,,,,,,,,,,,,,,,,,,,,,,,,,,,,,,,,,,,,,,,,,,,,,,,,,,,,,,,,,,,,,,,,,,,,,,,,,,,,,,,,,,,,,,,,,,,,,,,,,,,,,,,,,,,,,,,,,,,,,,,,,,,,,,,,,,,,
D01_RD14-0003-44_45-1;1-M3a-0.062IP-Q0.5_004.20sec.fsa,TH01,G,OL,159.69,3,OL,161.07,4,OL,162.13,3,6,168.54,168,7,172.59,421,8,176.56,6,OL,179.01,1,9,180.7,210,9.3,183.83,326,OL,186.18,2,11,188.6,1,12,192.51,3,OL,195.63,1,OL,196.41,1,,,,,,,,,,,,,,,,,,,,,,,,,,,,,,,,,,,,,,,,,,,,,,,,,,,,,,,,,,,,,,,,,,,,,,,,,,,,,,,,,,,,,,,,,,,,,,,,,,,,,,,,,,,,,,,,,,,,,,,,,,,,,,,,,,,,,,,,,,,,,,,,,,,,,,,,,,,,,,,,,,,,,,,,,,,,,,,,,,,,,,,,,,,,,,,,,,,,,,,,,,,,,,,,,,,,,,,,,,,,,,,,,,,,,,,,,,,,,,,,,,,,,,,,,,,,,,,,,,
D01_RD14-0003-44_45-1;1-M3a-0.062IP-Q0.5_004.20sec.fsa,D13S317,G,OL,204.62,3,OL,205.38,2,OL,207.89,3,OL,208.42,3,7,210.86,10,8,215.1,598,OL,222.55,3,11,227.19,13,OL,228.51,2,12,231.22,306,13,235.34,337,OL,241.05,3,OL,244.58,2,,,,,,,,,,,,,,,,,,,,,,,,,,,,,,,,,,,,,,,,,,,,,,,,,,,,,,,,,,,,,,,,,,,,,,,,,,,,,,,,,,,,,,,,,,,,,,,,,,,,,,,,,,,,,,,,,,,,,,,,,,,,,,,,,,,,,,,,,,,,,,,,,,,,,,,,,,,,,,,,,,,,,,,,,,,,,,,,,,,,,,,,,,,,,,,,,,,,,,,,,,,,,,,,,,,,,,,,,,,,,,,,,,,,,,,,,,,,,,,,,,,,,,,,,,,,,,,,,,,,,
D01_RD14-0003-44_45-1;1-M3a-0.062IP-Q0.5_004.20sec.fsa,D16S539,G,5,251.69,4,6,255.59,4,7,259.39,5,OL,260.39,2,OL,261.64,3,8,263.13,5,9,267.21,40,10,271.22,862,11,275.25,905,12,279.21,7,14,287.57,3,,,,,,,,,,,,,,,,,,,,,,,,,,,,,,,,,,,,,,,,,,,,,,,,,,,,,,,,,,,,,,,,,,,,,,,,,,,,,,,,,,,,,,,,,,,,,,,,,,,,,,,,,,,,,,,,,,,,,,,,,,,,,,,,,,,,,,,,,,,,,,,,,,,,,,,,,,,,,,,,,,,,,,,,,,,,,,,,,,,,,,,,,,,,,,,,,,,,,,,,,,,,,,,,,,,,,,,,,,,,,,,,,,,,,,,,,,,,,,,,,,,,,,,,,,,,,,,,,,,,,,,,,,,
D01_RD14-0003-44_45-1;1-M3a-0.062IP-Q0.5_004.20sec.fsa,D2S1338,G,14,300.39,4,15,304.76,42,16,308.79,964,17,312.63,3,OL,313.44,4,18,316.74,29,OL,319.41,6,19,320.98,451,21,328.98,2,23,337.01,4,24,341.07,47,25,345.18,533,OL,354.15,3,OL,355.88,2,28,357.36,2,OL,358.76,3,29,362.04,3,,,,,,,,,,,,,,,,,,,,,,,,,,,,,,,,,,,,,,,,,,,,,,,,,,,,,,,,,,,,,,,,,,,,,,,,,,,,,,,,,,,,,,,,,,,,,,,,,,,,,,,,,,,,,,,,,,,,,,,,,,,,,,,,,,,,,,,,,,,,,,,,,,,,,,,,,,,,,,,,,,,,,,,,,,,,,,,,,,,,,,,,,,,,,,,,,,,,,,,,,,,,,,,,,,,,,,,,,,,,,,,,,,,,,,,,,,,,,,,,,,,,,,,,,
D01_RD14-0003-44_45-1;1-M3a-0.062IP-Q0.5_004.20sec.fsa,D19S433,Y,OL,95.38,10,OL,96.27,8,10,103.79,10,OL,104.85,5,11,108.09,240,12,112.13,19,13,116.17,228,14,120.07,413,15,124.09,350,OL,125.12,11,16,128.37,8,OL,136.9,6,,,,,,,,,,,,,,,,,,,,,,,,,,,,,,,,,,,,,,,,,,,,,,,,,,,,,,,,,,,,,,,,,,,,,,,,,,,,,,,,,,,,,,,,,,,,,,,,,,,,,,,,,,,,,,,,,,,,,,,,,,,,,,,,,,,,,,,,,,,,,,,,,,,,,,,,,,,,,,,,,,,,,,,,,,,,,,,,,,,,,,,,,,,,,,,,,,,,,,,,,,,,,,,,,,,,,,,,,,,,,,,,,,,,,,,,,,,,,,,,,,,,,,,,,,,,,,,,,,,,,,,,
D01_RD14-0003-44_45-1;1-M3a-0.062IP-Q0.5_004.20sec.fsa,vWA,Y,OL,146.48,8,12,155.95,21,13,160,541,OL,167.17,9,15,167.85,12,16,172.13,214,OL,173.88,4,18.2,182.03,3,19,184.38,26,OL,187.35,9,20,188.45,268,OL,201.59,4,OL,207.66,3,,,,,,,,,,,,,,,,,,,,,,,,,,,,,,,,,,,,,,,,,,,,,,,,,,,,,,,,,,,,,,,,,,,,,,,,,,,,,,,,,,,,,,,,,,,,,,,,,,,,,,,,,,,,,,,,,,,,,,,,,,,,,,,,,,,,,,,,,,,,,,,,,,,,,,,,,,,,,,,,,,,,,,,,,,,,,,,,,,,,,,,,,,,,,,,,,,,,,,,,,,,,,,,,,,,,,,,,,,,,,,,,,,,,,,,,,,,,,,,,,,,,,,,,,,,,,,,,,,,,,
D01_RD14-0003-44_45-1;1-M3a-0.062IP-Q0.5_004.20sec.fsa,TPOX,Y,7,224.56,11,8,228.66,325,10,236.66,21,11,240.72,722,OL,256.88,7,,,,,,,,,,,,,,,,,,,,,,,,,,,,,,,,,,,,,,,,,,,,,,,,,,,,,,,,,,,,,,,,,,,,,,,,,,,,,,,,,,,,,,,,,,,,,,,,,,,,,,,,,,,,,,,,,,,,,,,,,,,,,,,,,,,,,,,,,,,,,,,,,,,,,,,,,,,,,,,,,,,,,,,,,,,,,,,,,,,,,,,,,,,,,,,,,,,,,,,,,,,,,,,,,,,,,,,,,,,,,,,,,,,,,,,,,,,,,,,,,,,,,,,,,,,,,,,,,,,,,,,,,,,,,,,,,,,,,,,,,,,,,
D01_RD14-0003-44_45-1;1-M3a-0.062IP-Q0.5_004.20sec.fsa,D18S51,Y,7,260.78,4,OL,273.51,8,11,276.99,28,12,281.09,600,OL,284.37,7,13,285.07,13,14,289.05,68,15,293.12,13,OL,294.13,5,16,297.11,187,17,301.09,340,OL,304.52,5,OL,306.49,8,OL,320.08,7,22,321.96,7,23,325.55,4,OL,326.37,5,24,329.87,6,OL,346.08,8,,,,,,,,,,,,,,,,,,,,,,,,,,,,,,,,,,,,,,,,,,,,,,,,,,,,,,,,,,,,,,,,,,,,,,,,,,,,,,,,,,,,,,,,,,,,,,,,,,,,,,,,,,,,,,,,,,,,,,,,,,,,,,,,,,,,,,,,,,,,,,,,,,,,,,,,,,,,,,,,,,,,,,,,,,,,,,,,,,,,,,,,,,,,,,,,,,,,,,,,,,,,,,,,,,,,,,,,,,,,,,,,,,,,,,,,,,,,,,,,,,,
D01_RD14-0003-44_45-1;1-M3a-0.062IP-Q0.5_004.20sec.fsa,AMEL,R,X,104.92,726,Y,110.86,560,,,,,,,,,,,,,,,,,,,,,,,,,,,,,,,,,,,,,,,,,,,,,,,,,,,,,,,,,,,,,,,,,,,,,,,,,,,,,,,,,,,,,,,,,,,,,,,,,,,,,,,,,,,,,,,,,,,,,,,,,,,,,,,,,,,,,,,,,,,,,,,,,,,,,,,,,,,,,,,,,,,,,,,,,,,,,,,,,,,,,,,,,,,,,,,,,,,,,,,,,,,,,,,,,,,,,,,,,,,,,,,,,,,,,,,,,,,,,,,,,,,,,,,,,,,,,,,,,,,,,,,,,,,,,,,,,,,,,,,,,,,,,,,,,,,,,,
D01_RD14-0003-44_45-1;1-M3a-0.062IP-Q0.5_004.20sec.fsa,D5S818,R,OL,133.74,5,OL,135.31,6,OL,138.48,6,OL,143.7,6,10,144.71,30,11,148.88,558,12,152.99,240,OL,160.76,5,15,165.26,4,OL,172.59,7,,,,,,,,,,,,,,,,,,,,,,,,,,,,,,,,,,,,,,,,,,,,,,,,,,,,,,,,,,,,,,,,,,,,,,,,,,,,,,,,,,,,,,,,,,,,,,,,,,,,,,,,,,,,,,,,,,,,,,,,,,,,,,,,,,,,,,,,,,,,,,,,,,,,,,,,,,,,,,,,,,,,,,,,,,,,,,,,,,,,,,,,,,,,,,,,,,,,,,,,,,,,,,,,,,,,,,,,,,,,,,,,,,,,,,,,,,,,,,,,,,,,,,,,,,,,,,,,,,,,,,,,,,,,,,
D01_RD14-0003-44_45-1;1-M3a-0.062IP-Q0.5_004.20sec.fsa,FGA,R,OL,205.99,6,OL,207.35,7,20,224.79,14,21,229.13,202,OL,234.17,8,23,237.28,242,24,241.37,201,24.2,243.05,9,25,245.54,191,OL,270.12,5,OL,272.17,8,OL,282.42,8,34.2,283.74,5,OL,284.68,6,OL,285.38,4,OL,287.65,4,OL,312.47,4,OL,329.14,6,OL,350.77,5,,,,,,,,,,,,,,,,,,,,,,,,,,,,,,,,,,,,,,,,,,,,,,,,,,,,,,,,,,,,,,,,,,,,,,,,,,,,,,,,,,,,,,,,,,,,,,,,,,,,,,,,,,,,,,,,,,,,,,,,,,,,,,,,,,,,,,,,,,,,,,,,,,,,,,,,,,,,,,,,,,,,,,,,,,,,,,,,,,,,,,,,,,,,,,,,,,,,,,,,,,,,,,,,,,,,,,,,,,,,,,,,,,,,,,,,,,,,,,,,,,,
D02_RD14-0003-44_45-1;1-M4e-0.062IP-Q1.3_004.20sec.fsa,D8S1179,B,OL,118.23,3,OL,123.81,6,9,125.61,9,10,129.7,144,OL,137.18,3,12,137.99,3,OL,140,3,13,142.04,20,14,146.22,347,15,150.33,130,OL,153.54,2,OL,157.51,2,17,158.17,3,OL,159.75,3,18,162.29,2,OL,166.13,1,OL,171.29,3,OL,174.9,2,OL,177.37,3,OL,178.19,3,,,,,,,,,,,,,,,,,,,,,,,,,,,,,,,,,,,,,,,,,,,,,,,,,,,,,,,,,,,,,,,,,,,,,,,,,,,,,,,,,,,,,,,,,,,,,,,,,,,,,,,,,,,,,,,,,,,,,,,,,,,,,,,,,,,,,,,,,,,,,,,,,,,,,,,,,,,,,,,,,,,,,,,,,,,,,,,,,,,,,,,,,,,,,,,,,,,,,,,,,,,,,,,,,,,,,,,,,,,,,,,,,,,,,,,,,,,,,,,,
D02_RD14-0003-44_45-1;1-M4e-0.062IP-Q1.3_004.20sec.fsa,D21S11,B,27,194.64,8,28,198.74,165,30,206.65,7,31,210.69,51,31.2,212.26,3,32,214.76,97,OL,221.84,2,OL,235.8,1,38,238.74,4,OL,239.92,3,,,,,,,,,,,,,,,,,,,,,,,,,,,,,,,,,,,,,,,,,,,,,,,,,,,,,,,,,,,,,,,,,,,,,,,,,,,,,,,,,,,,,,,,,,,,,,,,,,,,,,,,,,,,,,,,,,,,,,,,,,,,,,,,,,,,,,,,,,,,,,,,,,,,,,,,,,,,,,,,,,,,,,,,,,,,,,,,,,,,,,,,,,,,,,,,,,,,,,,,,,,,,,,,,,,,,,,,,,,,,,,,,,,,,,,,,,,,,,,,,,,,,,,,,,,,,,,,,,,,,,,,,,,,,,
D02_RD14-0003-44_45-1;1-M4e-0.062IP-Q1.3_004.20sec.fsa,D7S820,B,OL,251.16,2,8,262.09,57,9,266.12,90,10,270.15,85,14,285.94,3,OL,286.7,2,,,,,,,,,,,,,,,,,,,,,,,,,,,,,,,,,,,,,,,,,,,,,,,,,,,,,,,,,,,,,,,,,,,,,,,,,,,,,,,,,,,,,,,,,,,,,,,,,,,,,,,,,,,,,,,,,,,,,,,,,,,,,,,,,,,,,,,,,,,,,,,,,,,,,,,,,,,,,,,,,,,,,,,,,,,,,,,,,,,,,,,,,,,,,,,,,,,,,,,,,,,,,,,,,,,,,,,,,,,,,,,,,,,,,,,,,,,,,,,,,,,,,,,,,,,,,,,,,,,,,,,,,,,,,,,,,,,,,,,,,,
D02_RD14-0003-44_45-1;1-M4e-0.062IP-Q1.3_004.20sec.fsa,CSF1PO,B,OL,305.62,3,OL,313.91,3,OL,319.91,4,11,322.88,31,12,326.87,129,15,338.81,4,,,,,,,,,,,,,,,,,,,,,,,,,,,,,,,,,,,,,,,,,,,,,,,,,,,,,,,,,,,,,,,,,,,,,,,,,,,,,,,,,,,,,,,,,,,,,,,,,,,,,,,,,,,,,,,,,,,,,,,,,,,,,,,,,,,,,,,,,,,,,,,,,,,,,,,,,,,,,,,,,,,,,,,,,,,,,,,,,,,,,,,,,,,,,,,,,,,,,,,,,,,,,,,,,,,,,,,,,,,,,,,,,,,,,,,,,,,,,,,,,,,,,,,,,,,,,,,,,,,,,,,,,,,,,,,,,,,,,,,,,,
D02_RD14-0003-44_45-1;1-M4e-0.062IP-Q1.3_004.20sec.fsa,D3S1358,G,OL,98.5,3,OL,100.48,4,OL,109.01,4,OL,111.47,3,OL,116.46,14,14,118.31,38,15,122.33,691,15.2,124.12,2,16,126.47,98,17,130.17,107,18.2,136.78,3,OL,139.44,3,,,,,,,,,,,,,,,,,,,,,,,,,,,,,,,,,,,,,,,,,,,,,,,,,,,,,,,,,,,,,,,,,,,,,,,,,,,,,,,,,,,,,,,,,,,,,,,,,,,,,,,,,,,,,,,,,,,,,,,,,,,,,,,,,,,,,,,,,,,,,,,,,,,,,,,,,,,,,,,,,,,,,,,,,,,,,,,,,,,,,,,,,,,,,,,,,,,,,,,,,,,,,,,,,,,,,,,,,,,,,,,,,,,,,,,,,,,,,,,,,,,,,,,,,,,,,,,,,,,,,,,,
D02_RD14-0003-44_45-1;1-M4e-0.062IP-Q1.3_004.20sec.fsa,TH01,G,OL,158.17,3,4,160.49,3,OL,161.06,3,OL,163.92,4,5,164.66,3,6,168.5,51,7,172.6,245,9,180.75,46,9.3,183.93,98,OL,195.73,2,,,,,,,,,,,,,,,,,,,,,,,,,,,,,,,,,,,,,,,,,,,,,,,,,,,,,,,,,,,,,,,,,,,,,,,,,,,,,,,,,,,,,,,,,,,,,,,,,,,,,,,,,,,,,,,,,,,,,,,,,,,,,,,,,,,,,,,,,,,,,,,,,,,,,,,,,,,,,,,,,,,,,,,,,,,,,,,,,,,,,,,,,,,,,,,,,,,,,,,,,,,,,,,,,,,,,,,,,,,,,,,,,,,,,,,,,,,,,,,,,,,,,,,,,,,,,,,,,,,,,,,,,,,,,,
D02_RD14-0003-44_45-1;1-M4e-0.062IP-Q1.3_004.20sec.fsa,D13S317,G,8,215.18,191,OL,218.73,4,OL,226.18,3,OL,228.77,5,12,231.36,56,13,235.39,130,,,,,,,,,,,,,,,,,,,,,,,,,,,,,,,,,,,,,,,,,,,,,,,,,,,,,,,,,,,,,,,,,,,,,,,,,,,,,,,,,,,,,,,,,,,,,,,,,,,,,,,,,,,,,,,,,,,,,,,,,,,,,,,,,,,,,,,,,,,,,,,,,,,,,,,,,,,,,,,,,,,,,,,,,,,,,,,,,,,,,,,,,,,,,,,,,,,,,,,,,,,,,,,,,,,,,,,,,,,,,,,,,,,,,,,,,,,,,,,,,,,,,,,,,,,,,,,,,,,,,,,,,,,,,,,,,,,,,,,,,,
D02_RD14-0003-44_45-1;1-M4e-0.062IP-Q1.3_004.20sec.fsa,D16S539,G,OL,258.11,3,OL,266.2,2,10,271.32,12,11,275.28,47,OL,277.72,4,16,294.81,3,,,,,,,,,,,,,,,,,,,,,,,,,,,,,,,,,,,,,,,,,,,,,,,,,,,,,,,,,,,,,,,,,,,,,,,,,,,,,,,,,,,,,,,,,,,,,,,,,,,,,,,,,,,,,,,,,,,,,,,,,,,,,,,,,,,,,,,,,,,,,,,,,,,,,,,,,,,,,,,,,,,,,,,,,,,,,,,,,,,,,,,,,,,,,,,,,,,,,,,,,,,,,,,,,,,,,,,,,,,,,,,,,,,,,,,,,,,,,,,,,,,,,,,,,,,,,,,,,,,,,,,,,,,,,,,,,,,,,,,,,,
D02_RD14-0003-44_45-1;1-M4e-0.062IP-Q1.3_004.20sec.fsa,D2S1338,G,OL,304.12,2,16,308.72,37,18,316.95,11,19,321.05,136,OL,338.21,4,25,345.37,31,OL,352.73,4,OL,355.16,4,OL,358.1,3,,,,,,,,,,,,,,,,,,,,,,,,,,,,,,,,,,,,,,,,,,,,,,,,,,,,,,,,,,,,,,,,,,,,,,,,,,,,,,,,,,,,,,,,,,,,,,,,,,,,,,,,,,,,,,,,,,,,,,,,,,,,,,,,,,,,,,,,,,,,,,,,,,,,,,,,,,,,,,,,,,,,,,,,,,,,,,,,,,,,,,,,,,,,,,,,,,,,,,,,,,,,,,,,,,,,,,,,,,,,,,,,,,,,,,,,,,,,,,,,,,,,,,,,,,,,,,,,,,,,,,,,,,,,,,,,,
D02_RD14-0003-44_45-1;1-M4e-0.062IP-Q1.3_004.20sec.fsa,D19S433,Y,OL,95.52,10,10.2,106.15,6,11,108.14,111,13,116.23,153,14,120.15,269,15,124.12,249,OL,125.22,6,15.2,126.24,5,OL,128.91,5,OL,130.89,6,,,,,,,,,,,,,,,,,,,,,,,,,,,,,,,,,,,,,,,,,,,,,,,,,,,,,,,,,,,,,,,,,,,,,,,,,,,,,,,,,,,,,,,,,,,,,,,,,,,,,,,,,,,,,,,,,,,,,,,,,,,,,,,,,,,,,,,,,,,,,,,,,,,,,,,,,,,,,,,,,,,,,,,,,,,,,,,,,,,,,,,,,,,,,,,,,,,,,,,,,,,,,,,,,,,,,,,,,,,,,,,,,,,,,,,,,,,,,,,,,,,,,,,,,,,,,,,,,,,,,,,,,,,,,,
D02_RD14-0003-44_45-1;1-M4e-0.062IP-Q1.3_004.20sec.fsa,vWA,Y,13,160,93,OL,161.71,5,OL,166.21,8,15,168.18,8,16,172.19,64,OL,174.74,6,18,180.67,9,19,184.35,11,OL,185.35,7,20,188.53,129,OL,200.08,9,24,204.59,6,,,,,,,,,,,,,,,,,,,,,,,,,,,,,,,,,,,,,,,,,,,,,,,,,,,,,,,,,,,,,,,,,,,,,,,,,,,,,,,,,,,,,,,,,,,,,,,,,,,,,,,,,,,,,,,,,,,,,,,,,,,,,,,,,,,,,,,,,,,,,,,,,,,,,,,,,,,,,,,,,,,,,,,,,,,,,,,,,,,,,,,,,,,,,,,,,,,,,,,,,,,,,,,,,,,,,,,,,,,,,,,,,,,,,,,,,,,,,,,,,,,,,,,,,,,,,,,,,,,,,,,,
D02_RD14-0003-44_45-1;1-M4e-0.062IP-Q1.3_004.20sec.fsa,TPOX,Y,OL,219.66,5,6,220.5,6,7,224.84,6,OL,226.51,3,8,228.69,64,9,233.21,8,11,240.77,222,,,,,,,,,,,,,,,,,,,,,,,,,,,,,,,,,,,,,,,,,,,,,,,,,,,,,,,,,,,,,,,,,,,,,,,,,,,,,,,,,,,,,,,,,,,,,,,,,,,,,,,,,,,,,,,,,,,,,,,,,,,,,,,,,,,,,,,,,,,,,,,,,,,,,,,,,,,,,,,,,,,,,,,,,,,,,,,,,,,,,,,,,,,,,,,,,,,,,,,,,,,,,,,,,,,,,,,,,,,,,,,,,,,,,,,,,,,,,,,,,,,,,,,,,,,,,,,,,,,,,,,,,,,,,,,,,,,,,,,
D02_RD14-0003-44_45-1;1-M4e-0.062IP-Q1.3_004.20sec.fsa,D18S51,Y,OL,261.51,8,OL,269.56,5,OL,272.16,8,11,276.88,10,12,281.09,87,13,285.19,16,14,289.12,87,16,297.16,144,17,301.15,52,18,305.29,7,OL,313.66,3,,,,,,,,,,,,,,,,,,,,,,,,,,,,,,,,,,,,,,,,,,,,,,,,,,,,,,,,,,,,,,,,,,,,,,,,,,,,,,,,,,,,,,,,,,,,,,,,,,,,,,,,,,,,,,,,,,,,,,,,,,,,,,,,,,,,,,,,,,,,,,,,,,,,,,,,,,,,,,,,,,,,,,,,,,,,,,,,,,,,,,,,,,,,,,,,,,,,,,,,,,,,,,,,,,,,,,,,,,,,,,,,,,,,,,,,,,,,,,,,,,,,,,,,,,,,,,,,,,,,,,,,,,,
D02_RD14-0003-44_45-1;1-M4e-0.062IP-Q1.3_004.20sec.fsa,AMEL,R,X,104.88,509,Y,110.84,285,,,,,,,,,,,,,,,,,,,,,,,,,,,,,,,,,,,,,,,,,,,,,,,,,,,,,,,,,,,,,,,,,,,,,,,,,,,,,,,,,,,,,,,,,,,,,,,,,,,,,,,,,,,,,,,,,,,,,,,,,,,,,,,,,,,,,,,,,,,,,,,,,,,,,,,,,,,,,,,,,,,,,,,,,,,,,,,,,,,,,,,,,,,,,,,,,,,,,,,,,,,,,,,,,,,,,,,,,,,,,,,,,,,,,,,,,,,,,,,,,,,,,,,,,,,,,,,,,,,,,,,,,,,,,,,,,,,,,,,,,,,,,,,,,,,,,,
D02_RD14-0003-44_45-1;1-M4e-0.062IP-Q1.3_004.20sec.fsa,D5S818,R,OL,129.62,5,OL,134.46,4,OL,138.23,7,9,140.9,8,OL,141.8,7,10,144.74,24,OL,147.2,6,11,148.93,505,12,152.96,57,OL,158.17,8,OL,167.03,6,,,,,,,,,,,,,,,,,,,,,,,,,,,,,,,,,,,,,,,,,,,,,,,,,,,,,,,,,,,,,,,,,,,,,,,,,,,,,,,,,,,,,,,,,,,,,,,,,,,,,,,,,,,,,,,,,,,,,,,,,,,,,,,,,,,,,,,,,,,,,,,,,,,,,,,,,,,,,,,,,,,,,,,,,,,,,,,,,,,,,,,,,,,,,,,,,,,,,,,,,,,,,,,,,,,,,,,,,,,,,,,,,,,,,,,,,,,,,,,,,,,,,,,,,,,,,,,,,,,,,,,,,,,
D02_RD14-0003-44_45-1;1-M4e-0.062IP-Q1.3_004.20sec.fsa,FGA,R,OL,204.02,5,OL,207.39,4,OL,213.92,8,19,221.33,7,20,225.01,14,21,229.11,112,21.2,231.45,6,22,232.96,17,23,237.31,185,24,241.29,42,25,245.57,55,OL,248.13,5,26.2,252.08,6,28,257.78,5,30.2,267.54,6,OL,277.89,8,OL,294.81,5,OL,296.24,6,OL,296.99,7,OL,305.54,5,OL,308.72,5,OL,315.34,11,47.2,336.93,6,OL,341.91,5,OL,355.07,8,,,,,,,,,,,,,,,,,,,,,,,,,,,,,,,,,,,,,,,,,,,,,,,,,,,,,,,,,,,,,,,,,,,,,,,,,,,,,,,,,,,,,,,,,,,,,,,,,,,,,,,,,,,,,,,,,,,,,,,,,,,,,,,,,,,,,,,,,,,,,,,,,,,,,,,,,,,,,,,,,,,,,,,,,,,,,,,,,,,,,,,,,,,,,,,,,,,,,,,,,,,,,,,,,,,,,,,,,,,,,,,,,
D03_RD14-0003-40_41-1;4-M3d-0.315IP-Q0.6_004.20sec.fsa,D8S1179,B,OL,114,4,OL,115.31,2,OL,120.08,4,OL,122.73,8,OL,123.51,9,OL,124.22,9,OL,127.53,5,OL,128.4,6,OL,132.07,6,11,133.92,5,OL,135.29,8,12,137.8,146,13,141.9,2015,14,146.2,2967,15,150.36,547,16,154.37,4,OL,156.05,2,OL,160.91,3,19,167.23,2,OL,168.97,2,OL,172.31,5,OL,176.48,8,,,,,,,,,,,,,,,,,,,,,,,,,,,,,,,,,,,,,,,,,,,,,,,,,,,,,,,,,,,,,,,,,,,,,,,,,,,,,,,,,,,,,,,,,,,,,,,,,,,,,,,,,,,,,,,,,,,,,,,,,,,,,,,,,,,,,,,,,,,,,,,,,,,,,,,,,,,,,,,,,,,,,,,,,,,,,,,,,,,,,,,,,,,,,,,,,,,,,,,,,,,,,,,,,,,,,,,,,,,,,,,,,,,,,,,,,,
D03_RD14-0003-40_41-1;4-M3d-0.315IP-Q0.6_004.20sec.fsa,D21S11,B,OL,183.14,4,OL,187.73,2,27,194.54,13,27.2,196.5,4,28,198.64,352,29,202.68,386,30,206.63,150,30.2,208.66,9,31,210.69,1462,32,214.69,17,33,218.69,9,33.2,220.69,3,OL,221.37,1,34,222.92,140,35,226.96,1311,38,238.53,4,,,,,,,,,,,,,,,,,,,,,,,,,,,,,,,,,,,,,,,,,,,,,,,,,,,,,,,,,,,,,,,,,,,,,,,,,,,,,,,,,,,,,,,,,,,,,,,,,,,,,,,,,,,,,,,,,,,,,,,,,,,,,,,,,,,,,,,,,,,,,,,,,,,,,,,,,,,,,,,,,,,,,,,,,,,,,,,,,,,,,,,,,,,,,,,,,,,,,,,,,,,,,,,,,,,,,,,,,,,,,,,,,,,,,,,,,,,,,,,,,,,,,,,,,,,,
D03_RD14-0003-40_41-1;4-M3d-0.315IP-Q0.6_004.20sec.fsa,D7S820,B,OL,253.34,2,6,254.63,3,OL,255.74,4,OL,259.74,5,8,262.09,7,9,266.11,217,10,270.05,157,11,274.09,2981,12,278.06,10,OL,283.05,5,,,,,,,,,,,,,,,,,,,,,,,,,,,,,,,,,,,,,,,,,,,,,,,,,,,,,,,,,,,,,,,,,,,,,,,,,,,,,,,,,,,,,,,,,,,,,,,,,,,,,,,,,,,,,,,,,,,,,,,,,,,,,,,,,,,,,,,,,,,,,,,,,,,,,,,,,,,,,,,,,,,,,,,,,,,,,,,,,,,,,,,,,,,,,,,,,,,,,,,,,,,,,,,,,,,,,,,,,,,,,,,,,,,,,,,,,,,,,,,,,,,,,,,,,,,,,,,,,,,,,,,,,,,,,,
D03_RD14-0003-40_41-1;4-M3d-0.315IP-Q0.6_004.20sec.fsa,CSF1PO,B,OL,299.91,5,OL,305.73,6,7,306.7,6,8,310.5,135,OL,315.49,4,10,318.78,6,11,322.83,146,12,326.83,2491,13,330.91,10,OL,339.91,3,,,,,,,,,,,,,,,,,,,,,,,,,,,,,,,,,,,,,,,,,,,,,,,,,,,,,,,,,,,,,,,,,,,,,,,,,,,,,,,,,,,,,,,,,,,,,,,,,,,,,,,,,,,,,,,,,,,,,,,,,,,,,,,,,,,,,,,,,,,,,,,,,,,,,,,,,,,,,,,,,,,,,,,,,,,,,,,,,,,,,,,,,,,,,,,,,,,,,,,,,,,,,,,,,,,,,,,,,,,,,,,,,,,,,,,,,,,,,,,,,,,,,,,,,,,,,,,,,,,,,,,,,,,,,,
D03_RD14-0003-40_41-1;4-M3d-0.315IP-Q0.6_004.20sec.fsa,D3S1358,G,OL,96.3,4,OL,104.16,3,OL,112.1,4,OL,113.13,4,OL,116.23,16,14,118.23,33,15,122.18,478,16,126.27,2319,17,130.39,2534,18,134.4,8,19,138.13,4,OL,141.65,12,OL,143.22,3,,,,,,,,,,,,,,,,,,,,,,,,,,,,,,,,,,,,,,,,,,,,,,,,,,,,,,,,,,,,,,,,,,,,,,,,,,,,,,,,,,,,,,,,,,,,,,,,,,,,,,,,,,,,,,,,,,,,,,,,,,,,,,,,,,,,,,,,,,,,,,,,,,,,,,,,,,,,,,,,,,,,,,,,,,,,,,,,,,,,,,,,,,,,,,,,,,,,,,,,,,,,,,,,,,,,,,,,,,,,,,,,,,,,,,,,,,,,,,,,,,,,,,,,,,,,,,,,,,,,,
D03_RD14-0003-40_41-1;4-M3d-0.315IP-Q0.6_004.20sec.fsa,TH01,G,OL,154.96,4,OL,159.16,13,4,160.33,5,OL,162.82,9,5,164.4,6,OL,165.06,6,OL,166.64,6,6,168.56,82,OL,170.64,7,7,172.64,4137,8,176.65,1606,11,189.35,4,13,196.67,5,OL,198.38,7,,,,,,,,,,,,,,,,,,,,,,,,,,,,,,,,,,,,,,,,,,,,,,,,,,,,,,,,,,,,,,,,,,,,,,,,,,,,,,,,,,,,,,,,,,,,,,,,,,,,,,,,,,,,,,,,,,,,,,,,,,,,,,,,,,,,,,,,,,,,,,,,,,,,,,,,,,,,,,,,,,,,,,,,,,,,,,,,,,,,,,,,,,,,,,,,,,,,,,,,,,,,,,,,,,,,,,,,,,,,,,,,,,,,,,,,,,,,,,,,,,,,,,,,,,,,,,,,,,
D03_RD14-0003-40_41-1;4-M3d-0.315IP-Q0.6_004.20sec.fsa,D13S317,G,OL,206.63,3,OL,214.61,8,OL,218.78,7,OL,220.86,8,10,223.52,10,11,227.3,163,12,231.27,3311,13,235.33,2241,14,239.22,13,,,,,,,,,,,,,,,,,,,,,,,,,,,,,,,,,,,,,,,,,,,,,,,,,,,,,,,,,,,,,,,,,,,,,,,,,,,,,,,,,,,,,,,,,,,,,,,,,,,,,,,,,,,,,,,,,,,,,,,,,,,,,,,,,,,,,,,,,,,,,,,,,,,,,,,,,,,,,,,,,,,,,,,,,,,,,,,,,,,,,,,,,,,,,,,,,,,,,,,,,,,,,,,,,,,,,,,,,,,,,,,,,,,,,,,,,,,,,,,,,,,,,,,,,,,,,,,,,,,,,,,,,,,,,,,,,
D03_RD14-0003-40_41-1;4-M3d-0.315IP-Q0.6_004.20sec.fsa,D16S539,G,7,259.15,6,8,263.31,37,9,267.25,1503,10,271.28,80,11,275.32,1410,12,279.29,49,13,283.23,832,14,287.68,7,OL,292.4,3,,,,,,,,,,,,,,,,,,,,,,,,,,,,,,,,,,,,,,,,,,,,,,,,,,,,,,,,,,,,,,,,,,,,,,,,,,,,,,,,,,,,,,,,,,,,,,,,,,,,,,,,,,,,,,,,,,,,,,,,,,,,,,,,,,,,,,,,,,,,,,,,,,,,,,,,,,,,,,,,,,,,,,,,,,,,,,,,,,,,,,,,,,,,,,,,,,,,,,,,,,,,,,,,,,,,,,,,,,,,,,,,,,,,,,,,,,,,,,,,,,,,,,,,,,,,,,,,,,,,,,,,,,,,,,,,,
D03_RD14-0003-40_41-1;4-M3d-0.315IP-Q0.6_004.20sec.fsa,D2S1338,G,14,300.52,5,OL,303.98,2,OL,307.75,9,16,308.9,7,OL,314.93,6,18,316.8,28,19,321.01,510,20,325.11,1463,21,329.1,121,22,333.17,1996,23,336.86,3,24,341.01,33,25,345.13,364,OL,366.08,4,,,,,,,,,,,,,,,,,,,,,,,,,,,,,,,,,,,,,,,,,,,,,,,,,,,,,,,,,,,,,,,,,,,,,,,,,,,,,,,,,,,,,,,,,,,,,,,,,,,,,,,,,,,,,,,,,,,,,,,,,,,,,,,,,,,,,,,,,,,,,,,,,,,,,,,,,,,,,,,,,,,,,,,,,,,,,,,,,,,,,,,,,,,,,,,,,,,,,,,,,,,,,,,,,,,,,,,,,,,,,,,,,,,,,,,,,,,,,,,,,,,,,,,,,,,,,,,,,,
D03_RD14-0003-40_41-1;4-M3d-0.315IP-Q0.6_004.20sec.fsa,D19S433,Y,10,104,27,11,108.14,737,12,112.18,129,13,116.23,2139,14.2,122.1,19,15.2,126.11,249,16.2,130.08,2093,,,,,,,,,,,,,,,,,,,,,,,,,,,,,,,,,,,,,,,,,,,,,,,,,,,,,,,,,,,,,,,,,,,,,,,,,,,,,,,,,,,,,,,,,,,,,,,,,,,,,,,,,,,,,,,,,,,,,,,,,,,,,,,,,,,,,,,,,,,,,,,,,,,,,,,,,,,,,,,,,,,,,,,,,,,,,,,,,,,,,,,,,,,,,,,,,,,,,,,,,,,,,,,,,,,,,,,,,,,,,,,,,,,,,,,,,,,,,,,,,,,,,,,,,,,,,,,,,,,,,,,,,,,,,,,,,,,,,,,
D03_RD14-0003-40_41-1;4-M3d-0.315IP-Q0.6_004.20sec.fsa,vWA,Y,OL,148.53,24,14,163.98,15,15,168.14,481,16,172.56,69,17,176.23,533,18,180.34,1835,19,184.42,1972,20,188.5,6,OL,197.36,6,OL,207.14,6,,,,,,,,,,,,,,,,,,,,,,,,,,,,,,,,,,,,,,,,,,,,,,,,,,,,,,,,,,,,,,,,,,,,,,,,,,,,,,,,,,,,,,,,,,,,,,,,,,,,,,,,,,,,,,,,,,,,,,,,,,,,,,,,,,,,,,,,,,,,,,,,,,,,,,,,,,,,,,,,,,,,,,,,,,,,,,,,,,,,,,,,,,,,,,,,,,,,,,,,,,,,,,,,,,,,,,,,,,,,,,,,,,,,,,,,,,,,,,,,,,,,,,,,,,,,,,,,,,,,,,,,,,,,,,
D03_RD14-0003-40_41-1;4-M3d-0.315IP-Q0.6_004.20sec.fsa,TPOX,Y,7,224.64,47,OL,226.36,11,8,228.68,3026,OL,231.18,42,OL,235.15,41,11,240.62,11,12,244.88,119,OL,248.15,6,,,,,,,,,,,,,,,,,,,,,,,,,,,,,,,,,,,,,,,,,,,,,,,,,,,,,,,,,,,,,,,,,,,,,,,,,,,,,,,,,,,,,,,,,,,,,,,,,,,,,,,,,,,,,,,,,,,,,,,,,,,,,,,,,,,,,,,,,,,,,,,,,,,,,,,,,,,,,,,,,,,,,,,,,,,,,,,,,,,,,,,,,,,,,,,,,,,,,,,,,,,,,,,,,,,,,,,,,,,,,,,,,,,,,,,,,,,,,,,,,,,,,,,,,,,,,,,,,,,,,,,,,,,,,,,,,,,,
D03_RD14-0003-40_41-1;4-M3d-0.315IP-Q0.6_004.20sec.fsa,D18S51,Y,10.2,275.24,34,11,277,19,12,281.05,297,13,285.15,1479,14,289.16,38,14.2,290.65,4,15,293.09,466,17,301.12,11,18,305.03,107,19,309.08,1016,23.2,327.29,10,OL,328.74,9,26,337.85,5,27,342.02,6,,,,,,,,,,,,,,,,,,,,,,,,,,,,,,,,,,,,,,,,,,,,,,,,,,,,,,,,,,,,,,,,,,,,,,,,,,,,,,,,,,,,,,,,,,,,,,,,,,,,,,,,,,,,,,,,,,,,,,,,,,,,,,,,,,,,,,,,,,,,,,,,,,,,,,,,,,,,,,,,,,,,,,,,,,,,,,,,,,,,,,,,,,,,,,,,,,,,,,,,,,,,,,,,,,,,,,,,,,,,,,,,,,,,,,,,,,,,,,,,,,,,,,,,,,,,,,,,,,
D03_RD14-0003-40_41-1;4-M3d-0.315IP-Q0.6_004.20sec.fsa,AMEL,R,X,104.95,2035,Y,110.84,1530,,,,,,,,,,,,,,,,,,,,,,,,,,,,,,,,,,,,,,,,,,,,,,,,,,,,,,,,,,,,,,,,,,,,,,,,,,,,,,,,,,,,,,,,,,,,,,,,,,,,,,,,,,,,,,,,,,,,,,,,,,,,,,,,,,,,,,,,,,,,,,,,,,,,,,,,,,,,,,,,,,,,,,,,,,,,,,,,,,,,,,,,,,,,,,,,,,,,,,,,,,,,,,,,,,,,,,,,,,,,,,,,,,,,,,,,,,,,,,,,,,,,,,,,,,,,,,,,,,,,,,,,,,,,,,,,,,,,,,,,,,,,,,,,,,,,,,
D03_RD14-0003-40_41-1;4-M3d-0.315IP-Q0.6_004.20sec.fsa,D5S818,R,OL,126.74,29,OL,127.93,30,OL,129.2,29,OL,138.29,16,OL,141.65,16,10,144.79,175,11,148.86,3487,12,152.95,487,13,157.14,328,OL,159.24,3,OL,163.48,7,16,169.22,6,OL,170.64,7,17,173.56,17,OL,175.73,17,,,,,,,,,,,,,,,,,,,,,,,,,,,,,,,,,,,,,,,,,,,,,,,,,,,,,,,,,,,,,,,,,,,,,,,,,,,,,,,,,,,,,,,,,,,,,,,,,,,,,,,,,,,,,,,,,,,,,,,,,,,,,,,,,,,,,,,,,,,,,,,,,,,,,,,,,,,,,,,,,,,,,,,,,,,,,,,,,,,,,,,,,,,,,,,,,,,,,,,,,,,,,,,,,,,,,,,,,,,,,,,,,,,,,,,,,,,,,,,,,,,,,,,,,,,,,,,
D03_RD14-0003-40_41-1;4-M3d-0.315IP-Q0.6_004.20sec.fsa,FGA,R,16.2,210.52,10,17.2,214.95,9,19.2,222.66,7,20.2,226.87,10,21,229.2,97,OL,230.49,26,22,233.17,1292,23,237.23,80,25,245.41,21,26,249.65,333,27,253.6,999,28,257.61,272,31.2,271.98,9,OL,272.68,8,OL,274.09,21,OL,276.38,11,OL,278.23,14,OL,306.26,8,OL,313.91,12,OL,314.93,10,OL,321.83,11,OL,322.65,11,OL,325.56,13,OL,329.1,10,OL,330.55,8,OL,349.35,9,OL,357.15,4,,,,,,,,,,,,,,,,,,,,,,,,,,,,,,,,,,,,,,,,,,,,,,,,,,,,,,,,,,,,,,,,,,,,,,,,,,,,,,,,,,,,,,,,,,,,,,,,,,,,,,,,,,,,,,,,,,,,,,,,,,,,,,,,,,,,,,,,,,,,,,,,,,,,,,,,,,,,,,,,,,,,,,,,,,,,,,,,,,,,,,,,,,,,,,,,,,,,,,,,,,,,,,,,,,,,,,,,,,,
D05_RD14-0003-42_43-1;9-M1e-0.75IP-Q1.3_004.20sec.fsa,D8S1179,B,OL,114.47,2,OL,115.87,4,OL,116.88,6,OL,123.54,14,OL,124.17,15,10,129.73,151,11,133.75,2945,12,137.88,508,13,142.07,2721,14,146.14,131,17,159.07,3,OL,160.42,2,18,163.01,4,OL,174.1,3,OL,174.69,3,,,,,,,,,,,,,,,,,,,,,,,,,,,,,,,,,,,,,,,,,,,,,,,,,,,,,,,,,,,,,,,,,,,,,,,,,,,,,,,,,,,,,,,,,,,,,,,,,,,,,,,,,,,,,,,,,,,,,,,,,,,,,,,,,,,,,,,,,,,,,,,,,,,,,,,,,,,,,,,,,,,,,,,,,,,,,,,,,,,,,,,,,,,,,,,,,,,,,,,,,,,,,,,,,,,,,,,,,,,,,,,,,,,,,,,,,,,,,,,,,,,,,,,,,,,,,,,
D05_RD14-0003-42_43-1;9-M1e-0.75IP-Q1.3_004.20sec.fsa,D21S11,B,OL,183.58,6,OL,187.26,4,26,190.59,66,26.2,192.55,10,27,194.69,1564,28,198.63,64,28.2,200.42,5,29,202.7,1045,30,206.68,300,31.2,212.63,71,33,218.34,4,OL,236.52,8,OL,238,5,,,,,,,,,,,,,,,,,,,,,,,,,,,,,,,,,,,,,,,,,,,,,,,,,,,,,,,,,,,,,,,,,,,,,,,,,,,,,,,,,,,,,,,,,,,,,,,,,,,,,,,,,,,,,,,,,,,,,,,,,,,,,,,,,,,,,,,,,,,,,,,,,,,,,,,,,,,,,,,,,,,,,,,,,,,,,,,,,,,,,,,,,,,,,,,,,,,,,,,,,,,,,,,,,,,,,,,,,,,,,,,,,,,,,,,,,,,,,,,,,,,,,,,,,,,,,,,,,,,,,
D05_RD14-0003-42_43-1;9-M1e-0.75IP-Q1.3_004.20sec.fsa,D7S820,B,OL,248.94,3,7,258.11,33,8,262.09,893,9,266.12,1029,11,274.1,235,OL,281.58,4,OL,291.32,3,,,,,,,,,,,,,,,,,,,,,,,,,,,,,,,,,,,,,,,,,,,,,,,,,,,,,,,,,,,,,,,,,,,,,,,,,,,,,,,,,,,,,,,,,,,,,,,,,,,,,,,,,,,,,,,,,,,,,,,,,,,,,,,,,,,,,,,,,,,,,,,,,,,,,,,,,,,,,,,,,,,,,,,,,,,,,,,,,,,,,,,,,,,,,,,,,,,,,,,,,,,,,,,,,,,,,,,,,,,,,,,,,,,,,,,,,,,,,,,,,,,,,,,,,,,,,,,,,,,,,,,,,,,,,,,,,,,,,,,
D05_RD14-0003-42_43-1;9-M1e-0.75IP-Q1.3_004.20sec.fsa,CSF1PO,B,5,298.42,4,OL,300,6,OL,301.79,5,8,310.24,4,OL,311.76,4,9,314.57,44,10,318.76,904,11,322.93,54,12,326.93,1044,OL,339.73,4,,,,,,,,,,,,,,,,,,,,,,,,,,,,,,,,,,,,,,,,,,,,,,,,,,,,,,,,,,,,,,,,,,,,,,,,,,,,,,,,,,,,,,,,,,,,,,,,,,,,,,,,,,,,,,,,,,,,,,,,,,,,,,,,,,,,,,,,,,,,,,,,,,,,,,,,,,,,,,,,,,,,,,,,,,,,,,,,,,,,,,,,,,,,,,,,,,,,,,,,,,,,,,,,,,,,,,,,,,,,,,,,,,,,,,,,,,,,,,,,,,,,,,,,,,,,,,,,,,,,,,,,,,,,,,
D05_RD14-0003-42_43-1;9-M1e-0.75IP-Q1.3_004.20sec.fsa,D3S1358,G,OL,97.94,2,OL,102.73,7,11,106.18,6,OL,107.3,7,OL,108.9,8,13,114.39,22,OL,116.34,16,14,118.36,416,15,122.36,6930,16,126.23,341,17.2,132.3,6,OL,133.75,21,,,,,,,,,,,,,,,,,,,,,,,,,,,,,,,,,,,,,,,,,,,,,,,,,,,,,,,,,,,,,,,,,,,,,,,,,,,,,,,,,,,,,,,,,,,,,,,,,,,,,,,,,,,,,,,,,,,,,,,,,,,,,,,,,,,,,,,,,,,,,,,,,,,,,,,,,,,,,,,,,,,,,,,,,,,,,,,,,,,,,,,,,,,,,,,,,,,,,,,,,,,,,,,,,,,,,,,,,,,,,,,,,,,,,,,,,,,,,,,,,,,,,,,,,,,,,,,,,,,,,,,,
D05_RD14-0003-42_43-1;9-M1e-0.75IP-Q1.3_004.20sec.fsa,TH01,G,OL,162.68,9,5,164.52,13,OL,166.95,5,6,168.55,10,OL,169.22,11,7,172.66,61,8,176.71,2972,9,180.77,374,9.3,183.93,3754,,,,,,,,,,,,,,,,,,,,,,,,,,,,,,,,,,,,,,,,,,,,,,,,,,,,,,,,,,,,,,,,,,,,,,,,,,,,,,,,,,,,,,,,,,,,,,,,,,,,,,,,,,,,,,,,,,,,,,,,,,,,,,,,,,,,,,,,,,,,,,,,,,,,,,,,,,,,,,,,,,,,,,,,,,,,,,,,,,,,,,,,,,,,,,,,,,,,,,,,,,,,,,,,,,,,,,,,,,,,,,,,,,,,,,,,,,,,,,,,,,,,,,,,,,,,,,,,,,,,,,,,,,,,,,,,,
D05_RD14-0003-42_43-1;9-M1e-0.75IP-Q1.3_004.20sec.fsa,D13S317,G,OL,204.39,3,OL,214.69,7,OL,217.3,3,OL,221.03,4,10,223.19,81,OL,225,3,11,227.25,1820,12,231.31,2091,13,235.3,220,OL,242.31,5,OL,246.2,6,,,,,,,,,,,,,,,,,,,,,,,,,,,,,,,,,,,,,,,,,,,,,,,,,,,,,,,,,,,,,,,,,,,,,,,,,,,,,,,,,,,,,,,,,,,,,,,,,,,,,,,,,,,,,,,,,,,,,,,,,,,,,,,,,,,,,,,,,,,,,,,,,,,,,,,,,,,,,,,,,,,,,,,,,,,,,,,,,,,,,,,,,,,,,,,,,,,,,,,,,,,,,,,,,,,,,,,,,,,,,,,,,,,,,,,,,,,,,,,,,,,,,,,,,,,,,,,,,,,,,,,,,,,
D05_RD14-0003-42_43-1;9-M1e-0.75IP-Q1.3_004.20sec.fsa,D16S539,G,OL,253.28,5,6,256.04,9,OL,257.68,6,7,259.4,7,8,263.4,19,9,267.34,355,OL,269.44,13,10,271.29,3334,11,275.42,14,12,279.29,197,OL,286.58,3,15,290.97,5,,,,,,,,,,,,,,,,,,,,,,,,,,,,,,,,,,,,,,,,,,,,,,,,,,,,,,,,,,,,,,,,,,,,,,,,,,,,,,,,,,,,,,,,,,,,,,,,,,,,,,,,,,,,,,,,,,,,,,,,,,,,,,,,,,,,,,,,,,,,,,,,,,,,,,,,,,,,,,,,,,,,,,,,,,,,,,,,,,,,,,,,,,,,,,,,,,,,,,,,,,,,,,,,,,,,,,,,,,,,,,,,,,,,,,,,,,,,,,,,,,,,,,,,,,,,,,,,,,,,,,,,
D05_RD14-0003-42_43-1;9-M1e-0.75IP-Q1.3_004.20sec.fsa,D2S1338,G,18,316.94,74,19,321.1,1329,OL,326.84,3,21,329.19,123,22,333.23,1410,23,337.16,88,OL,339.38,10,24,341.18,2,OL,360.54,4,OL,362.81,3,,,,,,,,,,,,,,,,,,,,,,,,,,,,,,,,,,,,,,,,,,,,,,,,,,,,,,,,,,,,,,,,,,,,,,,,,,,,,,,,,,,,,,,,,,,,,,,,,,,,,,,,,,,,,,,,,,,,,,,,,,,,,,,,,,,,,,,,,,,,,,,,,,,,,,,,,,,,,,,,,,,,,,,,,,,,,,,,,,,,,,,,,,,,,,,,,,,,,,,,,,,,,,,,,,,,,,,,,,,,,,,,,,,,,,,,,,,,,,,,,,,,,,,,,,,,,,,,,,,,,,,,,,,,,,
D05_RD14-0003-42_43-1;9-M1e-0.75IP-Q1.3_004.20sec.fsa,D19S433,Y,OL,106.82,11,12,112.25,48,12.2,114.31,246,13,116.26,314,13.2,118.21,3485,14,120.16,4900,14.2,122.2,631,15.2,125.67,6,18,136.17,7,OL,139.51,7,OL,141.41,11,,,,,,,,,,,,,,,,,,,,,,,,,,,,,,,,,,,,,,,,,,,,,,,,,,,,,,,,,,,,,,,,,,,,,,,,,,,,,,,,,,,,,,,,,,,,,,,,,,,,,,,,,,,,,,,,,,,,,,,,,,,,,,,,,,,,,,,,,,,,,,,,,,,,,,,,,,,,,,,,,,,,,,,,,,,,,,,,,,,,,,,,,,,,,,,,,,,,,,,,,,,,,,,,,,,,,,,,,,,,,,,,,,,,,,,,,,,,,,,,,,,,,,,,,,,,,,,,,,,,,,,,,,,
D05_RD14-0003-42_43-1;9-M1e-0.75IP-Q1.3_004.20sec.fsa,vWA,Y,OL,148.81,27,OL,152.75,21,12,155.86,59,13,160,2266,14,164.18,11,15,168.13,30,16,172.24,485,17,176.37,1658,OL,178.56,6,18,180.34,12,19,184.01,63,OL,185.63,7,OL,186.74,6,21,192.81,8,OL,194.09,8,OL,203.38,10,OL,204.39,7,24,205.07,9,,,,,,,,,,,,,,,,,,,,,,,,,,,,,,,,,,,,,,,,,,,,,,,,,,,,,,,,,,,,,,,,,,,,,,,,,,,,,,,,,,,,,,,,,,,,,,,,,,,,,,,,,,,,,,,,,,,,,,,,,,,,,,,,,,,,,,,,,,,,,,,,,,,,,,,,,,,,,,,,,,,,,,,,,,,,,,,,,,,,,,,,,,,,,,,,,,,,,,,,,,,,,,,,,,,,,,,,,,,,,,,,,,,,,,,,,,,,,,,,,,,,,,
D05_RD14-0003-42_43-1;9-M1e-0.75IP-Q1.3_004.20sec.fsa,TPOX,Y,OL,217.82,8,6,220.34,7,7,224.66,25,8,228.72,1402,OL,231.23,41,9,232.79,13,10,236.78,335,OL,238.78,4,11,240.8,1467,14,252.77,6,,,,,,,,,,,,,,,,,,,,,,,,,,,,,,,,,,,,,,,,,,,,,,,,,,,,,,,,,,,,,,,,,,,,,,,,,,,,,,,,,,,,,,,,,,,,,,,,,,,,,,,,,,,,,,,,,,,,,,,,,,,,,,,,,,,,,,,,,,,,,,,,,,,,,,,,,,,,,,,,,,,,,,,,,,,,,,,,,,,,,,,,,,,,,,,,,,,,,,,,,,,,,,,,,,,,,,,,,,,,,,,,,,,,,,,,,,,,,,,,,,,,,,,,,,,,,,,,,,,,,,,,,,,,,,
D05_RD14-0003-42_43-1;9-M1e-0.75IP-Q1.3_004.20sec.fsa,D18S51,Y,7,260.35,14,9.2,271.11,68,16,296.93,23,17,301.11,286,18,305.07,1299,19,309.09,557,OL,317.99,12,22,321.19,26,OL,330.99,4,OL,333.23,28,27,341.91,5,OL,343.46,4,,,,,,,,,,,,,,,,,,,,,,,,,,,,,,,,,,,,,,,,,,,,,,,,,,,,,,,,,,,,,,,,,,,,,,,,,,,,,,,,,,,,,,,,,,,,,,,,,,,,,,,,,,,,,,,,,,,,,,,,,,,,,,,,,,,,,,,,,,,,,,,,,,,,,,,,,,,,,,,,,,,,,,,,,,,,,,,,,,,,,,,,,,,,,,,,,,,,,,,,,,,,,,,,,,,,,,,,,,,,,,,,,,,,,,,,,,,,,,,,,,,,,,,,,,,,,,,,,,,,,,,,
D05_RD14-0003-42_43-1;9-M1e-0.75IP-Q1.3_004.20sec.fsa,AMEL,R,X,104.98,4720,Y,110.81,3176,,,,,,,,,,,,,,,,,,,,,,,,,,,,,,,,,,,,,,,,,,,,,,,,,,,,,,,,,,,,,,,,,,,,,,,,,,,,,,,,,,,,,,,,,,,,,,,,,,,,,,,,,,,,,,,,,,,,,,,,,,,,,,,,,,,,,,,,,,,,,,,,,,,,,,,,,,,,,,,,,,,,,,,,,,,,,,,,,,,,,,,,,,,,,,,,,,,,,,,,,,,,,,,,,,,,,,,,,,,,,,,,,,,,,,,,,,,,,,,,,,,,,,,,,,,,,,,,,,,,,,,,,,,,,,,,,,,,,,,,,,,,,,,,,,,,,,
D05_RD14-0003-42_43-1;9-M1e-0.75IP-Q1.3_004.20sec.fsa,D5S818,R,OL,126.15,5,OL,126.78,6,OL,127.82,7,7,132.86,5,OL,135.77,11,8,136.58,9,10,144.81,105,11,148.89,2437,OL,151.24,7,12,153,2331,13,157.12,211,OL,163.77,7,OL,171.57,9,17,173.42,9,OL,178.14,16,,,,,,,,,,,,,,,,,,,,,,,,,,,,,,,,,,,,,,,,,,,,,,,,,,,,,,,,,,,,,,,,,,,,,,,,,,,,,,,,,,,,,,,,,,,,,,,,,,,,,,,,,,,,,,,,,,,,,,,,,,,,,,,,,,,,,,,,,,,,,,,,,,,,,,,,,,,,,,,,,,,,,,,,,,,,,,,,,,,,,,,,,,,,,,,,,,,,,,,,,,,,,,,,,,,,,,,,,,,,,,,,,,,,,,,,,,,,,,,,,,,,,,,,,,,,,,,
D05_RD14-0003-42_43-1;9-M1e-0.75IP-Q1.3_004.20sec.fsa,FGA,R,17,212.72,15,OL,213.91,17,19,220.95,21,20,225.09,376,21,229.15,1760,22,233.22,47,23,237.39,11,25.2,247.79,8,27,253.54,76,28,257.59,1504,29,261.4,8,OL,268.66,14,31,269.36,16,33.2,279.21,3,OL,298.25,6,OL,312.74,15,OL,313.91,18,OL,315.33,8,44.2,324.3,10,OL,330.72,5,OL,339.56,5,OL,342.1,9,OL,346.02,7,,,,,,,,,,,,,,,,,,,,,,,,,,,,,,,,,,,,,,,,,,,,,,,,,,,,,,,,,,,,,,,,,,,,,,,,,,,,,,,,,,,,,,,,,,,,,,,,,,,,,,,,,,,,,,,,,,,,,,,,,,,,,,,,,,,,,,,,,,,,,,,,,,,,,,,,,,,,,,,,,,,,,,,,,,,,,,,,,,,,,,,,,,,,,,,,,,,,,,,,,,,,,,,,,,,,,,,,,,,,,,,,,,,,,,,
E01_RD14-0003-44_45-1;1-M4a-0.031IP-Q0.5_001.20sec.fsa,D8S1179,B,OL,114.15,3,OL,120.07,4,8,122.14,4,9,125.32,4,10,129.73,79,12,137.62,4,OL,138.85,3,13,141.96,28,OL,143.45,2,14,146.2,311,15,150.3,225,17,158.24,3,OL,159.2,3,OL,160.16,4,18,162.82,1,OL,164.31,2,,,,,,,,,,,,,,,,,,,,,,,,,,,,,,,,,,,,,,,,,,,,,,,,,,,,,,,,,,,,,,,,,,,,,,,,,,,,,,,,,,,,,,,,,,,,,,,,,,,,,,,,,,,,,,,,,,,,,,,,,,,,,,,,,,,,,,,,,,,,,,,,,,,,,,,,,,,,,,,,,,,,,,,,,,,,,,,,,,,,,,,,,,,,,,,,,,,,,,,,,,,,,,,,,,,,,,,,,,,,,,,,,,,,,,,,,,,,,,,,,,,,,,,,,,,,
E01_RD14-0003-44_45-1;1-M4a-0.031IP-Q0.5_001.20sec.fsa,D21S11,B,23.2,180.16,7,24,181.93,1,OL,183.7,3,OL,191.44,2,27,194.59,12,28,198.63,213,OL,199.84,5,31.2,212.4,2,OL,214,5,33,218.54,3,OL,220.08,4,OL,221.7,3,OL,226.08,3,35.2,229.1,3,OL,229.91,2,36.2,233.02,1,37,235.39,4,37.2,237.45,2,OL,240,5,,,,,,,,,,,,,,,,,,,,,,,,,,,,,,,,,,,,,,,,,,,,,,,,,,,,,,,,,,,,,,,,,,,,,,,,,,,,,,,,,,,,,,,,,,,,,,,,,,,,,,,,,,,,,,,,,,,,,,,,,,,,,,,,,,,,,,,,,,,,,,,,,,,,,,,,,,,,,,,,,,,,,,,,,,,,,,,,,,,,,,,,,,,,,,,,,,,,,,,,,,,,,,,,,,,,,,,,,,,,,,,,,,,,,,,,,,,,,,,,,,,
E01_RD14-0003-44_45-1;1-M4a-0.031IP-Q0.5_001.20sec.fsa,D7S820,B,OL,249.17,3,5,250.16,3,OL,259.92,3,8,262.06,35,9,266.12,284,10,270.18,182,OL,276.16,2,OL,280.08,6,14,285.77,3,14,286.43,2,OL,288.17,2,15,290.31,3,OL,291.39,3,,,,,,,,,,,,,,,,,,,,,,,,,,,,,,,,,,,,,,,,,,,,,,,,,,,,,,,,,,,,,,,,,,,,,,,,,,,,,,,,,,,,,,,,,,,,,,,,,,,,,,,,,,,,,,,,,,,,,,,,,,,,,,,,,,,,,,,,,,,,,,,,,,,,,,,,,,,,,,,,,,,,,,,,,,,,,,,,,,,,,,,,,,,,,,,,,,,,,,,,,,,,,,,,,,,,,,,,,,,,,,,,,,,,,,,,,,,,,,,,,,,,,,,,,,,,,,,,,,,,,
E01_RD14-0003-44_45-1;1-M4a-0.031IP-Q0.5_001.20sec.fsa,CSF1PO,B,5,298.34,3,5,299.09,3,OL,300,6,OL,314,4,10,318.29,3,OL,320.26,3,11,322.79,83,12,326.86,218,OL,329.11,2,OL,335.56,4,OL,338.38,2,OL,339.91,5,OL,344.8,2,,,,,,,,,,,,,,,,,,,,,,,,,,,,,,,,,,,,,,,,,,,,,,,,,,,,,,,,,,,,,,,,,,,,,,,,,,,,,,,,,,,,,,,,,,,,,,,,,,,,,,,,,,,,,,,,,,,,,,,,,,,,,,,,,,,,,,,,,,,,,,,,,,,,,,,,,,,,,,,,,,,,,,,,,,,,,,,,,,,,,,,,,,,,,,,,,,,,,,,,,,,,,,,,,,,,,,,,,,,,,,,,,,,,,,,,,,,,,,,,,,,,,,,,,,,,,,,,,,,,,
E01_RD14-0003-44_45-1;1-M4a-0.031IP-Q0.5_001.20sec.fsa,D3S1358,G,OL,94.77,5,OL,101.98,6,OL,105.32,8,12,110.09,8,OL,117.15,12,14,118.32,10,15,122.36,204,16,126.44,79,19,138.69,6,OL,139.92,6,20,142.9,4,,,,,,,,,,,,,,,,,,,,,,,,,,,,,,,,,,,,,,,,,,,,,,,,,,,,,,,,,,,,,,,,,,,,,,,,,,,,,,,,,,,,,,,,,,,,,,,,,,,,,,,,,,,,,,,,,,,,,,,,,,,,,,,,,,,,,,,,,,,,,,,,,,,,,,,,,,,,,,,,,,,,,,,,,,,,,,,,,,,,,,,,,,,,,,,,,,,,,,,,,,,,,,,,,,,,,,,,,,,,,,,,,,,,,,,,,,,,,,,,,,,,,,,,,,,,,,,,,,,,,,,,,,,
E01_RD14-0003-44_45-1;1-M4a-0.031IP-Q0.5_001.20sec.fsa,TH01,G,OL,157.52,3,6,168.48,92,7,172.57,27,OL,173.6,4,9,180.72,175,9.3,183.87,340,OL,199.11,2,,,,,,,,,,,,,,,,,,,,,,,,,,,,,,,,,,,,,,,,,,,,,,,,,,,,,,,,,,,,,,,,,,,,,,,,,,,,,,,,,,,,,,,,,,,,,,,,,,,,,,,,,,,,,,,,,,,,,,,,,,,,,,,,,,,,,,,,,,,,,,,,,,,,,,,,,,,,,,,,,,,,,,,,,,,,,,,,,,,,,,,,,,,,,,,,,,,,,,,,,,,,,,,,,,,,,,,,,,,,,,,,,,,,,,,,,,,,,,,,,,,,,,,,,,,,,,,,,,,,,,,,,,,,,,,,,,,,,,,
E01_RD14-0003-44_45-1;1-M4a-0.031IP-Q0.5_001.20sec.fsa,D13S317,G,OL,206.51,2,7,211.13,7,8,215.13,401,11,227.14,4,OL,228.69,2,12,231.22,112,13,235.39,345,,,,,,,,,,,,,,,,,,,,,,,,,,,,,,,,,,,,,,,,,,,,,,,,,,,,,,,,,,,,,,,,,,,,,,,,,,,,,,,,,,,,,,,,,,,,,,,,,,,,,,,,,,,,,,,,,,,,,,,,,,,,,,,,,,,,,,,,,,,,,,,,,,,,,,,,,,,,,,,,,,,,,,,,,,,,,,,,,,,,,,,,,,,,,,,,,,,,,,,,,,,,,,,,,,,,,,,,,,,,,,,,,,,,,,,,,,,,,,,,,,,,,,,,,,,,,,,,,,,,,,,,,,,,,,,,,,,,,,,
E01_RD14-0003-44_45-1;1-M4a-0.031IP-Q0.5_001.20sec.fsa,D16S539,G,9,267.11,9,10,271.26,252,11,275.25,373,OL,284.2,2,OL,289.41,4,,,,,,,,,,,,,,,,,,,,,,,,,,,,,,,,,,,,,,,,,,,,,,,,,,,,,,,,,,,,,,,,,,,,,,,,,,,,,,,,,,,,,,,,,,,,,,,,,,,,,,,,,,,,,,,,,,,,,,,,,,,,,,,,,,,,,,,,,,,,,,,,,,,,,,,,,,,,,,,,,,,,,,,,,,,,,,,,,,,,,,,,,,,,,,,,,,,,,,,,,,,,,,,,,,,,,,,,,,,,,,,,,,,,,,,,,,,,,,,,,,,,,,,,,,,,,,,,,,,,,,,,,,,,,,,,,,,,,,,,,,,,,
E01_RD14-0003-44_45-1;1-M4a-0.031IP-Q0.5_001.20sec.fsa,D2S1338,G,15,304.7,16,16,308.72,337,18,316.86,21,OL,318.47,2,19,321.05,247,24,341.13,12,25,345.14,120,OL,347.5,2,OL,350.56,3,28,357.55,3,,,,,,,,,,,,,,,,,,,,,,,,,,,,,,,,,,,,,,,,,,,,,,,,,,,,,,,,,,,,,,,,,,,,,,,,,,,,,,,,,,,,,,,,,,,,,,,,,,,,,,,,,,,,,,,,,,,,,,,,,,,,,,,,,,,,,,,,,,,,,,,,,,,,,,,,,,,,,,,,,,,,,,,,,,,,,,,,,,,,,,,,,,,,,,,,,,,,,,,,,,,,,,,,,,,,,,,,,,,,,,,,,,,,,,,,,,,,,,,,,,,,,,,,,,,,,,,,,,,,,,,,,,,,,,
E01_RD14-0003-44_45-1;1-M4a-0.031IP-Q0.5_001.20sec.fsa,D19S433,Y,9,100,11,11,108.12,137,OL,111.14,6,12.2,114.29,11,13,116.2,172,14,120.15,105,15,124.06,229,OL,127.11,5,,,,,,,,,,,,,,,,,,,,,,,,,,,,,,,,,,,,,,,,,,,,,,,,,,,,,,,,,,,,,,,,,,,,,,,,,,,,,,,,,,,,,,,,,,,,,,,,,,,,,,,,,,,,,,,,,,,,,,,,,,,,,,,,,,,,,,,,,,,,,,,,,,,,,,,,,,,,,,,,,,,,,,,,,,,,,,,,,,,,,,,,,,,,,,,,,,,,,,,,,,,,,,,,,,,,,,,,,,,,,,,,,,,,,,,,,,,,,,,,,,,,,,,,,,,,,,,,,,,,,,,,,,,,,,,,,,,,
E01_RD14-0003-44_45-1;1-M4a-0.031IP-Q0.5_001.20sec.fsa,vWA,Y,OL,158.8,8,13,160,298,15,168.24,14,16,172.18,216,17,176.28,6,18,180.32,10,19,184.43,53,20,188.46,348,21,192.65,14,,,,,,,,,,,,,,,,,,,,,,,,,,,,,,,,,,,,,,,,,,,,,,,,,,,,,,,,,,,,,,,,,,,,,,,,,,,,,,,,,,,,,,,,,,,,,,,,,,,,,,,,,,,,,,,,,,,,,,,,,,,,,,,,,,,,,,,,,,,,,,,,,,,,,,,,,,,,,,,,,,,,,,,,,,,,,,,,,,,,,,,,,,,,,,,,,,,,,,,,,,,,,,,,,,,,,,,,,,,,,,,,,,,,,,,,,,,,,,,,,,,,,,,,,,,,,,,,,,,,,,,,,,,,,,,,,
E01_RD14-0003-44_45-1;1-M4a-0.031IP-Q0.5_001.20sec.fsa,TPOX,Y,8,228.61,64,10,236.54,27,11,240.67,683,13,248.75,5,,,,,,,,,,,,,,,,,,,,,,,,,,,,,,,,,,,,,,,,,,,,,,,,,,,,,,,,,,,,,,,,,,,,,,,,,,,,,,,,,,,,,,,,,,,,,,,,,,,,,,,,,,,,,,,,,,,,,,,,,,,,,,,,,,,,,,,,,,,,,,,,,,,,,,,,,,,,,,,,,,,,,,,,,,,,,,,,,,,,,,,,,,,,,,,,,,,,,,,,,,,,,,,,,,,,,,,,,,,,,,,,,,,,,,,,,,,,,,,,,,,,,,,,,,,,,,,,,,,,,,,,,,,,,,,,,,,,,,,,,,,,,,,,
E01_RD14-0003-44_45-1;1-M4a-0.031IP-Q0.5_001.20sec.fsa,D18S51,Y,8,265.12,7,OL,267.52,6,OL,270.18,6,12,281.07,124,14,289.08,110,15,293.04,14,16,297.1,181,17,301.06,225,OL,336.58,7,,,,,,,,,,,,,,,,,,,,,,,,,,,,,,,,,,,,,,,,,,,,,,,,,,,,,,,,,,,,,,,,,,,,,,,,,,,,,,,,,,,,,,,,,,,,,,,,,,,,,,,,,,,,,,,,,,,,,,,,,,,,,,,,,,,,,,,,,,,,,,,,,,,,,,,,,,,,,,,,,,,,,,,,,,,,,,,,,,,,,,,,,,,,,,,,,,,,,,,,,,,,,,,,,,,,,,,,,,,,,,,,,,,,,,,,,,,,,,,,,,,,,,,,,,,,,,,,,,,,,,,,,,,,,,,,,
E01_RD14-0003-44_45-1;1-M4a-0.031IP-Q0.5_001.20sec.fsa,AMEL,R,X,104.94,335,Y,110.84,218,,,,,,,,,,,,,,,,,,,,,,,,,,,,,,,,,,,,,,,,,,,,,,,,,,,,,,,,,,,,,,,,,,,,,,,,,,,,,,,,,,,,,,,,,,,,,,,,,,,,,,,,,,,,,,,,,,,,,,,,,,,,,,,,,,,,,,,,,,,,,,,,,,,,,,,,,,,,,,,,,,,,,,,,,,,,,,,,,,,,,,,,,,,,,,,,,,,,,,,,,,,,,,,,,,,,,,,,,,,,,,,,,,,,,,,,,,,,,,,,,,,,,,,,,,,,,,,,,,,,,,,,,,,,,,,,,,,,,,,,,,,,,,,,,,,,,,
E01_RD14-0003-44_45-1;1-M4a-0.031IP-Q0.5_001.20sec.fsa,D5S818,R,OL,130.11,5,10,144.78,22,11,148.88,410,OL,156.57,5,13,157.44,4,15,165.33,7,16,169.58,9,OL,175.89,5,,,,,,,,,,,,,,,,,,,,,,,,,,,,,,,,,,,,,,,,,,,,,,,,,,,,,,,,,,,,,,,,,,,,,,,,,,,,,,,,,,,,,,,,,,,,,,,,,,,,,,,,,,,,,,,,,,,,,,,,,,,,,,,,,,,,,,,,,,,,,,,,,,,,,,,,,,,,,,,,,,,,,,,,,,,,,,,,,,,,,,,,,,,,,,,,,,,,,,,,,,,,,,,,,,,,,,,,,,,,,,,,,,,,,,,,,,,,,,,,,,,,,,,,,,,,,,,,,,,,,,,,,,,,,,,,,,,,
E01_RD14-0003-44_45-1;1-M4a-0.031IP-Q0.5_001.20sec.fsa,FGA,R,19,221.13,4,OL,223.73,7,21,229.1,32,OL,232.45,6,OL,234.25,5,23,237.28,69,23.2,239.18,7,24,241.42,127,25,245.51,141,OL,250.33,3,29.2,263.39,7,30,266.12,8,OL,288.25,6,OL,291.64,6,OL,295.36,5,OL,302.54,7,OL,334.1,6,OL,337.87,7,OL,342.62,7,49.2,344.62,7,OL,357.11,6,,,,,,,,,,,,,,,,,,,,,,,,,,,,,,,,,,,,,,,,,,,,,,,,,,,,,,,,,,,,,,,,,,,,,,,,,,,,,,,,,,,,,,,,,,,,,,,,,,,,,,,,,,,,,,,,,,,,,,,,,,,,,,,,,,,,,,,,,,,,,,,,,,,,,,,,,,,,,,,,,,,,,,,,,,,,,,,,,,,,,,,,,,,,,,,,,,,,,,,,,,,,,,,,,,,,,,,,,,,,,,,,,,,,,,,,,,,,,
E02_RD14-0003-44_45-1;1-M4e-0.031IP-Q1.3_001.20sec.fsa,D8S1179,B,OL,123.01,7,12,137.84,4,OL,139.93,6,13,142.03,9,14,146.18,157,15,150.35,80,OL,156.42,2,OL,165.46,2,OL,173.32,2,,,,,,,,,,,,,,,,,,,,,,,,,,,,,,,,,,,,,,,,,,,,,,,,,,,,,,,,,,,,,,,,,,,,,,,,,,,,,,,,,,,,,,,,,,,,,,,,,,,,,,,,,,,,,,,,,,,,,,,,,,,,,,,,,,,,,,,,,,,,,,,,,,,,,,,,,,,,,,,,,,,,,,,,,,,,,,,,,,,,,,,,,,,,,,,,,,,,,,,,,,,,,,,,,,,,,,,,,,,,,,,,,,,,,,,,,,,,,,,,,,,,,,,,,,,,,,,,,,,,,,,,,,,,,,,,,
E02_RD14-0003-44_45-1;1-M4e-0.031IP-Q1.3_001.20sec.fsa,D21S11,B,23.2,179.92,6,24,182.52,2,25,186.5,3,26,190.39,1,27,194.44,3,28,198.71,27,28.2,200.22,3,OL,203.56,4,30,206.61,8,31,210.63,67,32,214.77,17,OL,216.15,3,OL,217.76,2,33,218.54,4,OL,223.48,2,OL,227.87,3,OL,238.1,3,38,238.71,3,,,,,,,,,,,,,,,,,,,,,,,,,,,,,,,,,,,,,,,,,,,,,,,,,,,,,,,,,,,,,,,,,,,,,,,,,,,,,,,,,,,,,,,,,,,,,,,,,,,,,,,,,,,,,,,,,,,,,,,,,,,,,,,,,,,,,,,,,,,,,,,,,,,,,,,,,,,,,,,,,,,,,,,,,,,,,,,,,,,,,,,,,,,,,,,,,,,,,,,,,,,,,,,,,,,,,,,,,,,,,,,,,,,,,,,,,,,,,,,,,,,,,,
E02_RD14-0003-44_45-1;1-M4e-0.031IP-Q1.3_001.20sec.fsa,D7S820,B,OL,251.13,3,OL,265.3,3,10,270.08,31,11,274.65,2,OL,275.57,4,OL,280,5,,,,,,,,,,,,,,,,,,,,,,,,,,,,,,,,,,,,,,,,,,,,,,,,,,,,,,,,,,,,,,,,,,,,,,,,,,,,,,,,,,,,,,,,,,,,,,,,,,,,,,,,,,,,,,,,,,,,,,,,,,,,,,,,,,,,,,,,,,,,,,,,,,,,,,,,,,,,,,,,,,,,,,,,,,,,,,,,,,,,,,,,,,,,,,,,,,,,,,,,,,,,,,,,,,,,,,,,,,,,,,,,,,,,,,,,,,,,,,,,,,,,,,,,,,,,,,,,,,,,,,,,,,,,,,,,,,,,,,,,,,
E02_RD14-0003-44_45-1;1-M4e-0.031IP-Q1.3_001.20sec.fsa,CSF1PO,B,5,298.4,4,OL,299.92,5,OL,307.91,2,8,310.9,2,OL,312.45,4,OL,314,4,10,318.45,6,OL,319.92,6,11,322.7,114,12,326.73,37,OL,328.94,6,13,330.6,3,OL,340.16,6,,,,,,,,,,,,,,,,,,,,,,,,,,,,,,,,,,,,,,,,,,,,,,,,,,,,,,,,,,,,,,,,,,,,,,,,,,,,,,,,,,,,,,,,,,,,,,,,,,,,,,,,,,,,,,,,,,,,,,,,,,,,,,,,,,,,,,,,,,,,,,,,,,,,,,,,,,,,,,,,,,,,,,,,,,,,,,,,,,,,,,,,,,,,,,,,,,,,,,,,,,,,,,,,,,,,,,,,,,,,,,,,,,,,,,,,,,,,,,,,,,,,,,,,,,,,,,,,,,,,,
E02_RD14-0003-44_45-1;1-M4e-0.031IP-Q1.3_001.20sec.fsa,D3S1358,G,OL,99.27,3,OL,100.3,8,OL,102.17,3,OL,116.69,15,16,126.47,96,17,130.91,6,,,,,,,,,,,,,,,,,,,,,,,,,,,,,,,,,,,,,,,,,,,,,,,,,,,,,,,,,,,,,,,,,,,,,,,,,,,,,,,,,,,,,,,,,,,,,,,,,,,,,,,,,,,,,,,,,,,,,,,,,,,,,,,,,,,,,,,,,,,,,,,,,,,,,,,,,,,,,,,,,,,,,,,,,,,,,,,,,,,,,,,,,,,,,,,,,,,,,,,,,,,,,,,,,,,,,,,,,,,,,,,,,,,,,,,,,,,,,,,,,,,,,,,,,,,,,,,,,,,,,,,,,,,,,,,,,,,,,,,,,,
E02_RD14-0003-44_45-1;1-M4e-0.031IP-Q1.3_001.20sec.fsa,TH01,G,OL,161.57,4,OL,165.16,3,7,172.5,103,OL,174.37,3,9,180.69,186,9.3,183.82,223,OL,201.04,3,,,,,,,,,,,,,,,,,,,,,,,,,,,,,,,,,,,,,,,,,,,,,,,,,,,,,,,,,,,,,,,,,,,,,,,,,,,,,,,,,,,,,,,,,,,,,,,,,,,,,,,,,,,,,,,,,,,,,,,,,,,,,,,,,,,,,,,,,,,,,,,,,,,,,,,,,,,,,,,,,,,,,,,,,,,,,,,,,,,,,,,,,,,,,,,,,,,,,,,,,,,,,,,,,,,,,,,,,,,,,,,,,,,,,,,,,,,,,,,,,,,,,,,,,,,,,,,,,,,,,,,,,,,,,,,,,,,,,,,
E02_RD14-0003-44_45-1;1-M4e-0.031IP-Q1.3_001.20sec.fsa,D13S317,G,OL,204.75,4,7,210.86,7,8,215.07,185,OL,226.51,5,11,227.19,6,OL,233.86,4,OL,246.37,4,,,,,,,,,,,,,,,,,,,,,,,,,,,,,,,,,,,,,,,,,,,,,,,,,,,,,,,,,,,,,,,,,,,,,,,,,,,,,,,,,,,,,,,,,,,,,,,,,,,,,,,,,,,,,,,,,,,,,,,,,,,,,,,,,,,,,,,,,,,,,,,,,,,,,,,,,,,,,,,,,,,,,,,,,,,,,,,,,,,,,,,,,,,,,,,,,,,,,,,,,,,,,,,,,,,,,,,,,,,,,,,,,,,,,,,,,,,,,,,,,,,,,,,,,,,,,,,,,,,,,,,,,,,,,,,,,,,,,,,
E02_RD14-0003-44_45-1;1-M4e-0.031IP-Q1.3_001.20sec.fsa,D16S539,G,OL,250.08,5,9,266.89,7,10,271.22,98,11,275.19,81,,,,,,,,,,,,,,,,,,,,,,,,,,,,,,,,,,,,,,,,,,,,,,,,,,,,,,,,,,,,,,,,,,,,,,,,,,,,,,,,,,,,,,,,,,,,,,,,,,,,,,,,,,,,,,,,,,,,,,,,,,,,,,,,,,,,,,,,,,,,,,,,,,,,,,,,,,,,,,,,,,,,,,,,,,,,,,,,,,,,,,,,,,,,,,,,,,,,,,,,,,,,,,,,,,,,,,,,,,,,,,,,,,,,,,,,,,,,,,,,,,,,,,,,,,,,,,,,,,,,,,,,,,,,,,,,,,,,,,,,,,,,,,,,
E02_RD14-0003-44_45-1;1-M4e-0.031IP-Q1.3_001.20sec.fsa,D2S1338,G,OL,301.49,5,OL,302.09,5,OL,307.84,5,17,312.52,3,17,313.07,3,OL,322.14,4,21,329.34,4,OL,331.23,5,OL,334.68,5,23,337.11,6,OL,340.32,4,OL,342.06,2,OL,343.49,3,OL,346.18,5,OL,348.24,5,OL,365.53,3,OL,366.32,2,,,,,,,,,,,,,,,,,,,,,,,,,,,,,,,,,,,,,,,,,,,,,,,,,,,,,,,,,,,,,,,,,,,,,,,,,,,,,,,,,,,,,,,,,,,,,,,,,,,,,,,,,,,,,,,,,,,,,,,,,,,,,,,,,,,,,,,,,,,,,,,,,,,,,,,,,,,,,,,,,,,,,,,,,,,,,,,,,,,,,,,,,,,,,,,,,,,,,,,,,,,,,,,,,,,,,,,,,,,,,,,,,,,,,,,,,,,,,,,,,,,,,,,,,
E02_RD14-0003-44_45-1;1-M4e-0.031IP-Q1.3_001.20sec.fsa,D19S433,Y,11,108.12,38,OL,109.44,5,OL,110.92,7,13,116.19,42,OL,117.6,7,14,120.07,58,15,124.02,214,17.2,134.44,7,18.2,137.99,7,,,,,,,,,,,,,,,,,,,,,,,,,,,,,,,,,,,,,,,,,,,,,,,,,,,,,,,,,,,,,,,,,,,,,,,,,,,,,,,,,,,,,,,,,,,,,,,,,,,,,,,,,,,,,,,,,,,,,,,,,,,,,,,,,,,,,,,,,,,,,,,,,,,,,,,,,,,,,,,,,,,,,,,,,,,,,,,,,,,,,,,,,,,,,,,,,,,,,,,,,,,,,,,,,,,,,,,,,,,,,,,,,,,,,,,,,,,,,,,,,,,,,,,,,,,,,,,,,,,,,,,,,,,,,,,,,
E02_RD14-0003-44_45-1;1-M4e-0.031IP-Q1.3_001.20sec.fsa,vWA,Y,OL,145.96,4,11,152.09,7,OL,154.75,6,13,160,74,OL,162.62,7,14,164.41,8,15,168.16,10,16,172.13,106,18,180.08,12,19,184.28,14,20,188.49,106,OL,195.58,6,22,196.5,5,OL,199.92,12,24,205.04,6,,,,,,,,,,,,,,,,,,,,,,,,,,,,,,,,,,,,,,,,,,,,,,,,,,,,,,,,,,,,,,,,,,,,,,,,,,,,,,,,,,,,,,,,,,,,,,,,,,,,,,,,,,,,,,,,,,,,,,,,,,,,,,,,,,,,,,,,,,,,,,,,,,,,,,,,,,,,,,,,,,,,,,,,,,,,,,,,,,,,,,,,,,,,,,,,,,,,,,,,,,,,,,,,,,,,,,,,,,,,,,,,,,,,,,,,,,,,,,,,,,,,,,,,,,,,,,,
E02_RD14-0003-44_45-1;1-M4e-0.031IP-Q1.3_001.20sec.fsa,TPOX,Y,OL,214.23,10,OL,215,8,OL,220.15,10,6,221.29,5,8,228.63,67,11,240.7,257,OL,252.03,5,,,,,,,,,,,,,,,,,,,,,,,,,,,,,,,,,,,,,,,,,,,,,,,,,,,,,,,,,,,,,,,,,,,,,,,,,,,,,,,,,,,,,,,,,,,,,,,,,,,,,,,,,,,,,,,,,,,,,,,,,,,,,,,,,,,,,,,,,,,,,,,,,,,,,,,,,,,,,,,,,,,,,,,,,,,,,,,,,,,,,,,,,,,,,,,,,,,,,,,,,,,,,,,,,,,,,,,,,,,,,,,,,,,,,,,,,,,,,,,,,,,,,,,,,,,,,,,,,,,,,,,,,,,,,,,,,,,,,,,
E02_RD14-0003-44_45-1;1-M4e-0.031IP-Q1.3_001.20sec.fsa,D18S51,Y,9.2,271.22,5,OL,279.77,10,12,280.68,7,14,289.12,65,17,301.04,55,19,308.75,5,OL,316.1,7,21,316.91,4,OL,318.78,4,OL,325.07,6,OL,336.87,6,,,,,,,,,,,,,,,,,,,,,,,,,,,,,,,,,,,,,,,,,,,,,,,,,,,,,,,,,,,,,,,,,,,,,,,,,,,,,,,,,,,,,,,,,,,,,,,,,,,,,,,,,,,,,,,,,,,,,,,,,,,,,,,,,,,,,,,,,,,,,,,,,,,,,,,,,,,,,,,,,,,,,,,,,,,,,,,,,,,,,,,,,,,,,,,,,,,,,,,,,,,,,,,,,,,,,,,,,,,,,,,,,,,,,,,,,,,,,,,,,,,,,,,,,,,,,,,,,,,,,,,,,,,
E02_RD14-0003-44_45-1;1-M4e-0.031IP-Q1.3_001.20sec.fsa,AMEL,R,X,104.93,263,Y,110.92,330,,,,,,,,,,,,,,,,,,,,,,,,,,,,,,,,,,,,,,,,,,,,,,,,,,,,,,,,,,,,,,,,,,,,,,,,,,,,,,,,,,,,,,,,,,,,,,,,,,,,,,,,,,,,,,,,,,,,,,,,,,,,,,,,,,,,,,,,,,,,,,,,,,,,,,,,,,,,,,,,,,,,,,,,,,,,,,,,,,,,,,,,,,,,,,,,,,,,,,,,,,,,,,,,,,,,,,,,,,,,,,,,,,,,,,,,,,,,,,,,,,,,,,,,,,,,,,,,,,,,,,,,,,,,,,,,,,,,,,,,,,,,,,,,,,,,,,
E02_RD14-0003-44_45-1;1-M4e-0.031IP-Q1.3_001.20sec.fsa,D5S818,R,OL,133.99,8,OL,134.95,9,OL,138.96,8,OL,141.88,9,11,148.91,138,OL,150.65,4,14,161.27,12,OL,174.3,4,,,,,,,,,,,,,,,,,,,,,,,,,,,,,,,,,,,,,,,,,,,,,,,,,,,,,,,,,,,,,,,,,,,,,,,,,,,,,,,,,,,,,,,,,,,,,,,,,,,,,,,,,,,,,,,,,,,,,,,,,,,,,,,,,,,,,,,,,,,,,,,,,,,,,,,,,,,,,,,,,,,,,,,,,,,,,,,,,,,,,,,,,,,,,,,,,,,,,,,,,,,,,,,,,,,,,,,,,,,,,,,,,,,,,,,,,,,,,,,,,,,,,,,,,,,,,,,,,,,,,,,,,,,,,,,,,,,,
E02_RD14-0003-44_45-1;1-M4e-0.031IP-Q1.3_001.20sec.fsa,FGA,R,18.2,218.38,7,18.2,219.07,8,21,229.16,59,22,232.79,6,OL,234.39,8,23,237.27,19,24.2,243.19,7,OL,255.02,7,OL,260.91,4,OL,262.19,8,30.2,267.5,9,OL,270.92,9,32,273.89,7,OL,276.56,5,OL,281.6,6,34.2,283.42,8,OL,293.99,8,OL,305.18,6,OL,307.76,7,OL,308.29,7,OL,312.52,13,OL,319.1,5,OL,322.94,7,OL,329.97,8,46.2,332.72,7,OL,335.62,5,OL,337.81,10,OL,345.39,9,OL,349.28,5,OL,357.61,5,,,,,,,,,,,,,,,,,,,,,,,,,,,,,,,,,,,,,,,,,,,,,,,,,,,,,,,,,,,,,,,,,,,,,,,,,,,,,,,,,,,,,,,,,,,,,,,,,,,,,,,,,,,,,,,,,,,,,,,,,,,,,,,,,,,,,,,,,,,,,,,,,,,,,,,,,,,,,,,,,,,,,,,,,,,,,,,,,,,,,,,,,,,,,,,,,,,,,,,,,,,,,,,,,,
E03_RD14-0003-40_41-1;4-M3d-0.155IP-Q0.6_001.20sec.fsa,D8S1179,B,OL,116.78,4,OL,118.2,6,OL,127.62,3,12,137.83,78,13,141.91,1195,14,146.2,1450,15,150.36,364,OL,161.26,3,OL,168.92,3,OL,169.63,2,OL,172.48,6,,,,,,,,,,,,,,,,,,,,,,,,,,,,,,,,,,,,,,,,,,,,,,,,,,,,,,,,,,,,,,,,,,,,,,,,,,,,,,,,,,,,,,,,,,,,,,,,,,,,,,,,,,,,,,,,,,,,,,,,,,,,,,,,,,,,,,,,,,,,,,,,,,,,,,,,,,,,,,,,,,,,,,,,,,,,,,,,,,,,,,,,,,,,,,,,,,,,,,,,,,,,,,,,,,,,,,,,,,,,,,,,,,,,,,,,,,,,,,,,,,,,,,,,,,,,,,,,,,,,,,,,,,,
E03_RD14-0003-40_41-1;4-M3d-0.155IP-Q0.6_001.20sec.fsa,D21S11,B,25,186.87,2,27,194.44,2,28,198.71,10,29,202.73,194,30,206.65,86,31,210.67,1266,32,214.57,10,33,218.76,4,34,222.98,44,34.2,224.83,3,35,227,268,36,231.26,10,OL,238,2,,,,,,,,,,,,,,,,,,,,,,,,,,,,,,,,,,,,,,,,,,,,,,,,,,,,,,,,,,,,,,,,,,,,,,,,,,,,,,,,,,,,,,,,,,,,,,,,,,,,,,,,,,,,,,,,,,,,,,,,,,,,,,,,,,,,,,,,,,,,,,,,,,,,,,,,,,,,,,,,,,,,,,,,,,,,,,,,,,,,,,,,,,,,,,,,,,,,,,,,,,,,,,,,,,,,,,,,,,,,,,,,,,,,,,,,,,,,,,,,,,,,,,,,,,,,,,,,,,,,,
E03_RD14-0003-40_41-1;4-M3d-0.155IP-Q0.6_001.20sec.fsa,D7S820,B,OL,248.94,4,5.2,252.14,2,OL,253.56,5,OL,260.08,6,OL,261.04,3,9,266.1,69,10,270.13,90,11,274.17,1719,12,278.22,7,OL,280.16,5,OL,286.97,4,,,,,,,,,,,,,,,,,,,,,,,,,,,,,,,,,,,,,,,,,,,,,,,,,,,,,,,,,,,,,,,,,,,,,,,,,,,,,,,,,,,,,,,,,,,,,,,,,,,,,,,,,,,,,,,,,,,,,,,,,,,,,,,,,,,,,,,,,,,,,,,,,,,,,,,,,,,,,,,,,,,,,,,,,,,,,,,,,,,,,,,,,,,,,,,,,,,,,,,,,,,,,,,,,,,,,,,,,,,,,,,,,,,,,,,,,,,,,,,,,,,,,,,,,,,,,,,,,,,,,,,,,,,
E03_RD14-0003-40_41-1;4-M3d-0.155IP-Q0.6_001.20sec.fsa,CSF1PO,B,OL,299.92,7,OL,304.25,3,OL,307.92,3,8,310.5,155,10,319.05,8,OL,320.17,11,11,322.91,85,12,326.96,1491,13,330.9,48,OL,340.16,8,,,,,,,,,,,,,,,,,,,,,,,,,,,,,,,,,,,,,,,,,,,,,,,,,,,,,,,,,,,,,,,,,,,,,,,,,,,,,,,,,,,,,,,,,,,,,,,,,,,,,,,,,,,,,,,,,,,,,,,,,,,,,,,,,,,,,,,,,,,,,,,,,,,,,,,,,,,,,,,,,,,,,,,,,,,,,,,,,,,,,,,,,,,,,,,,,,,,,,,,,,,,,,,,,,,,,,,,,,,,,,,,,,,,,,,,,,,,,,,,,,,,,,,,,,,,,,,,,,,,,,,,,,,,,,
E03_RD14-0003-40_41-1;4-M3d-0.155IP-Q0.6_001.20sec.fsa,D3S1358,G,OL,100.31,5,OL,116.25,17,OL,117,8,14,118.28,16,15,122.25,342,16,126.41,1673,17,130.52,1493,18,134.58,14,,,,,,,,,,,,,,,,,,,,,,,,,,,,,,,,,,,,,,,,,,,,,,,,,,,,,,,,,,,,,,,,,,,,,,,,,,,,,,,,,,,,,,,,,,,,,,,,,,,,,,,,,,,,,,,,,,,,,,,,,,,,,,,,,,,,,,,,,,,,,,,,,,,,,,,,,,,,,,,,,,,,,,,,,,,,,,,,,,,,,,,,,,,,,,,,,,,,,,,,,,,,,,,,,,,,,,,,,,,,,,,,,,,,,,,,,,,,,,,,,,,,,,,,,,,,,,,,,,,,,,,,,,,,,,,,,,,,
E03_RD14-0003-40_41-1;4-M3d-0.155IP-Q0.6_001.20sec.fsa,TH01,G,OL,154.69,8,3,156.21,5,5,164.66,9,6,168.61,56,6.3,171.53,15,7,172.72,2812,8,176.75,423,10,185.33,5,OL,193.88,4,OL,198.63,9,,,,,,,,,,,,,,,,,,,,,,,,,,,,,,,,,,,,,,,,,,,,,,,,,,,,,,,,,,,,,,,,,,,,,,,,,,,,,,,,,,,,,,,,,,,,,,,,,,,,,,,,,,,,,,,,,,,,,,,,,,,,,,,,,,,,,,,,,,,,,,,,,,,,,,,,,,,,,,,,,,,,,,,,,,,,,,,,,,,,,,,,,,,,,,,,,,,,,,,,,,,,,,,,,,,,,,,,,,,,,,,,,,,,,,,,,,,,,,,,,,,,,,,,,,,,,,,,,,,,,,,,,,,,,,
E03_RD14-0003-40_41-1;4-M3d-0.155IP-Q0.6_001.20sec.fsa,D13S317,G,OL,204.06,4,OL,208.38,4,7,211.3,10,OL,212.49,6,11,227.4,67,12,231.34,1502,13,235.35,1137,14,239.2,7,,,,,,,,,,,,,,,,,,,,,,,,,,,,,,,,,,,,,,,,,,,,,,,,,,,,,,,,,,,,,,,,,,,,,,,,,,,,,,,,,,,,,,,,,,,,,,,,,,,,,,,,,,,,,,,,,,,,,,,,,,,,,,,,,,,,,,,,,,,,,,,,,,,,,,,,,,,,,,,,,,,,,,,,,,,,,,,,,,,,,,,,,,,,,,,,,,,,,,,,,,,,,,,,,,,,,,,,,,,,,,,,,,,,,,,,,,,,,,,,,,,,,,,,,,,,,,,,,,,,,,,,,,,,,,,,,,,,
E03_RD14-0003-40_41-1;4-M3d-0.155IP-Q0.6_001.20sec.fsa,D16S539,G,OL,249.84,2,OL,257.02,6,8,263.29,56,9,267.31,1523,10,271.26,39,11,275.3,693,12,279.27,32,13,283.21,530,16,295.29,6,,,,,,,,,,,,,,,,,,,,,,,,,,,,,,,,,,,,,,,,,,,,,,,,,,,,,,,,,,,,,,,,,,,,,,,,,,,,,,,,,,,,,,,,,,,,,,,,,,,,,,,,,,,,,,,,,,,,,,,,,,,,,,,,,,,,,,,,,,,,,,,,,,,,,,,,,,,,,,,,,,,,,,,,,,,,,,,,,,,,,,,,,,,,,,,,,,,,,,,,,,,,,,,,,,,,,,,,,,,,,,,,,,,,,,,,,,,,,,,,,,,,,,,,,,,,,,,,,,,,,,,,,,,,,,,,,
E03_RD14-0003-40_41-1;4-M3d-0.155IP-Q0.6_001.20sec.fsa,D2S1338,G,OL,303.3,4,15,304.64,7,OL,305.76,11,OL,310.09,5,17,312.45,5,19,321.08,44,20,325.14,567,OL,327.62,8,21,329.1,24,OL,330.57,5,22,333.27,396,OL,343.54,6,25,345.27,90,OL,346.84,2,26,349.47,7,27,353.42,5,28,357.45,10,OL,360.49,10,,,,,,,,,,,,,,,,,,,,,,,,,,,,,,,,,,,,,,,,,,,,,,,,,,,,,,,,,,,,,,,,,,,,,,,,,,,,,,,,,,,,,,,,,,,,,,,,,,,,,,,,,,,,,,,,,,,,,,,,,,,,,,,,,,,,,,,,,,,,,,,,,,,,,,,,,,,,,,,,,,,,,,,,,,,,,,,,,,,,,,,,,,,,,,,,,,,,,,,,,,,,,,,,,,,,,,,,,,,,,,,,,,,,,,,,,,,,,,,,,,,,,,
E03_RD14-0003-40_41-1;4-M3d-0.155IP-Q0.6_001.20sec.fsa,D19S433,Y,9,100.08,10,OL,103.32,5,OL,104.56,13,11,108.18,192,12,112.32,79,13,116.25,1363,OL,117.38,21,14,120.15,8,14.2,122.48,12,15.2,126.26,93,16.2,130.14,840,OL,131.28,17,OL,139.84,9,,,,,,,,,,,,,,,,,,,,,,,,,,,,,,,,,,,,,,,,,,,,,,,,,,,,,,,,,,,,,,,,,,,,,,,,,,,,,,,,,,,,,,,,,,,,,,,,,,,,,,,,,,,,,,,,,,,,,,,,,,,,,,,,,,,,,,,,,,,,,,,,,,,,,,,,,,,,,,,,,,,,,,,,,,,,,,,,,,,,,,,,,,,,,,,,,,,,,,,,,,,,,,,,,,,,,,,,,,,,,,,,,,,,,,,,,,,,,,,,,,,,,,,,,,,,,,,,,,,,,
E03_RD14-0003-40_41-1;4-M3d-0.155IP-Q0.6_001.20sec.fsa,vWA,Y,OL,148.76,17,11,152.2,3,OL,159.19,6,14,164.1,15,OL,166.08,5,15,168.13,141,16,172.4,52,17,176.28,412,18,180.32,663,19,184.44,858,20,188.56,65,22,196.54,8,23,200.86,9,OL,203.2,10,25,208.7,7,25,209.33,7,,,,,,,,,,,,,,,,,,,,,,,,,,,,,,,,,,,,,,,,,,,,,,,,,,,,,,,,,,,,,,,,,,,,,,,,,,,,,,,,,,,,,,,,,,,,,,,,,,,,,,,,,,,,,,,,,,,,,,,,,,,,,,,,,,,,,,,,,,,,,,,,,,,,,,,,,,,,,,,,,,,,,,,,,,,,,,,,,,,,,,,,,,,,,,,,,,,,,,,,,,,,,,,,,,,,,,,,,,,,,,,,,,,,,,,,,,,,,,,,,,,,,,,,,,,,
E03_RD14-0003-40_41-1;4-M3d-0.155IP-Q0.6_001.20sec.fsa,TPOX,Y,OL,220.16,12,7,224.83,35,8,228.85,1761,OL,231.34,19,12,244.52,5,OL,250.08,9,OL,256,6,OL,256.86,8,,,,,,,,,,,,,,,,,,,,,,,,,,,,,,,,,,,,,,,,,,,,,,,,,,,,,,,,,,,,,,,,,,,,,,,,,,,,,,,,,,,,,,,,,,,,,,,,,,,,,,,,,,,,,,,,,,,,,,,,,,,,,,,,,,,,,,,,,,,,,,,,,,,,,,,,,,,,,,,,,,,,,,,,,,,,,,,,,,,,,,,,,,,,,,,,,,,,,,,,,,,,,,,,,,,,,,,,,,,,,,,,,,,,,,,,,,,,,,,,,,,,,,,,,,,,,,,,,,,,,,,,,,,,,,,,,,,,
E03_RD14-0003-40_41-1;4-M3d-0.155IP-Q0.6_001.20sec.fsa,D18S51,Y,OL,271.66,8,11,277.24,17,OL,278.38,4,12,281.12,343,13,285.13,843,14,289.13,15,15,293.13,181,18,305.04,35,19,309.04,320,23,325.47,11,OL,332.13,7,OL,340.08,12,,,,,,,,,,,,,,,,,,,,,,,,,,,,,,,,,,,,,,,,,,,,,,,,,,,,,,,,,,,,,,,,,,,,,,,,,,,,,,,,,,,,,,,,,,,,,,,,,,,,,,,,,,,,,,,,,,,,,,,,,,,,,,,,,,,,,,,,,,,,,,,,,,,,,,,,,,,,,,,,,,,,,,,,,,,,,,,,,,,,,,,,,,,,,,,,,,,,,,,,,,,,,,,,,,,,,,,,,,,,,,,,,,,,,,,,,,,,,,,,,,,,,,,,,,,,,,,,,,,,,,,,
E03_RD14-0003-40_41-1;4-M3d-0.155IP-Q0.6_001.20sec.fsa,AMEL,R,X,104.94,1490,Y,110.86,1462,,,,,,,,,,,,,,,,,,,,,,,,,,,,,,,,,,,,,,,,,,,,,,,,,,,,,,,,,,,,,,,,,,,,,,,,,,,,,,,,,,,,,,,,,,,,,,,,,,,,,,,,,,,,,,,,,,,,,,,,,,,,,,,,,,,,,,,,,,,,,,,,,,,,,,,,,,,,,,,,,,,,,,,,,,,,,,,,,,,,,,,,,,,,,,,,,,,,,,,,,,,,,,,,,,,,,,,,,,,,,,,,,,,,,,,,,,,,,,,,,,,,,,,,,,,,,,,,,,,,,,,,,,,,,,,,,,,,,,,,,,,,,,,,,,,,,,
E03_RD14-0003-40_41-1;4-M3d-0.155IP-Q0.6_001.20sec.fsa,D5S818,R,6,128.46,21,OL,129.14,18,OL,137.44,6,OL,138.14,8,9,140.95,13,10,144.77,80,11,148.92,1833,12,153,246,13,157.02,33,OL,158.39,7,OL,163,7,OL,166.71,12,OL,174.85,13,,,,,,,,,,,,,,,,,,,,,,,,,,,,,,,,,,,,,,,,,,,,,,,,,,,,,,,,,,,,,,,,,,,,,,,,,,,,,,,,,,,,,,,,,,,,,,,,,,,,,,,,,,,,,,,,,,,,,,,,,,,,,,,,,,,,,,,,,,,,,,,,,,,,,,,,,,,,,,,,,,,,,,,,,,,,,,,,,,,,,,,,,,,,,,,,,,,,,,,,,,,,,,,,,,,,,,,,,,,,,,,,,,,,,,,,,,,,,,,,,,,,,,,,,,,,,,,,,,,,,
E03_RD14-0003-40_41-1;4-M3d-0.155IP-Q0.6_001.20sec.fsa,FGA,R,17,212.57,11,OL,213.36,13,21,229.17,32,22,233.26,660,25,245.59,6,26,249.67,62,27,253.64,670,28,257.65,116,OL,261.04,11,29,261.52,10,OL,262.81,10,OL,268.76,9,OL,274.25,9,OL,278.7,9,34.2,283.45,9,OL,297.2,9,OL,298.72,8,OL,306.55,5,OL,313.02,16,OL,321.25,6,OL,333.6,4,,,,,,,,,,,,,,,,,,,,,,,,,,,,,,,,,,,,,,,,,,,,,,,,,,,,,,,,,,,,,,,,,,,,,,,,,,,,,,,,,,,,,,,,,,,,,,,,,,,,,,,,,,,,,,,,,,,,,,,,,,,,,,,,,,,,,,,,,,,,,,,,,,,,,,,,,,,,,,,,,,,,,,,,,,,,,,,,,,,,,,,,,,,,,,,,,,,,,,,,,,,,,,,,,,,,,,,,,,,,,,,,,,,,,,,,,,,,,
E04_RD14-0003-42_43-1;9-M2a-0.31IP-Q0.5_001.20sec.fsa,D8S1179,B,OL,120,5,OL,123.38,12,9,125.59,13,10,129.66,170,11,133.7,2758,12,137.86,374,13,142.08,2575,14,146.24,397,15,150.5,6,OL,170.27,4,,,,,,,,,,,,,,,,,,,,,,,,,,,,,,,,,,,,,,,,,,,,,,,,,,,,,,,,,,,,,,,,,,,,,,,,,,,,,,,,,,,,,,,,,,,,,,,,,,,,,,,,,,,,,,,,,,,,,,,,,,,,,,,,,,,,,,,,,,,,,,,,,,,,,,,,,,,,,,,,,,,,,,,,,,,,,,,,,,,,,,,,,,,,,,,,,,,,,,,,,,,,,,,,,,,,,,,,,,,,,,,,,,,,,,,,,,,,,,,,,,,,,,,,,,,,,,,,,,,,,,,,,,,,,,
E04_RD14-0003-42_43-1;9-M2a-0.31IP-Q0.5_001.20sec.fsa,D21S11,B,24,182.72,4,OL,185.36,5,25,186.55,5,26,190.64,130,26.2,192.68,13,27,194.72,2372,28,198.72,170,28.2,200.75,12,29,202.74,2156,30,206.81,77,30.2,208.73,27,31,210.74,6,31.2,212.74,414,33,218.97,3,OL,230.35,6,OL,239.66,5,,,,,,,,,,,,,,,,,,,,,,,,,,,,,,,,,,,,,,,,,,,,,,,,,,,,,,,,,,,,,,,,,,,,,,,,,,,,,,,,,,,,,,,,,,,,,,,,,,,,,,,,,,,,,,,,,,,,,,,,,,,,,,,,,,,,,,,,,,,,,,,,,,,,,,,,,,,,,,,,,,,,,,,,,,,,,,,,,,,,,,,,,,,,,,,,,,,,,,,,,,,,,,,,,,,,,,,,,,,,,,,,,,,,,,,,,,,,,,,,,,,,,,,,,,,,
E04_RD14-0003-42_43-1;9-M2a-0.31IP-Q0.5_001.20sec.fsa,D7S820,B,7,258.16,69,8,262.13,2865,9,266.15,2015,10,270.27,16,OL,271.3,8,11,274.22,337,OL,283.34,3,OL,287.53,3,,,,,,,,,,,,,,,,,,,,,,,,,,,,,,,,,,,,,,,,,,,,,,,,,,,,,,,,,,,,,,,,,,,,,,,,,,,,,,,,,,,,,,,,,,,,,,,,,,,,,,,,,,,,,,,,,,,,,,,,,,,,,,,,,,,,,,,,,,,,,,,,,,,,,,,,,,,,,,,,,,,,,,,,,,,,,,,,,,,,,,,,,,,,,,,,,,,,,,,,,,,,,,,,,,,,,,,,,,,,,,,,,,,,,,,,,,,,,,,,,,,,,,,,,,,,,,,,,,,,,,,,,,,,,,,,,,,,
E04_RD14-0003-42_43-1;9-M2a-0.31IP-Q0.5_001.20sec.fsa,CSF1PO,B,8,310.27,6,8,310.79,4,9,314.63,86,10,318.81,2208,11,322.93,149,12,326.99,2854,OL,329.98,2,13,331.03,13,14,334.96,3,15,338.61,4,OL,342.38,4,,,,,,,,,,,,,,,,,,,,,,,,,,,,,,,,,,,,,,,,,,,,,,,,,,,,,,,,,,,,,,,,,,,,,,,,,,,,,,,,,,,,,,,,,,,,,,,,,,,,,,,,,,,,,,,,,,,,,,,,,,,,,,,,,,,,,,,,,,,,,,,,,,,,,,,,,,,,,,,,,,,,,,,,,,,,,,,,,,,,,,,,,,,,,,,,,,,,,,,,,,,,,,,,,,,,,,,,,,,,,,,,,,,,,,,,,,,,,,,,,,,,,,,,,,,,,,,,,,,,,,,,,,,
E04_RD14-0003-42_43-1;9-M2a-0.31IP-Q0.5_001.20sec.fsa,D3S1358,G,OL,102.76,10,OL,108.57,4,OL,109.61,4,13,114.46,25,OL,116.23,15,14,118.31,392,15,122.27,5853,16,126.15,678,OL,129.83,8,18,134.02,12,18.2,136.39,7,19,138.52,5,,,,,,,,,,,,,,,,,,,,,,,,,,,,,,,,,,,,,,,,,,,,,,,,,,,,,,,,,,,,,,,,,,,,,,,,,,,,,,,,,,,,,,,,,,,,,,,,,,,,,,,,,,,,,,,,,,,,,,,,,,,,,,,,,,,,,,,,,,,,,,,,,,,,,,,,,,,,,,,,,,,,,,,,,,,,,,,,,,,,,,,,,,,,,,,,,,,,,,,,,,,,,,,,,,,,,,,,,,,,,,,,,,,,,,,,,,,,,,,,,,,,,,,,,,,,,,,,,,,,,,,,
E04_RD14-0003-42_43-1;9-M2a-0.31IP-Q0.5_001.20sec.fsa,TH01,G,OL,157.81,7,OL,163.31,14,7,172.68,126,8,176.75,3895,9,180.85,424,9.3,183.91,4572,OL,191.66,5,OL,198.3,8,OL,199.15,7,OL,200.75,7,,,,,,,,,,,,,,,,,,,,,,,,,,,,,,,,,,,,,,,,,,,,,,,,,,,,,,,,,,,,,,,,,,,,,,,,,,,,,,,,,,,,,,,,,,,,,,,,,,,,,,,,,,,,,,,,,,,,,,,,,,,,,,,,,,,,,,,,,,,,,,,,,,,,,,,,,,,,,,,,,,,,,,,,,,,,,,,,,,,,,,,,,,,,,,,,,,,,,,,,,,,,,,,,,,,,,,,,,,,,,,,,,,,,,,,,,,,,,,,,,,,,,,,,,,,,,,,,,,,,,,,,,,,,,,
E04_RD14-0003-42_43-1;9-M2a-0.31IP-Q0.5_001.20sec.fsa,D13S317,G,OL,204.4,8,OL,208.23,7,9,219.05,14,10,223.21,172,11,227.2,4442,12,231.2,3734,13,235.29,724,16,247.29,3,,,,,,,,,,,,,,,,,,,,,,,,,,,,,,,,,,,,,,,,,,,,,,,,,,,,,,,,,,,,,,,,,,,,,,,,,,,,,,,,,,,,,,,,,,,,,,,,,,,,,,,,,,,,,,,,,,,,,,,,,,,,,,,,,,,,,,,,,,,,,,,,,,,,,,,,,,,,,,,,,,,,,,,,,,,,,,,,,,,,,,,,,,,,,,,,,,,,,,,,,,,,,,,,,,,,,,,,,,,,,,,,,,,,,,,,,,,,,,,,,,,,,,,,,,,,,,,,,,,,,,,,,,,,,,,,,,,,
E04_RD14-0003-42_43-1;9-M2a-0.31IP-Q0.5_001.20sec.fsa,D16S539,G,OL,257.83,8,8,263.42,30,9,267.35,910,OL,269.5,28,10,271.3,6489,11,275.34,88,12,279.4,494,13,283.34,6,OL,290.01,5,OL,293.43,4,,,,,,,,,,,,,,,,,,,,,,,,,,,,,,,,,,,,,,,,,,,,,,,,,,,,,,,,,,,,,,,,,,,,,,,,,,,,,,,,,,,,,,,,,,,,,,,,,,,,,,,,,,,,,,,,,,,,,,,,,,,,,,,,,,,,,,,,,,,,,,,,,,,,,,,,,,,,,,,,,,,,,,,,,,,,,,,,,,,,,,,,,,,,,,,,,,,,,,,,,,,,,,,,,,,,,,,,,,,,,,,,,,,,,,,,,,,,,,,,,,,,,,,,,,,,,,,,,,,,,,,,,,,,,,
E04_RD14-0003-42_43-1;9-M2a-0.31IP-Q0.5_001.20sec.fsa,D2S1338,G,16,309.15,8,18,316.99,173,19,321.15,2775,20,325.22,12,21,329.27,249,22,333.21,2670,23,337.31,612,OL,365.98,5,,,,,,,,,,,,,,,,,,,,,,,,,,,,,,,,,,,,,,,,,,,,,,,,,,,,,,,,,,,,,,,,,,,,,,,,,,,,,,,,,,,,,,,,,,,,,,,,,,,,,,,,,,,,,,,,,,,,,,,,,,,,,,,,,,,,,,,,,,,,,,,,,,,,,,,,,,,,,,,,,,,,,,,,,,,,,,,,,,,,,,,,,,,,,,,,,,,,,,,,,,,,,,,,,,,,,,,,,,,,,,,,,,,,,,,,,,,,,,,,,,,,,,,,,,,,,,,,,,,,,,,,,,,,,,,,,,,,
E04_RD14-0003-42_43-1;9-M2a-0.31IP-Q0.5_001.20sec.fsa,D19S433,Y,OL,98.32,12,9,99.36,8,OL,100.98,7,10.2,106.4,8,11.2,110.41,19,12,112.33,23,12.2,114.39,168,13,116.31,106,13.2,118.31,2457,14,120.23,1876,14.2,122.2,540,OL,123.22,3,OL,131.35,15,17,132.16,10,OL,135.33,8,18,136.06,11,,,,,,,,,,,,,,,,,,,,,,,,,,,,,,,,,,,,,,,,,,,,,,,,,,,,,,,,,,,,,,,,,,,,,,,,,,,,,,,,,,,,,,,,,,,,,,,,,,,,,,,,,,,,,,,,,,,,,,,,,,,,,,,,,,,,,,,,,,,,,,,,,,,,,,,,,,,,,,,,,,,,,,,,,,,,,,,,,,,,,,,,,,,,,,,,,,,,,,,,,,,,,,,,,,,,,,,,,,,,,,,,,,,,,,,,,,,,,,,,,,,,,,,,,,,,
E04_RD14-0003-42_43-1;9-M2a-0.31IP-Q0.5_001.20sec.fsa,vWA,Y,10,147.83,8,OL,152.85,24,12,155.96,94,13,160.08,3037,15,168.2,60,16,172.26,613,17,176.34,3038,OL,183.91,85,OL,185.11,11,OL,191.06,8,OL,194.04,9,,,,,,,,,,,,,,,,,,,,,,,,,,,,,,,,,,,,,,,,,,,,,,,,,,,,,,,,,,,,,,,,,,,,,,,,,,,,,,,,,,,,,,,,,,,,,,,,,,,,,,,,,,,,,,,,,,,,,,,,,,,,,,,,,,,,,,,,,,,,,,,,,,,,,,,,,,,,,,,,,,,,,,,,,,,,,,,,,,,,,,,,,,,,,,,,,,,,,,,,,,,,,,,,,,,,,,,,,,,,,,,,,,,,,,,,,,,,,,,,,,,,,,,,,,,,,,,,,,,,,,,,,,,
E04_RD14-0003-42_43-1;9-M2a-0.31IP-Q0.5_001.20sec.fsa,TPOX,Y,7,224.74,54,OL,227.2,57,8,228.81,2338,OL,231.28,44,10,236.83,273,11,240.88,2309,OL,244.22,7,,,,,,,,,,,,,,,,,,,,,,,,,,,,,,,,,,,,,,,,,,,,,,,,,,,,,,,,,,,,,,,,,,,,,,,,,,,,,,,,,,,,,,,,,,,,,,,,,,,,,,,,,,,,,,,,,,,,,,,,,,,,,,,,,,,,,,,,,,,,,,,,,,,,,,,,,,,,,,,,,,,,,,,,,,,,,,,,,,,,,,,,,,,,,,,,,,,,,,,,,,,,,,,,,,,,,,,,,,,,,,,,,,,,,,,,,,,,,,,,,,,,,,,,,,,,,,,,,,,,,,,,,,,,,,,,,,,,,,,
E04_RD14-0003-42_43-1;9-M2a-0.31IP-Q0.5_001.20sec.fsa,D18S51,Y,9.2,271.3,96,OL,284.02,5,OL,290.35,9,16,297.27,36,17,301.17,424,18,305.14,1659,19,309.15,1660,20.2,315,6,OL,320,12,OL,321.07,43,OL,336.61,8,OL,344.58,8,OL,345.9,7,OL,346.78,10,,,,,,,,,,,,,,,,,,,,,,,,,,,,,,,,,,,,,,,,,,,,,,,,,,,,,,,,,,,,,,,,,,,,,,,,,,,,,,,,,,,,,,,,,,,,,,,,,,,,,,,,,,,,,,,,,,,,,,,,,,,,,,,,,,,,,,,,,,,,,,,,,,,,,,,,,,,,,,,,,,,,,,,,,,,,,,,,,,,,,,,,,,,,,,,,,,,,,,,,,,,,,,,,,,,,,,,,,,,,,,,,,,,,,,,,,,,,,,,,,,,,,,,,,,,,,,,,,,
E04_RD14-0003-42_43-1;9-M2a-0.31IP-Q0.5_001.20sec.fsa,AMEL,R,X,105.03,2159,Y,110.89,2341,,,,,,,,,,,,,,,,,,,,,,,,,,,,,,,,,,,,,,,,,,,,,,,,,,,,,,,,,,,,,,,,,,,,,,,,,,,,,,,,,,,,,,,,,,,,,,,,,,,,,,,,,,,,,,,,,,,,,,,,,,,,,,,,,,,,,,,,,,,,,,,,,,,,,,,,,,,,,,,,,,,,,,,,,,,,,,,,,,,,,,,,,,,,,,,,,,,,,,,,,,,,,,,,,,,,,,,,,,,,,,,,,,,,,,,,,,,,,,,,,,,,,,,,,,,,,,,,,,,,,,,,,,,,,,,,,,,,,,,,,,,,,,,,,,,,,,
E04_RD14-0003-42_43-1;9-M2a-0.31IP-Q0.5_001.20sec.fsa,D5S818,R,OL,133.86,17,10,144.82,101,11,148.91,1721,12,153.1,2445,13,157.13,286,14,161.65,13,OL,171.6,9,OL,177.92,16,,,,,,,,,,,,,,,,,,,,,,,,,,,,,,,,,,,,,,,,,,,,,,,,,,,,,,,,,,,,,,,,,,,,,,,,,,,,,,,,,,,,,,,,,,,,,,,,,,,,,,,,,,,,,,,,,,,,,,,,,,,,,,,,,,,,,,,,,,,,,,,,,,,,,,,,,,,,,,,,,,,,,,,,,,,,,,,,,,,,,,,,,,,,,,,,,,,,,,,,,,,,,,,,,,,,,,,,,,,,,,,,,,,,,,,,,,,,,,,,,,,,,,,,,,,,,,,,,,,,,,,,,,,,,,,,,,,,
E04_RD14-0003-42_43-1;9-M2a-0.31IP-Q0.5_001.20sec.fsa,FGA,R,19,220.85,20,20,224.99,336,21,229.07,2037,22,232.73,27,23.2,239.06,12,OL,244.58,7,OL,250.76,5,27,253.63,129,28,257.58,2048,29,261.54,13,OL,264.19,8,OL,268.38,18,OL,270.01,15,32.2,275.77,8,OL,281.11,9,OL,284.36,5,OL,287.36,6,OL,290.01,7,OL,290.69,8,OL,312.09,24,45.2,328.22,7,OL,331.2,8,47.2,336.27,9,OL,339.22,12,OL,341.76,10,OL,346.34,6,OL,356.21,4,,,,,,,,,,,,,,,,,,,,,,,,,,,,,,,,,,,,,,,,,,,,,,,,,,,,,,,,,,,,,,,,,,,,,,,,,,,,,,,,,,,,,,,,,,,,,,,,,,,,,,,,,,,,,,,,,,,,,,,,,,,,,,,,,,,,,,,,,,,,,,,,,,,,,,,,,,,,,,,,,,,,,,,,,,,,,,,,,,,,,,,,,,,,,,,,,,,,,,,,,,,,,,,,,,,,,,,,,,,
E05_RD14-0003-42_43-1;9-M1e-0.63IP-Q1.3_001.20sec.fsa,D8S1179,B,OL,120.08,10,OL,123.56,15,9,125.51,10,OL,127.77,4,10,129.74,136,11,133.77,2789,12,137.83,308,13,142.05,2714,14,146.23,523,16,154.75,6,OL,160.9,4,19,167.22,7,OL,170.26,3,,,,,,,,,,,,,,,,,,,,,,,,,,,,,,,,,,,,,,,,,,,,,,,,,,,,,,,,,,,,,,,,,,,,,,,,,,,,,,,,,,,,,,,,,,,,,,,,,,,,,,,,,,,,,,,,,,,,,,,,,,,,,,,,,,,,,,,,,,,,,,,,,,,,,,,,,,,,,,,,,,,,,,,,,,,,,,,,,,,,,,,,,,,,,,,,,,,,,,,,,,,,,,,,,,,,,,,,,,,,,,,,,,,,,,,,,,,,,,,,,,,,,,,,,,,,,,,,,,,,,
E05_RD14-0003-42_43-1;9-M1e-0.63IP-Q1.3_001.20sec.fsa,D21S11,B,23.2,180,4,OL,181.77,2,OL,187.84,2,26,190.54,65,27,194.67,1239,28,198.65,83,29,202.64,1131,30,206.46,7,31.2,212.65,75,OL,214.09,10,OL,215.56,4,32.2,217.04,5,OL,223.83,3,OL,229.97,6,,,,,,,,,,,,,,,,,,,,,,,,,,,,,,,,,,,,,,,,,,,,,,,,,,,,,,,,,,,,,,,,,,,,,,,,,,,,,,,,,,,,,,,,,,,,,,,,,,,,,,,,,,,,,,,,,,,,,,,,,,,,,,,,,,,,,,,,,,,,,,,,,,,,,,,,,,,,,,,,,,,,,,,,,,,,,,,,,,,,,,,,,,,,,,,,,,,,,,,,,,,,,,,,,,,,,,,,,,,,,,,,,,,,,,,,,,,,,,,,,,,,,,,,,,,,,,,,,,
E05_RD14-0003-42_43-1;9-M1e-0.63IP-Q1.3_001.20sec.fsa,D7S820,B,5,250.09,5,7,258.06,16,8,262.08,692,9,266.16,751,10,270,10,11,274.2,237,OL,277.27,7,12,278.06,7,14,285.82,5,,,,,,,,,,,,,,,,,,,,,,,,,,,,,,,,,,,,,,,,,,,,,,,,,,,,,,,,,,,,,,,,,,,,,,,,,,,,,,,,,,,,,,,,,,,,,,,,,,,,,,,,,,,,,,,,,,,,,,,,,,,,,,,,,,,,,,,,,,,,,,,,,,,,,,,,,,,,,,,,,,,,,,,,,,,,,,,,,,,,,,,,,,,,,,,,,,,,,,,,,,,,,,,,,,,,,,,,,,,,,,,,,,,,,,,,,,,,,,,,,,,,,,,,,,,,,,,,,,,,,,,,,,,,,,,,,
E05_RD14-0003-42_43-1;9-M1e-0.63IP-Q1.3_001.20sec.fsa,CSF1PO,B,8,310.14,4,9,314.47,53,10,318.78,986,11,322.93,45,12,326.86,632,13,330.87,7,OL,340.27,7,,,,,,,,,,,,,,,,,,,,,,,,,,,,,,,,,,,,,,,,,,,,,,,,,,,,,,,,,,,,,,,,,,,,,,,,,,,,,,,,,,,,,,,,,,,,,,,,,,,,,,,,,,,,,,,,,,,,,,,,,,,,,,,,,,,,,,,,,,,,,,,,,,,,,,,,,,,,,,,,,,,,,,,,,,,,,,,,,,,,,,,,,,,,,,,,,,,,,,,,,,,,,,,,,,,,,,,,,,,,,,,,,,,,,,,,,,,,,,,,,,,,,,,,,,,,,,,,,,,,,,,,,,,,,,,,,,,,,,,
E05_RD14-0003-42_43-1;9-M1e-0.63IP-Q1.3_001.20sec.fsa,D3S1358,G,OL,94.32,8,OL,98.83,5,11,106.7,10,13,114.31,22,OL,116.31,14,14,118.39,413,OL,120.08,21,15,122.4,6150,16,126.21,561,17,130.05,9,OL,131.79,7,18,134.01,13,20,142.21,22,OL,144.01,10,,,,,,,,,,,,,,,,,,,,,,,,,,,,,,,,,,,,,,,,,,,,,,,,,,,,,,,,,,,,,,,,,,,,,,,,,,,,,,,,,,,,,,,,,,,,,,,,,,,,,,,,,,,,,,,,,,,,,,,,,,,,,,,,,,,,,,,,,,,,,,,,,,,,,,,,,,,,,,,,,,,,,,,,,,,,,,,,,,,,,,,,,,,,,,,,,,,,,,,,,,,,,,,,,,,,,,,,,,,,,,,,,,,,,,,,,,,,,,,,,,,,,,,,,,,,,,,,,,
E05_RD14-0003-42_43-1;9-M1e-0.63IP-Q1.3_001.20sec.fsa,TH01,G,3,156.91,10,OL,159.5,4,7,172.65,45,8,176.69,2034,9,180.76,250,9.3,183.87,2743,OL,201.07,10,,,,,,,,,,,,,,,,,,,,,,,,,,,,,,,,,,,,,,,,,,,,,,,,,,,,,,,,,,,,,,,,,,,,,,,,,,,,,,,,,,,,,,,,,,,,,,,,,,,,,,,,,,,,,,,,,,,,,,,,,,,,,,,,,,,,,,,,,,,,,,,,,,,,,,,,,,,,,,,,,,,,,,,,,,,,,,,,,,,,,,,,,,,,,,,,,,,,,,,,,,,,,,,,,,,,,,,,,,,,,,,,,,,,,,,,,,,,,,,,,,,,,,,,,,,,,,,,,,,,,,,,,,,,,,,,,,,,,,,
E05_RD14-0003-42_43-1;9-M1e-0.63IP-Q1.3_001.20sec.fsa,D13S317,G,OL,205.63,7,7,211.47,7,OL,213.16,5,OL,215.82,4,OL,218.08,4,9,219.65,6,10,223.23,73,11,227.24,1944,12,231.26,1973,13,235.28,103,OL,241.6,5,,,,,,,,,,,,,,,,,,,,,,,,,,,,,,,,,,,,,,,,,,,,,,,,,,,,,,,,,,,,,,,,,,,,,,,,,,,,,,,,,,,,,,,,,,,,,,,,,,,,,,,,,,,,,,,,,,,,,,,,,,,,,,,,,,,,,,,,,,,,,,,,,,,,,,,,,,,,,,,,,,,,,,,,,,,,,,,,,,,,,,,,,,,,,,,,,,,,,,,,,,,,,,,,,,,,,,,,,,,,,,,,,,,,,,,,,,,,,,,,,,,,,,,,,,,,,,,,,,,,,,,,,,,
E05_RD14-0003-42_43-1;9-M1e-0.63IP-Q1.3_001.20sec.fsa,D16S539,G,OL,250.26,3,OL,257.98,7,8,263.21,14,9,267.3,346,10,271.31,1850,12,279.21,49,,,,,,,,,,,,,,,,,,,,,,,,,,,,,,,,,,,,,,,,,,,,,,,,,,,,,,,,,,,,,,,,,,,,,,,,,,,,,,,,,,,,,,,,,,,,,,,,,,,,,,,,,,,,,,,,,,,,,,,,,,,,,,,,,,,,,,,,,,,,,,,,,,,,,,,,,,,,,,,,,,,,,,,,,,,,,,,,,,,,,,,,,,,,,,,,,,,,,,,,,,,,,,,,,,,,,,,,,,,,,,,,,,,,,,,,,,,,,,,,,,,,,,,,,,,,,,,,,,,,,,,,,,,,,,,,,,,,,,,,,,
E05_RD14-0003-42_43-1;9-M1e-0.63IP-Q1.3_001.20sec.fsa,D2S1338,G,14,301.12,9,17,313.01,9,18,316.9,51,19,321.1,894,20,324.94,7,21,329.14,104,22,333.22,1063,OL,335.4,7,23,337.2,92,OL,351.36,4,OL,359.72,4,OL,364.39,8,OL,366.22,9,,,,,,,,,,,,,,,,,,,,,,,,,,,,,,,,,,,,,,,,,,,,,,,,,,,,,,,,,,,,,,,,,,,,,,,,,,,,,,,,,,,,,,,,,,,,,,,,,,,,,,,,,,,,,,,,,,,,,,,,,,,,,,,,,,,,,,,,,,,,,,,,,,,,,,,,,,,,,,,,,,,,,,,,,,,,,,,,,,,,,,,,,,,,,,,,,,,,,,,,,,,,,,,,,,,,,,,,,,,,,,,,,,,,,,,,,,,,,,,,,,,,,,,,,,,,,,,,,,,,,
E05_RD14-0003-42_43-1;9-M1e-0.63IP-Q1.3_001.20sec.fsa,D19S433,Y,10.2,105.91,16,12,112.28,26,12.2,114.31,201,13,116.23,254,13.2,118.23,2823,14,120.15,3798,14.2,122.16,372,15.2,125.9,9,,,,,,,,,,,,,,,,,,,,,,,,,,,,,,,,,,,,,,,,,,,,,,,,,,,,,,,,,,,,,,,,,,,,,,,,,,,,,,,,,,,,,,,,,,,,,,,,,,,,,,,,,,,,,,,,,,,,,,,,,,,,,,,,,,,,,,,,,,,,,,,,,,,,,,,,,,,,,,,,,,,,,,,,,,,,,,,,,,,,,,,,,,,,,,,,,,,,,,,,,,,,,,,,,,,,,,,,,,,,,,,,,,,,,,,,,,,,,,,,,,,,,,,,,,,,,,,,,,,,,,,,,,,,,,,,,,,,
E05_RD14-0003-42_43-1;9-M1e-0.63IP-Q1.3_001.20sec.fsa,vWA,Y,OL,147.3,11,OL,148.71,19,OL,152.76,21,12,156,54,13,160,1948,OL,161.23,29,15,168.04,30,16,172.24,383,17,176.28,1297,18,180.25,18,OL,183.79,40,19,184.89,2,OL,186.07,11,OL,201.9,8,OL,204.13,10,,,,,,,,,,,,,,,,,,,,,,,,,,,,,,,,,,,,,,,,,,,,,,,,,,,,,,,,,,,,,,,,,,,,,,,,,,,,,,,,,,,,,,,,,,,,,,,,,,,,,,,,,,,,,,,,,,,,,,,,,,,,,,,,,,,,,,,,,,,,,,,,,,,,,,,,,,,,,,,,,,,,,,,,,,,,,,,,,,,,,,,,,,,,,,,,,,,,,,,,,,,,,,,,,,,,,,,,,,,,,,,,,,,,,,,,,,,,,,,,,,,,,,,,,,,,,,,
E05_RD14-0003-42_43-1;9-M1e-0.63IP-Q1.3_001.20sec.fsa,TPOX,Y,OL,217.91,10,7,224.68,30,8,228.78,1903,9,232.63,17,OL,234.94,17,10,236.74,259,11,240.8,1053,OL,246.56,5,OL,251.28,5,OL,254.42,9,OL,255.18,6,,,,,,,,,,,,,,,,,,,,,,,,,,,,,,,,,,,,,,,,,,,,,,,,,,,,,,,,,,,,,,,,,,,,,,,,,,,,,,,,,,,,,,,,,,,,,,,,,,,,,,,,,,,,,,,,,,,,,,,,,,,,,,,,,,,,,,,,,,,,,,,,,,,,,,,,,,,,,,,,,,,,,,,,,,,,,,,,,,,,,,,,,,,,,,,,,,,,,,,,,,,,,,,,,,,,,,,,,,,,,,,,,,,,,,,,,,,,,,,,,,,,,,,,,,,,,,,,,,,,,,,,,,,
E05_RD14-0003-42_43-1;9-M1e-0.63IP-Q1.3_001.20sec.fsa,D18S51,Y,OL,261.91,9,OL,265.99,6,9.2,271.14,32,11.2,278.86,9,OL,281.65,7,13,284.77,7,OL,290.25,6,OL,291.64,3,15,292.94,6,16,296.86,21,17,301.03,143,18,305.03,1068,19,309.08,716,OL,322.84,6,OL,336.12,10,OL,339.82,7,OL,343.75,6,OL,345.22,5,,,,,,,,,,,,,,,,,,,,,,,,,,,,,,,,,,,,,,,,,,,,,,,,,,,,,,,,,,,,,,,,,,,,,,,,,,,,,,,,,,,,,,,,,,,,,,,,,,,,,,,,,,,,,,,,,,,,,,,,,,,,,,,,,,,,,,,,,,,,,,,,,,,,,,,,,,,,,,,,,,,,,,,,,,,,,,,,,,,,,,,,,,,,,,,,,,,,,,,,,,,,,,,,,,,,,,,,,,,,,,,,,,,,,,,,,,,,,,,,,,,,,,
E05_RD14-0003-42_43-1;9-M1e-0.63IP-Q1.3_001.20sec.fsa,AMEL,R,X,104.97,3990,Y,110.86,2871,,,,,,,,,,,,,,,,,,,,,,,,,,,,,,,,,,,,,,,,,,,,,,,,,,,,,,,,,,,,,,,,,,,,,,,,,,,,,,,,,,,,,,,,,,,,,,,,,,,,,,,,,,,,,,,,,,,,,,,,,,,,,,,,,,,,,,,,,,,,,,,,,,,,,,,,,,,,,,,,,,,,,,,,,,,,,,,,,,,,,,,,,,,,,,,,,,,,,,,,,,,,,,,,,,,,,,,,,,,,,,,,,,,,,,,,,,,,,,,,,,,,,,,,,,,,,,,,,,,,,,,,,,,,,,,,,,,,,,,,,,,,,,,,,,,,,,
E05_RD14-0003-42_43-1;9-M1e-0.63IP-Q1.3_001.20sec.fsa,D5S818,R,6,128.79,7,OL,134.48,8,OL,142.46,15,10,144.84,87,11,148.87,2080,12,153.01,2211,OL,155.75,9,13,157.16,156,OL,163.77,9,15,164.84,9,15,165.49,10,OL,166.4,8,OL,178.02,17,,,,,,,,,,,,,,,,,,,,,,,,,,,,,,,,,,,,,,,,,,,,,,,,,,,,,,,,,,,,,,,,,,,,,,,,,,,,,,,,,,,,,,,,,,,,,,,,,,,,,,,,,,,,,,,,,,,,,,,,,,,,,,,,,,,,,,,,,,,,,,,,,,,,,,,,,,,,,,,,,,,,,,,,,,,,,,,,,,,,,,,,,,,,,,,,,,,,,,,,,,,,,,,,,,,,,,,,,,,,,,,,,,,,,,,,,,,,,,,,,,,,,,,,,,,,,,,,,,,,,
E05_RD14-0003-42_43-1;9-M1e-0.63IP-Q1.3_001.20sec.fsa,FGA,R,18.2,218.43,14,OL,219.39,13,19,221.19,14,20,225.02,193,21,229.12,1721,OL,232.28,15,22,232.97,13,OL,244.26,10,26,249.56,8,26.2,251.7,5,27,253.66,67,28,257.64,1072,OL,260.87,8,32.2,275.6,13,OL,277.89,9,OL,284.34,5,OL,290.6,7,OL,294.08,5,OL,297.12,10,OL,312.02,23,OL,344.03,4,,,,,,,,,,,,,,,,,,,,,,,,,,,,,,,,,,,,,,,,,,,,,,,,,,,,,,,,,,,,,,,,,,,,,,,,,,,,,,,,,,,,,,,,,,,,,,,,,,,,,,,,,,,,,,,,,,,,,,,,,,,,,,,,,,,,,,,,,,,,,,,,,,,,,,,,,,,,,,,,,,,,,,,,,,,,,,,,,,,,,,,,,,,,,,,,,,,,,,,,,,,,,,,,,,,,,,,,,,,,,,,,,,,,,,,,,,,,,
F01_RD14-0003-44_45-1;1-M2d-0.25IP-Q0.7_002.20sec.fsa,D8S1179,B,OL,113.93,7,9,125.68,29,10,129.7,555,13,142.03,97,14,146.17,1747,15,150.34,739,16,154.68,7,OL,155.95,6,OL,156.5,5,OL,175.12,3,,,,,,,,,,,,,,,,,,,,,,,,,,,,,,,,,,,,,,,,,,,,,,,,,,,,,,,,,,,,,,,,,,,,,,,,,,,,,,,,,,,,,,,,,,,,,,,,,,,,,,,,,,,,,,,,,,,,,,,,,,,,,,,,,,,,,,,,,,,,,,,,,,,,,,,,,,,,,,,,,,,,,,,,,,,,,,,,,,,,,,,,,,,,,,,,,,,,,,,,,,,,,,,,,,,,,,,,,,,,,,,,,,,,,,,,,,,,,,,,,,,,,,,,,,,,,,,,,,,,,,,,,,,,,,
F01_RD14-0003-44_45-1;1-M2d-0.25IP-Q0.7_002.20sec.fsa,D21S11,B,24.2,183.92,7,OL,185.91,2,OL,191.35,3,26.2,192.63,3,27,194.55,38,28,198.56,793,30,206.53,23,OL,209.38,5,31,210.57,307,32,214.66,273,36,231.24,8,36.2,233.34,2,37,235.37,9,37.2,237.4,2,,,,,,,,,,,,,,,,,,,,,,,,,,,,,,,,,,,,,,,,,,,,,,,,,,,,,,,,,,,,,,,,,,,,,,,,,,,,,,,,,,,,,,,,,,,,,,,,,,,,,,,,,,,,,,,,,,,,,,,,,,,,,,,,,,,,,,,,,,,,,,,,,,,,,,,,,,,,,,,,,,,,,,,,,,,,,,,,,,,,,,,,,,,,,,,,,,,,,,,,,,,,,,,,,,,,,,,,,,,,,,,,,,,,,,,,,,,,,,,,,,,,,,,,,,,,,,,,,,
F01_RD14-0003-44_45-1;1-M2d-0.25IP-Q0.7_002.20sec.fsa,D7S820,B,OL,247.26,1,5,250.08,3,OL,255.05,2,7,257.93,6,8,262.05,230,9,266.07,224,10,270.03,439,OL,275.17,19,OL,280,4,,,,,,,,,,,,,,,,,,,,,,,,,,,,,,,,,,,,,,,,,,,,,,,,,,,,,,,,,,,,,,,,,,,,,,,,,,,,,,,,,,,,,,,,,,,,,,,,,,,,,,,,,,,,,,,,,,,,,,,,,,,,,,,,,,,,,,,,,,,,,,,,,,,,,,,,,,,,,,,,,,,,,,,,,,,,,,,,,,,,,,,,,,,,,,,,,,,,,,,,,,,,,,,,,,,,,,,,,,,,,,,,,,,,,,,,,,,,,,,,,,,,,,,,,,,,,,,,,,,,,,,,,,,,,,,,,
F01_RD14-0003-44_45-1;1-M2d-0.25IP-Q0.7_002.20sec.fsa,CSF1PO,B,OL,299.92,5,OL,312.05,2,10,318.67,24,11,322.76,539,12,326.81,448,OL,329.14,2,OL,331.8,1,15,338.64,3,OL,340.09,5,OL,344.77,4,,,,,,,,,,,,,,,,,,,,,,,,,,,,,,,,,,,,,,,,,,,,,,,,,,,,,,,,,,,,,,,,,,,,,,,,,,,,,,,,,,,,,,,,,,,,,,,,,,,,,,,,,,,,,,,,,,,,,,,,,,,,,,,,,,,,,,,,,,,,,,,,,,,,,,,,,,,,,,,,,,,,,,,,,,,,,,,,,,,,,,,,,,,,,,,,,,,,,,,,,,,,,,,,,,,,,,,,,,,,,,,,,,,,,,,,,,,,,,,,,,,,,,,,,,,,,,,,,,,,,,,,,,,,,,
F01_RD14-0003-44_45-1;1-M2d-0.25IP-Q0.7_002.20sec.fsa,D3S1358,G,OL,95.82,7,OL,103.93,3,11,106.65,10,OL,116.34,12,14,118.32,113,15,122.28,1678,16,126.42,717,17,130.15,651,18.2,136.49,3,,,,,,,,,,,,,,,,,,,,,,,,,,,,,,,,,,,,,,,,,,,,,,,,,,,,,,,,,,,,,,,,,,,,,,,,,,,,,,,,,,,,,,,,,,,,,,,,,,,,,,,,,,,,,,,,,,,,,,,,,,,,,,,,,,,,,,,,,,,,,,,,,,,,,,,,,,,,,,,,,,,,,,,,,,,,,,,,,,,,,,,,,,,,,,,,,,,,,,,,,,,,,,,,,,,,,,,,,,,,,,,,,,,,,,,,,,,,,,,,,,,,,,,,,,,,,,,,,,,,,,,,,,,,,,,,,
F01_RD14-0003-44_45-1;1-M2d-0.25IP-Q0.7_002.20sec.fsa,TH01,G,3,156.19,3,OL,158.01,4,5,164.46,18,6,168.53,751,7,172.61,694,8,176.62,41,9,180.72,1489,9.3,183.84,600,,,,,,,,,,,,,,,,,,,,,,,,,,,,,,,,,,,,,,,,,,,,,,,,,,,,,,,,,,,,,,,,,,,,,,,,,,,,,,,,,,,,,,,,,,,,,,,,,,,,,,,,,,,,,,,,,,,,,,,,,,,,,,,,,,,,,,,,,,,,,,,,,,,,,,,,,,,,,,,,,,,,,,,,,,,,,,,,,,,,,,,,,,,,,,,,,,,,,,,,,,,,,,,,,,,,,,,,,,,,,,,,,,,,,,,,,,,,,,,,,,,,,,,,,,,,,,,,,,,,,,,,,,,,,,,,,,,,
F01_RD14-0003-44_45-1;1-M2d-0.25IP-Q0.7_002.20sec.fsa,D13S317,G,7,211.05,16,8,215.07,1167,11,227.27,45,12,231.32,692,13,235.37,527,OL,241.26,2,OL,246.18,3,,,,,,,,,,,,,,,,,,,,,,,,,,,,,,,,,,,,,,,,,,,,,,,,,,,,,,,,,,,,,,,,,,,,,,,,,,,,,,,,,,,,,,,,,,,,,,,,,,,,,,,,,,,,,,,,,,,,,,,,,,,,,,,,,,,,,,,,,,,,,,,,,,,,,,,,,,,,,,,,,,,,,,,,,,,,,,,,,,,,,,,,,,,,,,,,,,,,,,,,,,,,,,,,,,,,,,,,,,,,,,,,,,,,,,,,,,,,,,,,,,,,,,,,,,,,,,,,,,,,,,,,,,,,,,,,,,,,,,,
F01_RD14-0003-44_45-1;1-M2d-0.25IP-Q0.7_002.20sec.fsa,D16S539,G,7,259.44,7,OL,261.8,3,9,267.23,31,10,271.19,917,11,275.17,1412,12,279.33,12,,,,,,,,,,,,,,,,,,,,,,,,,,,,,,,,,,,,,,,,,,,,,,,,,,,,,,,,,,,,,,,,,,,,,,,,,,,,,,,,,,,,,,,,,,,,,,,,,,,,,,,,,,,,,,,,,,,,,,,,,,,,,,,,,,,,,,,,,,,,,,,,,,,,,,,,,,,,,,,,,,,,,,,,,,,,,,,,,,,,,,,,,,,,,,,,,,,,,,,,,,,,,,,,,,,,,,,,,,,,,,,,,,,,,,,,,,,,,,,,,,,,,,,,,,,,,,,,,,,,,,,,,,,,,,,,,,,,,,,,,,
F01_RD14-0003-44_45-1;1-M2d-0.25IP-Q0.7_002.20sec.fsa,D2S1338,G,15,304.76,12,16,308.68,261,OL,310.61,3,18,316.73,36,19,320.95,560,20,325.09,69,OL,330.34,3,24,341.13,22,25,345.21,242,,,,,,,,,,,,,,,,,,,,,,,,,,,,,,,,,,,,,,,,,,,,,,,,,,,,,,,,,,,,,,,,,,,,,,,,,,,,,,,,,,,,,,,,,,,,,,,,,,,,,,,,,,,,,,,,,,,,,,,,,,,,,,,,,,,,,,,,,,,,,,,,,,,,,,,,,,,,,,,,,,,,,,,,,,,,,,,,,,,,,,,,,,,,,,,,,,,,,,,,,,,,,,,,,,,,,,,,,,,,,,,,,,,,,,,,,,,,,,,,,,,,,,,,,,,,,,,,,,,,,,,,,,,,,,,,,
F01_RD14-0003-44_45-1;1-M2d-0.25IP-Q0.7_002.20sec.fsa,D19S433,Y,10,104.01,29,11,108.08,730,12,112.13,75,13,116.2,1208,OL,117.22,15,14,120.15,790,OL,121.25,16,15,124.05,631,18,136.26,9,,,,,,,,,,,,,,,,,,,,,,,,,,,,,,,,,,,,,,,,,,,,,,,,,,,,,,,,,,,,,,,,,,,,,,,,,,,,,,,,,,,,,,,,,,,,,,,,,,,,,,,,,,,,,,,,,,,,,,,,,,,,,,,,,,,,,,,,,,,,,,,,,,,,,,,,,,,,,,,,,,,,,,,,,,,,,,,,,,,,,,,,,,,,,,,,,,,,,,,,,,,,,,,,,,,,,,,,,,,,,,,,,,,,,,,,,,,,,,,,,,,,,,,,,,,,,,,,,,,,,,,,,,,,,,,,,
F01_RD14-0003-44_45-1;1-M2d-0.25IP-Q0.7_002.20sec.fsa,vWA,Y,OL,148.76,25,11,151.91,8,12,155.87,48,13,160,929,OL,164.85,7,15,168.14,39,16,172.22,635,18,180.16,19,19,184.39,98,20,188.47,1032,OL,194.39,7,,,,,,,,,,,,,,,,,,,,,,,,,,,,,,,,,,,,,,,,,,,,,,,,,,,,,,,,,,,,,,,,,,,,,,,,,,,,,,,,,,,,,,,,,,,,,,,,,,,,,,,,,,,,,,,,,,,,,,,,,,,,,,,,,,,,,,,,,,,,,,,,,,,,,,,,,,,,,,,,,,,,,,,,,,,,,,,,,,,,,,,,,,,,,,,,,,,,,,,,,,,,,,,,,,,,,,,,,,,,,,,,,,,,,,,,,,,,,,,,,,,,,,,,,,,,,,,,,,,,,,,,,,,
F01_RD14-0003-44_45-1;1-M2d-0.25IP-Q0.7_002.20sec.fsa,TPOX,Y,OL,214.41,14,8,228.65,523,OL,232.29,9,9,233.02,7,OL,234.4,8,10,236.59,42,11,240.67,1251,OL,244.1,1,12,245.26,6,OL,247.76,4,OL,256.65,7,,,,,,,,,,,,,,,,,,,,,,,,,,,,,,,,,,,,,,,,,,,,,,,,,,,,,,,,,,,,,,,,,,,,,,,,,,,,,,,,,,,,,,,,,,,,,,,,,,,,,,,,,,,,,,,,,,,,,,,,,,,,,,,,,,,,,,,,,,,,,,,,,,,,,,,,,,,,,,,,,,,,,,,,,,,,,,,,,,,,,,,,,,,,,,,,,,,,,,,,,,,,,,,,,,,,,,,,,,,,,,,,,,,,,,,,,,,,,,,,,,,,,,,,,,,,,,,,,,,,,,,,,,,
F01_RD14-0003-44_45-1;1-M2d-0.25IP-Q0.7_002.20sec.fsa,D18S51,Y,OL,263.03,6,OL,274.09,14,12,281.07,275,13,285.09,26,14,289.04,335,15,293.07,39,16,297.11,493,17,301.06,400,OL,314.35,8,22,321.99,9,OL,338.47,3,OL,345.64,5,OL,346.86,8,,,,,,,,,,,,,,,,,,,,,,,,,,,,,,,,,,,,,,,,,,,,,,,,,,,,,,,,,,,,,,,,,,,,,,,,,,,,,,,,,,,,,,,,,,,,,,,,,,,,,,,,,,,,,,,,,,,,,,,,,,,,,,,,,,,,,,,,,,,,,,,,,,,,,,,,,,,,,,,,,,,,,,,,,,,,,,,,,,,,,,,,,,,,,,,,,,,,,,,,,,,,,,,,,,,,,,,,,,,,,,,,,,,,,,,,,,,,,,,,,,,,,,,,,,,,,,,,,,,,,
F01_RD14-0003-44_45-1;1-M2d-0.25IP-Q0.7_002.20sec.fsa,AMEL,R,X,104.99,1208,Y,110.85,1464,,,,,,,,,,,,,,,,,,,,,,,,,,,,,,,,,,,,,,,,,,,,,,,,,,,,,,,,,,,,,,,,,,,,,,,,,,,,,,,,,,,,,,,,,,,,,,,,,,,,,,,,,,,,,,,,,,,,,,,,,,,,,,,,,,,,,,,,,,,,,,,,,,,,,,,,,,,,,,,,,,,,,,,,,,,,,,,,,,,,,,,,,,,,,,,,,,,,,,,,,,,,,,,,,,,,,,,,,,,,,,,,,,,,,,,,,,,,,,,,,,,,,,,,,,,,,,,,,,,,,,,,,,,,,,,,,,,,,,,,,,,,,,,,,,,,,,
F01_RD14-0003-44_45-1;1-M2d-0.25IP-Q0.7_002.20sec.fsa,D5S818,R,OL,127.84,8,OL,138.85,9,10,144.76,109,OL,146.49,2,11,148.84,1777,OL,151.36,7,12,152.94,503,OL,176.22,10,OL,177.4,8,,,,,,,,,,,,,,,,,,,,,,,,,,,,,,,,,,,,,,,,,,,,,,,,,,,,,,,,,,,,,,,,,,,,,,,,,,,,,,,,,,,,,,,,,,,,,,,,,,,,,,,,,,,,,,,,,,,,,,,,,,,,,,,,,,,,,,,,,,,,,,,,,,,,,,,,,,,,,,,,,,,,,,,,,,,,,,,,,,,,,,,,,,,,,,,,,,,,,,,,,,,,,,,,,,,,,,,,,,,,,,,,,,,,,,,,,,,,,,,,,,,,,,,,,,,,,,,,,,,,,,,,,,,,,,,,,
F01_RD14-0003-44_45-1;1-M2d-0.25IP-Q0.7_002.20sec.fsa,FGA,R,OL,205.66,5,OL,209.46,4,17,212.96,6,20,225.09,55,21,229.13,801,22,233.26,43,23,237.32,532,24,241.42,527,25,245.6,505,OL,257.05,8,OL,264.43,10,32.2,275.17,17,OL,276.42,4,OL,299.75,10,OL,302.95,6,OL,304.76,4,OL,310.52,8,OL,311.71,7,OL,338.21,7,OL,345.38,9,,,,,,,,,,,,,,,,,,,,,,,,,,,,,,,,,,,,,,,,,,,,,,,,,,,,,,,,,,,,,,,,,,,,,,,,,,,,,,,,,,,,,,,,,,,,,,,,,,,,,,,,,,,,,,,,,,,,,,,,,,,,,,,,,,,,,,,,,,,,,,,,,,,,,,,,,,,,,,,,,,,,,,,,,,,,,,,,,,,,,,,,,,,,,,,,,,,,,,,,,,,,,,,,,,,,,,,,,,,,,,,,,,,,,,,,,,,,,,,,
F03_RD14-0003-40_41-1;4-M4d-0.075IP-Q0.6_002.20sec.fsa,D8S1179,B,7,117.93,4,8,121.72,3,OL,123.22,4,10,129.51,6,OL,131.42,4,11,133.72,5,12,137.74,56,13,141.9,519,14,146.18,465,15,150.32,6,OL,160.08,4,19,167,3,,,,,,,,,,,,,,,,,,,,,,,,,,,,,,,,,,,,,,,,,,,,,,,,,,,,,,,,,,,,,,,,,,,,,,,,,,,,,,,,,,,,,,,,,,,,,,,,,,,,,,,,,,,,,,,,,,,,,,,,,,,,,,,,,,,,,,,,,,,,,,,,,,,,,,,,,,,,,,,,,,,,,,,,,,,,,,,,,,,,,,,,,,,,,,,,,,,,,,,,,,,,,,,,,,,,,,,,,,,,,,,,,,,,,,,,,,,,,,,,,,,,,,,,,,,,,,,,,,,,,,,,
F03_RD14-0003-40_41-1;4-M4d-0.075IP-Q0.6_002.20sec.fsa,D21S11,B,24.2,184.34,4,27,194.62,7,28,198.72,120,29,202.74,60,30,206.66,30,31,210.68,381,31.2,212.34,4,32,214.32,7,OL,216.1,5,33,218.94,6,OL,220.08,5,34,222.86,25,OL,224.21,2,35,227,236,36,231.14,12,38,238.56,6,,,,,,,,,,,,,,,,,,,,,,,,,,,,,,,,,,,,,,,,,,,,,,,,,,,,,,,,,,,,,,,,,,,,,,,,,,,,,,,,,,,,,,,,,,,,,,,,,,,,,,,,,,,,,,,,,,,,,,,,,,,,,,,,,,,,,,,,,,,,,,,,,,,,,,,,,,,,,,,,,,,,,,,,,,,,,,,,,,,,,,,,,,,,,,,,,,,,,,,,,,,,,,,,,,,,,,,,,,,,,,,,,,,,,,,,,,,,,,,,,,,,,,,,,,,,
F03_RD14-0003-40_41-1;4-M4d-0.075IP-Q0.6_002.20sec.fsa,D7S820,B,OL,249.18,5,7,258.51,8,OL,259.84,4,9,266.15,24,OL,267.34,12,10,270.06,11,11,274.15,220,12,278.23,5,OL,280.08,7,13,282.46,5,,,,,,,,,,,,,,,,,,,,,,,,,,,,,,,,,,,,,,,,,,,,,,,,,,,,,,,,,,,,,,,,,,,,,,,,,,,,,,,,,,,,,,,,,,,,,,,,,,,,,,,,,,,,,,,,,,,,,,,,,,,,,,,,,,,,,,,,,,,,,,,,,,,,,,,,,,,,,,,,,,,,,,,,,,,,,,,,,,,,,,,,,,,,,,,,,,,,,,,,,,,,,,,,,,,,,,,,,,,,,,,,,,,,,,,,,,,,,,,,,,,,,,,,,,,,,,,,,,,,,,,,,,,,,,
F03_RD14-0003-40_41-1;4-M4d-0.075IP-Q0.6_002.20sec.fsa,CSF1PO,B,OL,300,9,6,302.89,6,OL,320.25,7,11,322.88,40,12,326.89,730,13,331.04,7,OL,333.23,5,OL,340.16,6,,,,,,,,,,,,,,,,,,,,,,,,,,,,,,,,,,,,,,,,,,,,,,,,,,,,,,,,,,,,,,,,,,,,,,,,,,,,,,,,,,,,,,,,,,,,,,,,,,,,,,,,,,,,,,,,,,,,,,,,,,,,,,,,,,,,,,,,,,,,,,,,,,,,,,,,,,,,,,,,,,,,,,,,,,,,,,,,,,,,,,,,,,,,,,,,,,,,,,,,,,,,,,,,,,,,,,,,,,,,,,,,,,,,,,,,,,,,,,,,,,,,,,,,,,,,,,,,,,,,,,,,,,,,,,,,,,,,
F03_RD14-0003-40_41-1;4-M4d-0.075IP-Q0.6_002.20sec.fsa,D3S1358,G,12,110.1,4,14,118.15,7,15,122.17,163,16,126.32,479,17,130.42,523,OL,131.65,10,18,134.65,6,OL,141.74,10,,,,,,,,,,,,,,,,,,,,,,,,,,,,,,,,,,,,,,,,,,,,,,,,,,,,,,,,,,,,,,,,,,,,,,,,,,,,,,,,,,,,,,,,,,,,,,,,,,,,,,,,,,,,,,,,,,,,,,,,,,,,,,,,,,,,,,,,,,,,,,,,,,,,,,,,,,,,,,,,,,,,,,,,,,,,,,,,,,,,,,,,,,,,,,,,,,,,,,,,,,,,,,,,,,,,,,,,,,,,,,,,,,,,,,,,,,,,,,,,,,,,,,,,,,,,,,,,,,,,,,,,,,,,,,,,,,,,
F03_RD14-0003-40_41-1;4-M4d-0.075IP-Q0.6_002.20sec.fsa,TH01,G,5,164.32,6,OL,166.76,3,6,168.57,29,7,172.67,1210,8,176.69,274,OL,194.46,8,13.3,200.31,5,,,,,,,,,,,,,,,,,,,,,,,,,,,,,,,,,,,,,,,,,,,,,,,,,,,,,,,,,,,,,,,,,,,,,,,,,,,,,,,,,,,,,,,,,,,,,,,,,,,,,,,,,,,,,,,,,,,,,,,,,,,,,,,,,,,,,,,,,,,,,,,,,,,,,,,,,,,,,,,,,,,,,,,,,,,,,,,,,,,,,,,,,,,,,,,,,,,,,,,,,,,,,,,,,,,,,,,,,,,,,,,,,,,,,,,,,,,,,,,,,,,,,,,,,,,,,,,,,,,,,,,,,,,,,,,,,,,,,,,
F03_RD14-0003-40_41-1;4-M4d-0.075IP-Q0.6_002.20sec.fsa,D13S317,G,OL,206.19,6,OL,224.45,5,11,227.32,48,12,231.3,728,13,235.29,242,14,239.2,10,,,,,,,,,,,,,,,,,,,,,,,,,,,,,,,,,,,,,,,,,,,,,,,,,,,,,,,,,,,,,,,,,,,,,,,,,,,,,,,,,,,,,,,,,,,,,,,,,,,,,,,,,,,,,,,,,,,,,,,,,,,,,,,,,,,,,,,,,,,,,,,,,,,,,,,,,,,,,,,,,,,,,,,,,,,,,,,,,,,,,,,,,,,,,,,,,,,,,,,,,,,,,,,,,,,,,,,,,,,,,,,,,,,,,,,,,,,,,,,,,,,,,,,,,,,,,,,,,,,,,,,,,,,,,,,,,,,,,,,,,,
F03_RD14-0003-40_41-1;4-M4d-0.075IP-Q0.6_002.20sec.fsa,D16S539,G,OL,250.4,5,OL,256.24,10,OL,258.9,6,7,259.61,9,OL,261.12,6,8,263.35,26,OL,265.35,3,9,267.34,703,10,271.34,26,OL,272.62,3,11,275.35,549,12,279.44,7,13,283.26,82,OL,291.83,8,,,,,,,,,,,,,,,,,,,,,,,,,,,,,,,,,,,,,,,,,,,,,,,,,,,,,,,,,,,,,,,,,,,,,,,,,,,,,,,,,,,,,,,,,,,,,,,,,,,,,,,,,,,,,,,,,,,,,,,,,,,,,,,,,,,,,,,,,,,,,,,,,,,,,,,,,,,,,,,,,,,,,,,,,,,,,,,,,,,,,,,,,,,,,,,,,,,,,,,,,,,,,,,,,,,,,,,,,,,,,,,,,,,,,,,,,,,,,,,,,,,,,,,,,,,,,,,,,,
F03_RD14-0003-40_41-1;4-M4d-0.075IP-Q0.6_002.20sec.fsa,D2S1338,G,15,304.63,4,OL,308.28,7,18,317.12,17,19,321.07,70,20,325.09,44,21,329.17,19,22,333.23,233,OL,338.31,4,24,341.14,8,25,345.22,64,OL,347.43,3,27,353.14,6,OL,354.78,4,,,,,,,,,,,,,,,,,,,,,,,,,,,,,,,,,,,,,,,,,,,,,,,,,,,,,,,,,,,,,,,,,,,,,,,,,,,,,,,,,,,,,,,,,,,,,,,,,,,,,,,,,,,,,,,,,,,,,,,,,,,,,,,,,,,,,,,,,,,,,,,,,,,,,,,,,,,,,,,,,,,,,,,,,,,,,,,,,,,,,,,,,,,,,,,,,,,,,,,,,,,,,,,,,,,,,,,,,,,,,,,,,,,,,,,,,,,,,,,,,,,,,,,,,,,,,,,,,,,,,
F03_RD14-0003-40_41-1;4-M4d-0.075IP-Q0.6_002.20sec.fsa,D19S433,Y,9,99.54,8,10,103.95,10,11,108.19,178,13,116.23,381,OL,117.26,12,13.2,118.22,9,15.2,126.09,34,16.2,130.12,394,OL,131.49,9,18.2,138.44,5,,,,,,,,,,,,,,,,,,,,,,,,,,,,,,,,,,,,,,,,,,,,,,,,,,,,,,,,,,,,,,,,,,,,,,,,,,,,,,,,,,,,,,,,,,,,,,,,,,,,,,,,,,,,,,,,,,,,,,,,,,,,,,,,,,,,,,,,,,,,,,,,,,,,,,,,,,,,,,,,,,,,,,,,,,,,,,,,,,,,,,,,,,,,,,,,,,,,,,,,,,,,,,,,,,,,,,,,,,,,,,,,,,,,,,,,,,,,,,,,,,,,,,,,,,,,,,,,,,,,,,,,,,,,,,
F03_RD14-0003-40_41-1;4-M4d-0.075IP-Q0.6_002.20sec.fsa,vWA,Y,15,168.02,33,16,172.2,21,17,176.21,168,18,180.24,612,19,184.42,422,OL,204.46,5,OL,205.8,7,,,,,,,,,,,,,,,,,,,,,,,,,,,,,,,,,,,,,,,,,,,,,,,,,,,,,,,,,,,,,,,,,,,,,,,,,,,,,,,,,,,,,,,,,,,,,,,,,,,,,,,,,,,,,,,,,,,,,,,,,,,,,,,,,,,,,,,,,,,,,,,,,,,,,,,,,,,,,,,,,,,,,,,,,,,,,,,,,,,,,,,,,,,,,,,,,,,,,,,,,,,,,,,,,,,,,,,,,,,,,,,,,,,,,,,,,,,,,,,,,,,,,,,,,,,,,,,,,,,,,,,,,,,,,,,,,,,,,,,
F03_RD14-0003-40_41-1;4-M4d-0.075IP-Q0.6_002.20sec.fsa,TPOX,Y,OL,214.89,3,6,220.4,7,7,224.77,13,8,228.75,455,13,249.43,8,14,253.4,9,,,,,,,,,,,,,,,,,,,,,,,,,,,,,,,,,,,,,,,,,,,,,,,,,,,,,,,,,,,,,,,,,,,,,,,,,,,,,,,,,,,,,,,,,,,,,,,,,,,,,,,,,,,,,,,,,,,,,,,,,,,,,,,,,,,,,,,,,,,,,,,,,,,,,,,,,,,,,,,,,,,,,,,,,,,,,,,,,,,,,,,,,,,,,,,,,,,,,,,,,,,,,,,,,,,,,,,,,,,,,,,,,,,,,,,,,,,,,,,,,,,,,,,,,,,,,,,,,,,,,,,,,,,,,,,,,,,,,,,,,,
F03_RD14-0003-40_41-1;4-M4d-0.075IP-Q0.6_002.20sec.fsa,D18S51,Y,12,281.11,80,13,285.16,350,14,289.21,7,OL,289.77,5,15,293.18,4,15.2,295.08,8,17.2,302.81,4,18,304.94,27,19,309.08,212,OL,314.42,6,OL,322.8,8,OL,332.5,3,26,338.07,7,OL,346.86,7,,,,,,,,,,,,,,,,,,,,,,,,,,,,,,,,,,,,,,,,,,,,,,,,,,,,,,,,,,,,,,,,,,,,,,,,,,,,,,,,,,,,,,,,,,,,,,,,,,,,,,,,,,,,,,,,,,,,,,,,,,,,,,,,,,,,,,,,,,,,,,,,,,,,,,,,,,,,,,,,,,,,,,,,,,,,,,,,,,,,,,,,,,,,,,,,,,,,,,,,,,,,,,,,,,,,,,,,,,,,,,,,,,,,,,,,,,,,,,,,,,,,,,,,,,,,,,,,,,
F03_RD14-0003-40_41-1;4-M4d-0.075IP-Q0.6_002.20sec.fsa,AMEL,R,X,104.96,368,Y,110.87,410,,,,,,,,,,,,,,,,,,,,,,,,,,,,,,,,,,,,,,,,,,,,,,,,,,,,,,,,,,,,,,,,,,,,,,,,,,,,,,,,,,,,,,,,,,,,,,,,,,,,,,,,,,,,,,,,,,,,,,,,,,,,,,,,,,,,,,,,,,,,,,,,,,,,,,,,,,,,,,,,,,,,,,,,,,,,,,,,,,,,,,,,,,,,,,,,,,,,,,,,,,,,,,,,,,,,,,,,,,,,,,,,,,,,,,,,,,,,,,,,,,,,,,,,,,,,,,,,,,,,,,,,,,,,,,,,,,,,,,,,,,,,,,,,,,,,,,
F03_RD14-0003-40_41-1;4-M4d-0.075IP-Q0.6_002.20sec.fsa,D5S818,R,OL,126.47,8,OL,134.57,5,8,136.42,6,OL,137.59,10,OL,142.45,8,10,144.75,58,11,148.89,962,12,152.95,66,OL,156.63,11,13,157.27,10,14,161.65,12,OL,164.32,6,16,169.6,7,OL,172.59,16,OL,175.43,10,,,,,,,,,,,,,,,,,,,,,,,,,,,,,,,,,,,,,,,,,,,,,,,,,,,,,,,,,,,,,,,,,,,,,,,,,,,,,,,,,,,,,,,,,,,,,,,,,,,,,,,,,,,,,,,,,,,,,,,,,,,,,,,,,,,,,,,,,,,,,,,,,,,,,,,,,,,,,,,,,,,,,,,,,,,,,,,,,,,,,,,,,,,,,,,,,,,,,,,,,,,,,,,,,,,,,,,,,,,,,,,,,,,,,,,,,,,,,,,,,,,,,,,,,,,,,,,
F03_RD14-0003-40_41-1;4-M4d-0.075IP-Q0.6_002.20sec.fsa,FGA,R,19,221.43,8,22,233.21,110,OL,236.49,6,25,245.42,12,25.2,247.8,2,26,249.59,129,27,253.64,190,30,265.91,4,OL,270.54,8,32.2,275.43,11,OL,282.54,6,34.2,283.34,8,OL,285.88,11,OL,287.78,6,OL,298.02,10,OL,310.2,10,OL,311.01,11,OL,313.67,4,OL,323.29,6,OL,329.91,7,OL,330.88,7,47.2,336.06,7,OL,357.63,8,OL,358.78,10,,,,,,,,,,,,,,,,,,,,,,,,,,,,,,,,,,,,,,,,,,,,,,,,,,,,,,,,,,,,,,,,,,,,,,,,,,,,,,,,,,,,,,,,,,,,,,,,,,,,,,,,,,,,,,,,,,,,,,,,,,,,,,,,,,,,,,,,,,,,,,,,,,,,,,,,,,,,,,,,,,,,,,,,,,,,,,,,,,,,,,,,,,,,,,,,,,,,,,,,,,,,,,,,,,,,,,,,,,,,,,,,,,,,
F04_RD14-0003-42_43-1;9-M3a-0.15IP-Q0.5_002.20sec.fsa,D8S1179,B,OL,117,3,OL,119.85,1,OL,123.52,7,10,129.63,60,OL,132.52,5,11,133.65,737,12,137.79,114,13,141.99,1010,14,146.07,6,OL,152.51,5,16,154.27,5,OL,172.52,3,OL,178.17,5,,,,,,,,,,,,,,,,,,,,,,,,,,,,,,,,,,,,,,,,,,,,,,,,,,,,,,,,,,,,,,,,,,,,,,,,,,,,,,,,,,,,,,,,,,,,,,,,,,,,,,,,,,,,,,,,,,,,,,,,,,,,,,,,,,,,,,,,,,,,,,,,,,,,,,,,,,,,,,,,,,,,,,,,,,,,,,,,,,,,,,,,,,,,,,,,,,,,,,,,,,,,,,,,,,,,,,,,,,,,,,,,,,,,,,,,,,,,,,,,,,,,,,,,,,,,,,,,,,,,,
F04_RD14-0003-42_43-1;9-M3a-0.15IP-Q0.5_002.20sec.fsa,D21S11,B,25,186.78,6,26,190.68,33,27,194.74,778,28,198.73,41,29,202.74,692,30,206.81,103,OL,214,5,OL,220,7,33.2,221.1,3,35,227.35,10,36,231.34,14,OL,240,7,,,,,,,,,,,,,,,,,,,,,,,,,,,,,,,,,,,,,,,,,,,,,,,,,,,,,,,,,,,,,,,,,,,,,,,,,,,,,,,,,,,,,,,,,,,,,,,,,,,,,,,,,,,,,,,,,,,,,,,,,,,,,,,,,,,,,,,,,,,,,,,,,,,,,,,,,,,,,,,,,,,,,,,,,,,,,,,,,,,,,,,,,,,,,,,,,,,,,,,,,,,,,,,,,,,,,,,,,,,,,,,,,,,,,,,,,,,,,,,,,,,,,,,,,,,,,,,,,,,,,,,,
F04_RD14-0003-42_43-1;9-M3a-0.15IP-Q0.5_002.20sec.fsa,D7S820,B,6,254.13,2,7,258.24,6,8,262.13,384,9,266.13,713,10,270.15,7,OL,271.17,17,11,274.17,172,12,278.63,6,16,294.56,3,,,,,,,,,,,,,,,,,,,,,,,,,,,,,,,,,,,,,,,,,,,,,,,,,,,,,,,,,,,,,,,,,,,,,,,,,,,,,,,,,,,,,,,,,,,,,,,,,,,,,,,,,,,,,,,,,,,,,,,,,,,,,,,,,,,,,,,,,,,,,,,,,,,,,,,,,,,,,,,,,,,,,,,,,,,,,,,,,,,,,,,,,,,,,,,,,,,,,,,,,,,,,,,,,,,,,,,,,,,,,,,,,,,,,,,,,,,,,,,,,,,,,,,,,,,,,,,,,,,,,,,,,,,,,,,,,
F04_RD14-0003-42_43-1;9-M3a-0.15IP-Q0.5_002.20sec.fsa,CSF1PO,B,5,299.07,3,OL,299.83,5,OL,303.25,2,OL,305.27,3,9,314.45,19,10,318.81,556,11,322.92,51,12,326.96,690,OL,329.15,2,OL,333.25,15,15,339.05,3,OL,339.91,5,,,,,,,,,,,,,,,,,,,,,,,,,,,,,,,,,,,,,,,,,,,,,,,,,,,,,,,,,,,,,,,,,,,,,,,,,,,,,,,,,,,,,,,,,,,,,,,,,,,,,,,,,,,,,,,,,,,,,,,,,,,,,,,,,,,,,,,,,,,,,,,,,,,,,,,,,,,,,,,,,,,,,,,,,,,,,,,,,,,,,,,,,,,,,,,,,,,,,,,,,,,,,,,,,,,,,,,,,,,,,,,,,,,,,,,,,,,,,,,,,,,,,,,,,,,,,,,,,,,,,,,,
F04_RD14-0003-42_43-1;9-M3a-0.15IP-Q0.5_002.20sec.fsa,D3S1358,G,OL,104.7,6,OL,106.96,4,13,114.46,6,OL,116,10,14,118.31,149,15,122.34,2498,16,126.13,94,OL,133.65,7,20,142.08,13,,,,,,,,,,,,,,,,,,,,,,,,,,,,,,,,,,,,,,,,,,,,,,,,,,,,,,,,,,,,,,,,,,,,,,,,,,,,,,,,,,,,,,,,,,,,,,,,,,,,,,,,,,,,,,,,,,,,,,,,,,,,,,,,,,,,,,,,,,,,,,,,,,,,,,,,,,,,,,,,,,,,,,,,,,,,,,,,,,,,,,,,,,,,,,,,,,,,,,,,,,,,,,,,,,,,,,,,,,,,,,,,,,,,,,,,,,,,,,,,,,,,,,,,,,,,,,,,,,,,,,,,,,,,,,,,,
F04_RD14-0003-42_43-1;9-M3a-0.15IP-Q0.5_002.20sec.fsa,TH01,G,7,172.68,24,OL,173.85,8,8,176.75,1089,9,180.85,42,9.3,183.98,1304,OL,194.74,11,,,,,,,,,,,,,,,,,,,,,,,,,,,,,,,,,,,,,,,,,,,,,,,,,,,,,,,,,,,,,,,,,,,,,,,,,,,,,,,,,,,,,,,,,,,,,,,,,,,,,,,,,,,,,,,,,,,,,,,,,,,,,,,,,,,,,,,,,,,,,,,,,,,,,,,,,,,,,,,,,,,,,,,,,,,,,,,,,,,,,,,,,,,,,,,,,,,,,,,,,,,,,,,,,,,,,,,,,,,,,,,,,,,,,,,,,,,,,,,,,,,,,,,,,,,,,,,,,,,,,,,,,,,,,,,,,,,,,,,,,,
F04_RD14-0003-42_43-1;9-M3a-0.15IP-Q0.5_002.20sec.fsa,D13S317,G,OL,208.48,3,7,211.07,3,9,219.48,4,10,223.21,52,11,227.27,985,12,231.25,1263,13,235.24,93,,,,,,,,,,,,,,,,,,,,,,,,,,,,,,,,,,,,,,,,,,,,,,,,,,,,,,,,,,,,,,,,,,,,,,,,,,,,,,,,,,,,,,,,,,,,,,,,,,,,,,,,,,,,,,,,,,,,,,,,,,,,,,,,,,,,,,,,,,,,,,,,,,,,,,,,,,,,,,,,,,,,,,,,,,,,,,,,,,,,,,,,,,,,,,,,,,,,,,,,,,,,,,,,,,,,,,,,,,,,,,,,,,,,,,,,,,,,,,,,,,,,,,,,,,,,,,,,,,,,,,,,,,,,,,,,,,,,,,,
F04_RD14-0003-42_43-1;9-M3a-0.15IP-Q0.5_002.20sec.fsa,D16S539,G,6,255.64,4,OL,257.82,6,OL,260.68,3,9,267.33,158,10,271.35,1978,11,275.37,26,12,279.31,276,15,290.73,5,OL,294.56,3,,,,,,,,,,,,,,,,,,,,,,,,,,,,,,,,,,,,,,,,,,,,,,,,,,,,,,,,,,,,,,,,,,,,,,,,,,,,,,,,,,,,,,,,,,,,,,,,,,,,,,,,,,,,,,,,,,,,,,,,,,,,,,,,,,,,,,,,,,,,,,,,,,,,,,,,,,,,,,,,,,,,,,,,,,,,,,,,,,,,,,,,,,,,,,,,,,,,,,,,,,,,,,,,,,,,,,,,,,,,,,,,,,,,,,,,,,,,,,,,,,,,,,,,,,,,,,,,,,,,,,,,,,,,,,,,,
F04_RD14-0003-42_43-1;9-M3a-0.15IP-Q0.5_002.20sec.fsa,D2S1338,G,17,312.7,6,OL,314.72,5,18,316.99,54,19,321.15,682,21,329.24,106,22,333.25,1074,OL,335.59,3,23,337.24,151,OL,342.47,4,OL,347.31,6,26,349.69,7,,,,,,,,,,,,,,,,,,,,,,,,,,,,,,,,,,,,,,,,,,,,,,,,,,,,,,,,,,,,,,,,,,,,,,,,,,,,,,,,,,,,,,,,,,,,,,,,,,,,,,,,,,,,,,,,,,,,,,,,,,,,,,,,,,,,,,,,,,,,,,,,,,,,,,,,,,,,,,,,,,,,,,,,,,,,,,,,,,,,,,,,,,,,,,,,,,,,,,,,,,,,,,,,,,,,,,,,,,,,,,,,,,,,,,,,,,,,,,,,,,,,,,,,,,,,,,,,,,,,,,,,,,,
F04_RD14-0003-42_43-1;9-M3a-0.15IP-Q0.5_002.20sec.fsa,D19S433,Y,OL,95.7,8,OL,99.28,11,9.2,102.19,10,11.2,110.17,7,12.2,114.39,72,13,116.31,55,13.2,118.31,911,14,120.23,986,14.2,122.27,90,18.2,138.12,7,,,,,,,,,,,,,,,,,,,,,,,,,,,,,,,,,,,,,,,,,,,,,,,,,,,,,,,,,,,,,,,,,,,,,,,,,,,,,,,,,,,,,,,,,,,,,,,,,,,,,,,,,,,,,,,,,,,,,,,,,,,,,,,,,,,,,,,,,,,,,,,,,,,,,,,,,,,,,,,,,,,,,,,,,,,,,,,,,,,,,,,,,,,,,,,,,,,,,,,,,,,,,,,,,,,,,,,,,,,,,,,,,,,,,,,,,,,,,,,,,,,,,,,,,,,,,,,,,,,,,,,,,,,,,,
F04_RD14-0003-42_43-1;9-M3a-0.15IP-Q0.5_002.20sec.fsa,vWA,Y,OL,151.25,5,OL,152.76,12,12,155.87,37,13,160,735,OL,161.24,10,OL,164.88,7,15,168.28,10,16,172.27,137,17,176.34,635,OL,177.75,11,18,180.25,10,19,183.98,23,OL,185.76,11,OL,189.83,8,OL,195.51,5,22,196.35,7,OL,207.39,7,OL,208.23,7,,,,,,,,,,,,,,,,,,,,,,,,,,,,,,,,,,,,,,,,,,,,,,,,,,,,,,,,,,,,,,,,,,,,,,,,,,,,,,,,,,,,,,,,,,,,,,,,,,,,,,,,,,,,,,,,,,,,,,,,,,,,,,,,,,,,,,,,,,,,,,,,,,,,,,,,,,,,,,,,,,,,,,,,,,,,,,,,,,,,,,,,,,,,,,,,,,,,,,,,,,,,,,,,,,,,,,,,,,,,,,,,,,,,,,,,,,,,,,,,,,,,,,
F04_RD14-0003-42_43-1;9-M3a-0.15IP-Q0.5_002.20sec.fsa,TPOX,Y,OL,220.17,10,OL,222.45,7,7,224.73,12,8,228.88,485,OL,230.4,7,10,236.77,25,11,240.87,790,OL,249.83,7,,,,,,,,,,,,,,,,,,,,,,,,,,,,,,,,,,,,,,,,,,,,,,,,,,,,,,,,,,,,,,,,,,,,,,,,,,,,,,,,,,,,,,,,,,,,,,,,,,,,,,,,,,,,,,,,,,,,,,,,,,,,,,,,,,,,,,,,,,,,,,,,,,,,,,,,,,,,,,,,,,,,,,,,,,,,,,,,,,,,,,,,,,,,,,,,,,,,,,,,,,,,,,,,,,,,,,,,,,,,,,,,,,,,,,,,,,,,,,,,,,,,,,,,,,,,,,,,,,,,,,,,,,,,,,,,,,,,
F04_RD14-0003-42_43-1;9-M3a-0.15IP-Q0.5_002.20sec.fsa,D18S51,Y,OL,268.27,8,9,269.38,13,10,273.23,14,14,289.2,6,17,301.16,162,18,305.1,565,19,309.09,974,20,313.05,8,24,329.5,5,OL,332.55,9,OL,335.76,10,OL,343.79,8,,,,,,,,,,,,,,,,,,,,,,,,,,,,,,,,,,,,,,,,,,,,,,,,,,,,,,,,,,,,,,,,,,,,,,,,,,,,,,,,,,,,,,,,,,,,,,,,,,,,,,,,,,,,,,,,,,,,,,,,,,,,,,,,,,,,,,,,,,,,,,,,,,,,,,,,,,,,,,,,,,,,,,,,,,,,,,,,,,,,,,,,,,,,,,,,,,,,,,,,,,,,,,,,,,,,,,,,,,,,,,,,,,,,,,,,,,,,,,,,,,,,,,,,,,,,,,,,,,,,,,,,
F04_RD14-0003-42_43-1;9-M3a-0.15IP-Q0.5_002.20sec.fsa,AMEL,R,X,105.03,686,Y,110.89,823,,,,,,,,,,,,,,,,,,,,,,,,,,,,,,,,,,,,,,,,,,,,,,,,,,,,,,,,,,,,,,,,,,,,,,,,,,,,,,,,,,,,,,,,,,,,,,,,,,,,,,,,,,,,,,,,,,,,,,,,,,,,,,,,,,,,,,,,,,,,,,,,,,,,,,,,,,,,,,,,,,,,,,,,,,,,,,,,,,,,,,,,,,,,,,,,,,,,,,,,,,,,,,,,,,,,,,,,,,,,,,,,,,,,,,,,,,,,,,,,,,,,,,,,,,,,,,,,,,,,,,,,,,,,,,,,,,,,,,,,,,,,,,,,,,,,,,
F04_RD14-0003-42_43-1;9-M3a-0.15IP-Q0.5_002.20sec.fsa,D5S818,R,OL,126.44,7,OL,137.79,8,9,140.66,9,10,144.74,32,OL,145.82,5,11,148.91,649,12,153.01,623,13,157.13,115,OL,158.99,6,OL,159.66,6,14,160.91,13,14,161.74,9,OL,163.15,8,OL,174.01,8,,,,,,,,,,,,,,,,,,,,,,,,,,,,,,,,,,,,,,,,,,,,,,,,,,,,,,,,,,,,,,,,,,,,,,,,,,,,,,,,,,,,,,,,,,,,,,,,,,,,,,,,,,,,,,,,,,,,,,,,,,,,,,,,,,,,,,,,,,,,,,,,,,,,,,,,,,,,,,,,,,,,,,,,,,,,,,,,,,,,,,,,,,,,,,,,,,,,,,,,,,,,,,,,,,,,,,,,,,,,,,,,,,,,,,,,,,,,,,,,,,,,,,,,,,,,,,,,,,
F04_RD14-0003-42_43-1;9-M3a-0.15IP-Q0.5_002.20sec.fsa,FGA,R,OL,206.31,5,OL,206.98,6,OL,207.81,8,OL,214.09,6,19,220.84,13,20,224.98,201,21,229.13,930,23.2,239.74,4,OL,242.09,9,27,253.54,31,28,257.57,482,OL,270.06,13,OL,276.4,9,OL,295.5,11,OL,296.18,9,OL,309.86,13,OL,343.44,6,OL,350.31,7,,,,,,,,,,,,,,,,,,,,,,,,,,,,,,,,,,,,,,,,,,,,,,,,,,,,,,,,,,,,,,,,,,,,,,,,,,,,,,,,,,,,,,,,,,,,,,,,,,,,,,,,,,,,,,,,,,,,,,,,,,,,,,,,,,,,,,,,,,,,,,,,,,,,,,,,,,,,,,,,,,,,,,,,,,,,,,,,,,,,,,,,,,,,,,,,,,,,,,,,,,,,,,,,,,,,,,,,,,,,,,,,,,,,,,,,,,,,,,,,,,,,,,
F05_RD14-0003-42_43-1;9-M2e-0.31IP-Q2.5_002.20sec.fsa,D8S1179,B,8,121.53,6,8,122.15,7,OL,127.49,8,10,129.68,42,11,133.69,630,12,137.75,110,13,141.96,498,14,146.15,62,15,150.44,6,OL,160.24,3,18,163.02,5,19,167.27,4,OL,168.5,3,OL,174.32,12,,,,,,,,,,,,,,,,,,,,,,,,,,,,,,,,,,,,,,,,,,,,,,,,,,,,,,,,,,,,,,,,,,,,,,,,,,,,,,,,,,,,,,,,,,,,,,,,,,,,,,,,,,,,,,,,,,,,,,,,,,,,,,,,,,,,,,,,,,,,,,,,,,,,,,,,,,,,,,,,,,,,,,,,,,,,,,,,,,,,,,,,,,,,,,,,,,,,,,,,,,,,,,,,,,,,,,,,,,,,,,,,,,,,,,,,,,,,,,,,,,,,,,,,,,,,,,,,,,
F05_RD14-0003-42_43-1;9-M2e-0.31IP-Q2.5_002.20sec.fsa,D21S11,B,23.2,180.08,4,26,190.62,10,27,194.68,286,28,198.56,18,OL,200,4,29,202.63,247,30,206.68,80,30.2,208.67,10,OL,211.25,4,31.2,212.58,25,36,230.47,5,OL,240.09,7,,,,,,,,,,,,,,,,,,,,,,,,,,,,,,,,,,,,,,,,,,,,,,,,,,,,,,,,,,,,,,,,,,,,,,,,,,,,,,,,,,,,,,,,,,,,,,,,,,,,,,,,,,,,,,,,,,,,,,,,,,,,,,,,,,,,,,,,,,,,,,,,,,,,,,,,,,,,,,,,,,,,,,,,,,,,,,,,,,,,,,,,,,,,,,,,,,,,,,,,,,,,,,,,,,,,,,,,,,,,,,,,,,,,,,,,,,,,,,,,,,,,,,,,,,,,,,,,,,,,,,,,
F05_RD14-0003-42_43-1;9-M2e-0.31IP-Q2.5_002.20sec.fsa,D7S820,B,OL,250.76,3,6,254.13,5,OL,254.89,3,OL,256.15,3,8,262.07,166,9,266.04,136,OL,269.6,4,11,273.86,10,OL,276.49,5,OL,278.86,4,OL,287.82,4,OL,291.21,3,,,,,,,,,,,,,,,,,,,,,,,,,,,,,,,,,,,,,,,,,,,,,,,,,,,,,,,,,,,,,,,,,,,,,,,,,,,,,,,,,,,,,,,,,,,,,,,,,,,,,,,,,,,,,,,,,,,,,,,,,,,,,,,,,,,,,,,,,,,,,,,,,,,,,,,,,,,,,,,,,,,,,,,,,,,,,,,,,,,,,,,,,,,,,,,,,,,,,,,,,,,,,,,,,,,,,,,,,,,,,,,,,,,,,,,,,,,,,,,,,,,,,,,,,,,,,,,,,,,,,,,,
F05_RD14-0003-42_43-1;9-M2e-0.31IP-Q2.5_002.20sec.fsa,CSF1PO,B,OL,304.47,3,OL,311.76,4,OL,312.75,5,OL,314,6,9,314.65,6,10,318.78,170,OL,321.73,6,11,322.73,13,12,326.9,193,,,,,,,,,,,,,,,,,,,,,,,,,,,,,,,,,,,,,,,,,,,,,,,,,,,,,,,,,,,,,,,,,,,,,,,,,,,,,,,,,,,,,,,,,,,,,,,,,,,,,,,,,,,,,,,,,,,,,,,,,,,,,,,,,,,,,,,,,,,,,,,,,,,,,,,,,,,,,,,,,,,,,,,,,,,,,,,,,,,,,,,,,,,,,,,,,,,,,,,,,,,,,,,,,,,,,,,,,,,,,,,,,,,,,,,,,,,,,,,,,,,,,,,,,,,,,,,,,,,,,,,,,,,,,,,,,
F05_RD14-0003-42_43-1;9-M2e-0.31IP-Q2.5_002.20sec.fsa,D3S1358,G,OL,95.11,8,OL,103.16,8,OL,104.9,20,OL,111.11,9,OL,112.59,2,14,118.41,80,15,122.38,1417,16,126.16,197,16.2,128.58,24,OL,133.54,7,OL,141.88,10,OL,143.52,10,,,,,,,,,,,,,,,,,,,,,,,,,,,,,,,,,,,,,,,,,,,,,,,,,,,,,,,,,,,,,,,,,,,,,,,,,,,,,,,,,,,,,,,,,,,,,,,,,,,,,,,,,,,,,,,,,,,,,,,,,,,,,,,,,,,,,,,,,,,,,,,,,,,,,,,,,,,,,,,,,,,,,,,,,,,,,,,,,,,,,,,,,,,,,,,,,,,,,,,,,,,,,,,,,,,,,,,,,,,,,,,,,,,,,,,,,,,,,,,,,,,,,,,,,,,,,,,,,,,,,,,,
F05_RD14-0003-42_43-1;9-M2e-0.31IP-Q2.5_002.20sec.fsa,TH01,G,OL,156,9,3,156.75,15,5,164.08,21,8,176.71,522,9,180.76,203,9.3,183.88,548,OL,185.39,13,OL,186.91,6,OL,198.65,7,,,,,,,,,,,,,,,,,,,,,,,,,,,,,,,,,,,,,,,,,,,,,,,,,,,,,,,,,,,,,,,,,,,,,,,,,,,,,,,,,,,,,,,,,,,,,,,,,,,,,,,,,,,,,,,,,,,,,,,,,,,,,,,,,,,,,,,,,,,,,,,,,,,,,,,,,,,,,,,,,,,,,,,,,,,,,,,,,,,,,,,,,,,,,,,,,,,,,,,,,,,,,,,,,,,,,,,,,,,,,,,,,,,,,,,,,,,,,,,,,,,,,,,,,,,,,,,,,,,,,,,,,,,,,,,,,
F05_RD14-0003-42_43-1;9-M2e-0.31IP-Q2.5_002.20sec.fsa,D13S317,G,OL,205.11,5,OL,210.25,5,10,223.14,10,11,227.23,190,12,231.24,414,13,235.27,154,OL,237.5,8,OL,238.79,7,15,243.87,4,OL,246.77,4,,,,,,,,,,,,,,,,,,,,,,,,,,,,,,,,,,,,,,,,,,,,,,,,,,,,,,,,,,,,,,,,,,,,,,,,,,,,,,,,,,,,,,,,,,,,,,,,,,,,,,,,,,,,,,,,,,,,,,,,,,,,,,,,,,,,,,,,,,,,,,,,,,,,,,,,,,,,,,,,,,,,,,,,,,,,,,,,,,,,,,,,,,,,,,,,,,,,,,,,,,,,,,,,,,,,,,,,,,,,,,,,,,,,,,,,,,,,,,,,,,,,,,,,,,,,,,,,,,,,,,,,,,,,,,
F05_RD14-0003-42_43-1;9-M2e-0.31IP-Q2.5_002.20sec.fsa,D16S539,G,OL,260.95,7,OL,265,4,9,267.25,59,10,271.25,374,OL,277.01,6,OL,282.6,6,OL,286.43,7,,,,,,,,,,,,,,,,,,,,,,,,,,,,,,,,,,,,,,,,,,,,,,,,,,,,,,,,,,,,,,,,,,,,,,,,,,,,,,,,,,,,,,,,,,,,,,,,,,,,,,,,,,,,,,,,,,,,,,,,,,,,,,,,,,,,,,,,,,,,,,,,,,,,,,,,,,,,,,,,,,,,,,,,,,,,,,,,,,,,,,,,,,,,,,,,,,,,,,,,,,,,,,,,,,,,,,,,,,,,,,,,,,,,,,,,,,,,,,,,,,,,,,,,,,,,,,,,,,,,,,,,,,,,,,,,,,,,,,,
F05_RD14-0003-42_43-1;9-M2e-0.31IP-Q2.5_002.20sec.fsa,D2S1338,G,OL,303.09,6,OL,314.47,3,19,321.09,149,OL,322.91,6,OL,324.18,9,OL,329.88,9,22,333.03,38,OL,344.74,5,OL,354.42,6,OL,359.45,8,OL,362.64,6,,,,,,,,,,,,,,,,,,,,,,,,,,,,,,,,,,,,,,,,,,,,,,,,,,,,,,,,,,,,,,,,,,,,,,,,,,,,,,,,,,,,,,,,,,,,,,,,,,,,,,,,,,,,,,,,,,,,,,,,,,,,,,,,,,,,,,,,,,,,,,,,,,,,,,,,,,,,,,,,,,,,,,,,,,,,,,,,,,,,,,,,,,,,,,,,,,,,,,,,,,,,,,,,,,,,,,,,,,,,,,,,,,,,,,,,,,,,,,,,,,,,,,,,,,,,,,,,,,,,,,,,,,,
F05_RD14-0003-42_43-1;9-M2e-0.31IP-Q2.5_002.20sec.fsa,D19S433,Y,OL,97.74,6,OL,104.59,11,12.2,114.3,72,13,116.2,79,13.2,118.26,991,14,120.15,1112,14.2,122.15,216,OL,127.02,19,OL,134.8,9,OL,137.43,11,,,,,,,,,,,,,,,,,,,,,,,,,,,,,,,,,,,,,,,,,,,,,,,,,,,,,,,,,,,,,,,,,,,,,,,,,,,,,,,,,,,,,,,,,,,,,,,,,,,,,,,,,,,,,,,,,,,,,,,,,,,,,,,,,,,,,,,,,,,,,,,,,,,,,,,,,,,,,,,,,,,,,,,,,,,,,,,,,,,,,,,,,,,,,,,,,,,,,,,,,,,,,,,,,,,,,,,,,,,,,,,,,,,,,,,,,,,,,,,,,,,,,,,,,,,,,,,,,,,,,,,,,,,,,,
F05_RD14-0003-42_43-1;9-M2e-0.31IP-Q2.5_002.20sec.fsa,vWA,Y,13,160.08,472,16,172.27,52,17,176.3,321,OL,181.43,10,OL,183.03,10,23,200.16,11,24,204.7,9,,,,,,,,,,,,,,,,,,,,,,,,,,,,,,,,,,,,,,,,,,,,,,,,,,,,,,,,,,,,,,,,,,,,,,,,,,,,,,,,,,,,,,,,,,,,,,,,,,,,,,,,,,,,,,,,,,,,,,,,,,,,,,,,,,,,,,,,,,,,,,,,,,,,,,,,,,,,,,,,,,,,,,,,,,,,,,,,,,,,,,,,,,,,,,,,,,,,,,,,,,,,,,,,,,,,,,,,,,,,,,,,,,,,,,,,,,,,,,,,,,,,,,,,,,,,,,,,,,,,,,,,,,,,,,,,,,,,,,,
F05_RD14-0003-42_43-1;9-M2e-0.31IP-Q2.5_002.20sec.fsa,TPOX,Y,OL,219.4,7,8,228.68,214,OL,230.65,12,10,236.73,64,11,240.88,138,12,245.45,10,OL,248.17,10,13,249.3,9,OL,252.19,6,,,,,,,,,,,,,,,,,,,,,,,,,,,,,,,,,,,,,,,,,,,,,,,,,,,,,,,,,,,,,,,,,,,,,,,,,,,,,,,,,,,,,,,,,,,,,,,,,,,,,,,,,,,,,,,,,,,,,,,,,,,,,,,,,,,,,,,,,,,,,,,,,,,,,,,,,,,,,,,,,,,,,,,,,,,,,,,,,,,,,,,,,,,,,,,,,,,,,,,,,,,,,,,,,,,,,,,,,,,,,,,,,,,,,,,,,,,,,,,,,,,,,,,,,,,,,,,,,,,,,,,,,,,,,,,,,
F05_RD14-0003-42_43-1;9-M2e-0.31IP-Q2.5_002.20sec.fsa,D18S51,Y,10.2,275.35,8,11.2,278.95,9,15.2,295.21,8,OL,295.99,8,17,301.11,21,18,305.08,254,19,309.02,24,OL,314.28,9,21,317.27,11,21.2,319.06,7,OL,320.36,9,OL,330.33,10,26,337.41,10,,,,,,,,,,,,,,,,,,,,,,,,,,,,,,,,,,,,,,,,,,,,,,,,,,,,,,,,,,,,,,,,,,,,,,,,,,,,,,,,,,,,,,,,,,,,,,,,,,,,,,,,,,,,,,,,,,,,,,,,,,,,,,,,,,,,,,,,,,,,,,,,,,,,,,,,,,,,,,,,,,,,,,,,,,,,,,,,,,,,,,,,,,,,,,,,,,,,,,,,,,,,,,,,,,,,,,,,,,,,,,,,,,,,,,,,,,,,,,,,,,,,,,,,,,,,,,,,,,,,,
F05_RD14-0003-42_43-1;9-M2e-0.31IP-Q2.5_002.20sec.fsa,AMEL,R,X,104.98,1506,OL,109.7,12,Y,110.87,757,,,,,,,,,,,,,,,,,,,,,,,,,,,,,,,,,,,,,,,,,,,,,,,,,,,,,,,,,,,,,,,,,,,,,,,,,,,,,,,,,,,,,,,,,,,,,,,,,,,,,,,,,,,,,,,,,,,,,,,,,,,,,,,,,,,,,,,,,,,,,,,,,,,,,,,,,,,,,,,,,,,,,,,,,,,,,,,,,,,,,,,,,,,,,,,,,,,,,,,,,,,,,,,,,,,,,,,,,,,,,,,,,,,,,,,,,,,,,,,,,,,,,,,,,,,,,,,,,,,,,,,,,,,,,,,,,,,,,,,,,,,,,,,,,,,
F05_RD14-0003-42_43-1;9-M2e-0.31IP-Q2.5_002.20sec.fsa,D5S818,R,OL,129.52,9,8,136.24,10,10,144.75,15,11,148.87,373,OL,150.36,11,12,153.01,456,13,157.16,156,OL,158.41,12,OL,163.1,6,OL,171.94,6,,,,,,,,,,,,,,,,,,,,,,,,,,,,,,,,,,,,,,,,,,,,,,,,,,,,,,,,,,,,,,,,,,,,,,,,,,,,,,,,,,,,,,,,,,,,,,,,,,,,,,,,,,,,,,,,,,,,,,,,,,,,,,,,,,,,,,,,,,,,,,,,,,,,,,,,,,,,,,,,,,,,,,,,,,,,,,,,,,,,,,,,,,,,,,,,,,,,,,,,,,,,,,,,,,,,,,,,,,,,,,,,,,,,,,,,,,,,,,,,,,,,,,,,,,,,,,,,,,,,,,,,,,,,,,
F05_RD14-0003-42_43-1;9-M2e-0.31IP-Q2.5_002.20sec.fsa,FGA,R,16,209.25,7,20,224.93,24,21,229.11,409,22,233.13,27,OL,242.12,8,24.2,243.79,10,25.2,247.47,8,OL,248.69,7,27,253.54,16,28,257.57,214,OL,262.15,10,29.2,263.96,9,OL,265,8,32,273.78,4,OL,276.23,11,OL,284.6,7,OL,290.86,7,OL,309.46,17,OL,321.73,12,OL,329.97,8,OL,333.12,5,OL,350.12,5,OL,356.61,6,,,,,,,,,,,,,,,,,,,,,,,,,,,,,,,,,,,,,,,,,,,,,,,,,,,,,,,,,,,,,,,,,,,,,,,,,,,,,,,,,,,,,,,,,,,,,,,,,,,,,,,,,,,,,,,,,,,,,,,,,,,,,,,,,,,,,,,,,,,,,,,,,,,,,,,,,,,,,,,,,,,,,,,,,,,,,,,,,,,,,,,,,,,,,,,,,,,,,,,,,,,,,,,,,,,,,,,,,,,,,,,,,,,,,,,
G01_RD14-0003-44_45-1;1-M3d-0.126IP-Q0.5_003.20sec.fsa,D8S1179,B,OL,113.1,3,OL,115.47,1,OL,118.47,3,OL,123.7,5,9,125.63,13,10,129.74,425,OL,135.49,2,OL,140.08,2,13,142.1,25,OL,144.36,1,14,146.23,482,15,150.3,389,16,154.39,9,OL,160.16,4,OL,176.53,2,,,,,,,,,,,,,,,,,,,,,,,,,,,,,,,,,,,,,,,,,,,,,,,,,,,,,,,,,,,,,,,,,,,,,,,,,,,,,,,,,,,,,,,,,,,,,,,,,,,,,,,,,,,,,,,,,,,,,,,,,,,,,,,,,,,,,,,,,,,,,,,,,,,,,,,,,,,,,,,,,,,,,,,,,,,,,,,,,,,,,,,,,,,,,,,,,,,,,,,,,,,,,,,,,,,,,,,,,,,,,,,,,,,,,,,,,,,,,,,,,,,,,,,,,,,,,,,
G01_RD14-0003-44_45-1;1-M3d-0.126IP-Q0.5_003.20sec.fsa,D21S11,B,23.2,180.64,9,OL,185.14,3,25,186.66,2,25.2,188.35,2,26,190.92,2,27,194.53,30,28,198.63,651,OL,204.08,2,30,206.53,8,31,210.57,113,32,214.66,126,36,231.4,7,37,235.29,8,38.2,241.42,2,,,,,,,,,,,,,,,,,,,,,,,,,,,,,,,,,,,,,,,,,,,,,,,,,,,,,,,,,,,,,,,,,,,,,,,,,,,,,,,,,,,,,,,,,,,,,,,,,,,,,,,,,,,,,,,,,,,,,,,,,,,,,,,,,,,,,,,,,,,,,,,,,,,,,,,,,,,,,,,,,,,,,,,,,,,,,,,,,,,,,,,,,,,,,,,,,,,,,,,,,,,,,,,,,,,,,,,,,,,,,,,,,,,,,,,,,,,,,,,,,,,,,,,,,,,,,,,,,,
G01_RD14-0003-44_45-1;1-M3d-0.126IP-Q0.5_003.20sec.fsa,D7S820,B,5,250.08,2,7,258.25,4,8,262.13,159,9,266.08,143,10,270.12,236,OL,275.34,15,OL,292.95,3,16,294.18,3,,,,,,,,,,,,,,,,,,,,,,,,,,,,,,,,,,,,,,,,,,,,,,,,,,,,,,,,,,,,,,,,,,,,,,,,,,,,,,,,,,,,,,,,,,,,,,,,,,,,,,,,,,,,,,,,,,,,,,,,,,,,,,,,,,,,,,,,,,,,,,,,,,,,,,,,,,,,,,,,,,,,,,,,,,,,,,,,,,,,,,,,,,,,,,,,,,,,,,,,,,,,,,,,,,,,,,,,,,,,,,,,,,,,,,,,,,,,,,,,,,,,,,,,,,,,,,,,,,,,,,,,,,,,,,,,,,,,
G01_RD14-0003-44_45-1;1-M3d-0.126IP-Q0.5_003.20sec.fsa,CSF1PO,B,OL,299.92,6,OL,308.68,2,8,310.53,1,OL,311.54,4,OL,313.15,3,10,318.56,7,10.2,320.95,6,11,322.77,143,12,326.81,314,OL,341.91,2,,,,,,,,,,,,,,,,,,,,,,,,,,,,,,,,,,,,,,,,,,,,,,,,,,,,,,,,,,,,,,,,,,,,,,,,,,,,,,,,,,,,,,,,,,,,,,,,,,,,,,,,,,,,,,,,,,,,,,,,,,,,,,,,,,,,,,,,,,,,,,,,,,,,,,,,,,,,,,,,,,,,,,,,,,,,,,,,,,,,,,,,,,,,,,,,,,,,,,,,,,,,,,,,,,,,,,,,,,,,,,,,,,,,,,,,,,,,,,,,,,,,,,,,,,,,,,,,,,,,,,,,,,,,,,
G01_RD14-0003-44_45-1;1-M3d-0.126IP-Q0.5_003.20sec.fsa,D3S1358,G,11,105.77,4,OL,107.89,3,OL,108.95,2,14,118.25,80,15,122.29,909,16,126.45,505,17,130.2,927,18,134.2,5,18.2,136.48,2,OL,139.69,3,OL,142.95,3,,,,,,,,,,,,,,,,,,,,,,,,,,,,,,,,,,,,,,,,,,,,,,,,,,,,,,,,,,,,,,,,,,,,,,,,,,,,,,,,,,,,,,,,,,,,,,,,,,,,,,,,,,,,,,,,,,,,,,,,,,,,,,,,,,,,,,,,,,,,,,,,,,,,,,,,,,,,,,,,,,,,,,,,,,,,,,,,,,,,,,,,,,,,,,,,,,,,,,,,,,,,,,,,,,,,,,,,,,,,,,,,,,,,,,,,,,,,,,,,,,,,,,,,,,,,,,,,,,,,,,,,,,,
G01_RD14-0003-44_45-1;1-M3d-0.126IP-Q0.5_003.20sec.fsa,TH01,G,3,156.52,4,OL,157.39,3,OL,159.52,5,OL,162.65,3,OL,165.54,1,OL,166.33,2,6,168.52,218,7,172.52,493,8,176.69,27,9,180.64,944,9.3,183.77,436,OL,194.13,3,,,,,,,,,,,,,,,,,,,,,,,,,,,,,,,,,,,,,,,,,,,,,,,,,,,,,,,,,,,,,,,,,,,,,,,,,,,,,,,,,,,,,,,,,,,,,,,,,,,,,,,,,,,,,,,,,,,,,,,,,,,,,,,,,,,,,,,,,,,,,,,,,,,,,,,,,,,,,,,,,,,,,,,,,,,,,,,,,,,,,,,,,,,,,,,,,,,,,,,,,,,,,,,,,,,,,,,,,,,,,,,,,,,,,,,,,,,,,,,,,,,,,,,,,,,,,,,,,,,,,,,,
G01_RD14-0003-44_45-1;1-M3d-0.126IP-Q0.5_003.20sec.fsa,D13S317,G,OL,204.56,3,7,210.97,8,8,215.07,654,OL,217.53,4,11,227.27,43,12,231.32,359,13,235.37,319,14,239.35,3,,,,,,,,,,,,,,,,,,,,,,,,,,,,,,,,,,,,,,,,,,,,,,,,,,,,,,,,,,,,,,,,,,,,,,,,,,,,,,,,,,,,,,,,,,,,,,,,,,,,,,,,,,,,,,,,,,,,,,,,,,,,,,,,,,,,,,,,,,,,,,,,,,,,,,,,,,,,,,,,,,,,,,,,,,,,,,,,,,,,,,,,,,,,,,,,,,,,,,,,,,,,,,,,,,,,,,,,,,,,,,,,,,,,,,,,,,,,,,,,,,,,,,,,,,,,,,,,,,,,,,,,,,,,,,,,,,,,
G01_RD14-0003-44_45-1;1-M3d-0.126IP-Q0.5_003.20sec.fsa,D16S539,G,6,255.13,3,OL,258.73,4,9,267.23,17,10,271.28,405,11,275.26,853,OL,280.41,3,OL,284.75,4,,,,,,,,,,,,,,,,,,,,,,,,,,,,,,,,,,,,,,,,,,,,,,,,,,,,,,,,,,,,,,,,,,,,,,,,,,,,,,,,,,,,,,,,,,,,,,,,,,,,,,,,,,,,,,,,,,,,,,,,,,,,,,,,,,,,,,,,,,,,,,,,,,,,,,,,,,,,,,,,,,,,,,,,,,,,,,,,,,,,,,,,,,,,,,,,,,,,,,,,,,,,,,,,,,,,,,,,,,,,,,,,,,,,,,,,,,,,,,,,,,,,,,,,,,,,,,,,,,,,,,,,,,,,,,,,,,,,,,,
G01_RD14-0003-44_45-1;1-M3d-0.126IP-Q0.5_003.20sec.fsa,D2S1338,G,OL,303.97,4,15,304.55,4,16,308.68,35,OL,311.12,2,18,316.77,41,19,321.04,487,OL,325.78,2,24,341.13,24,25,345.12,299,OL,362.76,3,,,,,,,,,,,,,,,,,,,,,,,,,,,,,,,,,,,,,,,,,,,,,,,,,,,,,,,,,,,,,,,,,,,,,,,,,,,,,,,,,,,,,,,,,,,,,,,,,,,,,,,,,,,,,,,,,,,,,,,,,,,,,,,,,,,,,,,,,,,,,,,,,,,,,,,,,,,,,,,,,,,,,,,,,,,,,,,,,,,,,,,,,,,,,,,,,,,,,,,,,,,,,,,,,,,,,,,,,,,,,,,,,,,,,,,,,,,,,,,,,,,,,,,,,,,,,,,,,,,,,,,,,,,,,,
G01_RD14-0003-44_45-1;1-M3d-0.126IP-Q0.5_003.20sec.fsa,D19S433,Y,OL,95.37,11,10,103.88,13,11,108.04,255,12,112.12,35,13,116.2,448,14,120.07,640,15,124.07,423,OL,125.55,5,OL,127.05,8,17.2,133.9,5,OL,134.81,5,,,,,,,,,,,,,,,,,,,,,,,,,,,,,,,,,,,,,,,,,,,,,,,,,,,,,,,,,,,,,,,,,,,,,,,,,,,,,,,,,,,,,,,,,,,,,,,,,,,,,,,,,,,,,,,,,,,,,,,,,,,,,,,,,,,,,,,,,,,,,,,,,,,,,,,,,,,,,,,,,,,,,,,,,,,,,,,,,,,,,,,,,,,,,,,,,,,,,,,,,,,,,,,,,,,,,,,,,,,,,,,,,,,,,,,,,,,,,,,,,,,,,,,,,,,,,,,,,,,,,,,,,,,
G01_RD14-0003-44_45-1;1-M3d-0.126IP-Q0.5_003.20sec.fsa,vWA,Y,OL,146.07,7,OL,148.58,15,OL,150.38,9,12,155.73,26,OL,157.15,3,13,160,553,15,167.97,24,OL,169.23,6,16,172.13,483,19,184.33,68,OL,186.02,3,20,188.51,708,21,192.6,8,OL,195.74,8,22,196.62,3,23,200.86,6,,,,,,,,,,,,,,,,,,,,,,,,,,,,,,,,,,,,,,,,,,,,,,,,,,,,,,,,,,,,,,,,,,,,,,,,,,,,,,,,,,,,,,,,,,,,,,,,,,,,,,,,,,,,,,,,,,,,,,,,,,,,,,,,,,,,,,,,,,,,,,,,,,,,,,,,,,,,,,,,,,,,,,,,,,,,,,,,,,,,,,,,,,,,,,,,,,,,,,,,,,,,,,,,,,,,,,,,,,,,,,,,,,,,,,,,,,,,,,,,,,,,,,,,,,,,
G01_RD14-0003-44_45-1;1-M3d-0.126IP-Q0.5_003.20sec.fsa,TPOX,Y,OL,218.27,5,OL,220.16,7,OL,222.02,5,OL,225.98,8,8,228.65,182,11,240.67,327,OL,247.01,8,OL,256.57,3,,,,,,,,,,,,,,,,,,,,,,,,,,,,,,,,,,,,,,,,,,,,,,,,,,,,,,,,,,,,,,,,,,,,,,,,,,,,,,,,,,,,,,,,,,,,,,,,,,,,,,,,,,,,,,,,,,,,,,,,,,,,,,,,,,,,,,,,,,,,,,,,,,,,,,,,,,,,,,,,,,,,,,,,,,,,,,,,,,,,,,,,,,,,,,,,,,,,,,,,,,,,,,,,,,,,,,,,,,,,,,,,,,,,,,,,,,,,,,,,,,,,,,,,,,,,,,,,,,,,,,,,,,,,,,,,,,,,
G01_RD14-0003-44_45-1;1-M3d-0.126IP-Q0.5_003.20sec.fsa,D18S51,Y,OL,266.08,6,9,268.8,5,9.2,271.11,8,OL,273.6,7,11,277.09,11,12,281.06,175,13,285,14,14,289.09,175,15,293.03,20,16,297.05,281,17,301.05,102,18,304.96,6,OL,316.5,8,OL,322.42,8,22.2,323.72,7,OL,326.38,6,OL,340.26,6,OL,346.59,3,,,,,,,,,,,,,,,,,,,,,,,,,,,,,,,,,,,,,,,,,,,,,,,,,,,,,,,,,,,,,,,,,,,,,,,,,,,,,,,,,,,,,,,,,,,,,,,,,,,,,,,,,,,,,,,,,,,,,,,,,,,,,,,,,,,,,,,,,,,,,,,,,,,,,,,,,,,,,,,,,,,,,,,,,,,,,,,,,,,,,,,,,,,,,,,,,,,,,,,,,,,,,,,,,,,,,,,,,,,,,,,,,,,,,,,,,,,,,,,,,,,,,,
G01_RD14-0003-44_45-1;1-M3d-0.126IP-Q0.5_003.20sec.fsa,AMEL,R,X,104.94,784,Y,110.84,599,,,,,,,,,,,,,,,,,,,,,,,,,,,,,,,,,,,,,,,,,,,,,,,,,,,,,,,,,,,,,,,,,,,,,,,,,,,,,,,,,,,,,,,,,,,,,,,,,,,,,,,,,,,,,,,,,,,,,,,,,,,,,,,,,,,,,,,,,,,,,,,,,,,,,,,,,,,,,,,,,,,,,,,,,,,,,,,,,,,,,,,,,,,,,,,,,,,,,,,,,,,,,,,,,,,,,,,,,,,,,,,,,,,,,,,,,,,,,,,,,,,,,,,,,,,,,,,,,,,,,,,,,,,,,,,,,,,,,,,,,,,,,,,,,,,,,,
G01_RD14-0003-44_45-1;1-M3d-0.126IP-Q0.5_003.20sec.fsa,D5S818,R,6,128.39,6,10,144.75,43,11,148.89,1111,12,152.97,347,16,169.54,6,OL,176.77,6,OL,177.4,5,,,,,,,,,,,,,,,,,,,,,,,,,,,,,,,,,,,,,,,,,,,,,,,,,,,,,,,,,,,,,,,,,,,,,,,,,,,,,,,,,,,,,,,,,,,,,,,,,,,,,,,,,,,,,,,,,,,,,,,,,,,,,,,,,,,,,,,,,,,,,,,,,,,,,,,,,,,,,,,,,,,,,,,,,,,,,,,,,,,,,,,,,,,,,,,,,,,,,,,,,,,,,,,,,,,,,,,,,,,,,,,,,,,,,,,,,,,,,,,,,,,,,,,,,,,,,,,,,,,,,,,,,,,,,,,,,,,,,,,
G01_RD14-0003-44_45-1;1-M3d-0.126IP-Q0.5_003.20sec.fsa,FGA,R,OL,211.77,3,19,221.21,7,OL,223.63,7,20,225.17,20,21,229.21,310,22,233.26,27,23,237.32,351,24,241.42,158,25,245.6,315,25.2,247.43,9,OL,252.25,8,OL,256.97,6,OL,276.75,7,33.2,279.5,4,OL,284.75,7,OL,287.86,7,OL,298.52,5,OL,299.18,6,OL,321.13,17,OL,337.38,5,OL,347.03,5,,,,,,,,,,,,,,,,,,,,,,,,,,,,,,,,,,,,,,,,,,,,,,,,,,,,,,,,,,,,,,,,,,,,,,,,,,,,,,,,,,,,,,,,,,,,,,,,,,,,,,,,,,,,,,,,,,,,,,,,,,,,,,,,,,,,,,,,,,,,,,,,,,,,,,,,,,,,,,,,,,,,,,,,,,,,,,,,,,,,,,,,,,,,,,,,,,,,,,,,,,,,,,,,,,,,,,,,,,,,,,,,,,,,,,,,,,,,,
G02_RD14-0003-40_41-1;4-M3a-0.315IP-Q0.6_003.20sec.fsa,D8S1179,B,OL,114.07,2,OL,116.97,3,OL,118.17,3,OL,120.29,3,OL,122.36,6,OL,122.93,7,OL,126.38,10,OL,130.44,11,11,133.73,6,OL,135.71,6,12,137.78,112,13,141.88,1359,14,146.16,1952,15,150.31,544,16,154.16,8,OL,157.27,2,OL,168.28,6,OL,172.53,23,OL,173.65,4,OL,176.71,9,,,,,,,,,,,,,,,,,,,,,,,,,,,,,,,,,,,,,,,,,,,,,,,,,,,,,,,,,,,,,,,,,,,,,,,,,,,,,,,,,,,,,,,,,,,,,,,,,,,,,,,,,,,,,,,,,,,,,,,,,,,,,,,,,,,,,,,,,,,,,,,,,,,,,,,,,,,,,,,,,,,,,,,,,,,,,,,,,,,,,,,,,,,,,,,,,,,,,,,,,,,,,,,,,,,,,,,,,,,,,,,,,,,,,,,,,,,,,,,,
G02_RD14-0003-40_41-1;4-M3a-0.315IP-Q0.6_003.20sec.fsa,D21S11,B,25.2,188.42,3,27,194.55,19,28,198.64,396,28.2,200.45,4,29,202.6,326,30,206.62,109,30.2,208.55,5,31,210.64,1284,32,214.68,8,33,218.78,9,OL,221.5,2,34,222.85,138,OL,223.97,2,34.2,224.95,6,35,226.9,1260,36,231.26,46,37,235.32,26,,,,,,,,,,,,,,,,,,,,,,,,,,,,,,,,,,,,,,,,,,,,,,,,,,,,,,,,,,,,,,,,,,,,,,,,,,,,,,,,,,,,,,,,,,,,,,,,,,,,,,,,,,,,,,,,,,,,,,,,,,,,,,,,,,,,,,,,,,,,,,,,,,,,,,,,,,,,,,,,,,,,,,,,,,,,,,,,,,,,,,,,,,,,,,,,,,,,,,,,,,,,,,,,,,,,,,,,,,,,,,,,,,,,,,,,,,,,,,,,,,,,,,,,,
G02_RD14-0003-40_41-1;4-M3a-0.315IP-Q0.6_003.20sec.fsa,D7S820,B,5,250.6,4,OL,255.57,4,8,262.03,6,9,266.09,111,OL,267.29,37,10,270.08,90,11,274.09,1904,12,278.25,6,OL,280.38,1,OL,283.1,20,OL,292.98,3,,,,,,,,,,,,,,,,,,,,,,,,,,,,,,,,,,,,,,,,,,,,,,,,,,,,,,,,,,,,,,,,,,,,,,,,,,,,,,,,,,,,,,,,,,,,,,,,,,,,,,,,,,,,,,,,,,,,,,,,,,,,,,,,,,,,,,,,,,,,,,,,,,,,,,,,,,,,,,,,,,,,,,,,,,,,,,,,,,,,,,,,,,,,,,,,,,,,,,,,,,,,,,,,,,,,,,,,,,,,,,,,,,,,,,,,,,,,,,,,,,,,,,,,,,,,,,,,,,,,,,,,,,,
G02_RD14-0003-40_41-1;4-M3a-0.315IP-Q0.6_003.20sec.fsa,CSF1PO,B,7,306.53,12,8,310.39,247,OL,314,3,OL,316.83,2,10,318.7,7,11,322.75,161,12,326.75,2766,13,330.65,9,OL,333.05,32,,,,,,,,,,,,,,,,,,,,,,,,,,,,,,,,,,,,,,,,,,,,,,,,,,,,,,,,,,,,,,,,,,,,,,,,,,,,,,,,,,,,,,,,,,,,,,,,,,,,,,,,,,,,,,,,,,,,,,,,,,,,,,,,,,,,,,,,,,,,,,,,,,,,,,,,,,,,,,,,,,,,,,,,,,,,,,,,,,,,,,,,,,,,,,,,,,,,,,,,,,,,,,,,,,,,,,,,,,,,,,,,,,,,,,,,,,,,,,,,,,,,,,,,,,,,,,,,,,,,,,,,,,,,,,,,,
G02_RD14-0003-40_41-1;4-M3a-0.315IP-Q0.6_003.20sec.fsa,D3S1358,G,OL,95.76,3,OL,102.75,7,OL,107.11,5,OL,111.66,8,OL,113.93,4,OL,116.83,14,14,118.17,25,15,122.21,408,15.2,123.79,5,OL,125.01,4,16,126.31,2143,17,130.37,2319,OL,140,5,OL,143.23,6,,,,,,,,,,,,,,,,,,,,,,,,,,,,,,,,,,,,,,,,,,,,,,,,,,,,,,,,,,,,,,,,,,,,,,,,,,,,,,,,,,,,,,,,,,,,,,,,,,,,,,,,,,,,,,,,,,,,,,,,,,,,,,,,,,,,,,,,,,,,,,,,,,,,,,,,,,,,,,,,,,,,,,,,,,,,,,,,,,,,,,,,,,,,,,,,,,,,,,,,,,,,,,,,,,,,,,,,,,,,,,,,,,,,,,,,,,,,,,,,,,,,,,,,,,,,,,,,,,
G02_RD14-0003-40_41-1;4-M3a-0.315IP-Q0.6_003.20sec.fsa,TH01,G,3,156.81,4,OL,159.16,10,6,168.5,82,OL,169.7,3,7,172.53,3469,8,176.56,883,9,181.14,3,OL,182.81,4,OL,185.69,5,OL,189.55,5,,,,,,,,,,,,,,,,,,,,,,,,,,,,,,,,,,,,,,,,,,,,,,,,,,,,,,,,,,,,,,,,,,,,,,,,,,,,,,,,,,,,,,,,,,,,,,,,,,,,,,,,,,,,,,,,,,,,,,,,,,,,,,,,,,,,,,,,,,,,,,,,,,,,,,,,,,,,,,,,,,,,,,,,,,,,,,,,,,,,,,,,,,,,,,,,,,,,,,,,,,,,,,,,,,,,,,,,,,,,,,,,,,,,,,,,,,,,,,,,,,,,,,,,,,,,,,,,,,,,,,,,,,,,,,
G02_RD14-0003-40_41-1;4-M3a-0.315IP-Q0.6_003.20sec.fsa,D13S317,G,OL,203.57,4,OL,208.63,5,OL,214.08,5,10,223.07,7,11,227.28,131,12,231.26,2546,13,235.25,1691,OL,237.36,2,14,239.17,11,,,,,,,,,,,,,,,,,,,,,,,,,,,,,,,,,,,,,,,,,,,,,,,,,,,,,,,,,,,,,,,,,,,,,,,,,,,,,,,,,,,,,,,,,,,,,,,,,,,,,,,,,,,,,,,,,,,,,,,,,,,,,,,,,,,,,,,,,,,,,,,,,,,,,,,,,,,,,,,,,,,,,,,,,,,,,,,,,,,,,,,,,,,,,,,,,,,,,,,,,,,,,,,,,,,,,,,,,,,,,,,,,,,,,,,,,,,,,,,,,,,,,,,,,,,,,,,,,,,,,,,,,,,,,,,,,
G02_RD14-0003-40_41-1;4-M3a-0.315IP-Q0.6_003.20sec.fsa,D16S539,G,8,263.23,70,9,267.22,2102,10,271.21,130,11,275.22,2174,12,279.09,72,13,283.1,835,14,287.02,11,15,291.02,4,OL,294.04,4,16,294.8,4,,,,,,,,,,,,,,,,,,,,,,,,,,,,,,,,,,,,,,,,,,,,,,,,,,,,,,,,,,,,,,,,,,,,,,,,,,,,,,,,,,,,,,,,,,,,,,,,,,,,,,,,,,,,,,,,,,,,,,,,,,,,,,,,,,,,,,,,,,,,,,,,,,,,,,,,,,,,,,,,,,,,,,,,,,,,,,,,,,,,,,,,,,,,,,,,,,,,,,,,,,,,,,,,,,,,,,,,,,,,,,,,,,,,,,,,,,,,,,,,,,,,,,,,,,,,,,,,,,,,,,,,,,,,,,
G02_RD14-0003-40_41-1;4-M3a-0.315IP-Q0.6_003.20sec.fsa,D2S1338,G,14,301.18,4,OL,311.31,4,OL,314.81,4,18,316.91,27,OL,318.29,2,19,320.95,504,20,325.03,1871,21,329.01,117,22,333.05,1676,24,341.02,58,25,345.02,680,OL,351.56,4,OL,354.63,4,OL,356.29,2,OL,363.46,4,OL,364.17,4,,,,,,,,,,,,,,,,,,,,,,,,,,,,,,,,,,,,,,,,,,,,,,,,,,,,,,,,,,,,,,,,,,,,,,,,,,,,,,,,,,,,,,,,,,,,,,,,,,,,,,,,,,,,,,,,,,,,,,,,,,,,,,,,,,,,,,,,,,,,,,,,,,,,,,,,,,,,,,,,,,,,,,,,,,,,,,,,,,,,,,,,,,,,,,,,,,,,,,,,,,,,,,,,,,,,,,,,,,,,,,,,,,,,,,,,,,,,,,,,,,,,,,,,,,,,
G02_RD14-0003-40_41-1;4-M3a-0.315IP-Q0.6_003.20sec.fsa,D19S433,Y,OL,95.62,15,9.2,102.01,10,10,103.94,19,11,108.07,405,12,112.18,108,13,116.19,1826,15.2,126.02,83,16.2,130.01,1108,18,136.3,5,OL,138.81,7,OL,140.53,8,OL,141.88,13,,,,,,,,,,,,,,,,,,,,,,,,,,,,,,,,,,,,,,,,,,,,,,,,,,,,,,,,,,,,,,,,,,,,,,,,,,,,,,,,,,,,,,,,,,,,,,,,,,,,,,,,,,,,,,,,,,,,,,,,,,,,,,,,,,,,,,,,,,,,,,,,,,,,,,,,,,,,,,,,,,,,,,,,,,,,,,,,,,,,,,,,,,,,,,,,,,,,,,,,,,,,,,,,,,,,,,,,,,,,,,,,,,,,,,,,,,,,,,,,,,,,,,,,,,,,,,,,,,,,,,,,
G02_RD14-0003-40_41-1;4-M3a-0.315IP-Q0.6_003.20sec.fsa,vWA,Y,OL,146.16,28,OL,148.65,30,14,163.95,20,15,168.06,325,16,172.01,26,17,176.19,409,18,180.23,2006,19,184.32,1589,,,,,,,,,,,,,,,,,,,,,,,,,,,,,,,,,,,,,,,,,,,,,,,,,,,,,,,,,,,,,,,,,,,,,,,,,,,,,,,,,,,,,,,,,,,,,,,,,,,,,,,,,,,,,,,,,,,,,,,,,,,,,,,,,,,,,,,,,,,,,,,,,,,,,,,,,,,,,,,,,,,,,,,,,,,,,,,,,,,,,,,,,,,,,,,,,,,,,,,,,,,,,,,,,,,,,,,,,,,,,,,,,,,,,,,,,,,,,,,,,,,,,,,,,,,,,,,,,,,,,,,,,,,,,,,,,,,,
G02_RD14-0003-40_41-1;4-M3a-0.315IP-Q0.6_003.20sec.fsa,TPOX,Y,OL,213.33,9,OL,220.15,12,OL,222.85,7,7,224.65,42,8,228.63,3128,9,232.99,37,OL,234.27,21,10,236.53,12,11,240.7,28,12,244.78,498,OL,249.85,4,,,,,,,,,,,,,,,,,,,,,,,,,,,,,,,,,,,,,,,,,,,,,,,,,,,,,,,,,,,,,,,,,,,,,,,,,,,,,,,,,,,,,,,,,,,,,,,,,,,,,,,,,,,,,,,,,,,,,,,,,,,,,,,,,,,,,,,,,,,,,,,,,,,,,,,,,,,,,,,,,,,,,,,,,,,,,,,,,,,,,,,,,,,,,,,,,,,,,,,,,,,,,,,,,,,,,,,,,,,,,,,,,,,,,,,,,,,,,,,,,,,,,,,,,,,,,,,,,,,,,,,,,,,
G02_RD14-0003-40_41-1;4-M3a-0.315IP-Q0.6_003.20sec.fsa,D18S51,Y,11,277.04,31,12,280.98,449,13,285.06,1034,14,289.06,15,15,293.14,172,18,305.04,113,19,309.02,1187,20,312.77,11,OL,317.96,5,OL,319.92,7,22,321.73,15,OL,322.36,16,22.2,323.23,16,OL,326.83,30,OL,339.08,2,OL,341.41,6,27,342.2,9,,,,,,,,,,,,,,,,,,,,,,,,,,,,,,,,,,,,,,,,,,,,,,,,,,,,,,,,,,,,,,,,,,,,,,,,,,,,,,,,,,,,,,,,,,,,,,,,,,,,,,,,,,,,,,,,,,,,,,,,,,,,,,,,,,,,,,,,,,,,,,,,,,,,,,,,,,,,,,,,,,,,,,,,,,,,,,,,,,,,,,,,,,,,,,,,,,,,,,,,,,,,,,,,,,,,,,,,,,,,,,,,,,,,,,,,,,,,,,,,,,,,,,,,,
G02_RD14-0003-40_41-1;4-M3a-0.315IP-Q0.6_003.20sec.fsa,AMEL,R,X,104.9,1682,Y,110.86,1741,,,,,,,,,,,,,,,,,,,,,,,,,,,,,,,,,,,,,,,,,,,,,,,,,,,,,,,,,,,,,,,,,,,,,,,,,,,,,,,,,,,,,,,,,,,,,,,,,,,,,,,,,,,,,,,,,,,,,,,,,,,,,,,,,,,,,,,,,,,,,,,,,,,,,,,,,,,,,,,,,,,,,,,,,,,,,,,,,,,,,,,,,,,,,,,,,,,,,,,,,,,,,,,,,,,,,,,,,,,,,,,,,,,,,,,,,,,,,,,,,,,,,,,,,,,,,,,,,,,,,,,,,,,,,,,,,,,,,,,,,,,,,,,,,,,,,,
G02_RD14-0003-40_41-1;4-M3a-0.315IP-Q0.6_003.20sec.fsa,D5S818,R,OL,128.05,10,7,132.63,7,9,140.53,9,OL,141.2,9,10,144.73,164,11,148.87,2792,12,152.95,450,13,157.04,311,OL,162.54,7,OL,167.23,6,OL,171.71,5,OL,173.88,5,,,,,,,,,,,,,,,,,,,,,,,,,,,,,,,,,,,,,,,,,,,,,,,,,,,,,,,,,,,,,,,,,,,,,,,,,,,,,,,,,,,,,,,,,,,,,,,,,,,,,,,,,,,,,,,,,,,,,,,,,,,,,,,,,,,,,,,,,,,,,,,,,,,,,,,,,,,,,,,,,,,,,,,,,,,,,,,,,,,,,,,,,,,,,,,,,,,,,,,,,,,,,,,,,,,,,,,,,,,,,,,,,,,,,,,,,,,,,,,,,,,,,,,,,,,,,,,,,,,,,,,,
G02_RD14-0003-40_41-1;4-M3a-0.315IP-Q0.6_003.20sec.fsa,FGA,R,OL,211.91,6,17,212.88,12,20,224.8,8,21,229.23,71,21.2,231.33,24,22,233.22,1418,23.2,239.09,9,24,240.93,12,24,241.55,13,26,249.62,285,27,253.64,907,28,257.64,23,OL,263.08,5,30,265.64,4,OL,270.99,9,OL,272.42,4,OL,276.36,7,OL,279.01,8,OL,286.19,6,OL,287.63,4,OL,294.34,7,OL,299.47,4,OL,301.18,8,OL,303.25,8,OL,319.18,8,OL,325.11,37,OL,332.98,32,47.2,336.3,6,47.2,336.92,8,49.2,344.95,19,OL,358.34,7,,,,,,,,,,,,,,,,,,,,,,,,,,,,,,,,,,,,,,,,,,,,,,,,,,,,,,,,,,,,,,,,,,,,,,,,,,,,,,,,,,,,,,,,,,,,,,,,,,,,,,,,,,,,,,,,,,,,,,,,,,,,,,,,,,,,,,,,,,,,,,,,,,,,,,,,,,,,,,,,,,,,,,,,,,,,,,,,,,,,,,,,,,,,,,,,,,,,,,,,,,,,,,,
G03_RD14-0003-40_41-1;4-M3e-0.625IP-Q0.8_003.20sec.fsa,D8S1179,B,OL,112.32,17,OL,114.08,5,OL,117.08,2,7,117.83,3,OL,120.53,3,OL,122.78,14,OL,123.91,8,OL,124.52,5,OL,127.17,2,OL,128.16,3,11,133.66,10,12,137.83,202,13,141.9,2381,14,146.18,2169,15,150.4,209,16,154.87,13,OL,159.12,3,OL,160.24,2,OL,165.35,3,OL,169.36,2,OL,174.24,2,,,,,,,,,,,,,,,,,,,,,,,,,,,,,,,,,,,,,,,,,,,,,,,,,,,,,,,,,,,,,,,,,,,,,,,,,,,,,,,,,,,,,,,,,,,,,,,,,,,,,,,,,,,,,,,,,,,,,,,,,,,,,,,,,,,,,,,,,,,,,,,,,,,,,,,,,,,,,,,,,,,,,,,,,,,,,,,,,,,,,,,,,,,,,,,,,,,,,,,,,,,,,,,,,,,,,,,,,,,,,,,,,,,,,,,,,,,,,
G03_RD14-0003-40_41-1;4-M3e-0.625IP-Q0.8_003.20sec.fsa,D21S11,B,24,182.17,2,OL,183.78,2,25.2,188.6,2,26,190.45,1,27,194.54,10,28,198.72,283,29,202.74,262,30,206.74,49,30.2,208.63,4,31,210.76,649,32,214.89,7,33,218.86,7,34,222.94,59,34.2,224.85,5,35,227,757,36,231.3,37,37,235.37,23,38.2,240.74,2,OL,242.39,2,,,,,,,,,,,,,,,,,,,,,,,,,,,,,,,,,,,,,,,,,,,,,,,,,,,,,,,,,,,,,,,,,,,,,,,,,,,,,,,,,,,,,,,,,,,,,,,,,,,,,,,,,,,,,,,,,,,,,,,,,,,,,,,,,,,,,,,,,,,,,,,,,,,,,,,,,,,,,,,,,,,,,,,,,,,,,,,,,,,,,,,,,,,,,,,,,,,,,,,,,,,,,,,,,,,,,,,,,,,,,,,,,,,,,,,,,,,,,,,,,,,
G03_RD14-0003-40_41-1;4-M3e-0.625IP-Q0.8_003.20sec.fsa,D7S820,B,6,254.03,2,OL,256.79,3,OL,260.16,4,8,262.15,10,9,266.14,272,OL,267.26,32,10,270.14,107,11,274.14,2279,OL,280.16,3,OL,281.68,3,OL,283.04,11,OL,285.19,3,OL,287.35,4,OL,291.33,4,,,,,,,,,,,,,,,,,,,,,,,,,,,,,,,,,,,,,,,,,,,,,,,,,,,,,,,,,,,,,,,,,,,,,,,,,,,,,,,,,,,,,,,,,,,,,,,,,,,,,,,,,,,,,,,,,,,,,,,,,,,,,,,,,,,,,,,,,,,,,,,,,,,,,,,,,,,,,,,,,,,,,,,,,,,,,,,,,,,,,,,,,,,,,,,,,,,,,,,,,,,,,,,,,,,,,,,,,,,,,,,,,,,,,,,,,,,,,,,,,,,,,,,,,,,,,,,,,,
G03_RD14-0003-40_41-1;4-M3e-0.625IP-Q0.8_003.20sec.fsa,CSF1PO,B,OL,299.36,3,OL,300.23,5,6,302.49,3,OL,309.19,3,8,310.54,156,10,318.9,6,10.2,321.07,7,11,322.8,85,12,326.81,1969,OL,333.07,16,OL,337.91,4,15,339.2,4,OL,340.08,7,,,,,,,,,,,,,,,,,,,,,,,,,,,,,,,,,,,,,,,,,,,,,,,,,,,,,,,,,,,,,,,,,,,,,,,,,,,,,,,,,,,,,,,,,,,,,,,,,,,,,,,,,,,,,,,,,,,,,,,,,,,,,,,,,,,,,,,,,,,,,,,,,,,,,,,,,,,,,,,,,,,,,,,,,,,,,,,,,,,,,,,,,,,,,,,,,,,,,,,,,,,,,,,,,,,,,,,,,,,,,,,,,,,,,,,,,,,,,,,,,,,,,,,,,,,,,,,,,,,,,
G03_RD14-0003-40_41-1;4-M3e-0.625IP-Q0.8_003.20sec.fsa,D3S1358,G,OL,96.41,7,OL,105.25,10,11,105.87,8,12,110.48,22,13,114,4,OL,116.18,16,14,118.28,22,15,122.33,433,16,126.41,3176,17,130.52,4308,OL,137.06,9,19,138.37,7,20,141.98,14,,,,,,,,,,,,,,,,,,,,,,,,,,,,,,,,,,,,,,,,,,,,,,,,,,,,,,,,,,,,,,,,,,,,,,,,,,,,,,,,,,,,,,,,,,,,,,,,,,,,,,,,,,,,,,,,,,,,,,,,,,,,,,,,,,,,,,,,,,,,,,,,,,,,,,,,,,,,,,,,,,,,,,,,,,,,,,,,,,,,,,,,,,,,,,,,,,,,,,,,,,,,,,,,,,,,,,,,,,,,,,,,,,,,,,,,,,,,,,,,,,,,,,,,,,,,,,,,,,,,,
G03_RD14-0003-40_41-1;4-M3e-0.625IP-Q0.8_003.20sec.fsa,TH01,G,OL,163.62,9,6,168.65,111,6.3,171.56,59,7,172.67,5045,7.3,175.58,12,8,176.69,1358,9.3,184.26,10,10,184.82,8,11,189.16,5,OL,198.88,6,13.3,199.84,4,OL,200.94,5,,,,,,,,,,,,,,,,,,,,,,,,,,,,,,,,,,,,,,,,,,,,,,,,,,,,,,,,,,,,,,,,,,,,,,,,,,,,,,,,,,,,,,,,,,,,,,,,,,,,,,,,,,,,,,,,,,,,,,,,,,,,,,,,,,,,,,,,,,,,,,,,,,,,,,,,,,,,,,,,,,,,,,,,,,,,,,,,,,,,,,,,,,,,,,,,,,,,,,,,,,,,,,,,,,,,,,,,,,,,,,,,,,,,,,,,,,,,,,,,,,,,,,,,,,,,,,,,,,,,,,,,
G03_RD14-0003-40_41-1;4-M3e-0.625IP-Q0.8_003.20sec.fsa,D13S317,G,OL,207.21,4,7,211.23,7,11,227.32,126,12,231.3,2613,OL,233.45,4,13,235.29,2069,14,239.28,14,OL,241.48,5,,,,,,,,,,,,,,,,,,,,,,,,,,,,,,,,,,,,,,,,,,,,,,,,,,,,,,,,,,,,,,,,,,,,,,,,,,,,,,,,,,,,,,,,,,,,,,,,,,,,,,,,,,,,,,,,,,,,,,,,,,,,,,,,,,,,,,,,,,,,,,,,,,,,,,,,,,,,,,,,,,,,,,,,,,,,,,,,,,,,,,,,,,,,,,,,,,,,,,,,,,,,,,,,,,,,,,,,,,,,,,,,,,,,,,,,,,,,,,,,,,,,,,,,,,,,,,,,,,,,,,,,,,,,,,,,,,,,
G03_RD14-0003-40_41-1;4-M3e-0.625IP-Q0.8_003.20sec.fsa,D16S539,G,OL,253.72,6,7,259.84,8,8,263.35,58,9,267.34,1783,10,271.42,62,11,275.26,1357,12,279.28,49,13,283.2,676,,,,,,,,,,,,,,,,,,,,,,,,,,,,,,,,,,,,,,,,,,,,,,,,,,,,,,,,,,,,,,,,,,,,,,,,,,,,,,,,,,,,,,,,,,,,,,,,,,,,,,,,,,,,,,,,,,,,,,,,,,,,,,,,,,,,,,,,,,,,,,,,,,,,,,,,,,,,,,,,,,,,,,,,,,,,,,,,,,,,,,,,,,,,,,,,,,,,,,,,,,,,,,,,,,,,,,,,,,,,,,,,,,,,,,,,,,,,,,,,,,,,,,,,,,,,,,,,,,,,,,,,,,,,,,,,,,,,
G03_RD14-0003-40_41-1;4-M3e-0.625IP-Q0.8_003.20sec.fsa,D2S1338,G,OL,302.17,4,OL,307.68,3,OL,312.07,6,18,316.87,28,19,321.07,446,20,325.09,1219,21,329.17,57,22,333.15,858,24,341.15,28,25,345.17,285,OL,359.75,5,OL,364.28,4,,,,,,,,,,,,,,,,,,,,,,,,,,,,,,,,,,,,,,,,,,,,,,,,,,,,,,,,,,,,,,,,,,,,,,,,,,,,,,,,,,,,,,,,,,,,,,,,,,,,,,,,,,,,,,,,,,,,,,,,,,,,,,,,,,,,,,,,,,,,,,,,,,,,,,,,,,,,,,,,,,,,,,,,,,,,,,,,,,,,,,,,,,,,,,,,,,,,,,,,,,,,,,,,,,,,,,,,,,,,,,,,,,,,,,,,,,,,,,,,,,,,,,,,,,,,,,,,,,,,,,,,
G03_RD14-0003-40_41-1;4-M3e-0.625IP-Q0.8_003.20sec.fsa,D19S433,Y,9.2,102.24,6,10,104.32,16,11,108.17,296,12,112.24,212,13,116.25,3188,14.2,122.18,17,OL,123.31,5,15,124.06,7,15.2,126.18,262,16.2,130.14,2894,OL,140.08,9,,,,,,,,,,,,,,,,,,,,,,,,,,,,,,,,,,,,,,,,,,,,,,,,,,,,,,,,,,,,,,,,,,,,,,,,,,,,,,,,,,,,,,,,,,,,,,,,,,,,,,,,,,,,,,,,,,,,,,,,,,,,,,,,,,,,,,,,,,,,,,,,,,,,,,,,,,,,,,,,,,,,,,,,,,,,,,,,,,,,,,,,,,,,,,,,,,,,,,,,,,,,,,,,,,,,,,,,,,,,,,,,,,,,,,,,,,,,,,,,,,,,,,,,,,,,,,,,,,,,,,,,,,,
G03_RD14-0003-40_41-1;4-M3e-0.625IP-Q0.8_003.20sec.fsa,vWA,Y,OL,148.73,24,OL,152.71,10,OL,157.19,6,13,160,9,OL,165.66,5,15,168.18,350,16,172.27,26,17,176.29,497,18,180.32,1910,19,184.42,1939,OL,193.42,7,OL,202.74,10,OL,207.37,5,,,,,,,,,,,,,,,,,,,,,,,,,,,,,,,,,,,,,,,,,,,,,,,,,,,,,,,,,,,,,,,,,,,,,,,,,,,,,,,,,,,,,,,,,,,,,,,,,,,,,,,,,,,,,,,,,,,,,,,,,,,,,,,,,,,,,,,,,,,,,,,,,,,,,,,,,,,,,,,,,,,,,,,,,,,,,,,,,,,,,,,,,,,,,,,,,,,,,,,,,,,,,,,,,,,,,,,,,,,,,,,,,,,,,,,,,,,,,,,,,,,,,,,,,,,,,,,,,,,,,
G03_RD14-0003-40_41-1;4-M3e-0.625IP-Q0.8_003.20sec.fsa,TPOX,Y,OL,214.08,9,OL,222.07,9,7,224.69,55,8,228.75,3497,OL,231.86,26,9,232.9,42,OL,234.09,23,OL,238.08,7,OL,240.16,10,12,244.93,321,OL,251.11,8,OL,256.47,8,,,,,,,,,,,,,,,,,,,,,,,,,,,,,,,,,,,,,,,,,,,,,,,,,,,,,,,,,,,,,,,,,,,,,,,,,,,,,,,,,,,,,,,,,,,,,,,,,,,,,,,,,,,,,,,,,,,,,,,,,,,,,,,,,,,,,,,,,,,,,,,,,,,,,,,,,,,,,,,,,,,,,,,,,,,,,,,,,,,,,,,,,,,,,,,,,,,,,,,,,,,,,,,,,,,,,,,,,,,,,,,,,,,,,,,,,,,,,,,,,,,,,,,,,,,,,,,,,,,,,,,,
G03_RD14-0003-40_41-1;4-M3e-0.625IP-Q0.8_003.20sec.fsa,D18S51,Y,OL,262.23,9,OL,263.27,7,OL,276.31,9,OL,280,15,12,281.12,165,13,285.11,808,14,289.02,23,14.2,291.25,7,15,293.16,127,OL,300.31,9,17,301.32,11,18,305.07,117,19,309.11,1026,OL,314.17,6,21,317.03,6,OL,320.25,10,OL,322.96,9,22.2,323.86,8,OL,344.43,8,,,,,,,,,,,,,,,,,,,,,,,,,,,,,,,,,,,,,,,,,,,,,,,,,,,,,,,,,,,,,,,,,,,,,,,,,,,,,,,,,,,,,,,,,,,,,,,,,,,,,,,,,,,,,,,,,,,,,,,,,,,,,,,,,,,,,,,,,,,,,,,,,,,,,,,,,,,,,,,,,,,,,,,,,,,,,,,,,,,,,,,,,,,,,,,,,,,,,,,,,,,,,,,,,,,,,,,,,,,,,,,,,,,,,,,,,,,,,,,,,,,
G03_RD14-0003-40_41-1;4-M3e-0.625IP-Q0.8_003.20sec.fsa,AMEL,R,X,104.94,3488,Y,110.86,3726,,,,,,,,,,,,,,,,,,,,,,,,,,,,,,,,,,,,,,,,,,,,,,,,,,,,,,,,,,,,,,,,,,,,,,,,,,,,,,,,,,,,,,,,,,,,,,,,,,,,,,,,,,,,,,,,,,,,,,,,,,,,,,,,,,,,,,,,,,,,,,,,,,,,,,,,,,,,,,,,,,,,,,,,,,,,,,,,,,,,,,,,,,,,,,,,,,,,,,,,,,,,,,,,,,,,,,,,,,,,,,,,,,,,,,,,,,,,,,,,,,,,,,,,,,,,,,,,,,,,,,,,,,,,,,,,,,,,,,,,,,,,,,,,,,,,,,
G03_RD14-0003-40_41-1;4-M3e-0.625IP-Q0.8_003.20sec.fsa,D5S818,R,OL,127.63,24,6,128.39,25,OL,132.05,8,OL,139.3,15,9,140.63,17,10,144.75,146,11,148.89,3397,12,153.03,583,13,157.19,411,15,165.11,10,16,169.36,7,OL,171.17,9,OL,175.27,13,OL,177.4,11,,,,,,,,,,,,,,,,,,,,,,,,,,,,,,,,,,,,,,,,,,,,,,,,,,,,,,,,,,,,,,,,,,,,,,,,,,,,,,,,,,,,,,,,,,,,,,,,,,,,,,,,,,,,,,,,,,,,,,,,,,,,,,,,,,,,,,,,,,,,,,,,,,,,,,,,,,,,,,,,,,,,,,,,,,,,,,,,,,,,,,,,,,,,,,,,,,,,,,,,,,,,,,,,,,,,,,,,,,,,,,,,,,,,,,,,,,,,,,,,,,,,,,,,,,,,,,,,,,
G03_RD14-0003-40_41-1;4-M3e-0.625IP-Q0.8_003.20sec.fsa,FGA,R,OL,205.01,5,OL,208.08,5,16.2,210.36,8,21,229.23,70,21.2,231.22,30,22,233.21,1264,22.2,235.29,22,OL,240.82,12,25,245.42,21,OL,246.57,5,26,249.59,372,27,253.64,1090,28,257.65,357,OL,283.04,11,OL,292.37,11,OL,299.52,7,OL,309.26,15,OL,327.13,7,OL,331.12,5,OL,332.99,9,OL,334.28,6,OL,337.59,6,OL,341.48,6,OL,346.48,4,OL,353.94,6,OL,354.68,6,,,,,,,,,,,,,,,,,,,,,,,,,,,,,,,,,,,,,,,,,,,,,,,,,,,,,,,,,,,,,,,,,,,,,,,,,,,,,,,,,,,,,,,,,,,,,,,,,,,,,,,,,,,,,,,,,,,,,,,,,,,,,,,,,,,,,,,,,,,,,,,,,,,,,,,,,,,,,,,,,,,,,,,,,,,,,,,,,,,,,,,,,,,,,,,,,,,,,,,,,,,,,,,,,,,,,,,,,,,,,,
G04_RD14-0003-42_43-1;9-M2d-0.75IP-Q0.8_003.20sec.fsa,D8S1179,B,OL,113.6,4,OL,120.23,4,8,121.49,4,9,125.43,8,10,129.65,114,11,133.67,2456,12,137.8,808,13,141.99,2151,14,146.15,456,OL,153.85,6,18,162.48,4,OL,164.97,5,19,166.71,3,OL,171.6,7,,,,,,,,,,,,,,,,,,,,,,,,,,,,,,,,,,,,,,,,,,,,,,,,,,,,,,,,,,,,,,,,,,,,,,,,,,,,,,,,,,,,,,,,,,,,,,,,,,,,,,,,,,,,,,,,,,,,,,,,,,,,,,,,,,,,,,,,,,,,,,,,,,,,,,,,,,,,,,,,,,,,,,,,,,,,,,,,,,,,,,,,,,,,,,,,,,,,,,,,,,,,,,,,,,,,,,,,,,,,,,,,,,,,,,,,,,,,,,,,,,,,,,,,,,,,,,,,,,
G04_RD14-0003-42_43-1;9-M2d-0.75IP-Q0.8_003.20sec.fsa,D21S11,B,23.2,180.51,4,24,182.8,11,26,190.69,64,26.2,192.72,10,27,194.75,1697,28,198.82,75,28.2,200.66,6,29,202.72,1422,30,206.77,236,30.2,208.76,60,31.2,212.75,277,32.2,217.08,2,OL,224.05,3,35,227.27,15,36,231.25,18,38,239.15,4,OL,240.26,3,,,,,,,,,,,,,,,,,,,,,,,,,,,,,,,,,,,,,,,,,,,,,,,,,,,,,,,,,,,,,,,,,,,,,,,,,,,,,,,,,,,,,,,,,,,,,,,,,,,,,,,,,,,,,,,,,,,,,,,,,,,,,,,,,,,,,,,,,,,,,,,,,,,,,,,,,,,,,,,,,,,,,,,,,,,,,,,,,,,,,,,,,,,,,,,,,,,,,,,,,,,,,,,,,,,,,,,,,,,,,,,,,,,,,,,,,,,,,,,,,,,,,,,,,
G04_RD14-0003-42_43-1;9-M2d-0.75IP-Q0.8_003.20sec.fsa,D7S820,B,OL,248.96,3,OL,251.6,3,7,258.08,32,8,262.13,1014,9,266.14,898,10,270.07,35,OL,271.35,38,11,274.17,345,12,278.54,5,OL,291.62,2,,,,,,,,,,,,,,,,,,,,,,,,,,,,,,,,,,,,,,,,,,,,,,,,,,,,,,,,,,,,,,,,,,,,,,,,,,,,,,,,,,,,,,,,,,,,,,,,,,,,,,,,,,,,,,,,,,,,,,,,,,,,,,,,,,,,,,,,,,,,,,,,,,,,,,,,,,,,,,,,,,,,,,,,,,,,,,,,,,,,,,,,,,,,,,,,,,,,,,,,,,,,,,,,,,,,,,,,,,,,,,,,,,,,,,,,,,,,,,,,,,,,,,,,,,,,,,,,,,,,,,,,,,,,,,
G04_RD14-0003-42_43-1;9-M2d-0.75IP-Q0.8_003.20sec.fsa,CSF1PO,B,5,298.31,4,OL,299.83,4,6,303.08,4,OL,308.23,3,9,314.63,34,10,318.81,911,10.2,321.23,11,11,322.9,54,12,326.93,1018,OL,329.2,3,13,330.85,5,OL,333.19,26,,,,,,,,,,,,,,,,,,,,,,,,,,,,,,,,,,,,,,,,,,,,,,,,,,,,,,,,,,,,,,,,,,,,,,,,,,,,,,,,,,,,,,,,,,,,,,,,,,,,,,,,,,,,,,,,,,,,,,,,,,,,,,,,,,,,,,,,,,,,,,,,,,,,,,,,,,,,,,,,,,,,,,,,,,,,,,,,,,,,,,,,,,,,,,,,,,,,,,,,,,,,,,,,,,,,,,,,,,,,,,,,,,,,,,,,,,,,,,,,,,,,,,,,,,,,,,,,,,,,,,,,
G04_RD14-0003-42_43-1;9-M2d-0.75IP-Q0.8_003.20sec.fsa,D3S1358,G,OL,98.81,9,OL,99.6,5,OL,101.93,5,11,106.18,8,OL,108.82,5,OL,110.9,8,13,114.62,8,OL,116.11,7,14,118.36,364,15,122.36,6071,OL,125.2,66,16,126.15,473,17,130.21,8,OL,133.83,14,18.2,136.74,2,20,142.08,11,,,,,,,,,,,,,,,,,,,,,,,,,,,,,,,,,,,,,,,,,,,,,,,,,,,,,,,,,,,,,,,,,,,,,,,,,,,,,,,,,,,,,,,,,,,,,,,,,,,,,,,,,,,,,,,,,,,,,,,,,,,,,,,,,,,,,,,,,,,,,,,,,,,,,,,,,,,,,,,,,,,,,,,,,,,,,,,,,,,,,,,,,,,,,,,,,,,,,,,,,,,,,,,,,,,,,,,,,,,,,,,,,,,,,,,,,,,,,,,,,,,,,,,,,,,,
G04_RD14-0003-42_43-1;9-M2d-0.75IP-Q0.8_003.20sec.fsa,TH01,G,OL,169.78,17,7,172.68,109,7.3,175.67,108,8,176.75,2848,8.3,179.83,75,9,180.85,627,OL,182.89,179,9.3,183.99,4662,OL,186.11,3,OL,194.75,10,OL,198.65,6,OL,200.91,5,,,,,,,,,,,,,,,,,,,,,,,,,,,,,,,,,,,,,,,,,,,,,,,,,,,,,,,,,,,,,,,,,,,,,,,,,,,,,,,,,,,,,,,,,,,,,,,,,,,,,,,,,,,,,,,,,,,,,,,,,,,,,,,,,,,,,,,,,,,,,,,,,,,,,,,,,,,,,,,,,,,,,,,,,,,,,,,,,,,,,,,,,,,,,,,,,,,,,,,,,,,,,,,,,,,,,,,,,,,,,,,,,,,,,,,,,,,,,,,,,,,,,,,,,,,,,,,,,,,,,,,,
G04_RD14-0003-42_43-1;9-M2d-0.75IP-Q0.8_003.20sec.fsa,D13S317,G,8,215.54,9,OL,216.31,6,10,223.21,72,11,227.18,1657,12,231.25,1595,13,235.24,308,,,,,,,,,,,,,,,,,,,,,,,,,,,,,,,,,,,,,,,,,,,,,,,,,,,,,,,,,,,,,,,,,,,,,,,,,,,,,,,,,,,,,,,,,,,,,,,,,,,,,,,,,,,,,,,,,,,,,,,,,,,,,,,,,,,,,,,,,,,,,,,,,,,,,,,,,,,,,,,,,,,,,,,,,,,,,,,,,,,,,,,,,,,,,,,,,,,,,,,,,,,,,,,,,,,,,,,,,,,,,,,,,,,,,,,,,,,,,,,,,,,,,,,,,,,,,,,,,,,,,,,,,,,,,,,,,,,,,,,,,,
G04_RD14-0003-42_43-1;9-M2d-0.75IP-Q0.8_003.20sec.fsa,D16S539,G,5,251.18,4,OL,254.05,4,OL,257.57,3,7,259.58,2,8,263.41,17,9,267.42,468,OL,269.64,16,10,271.35,4264,11,275.29,27,12,279.4,208,OL,284.16,2,OL,288.4,5,,,,,,,,,,,,,,,,,,,,,,,,,,,,,,,,,,,,,,,,,,,,,,,,,,,,,,,,,,,,,,,,,,,,,,,,,,,,,,,,,,,,,,,,,,,,,,,,,,,,,,,,,,,,,,,,,,,,,,,,,,,,,,,,,,,,,,,,,,,,,,,,,,,,,,,,,,,,,,,,,,,,,,,,,,,,,,,,,,,,,,,,,,,,,,,,,,,,,,,,,,,,,,,,,,,,,,,,,,,,,,,,,,,,,,,,,,,,,,,,,,,,,,,,,,,,,,,,,,,,,,,,
G04_RD14-0003-42_43-1;9-M2d-0.75IP-Q0.8_003.20sec.fsa,D2S1338,G,15,304.67,8,18,316.9,65,19,321.15,1150,20,325.1,13,21,329.2,168,22,333.19,1847,23,337.25,201,OL,351.8,3,OL,360.26,6,29,361.66,7,OL,363.49,5,OL,365.06,6,,,,,,,,,,,,,,,,,,,,,,,,,,,,,,,,,,,,,,,,,,,,,,,,,,,,,,,,,,,,,,,,,,,,,,,,,,,,,,,,,,,,,,,,,,,,,,,,,,,,,,,,,,,,,,,,,,,,,,,,,,,,,,,,,,,,,,,,,,,,,,,,,,,,,,,,,,,,,,,,,,,,,,,,,,,,,,,,,,,,,,,,,,,,,,,,,,,,,,,,,,,,,,,,,,,,,,,,,,,,,,,,,,,,,,,,,,,,,,,,,,,,,,,,,,,,,,,,,,,,,,,,
G04_RD14-0003-42_43-1;9-M2d-0.75IP-Q0.8_003.20sec.fsa,D19S433,Y,9,100.24,12,11.2,110.42,33,12,112.41,27,OL,113.28,20,12.2,114.31,246,13,116.26,285,13.2,118.29,3121,14,120.23,3995,14.2,122.2,862,OL,132.62,6,,,,,,,,,,,,,,,,,,,,,,,,,,,,,,,,,,,,,,,,,,,,,,,,,,,,,,,,,,,,,,,,,,,,,,,,,,,,,,,,,,,,,,,,,,,,,,,,,,,,,,,,,,,,,,,,,,,,,,,,,,,,,,,,,,,,,,,,,,,,,,,,,,,,,,,,,,,,,,,,,,,,,,,,,,,,,,,,,,,,,,,,,,,,,,,,,,,,,,,,,,,,,,,,,,,,,,,,,,,,,,,,,,,,,,,,,,,,,,,,,,,,,,,,,,,,,,,,,,,,,,,,,,,,,,
G04_RD14-0003-42_43-1;9-M2d-0.75IP-Q0.8_003.20sec.fsa,vWA,Y,OL,148.66,21,12,155.95,41,OL,159.07,275,13,160.08,1837,15,168.2,35,16,172.27,573,17,176.34,1973,19,184.16,58,20,188.31,6,OL,198.14,6,,,,,,,,,,,,,,,,,,,,,,,,,,,,,,,,,,,,,,,,,,,,,,,,,,,,,,,,,,,,,,,,,,,,,,,,,,,,,,,,,,,,,,,,,,,,,,,,,,,,,,,,,,,,,,,,,,,,,,,,,,,,,,,,,,,,,,,,,,,,,,,,,,,,,,,,,,,,,,,,,,,,,,,,,,,,,,,,,,,,,,,,,,,,,,,,,,,,,,,,,,,,,,,,,,,,,,,,,,,,,,,,,,,,,,,,,,,,,,,,,,,,,,,,,,,,,,,,,,,,,,,,,,,,,,
G04_RD14-0003-42_43-1;9-M2d-0.75IP-Q0.8_003.20sec.fsa,TPOX,Y,OL,218.88,5,OL,221.44,7,7,224.73,34,8,228.79,1765,9,232.78,14,10,236.85,206,11,240.87,1163,OL,242.44,7,,,,,,,,,,,,,,,,,,,,,,,,,,,,,,,,,,,,,,,,,,,,,,,,,,,,,,,,,,,,,,,,,,,,,,,,,,,,,,,,,,,,,,,,,,,,,,,,,,,,,,,,,,,,,,,,,,,,,,,,,,,,,,,,,,,,,,,,,,,,,,,,,,,,,,,,,,,,,,,,,,,,,,,,,,,,,,,,,,,,,,,,,,,,,,,,,,,,,,,,,,,,,,,,,,,,,,,,,,,,,,,,,,,,,,,,,,,,,,,,,,,,,,,,,,,,,,,,,,,,,,,,,,,,,,,,,,,,
G04_RD14-0003-42_43-1;9-M2d-0.75IP-Q0.8_003.20sec.fsa,D18S51,Y,OL,261.96,8,OL,272.21,20,OL,273.92,14,OL,276.4,10,OL,278.54,8,12,281.44,8,12.2,283.06,6,OL,287.64,5,OL,288.31,6,16,297.12,34,17,301.16,299,18,305.1,1216,19,309.09,857,OL,314.27,13,OL,324.48,7,26,338.2,5,OL,340.09,15,OL,344.14,8,,,,,,,,,,,,,,,,,,,,,,,,,,,,,,,,,,,,,,,,,,,,,,,,,,,,,,,,,,,,,,,,,,,,,,,,,,,,,,,,,,,,,,,,,,,,,,,,,,,,,,,,,,,,,,,,,,,,,,,,,,,,,,,,,,,,,,,,,,,,,,,,,,,,,,,,,,,,,,,,,,,,,,,,,,,,,,,,,,,,,,,,,,,,,,,,,,,,,,,,,,,,,,,,,,,,,,,,,,,,,,,,,,,,,,,,,,,,,,,,,,,,,,
G04_RD14-0003-42_43-1;9-M2d-0.75IP-Q0.8_003.20sec.fsa,AMEL,R,X,104.98,4797,Y,110.82,2430,,,,,,,,,,,,,,,,,,,,,,,,,,,,,,,,,,,,,,,,,,,,,,,,,,,,,,,,,,,,,,,,,,,,,,,,,,,,,,,,,,,,,,,,,,,,,,,,,,,,,,,,,,,,,,,,,,,,,,,,,,,,,,,,,,,,,,,,,,,,,,,,,,,,,,,,,,,,,,,,,,,,,,,,,,,,,,,,,,,,,,,,,,,,,,,,,,,,,,,,,,,,,,,,,,,,,,,,,,,,,,,,,,,,,,,,,,,,,,,,,,,,,,,,,,,,,,,,,,,,,,,,,,,,,,,,,,,,,,,,,,,,,,,,,,,,,,
G04_RD14-0003-42_43-1;9-M2d-0.75IP-Q0.8_003.20sec.fsa,D5S818,R,8,136.42,10,10,144.82,107,11,148.91,2335,12,153.01,2617,13,157.13,229,OL,177.84,17,,,,,,,,,,,,,,,,,,,,,,,,,,,,,,,,,,,,,,,,,,,,,,,,,,,,,,,,,,,,,,,,,,,,,,,,,,,,,,,,,,,,,,,,,,,,,,,,,,,,,,,,,,,,,,,,,,,,,,,,,,,,,,,,,,,,,,,,,,,,,,,,,,,,,,,,,,,,,,,,,,,,,,,,,,,,,,,,,,,,,,,,,,,,,,,,,,,,,,,,,,,,,,,,,,,,,,,,,,,,,,,,,,,,,,,,,,,,,,,,,,,,,,,,,,,,,,,,,,,,,,,,,,,,,,,,,,,,,,,,,,
G04_RD14-0003-42_43-1;9-M2d-0.75IP-Q0.8_003.20sec.fsa,FGA,R,OL,206.02,6,17,212.83,12,19,220.84,23,20,224.98,379,21,229.05,2251,22,233.54,11,23.2,239.23,14,24.2,243.23,9,27,253.63,93,28,257.57,1183,29,261.62,15,OL,268.79,8,32,273.32,16,OL,274.69,7,OL,277.86,9,OL,297.63,8,OL,299.58,8,OL,302.08,13,OL,309.34,23,OL,310.37,20,OL,327.89,9,OL,331.46,9,OL,333.19,20,OL,335.09,7,47.2,336.13,5,OL,339.31,10,OL,343.08,10,OL,346.25,4,OL,349.51,9,,,,,,,,,,,,,,,,,,,,,,,,,,,,,,,,,,,,,,,,,,,,,,,,,,,,,,,,,,,,,,,,,,,,,,,,,,,,,,,,,,,,,,,,,,,,,,,,,,,,,,,,,,,,,,,,,,,,,,,,,,,,,,,,,,,,,,,,,,,,,,,,,,,,,,,,,,,,,,,,,,,,,,,,,,,,,,,,,,,,,,,,,,,,,,,,,,,,,,,,,,,,,,,,,,,,,
G05_RD14-0003-42_43-1;9-M2e-0.15IP-Q2.5_003.20sec.fsa,D8S1179,B,OL,111.96,3,OL,119.39,3,OL,122.93,11,10,129.71,9,11,133.72,154,12,137.84,64,13,142.04,137,OL,144.08,10,14,146.21,58,OL,161.55,5,OL,167.51,5,20,170.95,4,,,,,,,,,,,,,,,,,,,,,,,,,,,,,,,,,,,,,,,,,,,,,,,,,,,,,,,,,,,,,,,,,,,,,,,,,,,,,,,,,,,,,,,,,,,,,,,,,,,,,,,,,,,,,,,,,,,,,,,,,,,,,,,,,,,,,,,,,,,,,,,,,,,,,,,,,,,,,,,,,,,,,,,,,,,,,,,,,,,,,,,,,,,,,,,,,,,,,,,,,,,,,,,,,,,,,,,,,,,,,,,,,,,,,,,,,,,,,,,,,,,,,,,,,,,,,,,,,,,,,,,,
G05_RD14-0003-42_43-1;9-M2e-0.15IP-Q2.5_003.20sec.fsa,D21S11,B,24.2,184.13,4,25,186.66,7,26,190.62,7,OL,193.24,3,27,194.68,118,OL,201.4,2,29,202.63,53,29.2,205.03,5,OL,209.25,16,31,211.08,4,31.2,212.66,29,OL,220.25,4,35.2,228.64,5,OL,229.84,8,37,234.78,3,OL,240.44,6,OL,242.46,4,39,243.17,4,,,,,,,,,,,,,,,,,,,,,,,,,,,,,,,,,,,,,,,,,,,,,,,,,,,,,,,,,,,,,,,,,,,,,,,,,,,,,,,,,,,,,,,,,,,,,,,,,,,,,,,,,,,,,,,,,,,,,,,,,,,,,,,,,,,,,,,,,,,,,,,,,,,,,,,,,,,,,,,,,,,,,,,,,,,,,,,,,,,,,,,,,,,,,,,,,,,,,,,,,,,,,,,,,,,,,,,,,,,,,,,,,,,,,,,,,,,,,,,,,,,,,,
G05_RD14-0003-42_43-1;9-M2e-0.15IP-Q2.5_003.20sec.fsa,D7S820,B,OL,249.56,7,OL,251.11,4,8,262.06,109,9,266.2,45,OL,271.39,6,OL,276.86,4,12,278.43,5,OL,285.21,3,14,286.6,6,OL,287.47,3,15,290.08,2,,,,,,,,,,,,,,,,,,,,,,,,,,,,,,,,,,,,,,,,,,,,,,,,,,,,,,,,,,,,,,,,,,,,,,,,,,,,,,,,,,,,,,,,,,,,,,,,,,,,,,,,,,,,,,,,,,,,,,,,,,,,,,,,,,,,,,,,,,,,,,,,,,,,,,,,,,,,,,,,,,,,,,,,,,,,,,,,,,,,,,,,,,,,,,,,,,,,,,,,,,,,,,,,,,,,,,,,,,,,,,,,,,,,,,,,,,,,,,,,,,,,,,,,,,,,,,,,,,,,,,,,,,,
G05_RD14-0003-42_43-1;9-M2e-0.15IP-Q2.5_003.20sec.fsa,CSF1PO,B,5,298.61,4,10,318.68,58,10.2,320.27,5,OL,323.92,3,12,326.82,25,15,338.49,5,OL,339.56,1,OL,340.54,6,,,,,,,,,,,,,,,,,,,,,,,,,,,,,,,,,,,,,,,,,,,,,,,,,,,,,,,,,,,,,,,,,,,,,,,,,,,,,,,,,,,,,,,,,,,,,,,,,,,,,,,,,,,,,,,,,,,,,,,,,,,,,,,,,,,,,,,,,,,,,,,,,,,,,,,,,,,,,,,,,,,,,,,,,,,,,,,,,,,,,,,,,,,,,,,,,,,,,,,,,,,,,,,,,,,,,,,,,,,,,,,,,,,,,,,,,,,,,,,,,,,,,,,,,,,,,,,,,,,,,,,,,,,,,,,,,,,,
G05_RD14-0003-42_43-1;9-M2e-0.15IP-Q2.5_003.20sec.fsa,D3S1358,G,OL,98.29,4,OL,103.55,6,OL,112.12,7,OL,116.08,13,14,118.31,65,15,122.39,851,16,126.19,112,17,130.73,7,20,142.61,5,,,,,,,,,,,,,,,,,,,,,,,,,,,,,,,,,,,,,,,,,,,,,,,,,,,,,,,,,,,,,,,,,,,,,,,,,,,,,,,,,,,,,,,,,,,,,,,,,,,,,,,,,,,,,,,,,,,,,,,,,,,,,,,,,,,,,,,,,,,,,,,,,,,,,,,,,,,,,,,,,,,,,,,,,,,,,,,,,,,,,,,,,,,,,,,,,,,,,,,,,,,,,,,,,,,,,,,,,,,,,,,,,,,,,,,,,,,,,,,,,,,,,,,,,,,,,,,,,,,,,,,,,,,,,,,,,
G05_RD14-0003-42_43-1;9-M2e-0.15IP-Q2.5_003.20sec.fsa,TH01,G,OL,157.59,5,7,172.35,14,8,176.62,299,9.3,183.88,224,10,185.31,11,OL,185.98,10,12,192.99,5,13.3,200.08,9,,,,,,,,,,,,,,,,,,,,,,,,,,,,,,,,,,,,,,,,,,,,,,,,,,,,,,,,,,,,,,,,,,,,,,,,,,,,,,,,,,,,,,,,,,,,,,,,,,,,,,,,,,,,,,,,,,,,,,,,,,,,,,,,,,,,,,,,,,,,,,,,,,,,,,,,,,,,,,,,,,,,,,,,,,,,,,,,,,,,,,,,,,,,,,,,,,,,,,,,,,,,,,,,,,,,,,,,,,,,,,,,,,,,,,,,,,,,,,,,,,,,,,,,,,,,,,,,,,,,,,,,,,,,,,,,,,,,
G05_RD14-0003-42_43-1;9-M2e-0.15IP-Q2.5_003.20sec.fsa,D13S317,G,OL,217.51,6,10,223.21,16,11,227.28,279,OL,229.84,11,12,231.28,211,13,235.29,47,,,,,,,,,,,,,,,,,,,,,,,,,,,,,,,,,,,,,,,,,,,,,,,,,,,,,,,,,,,,,,,,,,,,,,,,,,,,,,,,,,,,,,,,,,,,,,,,,,,,,,,,,,,,,,,,,,,,,,,,,,,,,,,,,,,,,,,,,,,,,,,,,,,,,,,,,,,,,,,,,,,,,,,,,,,,,,,,,,,,,,,,,,,,,,,,,,,,,,,,,,,,,,,,,,,,,,,,,,,,,,,,,,,,,,,,,,,,,,,,,,,,,,,,,,,,,,,,,,,,,,,,,,,,,,,,,,,,,,,,,,
G05_RD14-0003-42_43-1;9-M2e-0.15IP-Q2.5_003.20sec.fsa,D16S539,G,6,255.35,6,9,267.06,8,10,271.22,198,11,275.38,6,OL,290.52,8,OL,291.65,6,,,,,,,,,,,,,,,,,,,,,,,,,,,,,,,,,,,,,,,,,,,,,,,,,,,,,,,,,,,,,,,,,,,,,,,,,,,,,,,,,,,,,,,,,,,,,,,,,,,,,,,,,,,,,,,,,,,,,,,,,,,,,,,,,,,,,,,,,,,,,,,,,,,,,,,,,,,,,,,,,,,,,,,,,,,,,,,,,,,,,,,,,,,,,,,,,,,,,,,,,,,,,,,,,,,,,,,,,,,,,,,,,,,,,,,,,,,,,,,,,,,,,,,,,,,,,,,,,,,,,,,,,,,,,,,,,,,,,,,,,,
G05_RD14-0003-42_43-1;9-M2e-0.15IP-Q2.5_003.20sec.fsa,D2S1338,G,OL,303.07,6,18,317.08,7,19,321.09,42,21,329.34,17,22,333.21,110,23,337.15,42,OL,339.38,8,OL,340.63,5,OL,343.26,9,OL,346.98,5,OL,347.98,6,OL,359.91,7,,,,,,,,,,,,,,,,,,,,,,,,,,,,,,,,,,,,,,,,,,,,,,,,,,,,,,,,,,,,,,,,,,,,,,,,,,,,,,,,,,,,,,,,,,,,,,,,,,,,,,,,,,,,,,,,,,,,,,,,,,,,,,,,,,,,,,,,,,,,,,,,,,,,,,,,,,,,,,,,,,,,,,,,,,,,,,,,,,,,,,,,,,,,,,,,,,,,,,,,,,,,,,,,,,,,,,,,,,,,,,,,,,,,,,,,,,,,,,,,,,,,,,,,,,,,,,,,,,,,,,,,
G05_RD14-0003-42_43-1;9-M2e-0.15IP-Q2.5_003.20sec.fsa,D19S433,Y,OL,95.18,12,OL,97.98,9,9,99.92,12,11.2,110.39,11,12.2,114.23,56,13,116.23,52,13.2,118.23,694,14,120.15,651,14.2,122.16,43,15.2,126.42,10,,,,,,,,,,,,,,,,,,,,,,,,,,,,,,,,,,,,,,,,,,,,,,,,,,,,,,,,,,,,,,,,,,,,,,,,,,,,,,,,,,,,,,,,,,,,,,,,,,,,,,,,,,,,,,,,,,,,,,,,,,,,,,,,,,,,,,,,,,,,,,,,,,,,,,,,,,,,,,,,,,,,,,,,,,,,,,,,,,,,,,,,,,,,,,,,,,,,,,,,,,,,,,,,,,,,,,,,,,,,,,,,,,,,,,,,,,,,,,,,,,,,,,,,,,,,,,,,,,,,,,,,,,,,,,
G05_RD14-0003-42_43-1;9-M2e-0.15IP-Q2.5_003.20sec.fsa,vWA,Y,OL,146.37,9,13,160,98,OL,163.75,7,OL,165.22,11,16,172.18,75,17,176.21,176,18.2,182.53,11,OL,194,4,,,,,,,,,,,,,,,,,,,,,,,,,,,,,,,,,,,,,,,,,,,,,,,,,,,,,,,,,,,,,,,,,,,,,,,,,,,,,,,,,,,,,,,,,,,,,,,,,,,,,,,,,,,,,,,,,,,,,,,,,,,,,,,,,,,,,,,,,,,,,,,,,,,,,,,,,,,,,,,,,,,,,,,,,,,,,,,,,,,,,,,,,,,,,,,,,,,,,,,,,,,,,,,,,,,,,,,,,,,,,,,,,,,,,,,,,,,,,,,,,,,,,,,,,,,,,,,,,,,,,,,,,,,,,,,,,,,,
G05_RD14-0003-42_43-1;9-M2e-0.15IP-Q2.5_003.20sec.fsa,TPOX,Y,OL,222.88,7,8,228.73,187,OL,231.62,8,OL,234.18,9,11,240.79,255,13,248.69,9,,,,,,,,,,,,,,,,,,,,,,,,,,,,,,,,,,,,,,,,,,,,,,,,,,,,,,,,,,,,,,,,,,,,,,,,,,,,,,,,,,,,,,,,,,,,,,,,,,,,,,,,,,,,,,,,,,,,,,,,,,,,,,,,,,,,,,,,,,,,,,,,,,,,,,,,,,,,,,,,,,,,,,,,,,,,,,,,,,,,,,,,,,,,,,,,,,,,,,,,,,,,,,,,,,,,,,,,,,,,,,,,,,,,,,,,,,,,,,,,,,,,,,,,,,,,,,,,,,,,,,,,,,,,,,,,,,,,,,,,,,
G05_RD14-0003-42_43-1;9-M2e-0.15IP-Q2.5_003.20sec.fsa,D18S51,Y,OL,262.92,8,OL,265.85,8,OL,272.17,8,OL,292.43,6,17,301.61,11,18,304.96,30,24,329.89,9,OL,331.51,10,,,,,,,,,,,,,,,,,,,,,,,,,,,,,,,,,,,,,,,,,,,,,,,,,,,,,,,,,,,,,,,,,,,,,,,,,,,,,,,,,,,,,,,,,,,,,,,,,,,,,,,,,,,,,,,,,,,,,,,,,,,,,,,,,,,,,,,,,,,,,,,,,,,,,,,,,,,,,,,,,,,,,,,,,,,,,,,,,,,,,,,,,,,,,,,,,,,,,,,,,,,,,,,,,,,,,,,,,,,,,,,,,,,,,,,,,,,,,,,,,,,,,,,,,,,,,,,,,,,,,,,,,,,,,,,,,,,,
G05_RD14-0003-42_43-1;9-M2e-0.15IP-Q2.5_003.20sec.fsa,AMEL,R,X,104.89,646,OL,107.8,3,Y,110.78,496,,,,,,,,,,,,,,,,,,,,,,,,,,,,,,,,,,,,,,,,,,,,,,,,,,,,,,,,,,,,,,,,,,,,,,,,,,,,,,,,,,,,,,,,,,,,,,,,,,,,,,,,,,,,,,,,,,,,,,,,,,,,,,,,,,,,,,,,,,,,,,,,,,,,,,,,,,,,,,,,,,,,,,,,,,,,,,,,,,,,,,,,,,,,,,,,,,,,,,,,,,,,,,,,,,,,,,,,,,,,,,,,,,,,,,,,,,,,,,,,,,,,,,,,,,,,,,,,,,,,,,,,,,,,,,,,,,,,,,,,,,,,,,,,,,,
G05_RD14-0003-42_43-1;9-M2e-0.15IP-Q2.5_003.20sec.fsa,D5S818,R,OL,125.8,6,OL,138.08,5,OL,141.71,10,10,144.9,19,11,148.92,309,12,152.95,242,13,157.01,17,OL,161.96,6,17,173,11,OL,173.91,8,OL,176.46,13,,,,,,,,,,,,,,,,,,,,,,,,,,,,,,,,,,,,,,,,,,,,,,,,,,,,,,,,,,,,,,,,,,,,,,,,,,,,,,,,,,,,,,,,,,,,,,,,,,,,,,,,,,,,,,,,,,,,,,,,,,,,,,,,,,,,,,,,,,,,,,,,,,,,,,,,,,,,,,,,,,,,,,,,,,,,,,,,,,,,,,,,,,,,,,,,,,,,,,,,,,,,,,,,,,,,,,,,,,,,,,,,,,,,,,,,,,,,,,,,,,,,,,,,,,,,,,,,,,,,,,,,,,,
G05_RD14-0003-42_43-1;9-M2e-0.15IP-Q2.5_003.20sec.fsa,FGA,R,OL,206.27,5,OL,207.26,8,20,224.65,13,21,229.07,128,23,237.09,5,24,241.85,9,25,245.89,7,25.2,247.29,7,27,253.91,12,28,257.64,159,30,265.59,5,31,269.48,5,OL,275.03,4,33.2,279.48,11,OL,280.61,10,OL,296,8,OL,308.52,30,OL,309.66,28,45.2,328.8,7,OL,331.78,7,OL,349.35,7,,,,,,,,,,,,,,,,,,,,,,,,,,,,,,,,,,,,,,,,,,,,,,,,,,,,,,,,,,,,,,,,,,,,,,,,,,,,,,,,,,,,,,,,,,,,,,,,,,,,,,,,,,,,,,,,,,,,,,,,,,,,,,,,,,,,,,,,,,,,,,,,,,,,,,,,,,,,,,,,,,,,,,,,,,,,,,,,,,,,,,,,,,,,,,,,,,,,,,,,,,,,,,,,,,,,,,,,,,,,,,,,,,,,,,,,,,,,,
H01_RD14-0003-44_45-1;1-M4d-0.062IP-Q0.9_004.20sec.fsa,D8S1179,B,OL,118.19,3,OL,123.52,7,10,129.69,148,12,138.16,4,OL,139.92,3,OL,140.7,3,13,142.01,19,14,146.21,363,15,150.34,112,OL,154.96,2,18,162.8,3,OL,164.12,3,OL,168.65,2,OL,172.09,2,OL,175.61,3,OL,177.33,2,OL,178.12,4,,,,,,,,,,,,,,,,,,,,,,,,,,,,,,,,,,,,,,,,,,,,,,,,,,,,,,,,,,,,,,,,,,,,,,,,,,,,,,,,,,,,,,,,,,,,,,,,,,,,,,,,,,,,,,,,,,,,,,,,,,,,,,,,,,,,,,,,,,,,,,,,,,,,,,,,,,,,,,,,,,,,,,,,,,,,,,,,,,,,,,,,,,,,,,,,,,,,,,,,,,,,,,,,,,,,,,,,,,,,,,,,,,,,,,,,,,,,,,,,,,,,,,,,,
H01_RD14-0003-44_45-1;1-M4d-0.062IP-Q0.9_004.20sec.fsa,D21S11,B,26,190.42,3,27,194.49,16,27.2,196.33,2,28,198.56,326,30,206.54,6,31,210.58,109,32,214.73,106,33,218.78,3,36.2,232.63,3,OL,238.46,2,OL,240,4,OL,242.16,2,,,,,,,,,,,,,,,,,,,,,,,,,,,,,,,,,,,,,,,,,,,,,,,,,,,,,,,,,,,,,,,,,,,,,,,,,,,,,,,,,,,,,,,,,,,,,,,,,,,,,,,,,,,,,,,,,,,,,,,,,,,,,,,,,,,,,,,,,,,,,,,,,,,,,,,,,,,,,,,,,,,,,,,,,,,,,,,,,,,,,,,,,,,,,,,,,,,,,,,,,,,,,,,,,,,,,,,,,,,,,,,,,,,,,,,,,,,,,,,,,,,,,,,,,,,,,,,,,,,,,,,,
H01_RD14-0003-44_45-1;1-M4d-0.062IP-Q0.9_004.20sec.fsa,D7S820,B,7,258.01,2,8,262.12,79,9,266.12,95,10,270.13,211,OL,279.92,3,OL,287.09,2,16,294.52,3,,,,,,,,,,,,,,,,,,,,,,,,,,,,,,,,,,,,,,,,,,,,,,,,,,,,,,,,,,,,,,,,,,,,,,,,,,,,,,,,,,,,,,,,,,,,,,,,,,,,,,,,,,,,,,,,,,,,,,,,,,,,,,,,,,,,,,,,,,,,,,,,,,,,,,,,,,,,,,,,,,,,,,,,,,,,,,,,,,,,,,,,,,,,,,,,,,,,,,,,,,,,,,,,,,,,,,,,,,,,,,,,,,,,,,,,,,,,,,,,,,,,,,,,,,,,,,,,,,,,,,,,,,,,,,,,,,,,,,,
H01_RD14-0003-44_45-1;1-M4d-0.062IP-Q0.9_004.20sec.fsa,CSF1PO,B,OL,300.08,3,7,306.95,2,10,318.76,8,11,322.84,158,12,326.86,17,OL,332.82,2,OL,334.35,2,OL,340,4,,,,,,,,,,,,,,,,,,,,,,,,,,,,,,,,,,,,,,,,,,,,,,,,,,,,,,,,,,,,,,,,,,,,,,,,,,,,,,,,,,,,,,,,,,,,,,,,,,,,,,,,,,,,,,,,,,,,,,,,,,,,,,,,,,,,,,,,,,,,,,,,,,,,,,,,,,,,,,,,,,,,,,,,,,,,,,,,,,,,,,,,,,,,,,,,,,,,,,,,,,,,,,,,,,,,,,,,,,,,,,,,,,,,,,,,,,,,,,,,,,,,,,,,,,,,,,,,,,,,,,,,,,,,,,,,,,,,
H01_RD14-0003-44_45-1;1-M4d-0.062IP-Q0.9_004.20sec.fsa,D3S1358,G,OL,100.76,5,11,106.32,4,OL,112.07,4,OL,113.7,3,OL,116.82,15,14,118.27,34,15,122.27,488,16,126.41,243,17,130.14,76,18,133.98,4,18,134.66,3,OL,137.4,2,OL,140.31,3,20,142.48,4,,,,,,,,,,,,,,,,,,,,,,,,,,,,,,,,,,,,,,,,,,,,,,,,,,,,,,,,,,,,,,,,,,,,,,,,,,,,,,,,,,,,,,,,,,,,,,,,,,,,,,,,,,,,,,,,,,,,,,,,,,,,,,,,,,,,,,,,,,,,,,,,,,,,,,,,,,,,,,,,,,,,,,,,,,,,,,,,,,,,,,,,,,,,,,,,,,,,,,,,,,,,,,,,,,,,,,,,,,,,,,,,,,,,,,,,,,,,,,,,,,,,,,,,,,,,,,,,,,
H01_RD14-0003-44_45-1;1-M4d-0.062IP-Q0.9_004.20sec.fsa,TH01,G,OL,155.59,3,5,164.51,6,6,168.49,251,OL,170.37,4,7,172.55,126,8,176.55,5,9,180.64,145,9.3,183.82,107,OL,196.41,3,,,,,,,,,,,,,,,,,,,,,,,,,,,,,,,,,,,,,,,,,,,,,,,,,,,,,,,,,,,,,,,,,,,,,,,,,,,,,,,,,,,,,,,,,,,,,,,,,,,,,,,,,,,,,,,,,,,,,,,,,,,,,,,,,,,,,,,,,,,,,,,,,,,,,,,,,,,,,,,,,,,,,,,,,,,,,,,,,,,,,,,,,,,,,,,,,,,,,,,,,,,,,,,,,,,,,,,,,,,,,,,,,,,,,,,,,,,,,,,,,,,,,,,,,,,,,,,,,,,,,,,,,,,,,,,,,
H01_RD14-0003-44_45-1;1-M4d-0.062IP-Q0.9_004.20sec.fsa,D13S317,G,OL,204.49,4,8,215.13,404,9,219.27,3,12,231.26,58,OL,234.01,3,13,235.38,131,OL,238.7,4,14,239.43,4,OL,245.22,2,OL,246.79,2,,,,,,,,,,,,,,,,,,,,,,,,,,,,,,,,,,,,,,,,,,,,,,,,,,,,,,,,,,,,,,,,,,,,,,,,,,,,,,,,,,,,,,,,,,,,,,,,,,,,,,,,,,,,,,,,,,,,,,,,,,,,,,,,,,,,,,,,,,,,,,,,,,,,,,,,,,,,,,,,,,,,,,,,,,,,,,,,,,,,,,,,,,,,,,,,,,,,,,,,,,,,,,,,,,,,,,,,,,,,,,,,,,,,,,,,,,,,,,,,,,,,,,,,,,,,,,,,,,,,,,,,,,,,,,
H01_RD14-0003-44_45-1;1-M4d-0.062IP-Q0.9_004.20sec.fsa,D16S539,G,OL,250.48,3,OL,259.04,5,9,267.34,10,10,271.28,345,11,275.22,212,,,,,,,,,,,,,,,,,,,,,,,,,,,,,,,,,,,,,,,,,,,,,,,,,,,,,,,,,,,,,,,,,,,,,,,,,,,,,,,,,,,,,,,,,,,,,,,,,,,,,,,,,,,,,,,,,,,,,,,,,,,,,,,,,,,,,,,,,,,,,,,,,,,,,,,,,,,,,,,,,,,,,,,,,,,,,,,,,,,,,,,,,,,,,,,,,,,,,,,,,,,,,,,,,,,,,,,,,,,,,,,,,,,,,,,,,,,,,,,,,,,,,,,,,,,,,,,,,,,,,,,,,,,,,,,,,,,,,,,,,,,,,
H01_RD14-0003-44_45-1;1-M4d-0.062IP-Q0.9_004.20sec.fsa,D2S1338,G,16,308.7,36,OL,310.45,3,OL,311.13,4,18,316.82,27,19,321.03,361,OL,326.09,2,22,333.41,3,24,341.2,12,25,345.14,129,OL,348.05,3,,,,,,,,,,,,,,,,,,,,,,,,,,,,,,,,,,,,,,,,,,,,,,,,,,,,,,,,,,,,,,,,,,,,,,,,,,,,,,,,,,,,,,,,,,,,,,,,,,,,,,,,,,,,,,,,,,,,,,,,,,,,,,,,,,,,,,,,,,,,,,,,,,,,,,,,,,,,,,,,,,,,,,,,,,,,,,,,,,,,,,,,,,,,,,,,,,,,,,,,,,,,,,,,,,,,,,,,,,,,,,,,,,,,,,,,,,,,,,,,,,,,,,,,,,,,,,,,,,,,,,,,,,,,,,
H01_RD14-0003-44_45-1;1-M4d-0.062IP-Q0.9_004.20sec.fsa,D19S433,Y,OL,102.49,6,10,103.92,13,11,108.12,323,OL,109.31,2,12,112.22,19,12.2,114.14,4,13,116.1,281,14,120.07,334,OL,121.24,5,15,123.97,199,OL,125.3,6,OL,140,5,,,,,,,,,,,,,,,,,,,,,,,,,,,,,,,,,,,,,,,,,,,,,,,,,,,,,,,,,,,,,,,,,,,,,,,,,,,,,,,,,,,,,,,,,,,,,,,,,,,,,,,,,,,,,,,,,,,,,,,,,,,,,,,,,,,,,,,,,,,,,,,,,,,,,,,,,,,,,,,,,,,,,,,,,,,,,,,,,,,,,,,,,,,,,,,,,,,,,,,,,,,,,,,,,,,,,,,,,,,,,,,,,,,,,,,,,,,,,,,,,,,,,,,,,,,,,,,,,,,,,,,,
H01_RD14-0003-44_45-1;1-M4d-0.062IP-Q0.9_004.20sec.fsa,vWA,Y,OL,152.69,4,13,159.92,204,OL,166.23,6,16,172.16,105,18,180.16,5,19,184.37,29,OL,185.89,5,20,188.43,209,OL,198.72,6,,,,,,,,,,,,,,,,,,,,,,,,,,,,,,,,,,,,,,,,,,,,,,,,,,,,,,,,,,,,,,,,,,,,,,,,,,,,,,,,,,,,,,,,,,,,,,,,,,,,,,,,,,,,,,,,,,,,,,,,,,,,,,,,,,,,,,,,,,,,,,,,,,,,,,,,,,,,,,,,,,,,,,,,,,,,,,,,,,,,,,,,,,,,,,,,,,,,,,,,,,,,,,,,,,,,,,,,,,,,,,,,,,,,,,,,,,,,,,,,,,,,,,,,,,,,,,,,,,,,,,,,,,,,,,,,,
H01_RD14-0003-44_45-1;1-M4d-0.062IP-Q0.9_004.20sec.fsa,TPOX,Y,OL,213.76,5,8,228.6,16,10,236.68,20,OL,237.57,8,11,240.66,305,13,249.18,6,14,252.97,6,,,,,,,,,,,,,,,,,,,,,,,,,,,,,,,,,,,,,,,,,,,,,,,,,,,,,,,,,,,,,,,,,,,,,,,,,,,,,,,,,,,,,,,,,,,,,,,,,,,,,,,,,,,,,,,,,,,,,,,,,,,,,,,,,,,,,,,,,,,,,,,,,,,,,,,,,,,,,,,,,,,,,,,,,,,,,,,,,,,,,,,,,,,,,,,,,,,,,,,,,,,,,,,,,,,,,,,,,,,,,,,,,,,,,,,,,,,,,,,,,,,,,,,,,,,,,,,,,,,,,,,,,,,,,,,,,,,,,,,
H01_RD14-0003-44_45-1;1-M4d-0.062IP-Q0.9_004.20sec.fsa,D18S51,Y,OL,284.23,5,14,289.04,29,15,292.96,13,16,297.05,132,17,300.97,67,19,309.37,6,19.2,311.46,8,OL,316.37,4,OL,323.09,6,22.2,323.78,7,23,325.84,5,OL,340.26,7,,,,,,,,,,,,,,,,,,,,,,,,,,,,,,,,,,,,,,,,,,,,,,,,,,,,,,,,,,,,,,,,,,,,,,,,,,,,,,,,,,,,,,,,,,,,,,,,,,,,,,,,,,,,,,,,,,,,,,,,,,,,,,,,,,,,,,,,,,,,,,,,,,,,,,,,,,,,,,,,,,,,,,,,,,,,,,,,,,,,,,,,,,,,,,,,,,,,,,,,,,,,,,,,,,,,,,,,,,,,,,,,,,,,,,,,,,,,,,,,,,,,,,,,,,,,,,,,,,,,,,,,
H01_RD14-0003-44_45-1;1-M4d-0.062IP-Q0.9_004.20sec.fsa,AMEL,R,X,104.97,411,Y,110.88,402,,,,,,,,,,,,,,,,,,,,,,,,,,,,,,,,,,,,,,,,,,,,,,,,,,,,,,,,,,,,,,,,,,,,,,,,,,,,,,,,,,,,,,,,,,,,,,,,,,,,,,,,,,,,,,,,,,,,,,,,,,,,,,,,,,,,,,,,,,,,,,,,,,,,,,,,,,,,,,,,,,,,,,,,,,,,,,,,,,,,,,,,,,,,,,,,,,,,,,,,,,,,,,,,,,,,,,,,,,,,,,,,,,,,,,,,,,,,,,,,,,,,,,,,,,,,,,,,,,,,,,,,,,,,,,,,,,,,,,,,,,,,,,,,,,,,,,
H01_RD14-0003-44_45-1;1-M4d-0.062IP-Q0.9_004.20sec.fsa,D5S818,R,7,132.24,5,OL,139.08,9,10,144.73,26,11,148.85,550,12,152.92,153,OL,163.97,9,15,165.53,8,OL,167.79,5,16,168.88,8,17,172.87,9,,,,,,,,,,,,,,,,,,,,,,,,,,,,,,,,,,,,,,,,,,,,,,,,,,,,,,,,,,,,,,,,,,,,,,,,,,,,,,,,,,,,,,,,,,,,,,,,,,,,,,,,,,,,,,,,,,,,,,,,,,,,,,,,,,,,,,,,,,,,,,,,,,,,,,,,,,,,,,,,,,,,,,,,,,,,,,,,,,,,,,,,,,,,,,,,,,,,,,,,,,,,,,,,,,,,,,,,,,,,,,,,,,,,,,,,,,,,,,,,,,,,,,,,,,,,,,,,,,,,,,,,,,,,,,
H01_RD14-0003-44_45-1;1-M4d-0.062IP-Q0.9_004.20sec.fsa,FGA,R,18.2,218.62,3,OL,222.33,6,20,225.14,25,21,229.16,175,23,237.32,82,OL,238.7,8,24,241.41,232,25,245.55,149,26,249.51,8,29,261.22,7,32,273.74,5,OL,302.11,6,OL,311.97,3,42.2,316.02,6,OL,316.82,8,OL,331.38,5,OL,358.36,4,,,,,,,,,,,,,,,,,,,,,,,,,,,,,,,,,,,,,,,,,,,,,,,,,,,,,,,,,,,,,,,,,,,,,,,,,,,,,,,,,,,,,,,,,,,,,,,,,,,,,,,,,,,,,,,,,,,,,,,,,,,,,,,,,,,,,,,,,,,,,,,,,,,,,,,,,,,,,,,,,,,,,,,,,,,,,,,,,,,,,,,,,,,,,,,,,,,,,,,,,,,,,,,,,,,,,,,,,,,,,,,,,,,,,,,,,,,,,,,,,,,,,,,,,
H02_RD14-0003-40_41-1;4-M3a-0.155IP-Q0.6_004.20sec.fsa,D8S1179,B,OL,112.18,3,OL,116.4,1,OL,122.91,6,OL,123.55,8,OL,130.45,6,11,133.64,6,12,137.8,84,13,141.87,1165,14,146.21,1781,15,150.34,201,OL,153.58,4,16,154.41,2,OL,159.92,3,OL,176.88,4,,,,,,,,,,,,,,,,,,,,,,,,,,,,,,,,,,,,,,,,,,,,,,,,,,,,,,,,,,,,,,,,,,,,,,,,,,,,,,,,,,,,,,,,,,,,,,,,,,,,,,,,,,,,,,,,,,,,,,,,,,,,,,,,,,,,,,,,,,,,,,,,,,,,,,,,,,,,,,,,,,,,,,,,,,,,,,,,,,,,,,,,,,,,,,,,,,,,,,,,,,,,,,,,,,,,,,,,,,,,,,,,,,,,,,,,,,,,,,,,,,,,,,,,,,,,,,,,,,
H02_RD14-0003-40_41-1;4-M3a-0.155IP-Q0.6_004.20sec.fsa,D21S11,B,OL,189.64,2,27,194.45,6,28,198.58,154,29,202.64,206,30,206.61,72,31,210.59,849,32,214.38,7,33,218.86,7,34,222.84,78,35,226.89,792,36,231.16,17,OL,232.35,2,37.2,237.38,2,,,,,,,,,,,,,,,,,,,,,,,,,,,,,,,,,,,,,,,,,,,,,,,,,,,,,,,,,,,,,,,,,,,,,,,,,,,,,,,,,,,,,,,,,,,,,,,,,,,,,,,,,,,,,,,,,,,,,,,,,,,,,,,,,,,,,,,,,,,,,,,,,,,,,,,,,,,,,,,,,,,,,,,,,,,,,,,,,,,,,,,,,,,,,,,,,,,,,,,,,,,,,,,,,,,,,,,,,,,,,,,,,,,,,,,,,,,,,,,,,,,,,,,,,,,,,,,,,,,,,
H02_RD14-0003-40_41-1;4-M3a-0.155IP-Q0.6_004.20sec.fsa,D7S820,B,OL,248.1,2,8,261.87,5,9,266.06,97,10,270.04,66,11,274.11,1464,12,277.88,6,OL,287.12,2,OL,292.89,1,OL,293.49,2,,,,,,,,,,,,,,,,,,,,,,,,,,,,,,,,,,,,,,,,,,,,,,,,,,,,,,,,,,,,,,,,,,,,,,,,,,,,,,,,,,,,,,,,,,,,,,,,,,,,,,,,,,,,,,,,,,,,,,,,,,,,,,,,,,,,,,,,,,,,,,,,,,,,,,,,,,,,,,,,,,,,,,,,,,,,,,,,,,,,,,,,,,,,,,,,,,,,,,,,,,,,,,,,,,,,,,,,,,,,,,,,,,,,,,,,,,,,,,,,,,,,,,,,,,,,,,,,,,,,,,,,,,,,,,,,,
H02_RD14-0003-40_41-1;4-M3a-0.155IP-Q0.6_004.20sec.fsa,CSF1PO,B,5,298.73,5,OL,299.78,5,7,306.42,12,8,310.41,373,11,322.67,117,12,326.81,1902,13,330.77,10,OL,333.01,13,OL,340,5,,,,,,,,,,,,,,,,,,,,,,,,,,,,,,,,,,,,,,,,,,,,,,,,,,,,,,,,,,,,,,,,,,,,,,,,,,,,,,,,,,,,,,,,,,,,,,,,,,,,,,,,,,,,,,,,,,,,,,,,,,,,,,,,,,,,,,,,,,,,,,,,,,,,,,,,,,,,,,,,,,,,,,,,,,,,,,,,,,,,,,,,,,,,,,,,,,,,,,,,,,,,,,,,,,,,,,,,,,,,,,,,,,,,,,,,,,,,,,,,,,,,,,,,,,,,,,,,,,,,,,,,,,,,,,,,,
H02_RD14-0003-40_41-1;4-M3a-0.155IP-Q0.6_004.20sec.fsa,D3S1358,G,OL,116.19,13,OL,116.83,16,14,118.17,15,15,122.27,183,15.2,124.41,1,16,126.34,1374,17,130.45,1356,18,134.36,6,OL,143.36,8,,,,,,,,,,,,,,,,,,,,,,,,,,,,,,,,,,,,,,,,,,,,,,,,,,,,,,,,,,,,,,,,,,,,,,,,,,,,,,,,,,,,,,,,,,,,,,,,,,,,,,,,,,,,,,,,,,,,,,,,,,,,,,,,,,,,,,,,,,,,,,,,,,,,,,,,,,,,,,,,,,,,,,,,,,,,,,,,,,,,,,,,,,,,,,,,,,,,,,,,,,,,,,,,,,,,,,,,,,,,,,,,,,,,,,,,,,,,,,,,,,,,,,,,,,,,,,,,,,,,,,,,,,,,,,,,,
H02_RD14-0003-40_41-1;4-M3a-0.155IP-Q0.6_004.20sec.fsa,TH01,G,OL,159.02,6,5,164.09,5,6,168.55,33,7,172.57,2108,8,176.65,789,9,180.38,2,OL,181.43,3,OL,182.56,3,10,185.12,4,OL,190.47,3,OL,191.07,3,OL,192.42,4,,,,,,,,,,,,,,,,,,,,,,,,,,,,,,,,,,,,,,,,,,,,,,,,,,,,,,,,,,,,,,,,,,,,,,,,,,,,,,,,,,,,,,,,,,,,,,,,,,,,,,,,,,,,,,,,,,,,,,,,,,,,,,,,,,,,,,,,,,,,,,,,,,,,,,,,,,,,,,,,,,,,,,,,,,,,,,,,,,,,,,,,,,,,,,,,,,,,,,,,,,,,,,,,,,,,,,,,,,,,,,,,,,,,,,,,,,,,,,,,,,,,,,,,,,,,,,,,,,,,,,,,
H02_RD14-0003-40_41-1;4-M3a-0.155IP-Q0.6_004.20sec.fsa,D13S317,G,OL,205.06,4,OL,205.87,4,OL,212.67,4,8,214.91,4,OL,220.82,4,10,222.99,7,11,227.26,143,12,231.31,2343,13,235.28,1307,14,239.4,10,,,,,,,,,,,,,,,,,,,,,,,,,,,,,,,,,,,,,,,,,,,,,,,,,,,,,,,,,,,,,,,,,,,,,,,,,,,,,,,,,,,,,,,,,,,,,,,,,,,,,,,,,,,,,,,,,,,,,,,,,,,,,,,,,,,,,,,,,,,,,,,,,,,,,,,,,,,,,,,,,,,,,,,,,,,,,,,,,,,,,,,,,,,,,,,,,,,,,,,,,,,,,,,,,,,,,,,,,,,,,,,,,,,,,,,,,,,,,,,,,,,,,,,,,,,,,,,,,,,,,,,,,,,,,,
H02_RD14-0003-40_41-1;4-M3a-0.155IP-Q0.6_004.20sec.fsa,D16S539,G,5,251.92,3,7,259.56,5,OL,260.75,3,8,263.22,49,9,267.19,1567,10,271.17,40,11,275.24,711,12,279.09,27,13,283.07,329,14,287.27,6,,,,,,,,,,,,,,,,,,,,,,,,,,,,,,,,,,,,,,,,,,,,,,,,,,,,,,,,,,,,,,,,,,,,,,,,,,,,,,,,,,,,,,,,,,,,,,,,,,,,,,,,,,,,,,,,,,,,,,,,,,,,,,,,,,,,,,,,,,,,,,,,,,,,,,,,,,,,,,,,,,,,,,,,,,,,,,,,,,,,,,,,,,,,,,,,,,,,,,,,,,,,,,,,,,,,,,,,,,,,,,,,,,,,,,,,,,,,,,,,,,,,,,,,,,,,,,,,,,,,,,,,,,,,,,
H02_RD14-0003-40_41-1;4-M3a-0.155IP-Q0.6_004.20sec.fsa,D2S1338,G,14,300.58,3,OL,309.88,2,17,312.39,3,18,316.58,19,19,320.94,218,20,325.02,1120,21,329.14,99,22,333.09,1204,24,341.02,46,25,345.09,409,OL,351.28,4,28,358.04,5,29,361.63,4,OL,363.89,4,OL,365.06,3,,,,,,,,,,,,,,,,,,,,,,,,,,,,,,,,,,,,,,,,,,,,,,,,,,,,,,,,,,,,,,,,,,,,,,,,,,,,,,,,,,,,,,,,,,,,,,,,,,,,,,,,,,,,,,,,,,,,,,,,,,,,,,,,,,,,,,,,,,,,,,,,,,,,,,,,,,,,,,,,,,,,,,,,,,,,,,,,,,,,,,,,,,,,,,,,,,,,,,,,,,,,,,,,,,,,,,,,,,,,,,,,,,,,,,,,,,,,,,,,,,,,,,,,,,,,,,,
H02_RD14-0003-40_41-1;4-M3a-0.155IP-Q0.6_004.20sec.fsa,D19S433,Y,OL,98.62,8,9.2,101.63,6,10,104.06,11,11,108.1,212,OL,109.19,6,12,112.11,68,12.2,114.35,7,13,116.19,1366,OL,119.51,9,14.2,121.99,11,OL,123.2,6,15.2,126.13,82,16.2,130.01,711,,,,,,,,,,,,,,,,,,,,,,,,,,,,,,,,,,,,,,,,,,,,,,,,,,,,,,,,,,,,,,,,,,,,,,,,,,,,,,,,,,,,,,,,,,,,,,,,,,,,,,,,,,,,,,,,,,,,,,,,,,,,,,,,,,,,,,,,,,,,,,,,,,,,,,,,,,,,,,,,,,,,,,,,,,,,,,,,,,,,,,,,,,,,,,,,,,,,,,,,,,,,,,,,,,,,,,,,,,,,,,,,,,,,,,,,,,,,,,,,,,,,,,,,,,,,,,,,,,,,,
H02_RD14-0003-40_41-1;4-M3a-0.155IP-Q0.6_004.20sec.fsa,vWA,Y,OL,146.28,9,OL,156.9,7,13,160.45,9,OL,161.41,10,15,168.1,351,17,176.21,275,18,180.3,964,19,184.37,772,OL,187.38,4,OL,190.77,5,22,197.15,8,OL,199.55,7,OL,201.91,6,OL,205.8,6,,,,,,,,,,,,,,,,,,,,,,,,,,,,,,,,,,,,,,,,,,,,,,,,,,,,,,,,,,,,,,,,,,,,,,,,,,,,,,,,,,,,,,,,,,,,,,,,,,,,,,,,,,,,,,,,,,,,,,,,,,,,,,,,,,,,,,,,,,,,,,,,,,,,,,,,,,,,,,,,,,,,,,,,,,,,,,,,,,,,,,,,,,,,,,,,,,,,,,,,,,,,,,,,,,,,,,,,,,,,,,,,,,,,,,,,,,,,,,,,,,,,,,,,,,,,,,,,,,
H02_RD14-0003-40_41-1;4-M3a-0.155IP-Q0.6_004.20sec.fsa,TPOX,Y,5,216.43,7,OL,220,9,7,224.64,29,8,228.61,1660,9,233.1,8,OL,234.15,10,OL,239.18,5,OL,240.15,9,12,244.75,136,OL,250.74,4,OL,251.63,6,,,,,,,,,,,,,,,,,,,,,,,,,,,,,,,,,,,,,,,,,,,,,,,,,,,,,,,,,,,,,,,,,,,,,,,,,,,,,,,,,,,,,,,,,,,,,,,,,,,,,,,,,,,,,,,,,,,,,,,,,,,,,,,,,,,,,,,,,,,,,,,,,,,,,,,,,,,,,,,,,,,,,,,,,,,,,,,,,,,,,,,,,,,,,,,,,,,,,,,,,,,,,,,,,,,,,,,,,,,,,,,,,,,,,,,,,,,,,,,,,,,,,,,,,,,,,,,,,,,,,,,,,,,
H02_RD14-0003-40_41-1;4-M3a-0.155IP-Q0.6_004.20sec.fsa,D18S51,Y,10,272.98,9,11,276.75,18,12,281.05,266,13,285.1,1076,14,288.92,26,15,293.11,245,OL,300.44,9,17,301.24,12,18,305,109,18.2,307.46,8,19,308.97,1245,OL,314.4,8,21.2,319.84,9,23,326.11,11,24,329.68,8,OL,333.32,9,OL,339.54,6,OL,344.15,7,,,,,,,,,,,,,,,,,,,,,,,,,,,,,,,,,,,,,,,,,,,,,,,,,,,,,,,,,,,,,,,,,,,,,,,,,,,,,,,,,,,,,,,,,,,,,,,,,,,,,,,,,,,,,,,,,,,,,,,,,,,,,,,,,,,,,,,,,,,,,,,,,,,,,,,,,,,,,,,,,,,,,,,,,,,,,,,,,,,,,,,,,,,,,,,,,,,,,,,,,,,,,,,,,,,,,,,,,,,,,,,,,,,,,,,,,,,,,,,,,,,,,,
H02_RD14-0003-40_41-1;4-M3a-0.155IP-Q0.6_004.20sec.fsa,AMEL,R,X,104.94,922,Y,110.87,947,,,,,,,,,,,,,,,,,,,,,,,,,,,,,,,,,,,,,,,,,,,,,,,,,,,,,,,,,,,,,,,,,,,,,,,,,,,,,,,,,,,,,,,,,,,,,,,,,,,,,,,,,,,,,,,,,,,,,,,,,,,,,,,,,,,,,,,,,,,,,,,,,,,,,,,,,,,,,,,,,,,,,,,,,,,,,,,,,,,,,,,,,,,,,,,,,,,,,,,,,,,,,,,,,,,,,,,,,,,,,,,,,,,,,,,,,,,,,,,,,,,,,,,,,,,,,,,,,,,,,,,,,,,,,,,,,,,,,,,,,,,,,,,,,,,,,,
H02_RD14-0003-40_41-1;4-M3a-0.155IP-Q0.6_004.20sec.fsa,D5S818,R,OL,127.49,16,OL,128.07,14,6,128.72,15,OL,131.97,9,OL,134,7,OL,135.09,8,10,144.71,75,11,148.84,1230,12,152.97,403,OL,155.46,3,13,157.12,492,OL,161.93,9,OL,166.25,7,OL,167.06,6,OL,174.13,10,OL,177.77,9,,,,,,,,,,,,,,,,,,,,,,,,,,,,,,,,,,,,,,,,,,,,,,,,,,,,,,,,,,,,,,,,,,,,,,,,,,,,,,,,,,,,,,,,,,,,,,,,,,,,,,,,,,,,,,,,,,,,,,,,,,,,,,,,,,,,,,,,,,,,,,,,,,,,,,,,,,,,,,,,,,,,,,,,,,,,,,,,,,,,,,,,,,,,,,,,,,,,,,,,,,,,,,,,,,,,,,,,,,,,,,,,,,,,,,,,,,,,,,,,,,,,,,,,,,,,
H02_RD14-0003-40_41-1;4-M3a-0.155IP-Q0.6_004.20sec.fsa,FGA,R,17,212.81,10,18.2,218.86,4,20.2,227.49,6,21,229.28,41,22,233.25,552,25,245.51,25,OL,248.33,6,26,249.62,317,27,253.69,834,28,257.66,110,OL,261.05,4,29.2,263.52,6,OL,272.15,5,OL,276.9,9,OL,278.71,8,OL,297.75,4,OL,299.03,3,OL,304.04,5,OL,306.04,6,OL,307.24,11,OL,315.37,9,OL,345.17,9,OL,350.03,3,OL,356.94,6,OL,359.21,2,,,,,,,,,,,,,,,,,,,,,,,,,,,,,,,,,,,,,,,,,,,,,,,,,,,,,,,,,,,,,,,,,,,,,,,,,,,,,,,,,,,,,,,,,,,,,,,,,,,,,,,,,,,,,,,,,,,,,,,,,,,,,,,,,,,,,,,,,,,,,,,,,,,,,,,,,,,,,,,,,,,,,,,,,,,,,,,,,,,,,,,,,,,,,,,,,,,,,,,,,,,,,,,,,,,,,,,,,,,,,,,,,
H03_RD14-0003-40_41-1;4-M3e-0.315IP-Q0.8_004.20sec.fsa,D8S1179,B,OL,113.32,2,OL,123.06,10,OL,127.66,2,10,129.71,19,OL,132.53,2,11,133.6,8,12,137.75,77,OL,140.63,8,13,141.89,1115,14,146.16,1780,15,150.36,351,16,154.41,21,OL,158,3,OL,160.94,6,OL,172.62,10,,,,,,,,,,,,,,,,,,,,,,,,,,,,,,,,,,,,,,,,,,,,,,,,,,,,,,,,,,,,,,,,,,,,,,,,,,,,,,,,,,,,,,,,,,,,,,,,,,,,,,,,,,,,,,,,,,,,,,,,,,,,,,,,,,,,,,,,,,,,,,,,,,,,,,,,,,,,,,,,,,,,,,,,,,,,,,,,,,,,,,,,,,,,,,,,,,,,,,,,,,,,,,,,,,,,,,,,,,,,,,,,,,,,,,,,,,,,,,,,,,,,,,,,,,,,,,,
H03_RD14-0003-40_41-1;4-M3e-0.315IP-Q0.8_004.20sec.fsa,D21S11,B,25.2,188.57,3,27,194.65,25,28,198.72,432,29,202.72,87,30,206.7,95,30.2,208.81,4,31,210.69,574,32,214.73,5,33,218.94,8,OL,219.67,4,34,222.94,80,34.2,224.92,8,35,226.99,893,36,230.95,13,37,235.4,9,OL,237.86,4,OL,238.49,5,,,,,,,,,,,,,,,,,,,,,,,,,,,,,,,,,,,,,,,,,,,,,,,,,,,,,,,,,,,,,,,,,,,,,,,,,,,,,,,,,,,,,,,,,,,,,,,,,,,,,,,,,,,,,,,,,,,,,,,,,,,,,,,,,,,,,,,,,,,,,,,,,,,,,,,,,,,,,,,,,,,,,,,,,,,,,,,,,,,,,,,,,,,,,,,,,,,,,,,,,,,,,,,,,,,,,,,,,,,,,,,,,,,,,,,,,,,,,,,,,,,,,,,,,
H03_RD14-0003-40_41-1;4-M3e-0.315IP-Q0.8_004.20sec.fsa,D7S820,B,OL,249.51,3,OL,250.86,3,OL,254.86,4,OL,256.19,3,7,257.67,2,9,266.12,182,10,270.1,72,11,274.16,1575,OL,279.92,4,OL,282.93,4,14,286.1,3,16,294.32,2,,,,,,,,,,,,,,,,,,,,,,,,,,,,,,,,,,,,,,,,,,,,,,,,,,,,,,,,,,,,,,,,,,,,,,,,,,,,,,,,,,,,,,,,,,,,,,,,,,,,,,,,,,,,,,,,,,,,,,,,,,,,,,,,,,,,,,,,,,,,,,,,,,,,,,,,,,,,,,,,,,,,,,,,,,,,,,,,,,,,,,,,,,,,,,,,,,,,,,,,,,,,,,,,,,,,,,,,,,,,,,,,,,,,,,,,,,,,,,,,,,,,,,,,,,,,,,,,,,,,,,,,
H03_RD14-0003-40_41-1;4-M3e-0.315IP-Q0.8_004.20sec.fsa,CSF1PO,B,OL,299.92,4,7,306.91,3,OL,307.94,4,8,310.48,150,9,314.84,2,11,322.87,90,12,326.87,1565,13,331.01,12,OL,333.03,6,15,338.56,6,OL,339.84,5,16,342.61,5,,,,,,,,,,,,,,,,,,,,,,,,,,,,,,,,,,,,,,,,,,,,,,,,,,,,,,,,,,,,,,,,,,,,,,,,,,,,,,,,,,,,,,,,,,,,,,,,,,,,,,,,,,,,,,,,,,,,,,,,,,,,,,,,,,,,,,,,,,,,,,,,,,,,,,,,,,,,,,,,,,,,,,,,,,,,,,,,,,,,,,,,,,,,,,,,,,,,,,,,,,,,,,,,,,,,,,,,,,,,,,,,,,,,,,,,,,,,,,,,,,,,,,,,,,,,,,,,,,,,,,,,
H03_RD14-0003-40_41-1;4-M3e-0.315IP-Q0.8_004.20sec.fsa,D3S1358,G,OL,94.69,5,OL,100.62,6,12,110.05,5,OL,112.03,5,OL,116,12,OL,116.74,12,14,118.22,28,15,122.24,467,16,126.3,2338,17,130.47,1996,18,134.44,9,OL,137.68,4,OL,144.34,5,,,,,,,,,,,,,,,,,,,,,,,,,,,,,,,,,,,,,,,,,,,,,,,,,,,,,,,,,,,,,,,,,,,,,,,,,,,,,,,,,,,,,,,,,,,,,,,,,,,,,,,,,,,,,,,,,,,,,,,,,,,,,,,,,,,,,,,,,,,,,,,,,,,,,,,,,,,,,,,,,,,,,,,,,,,,,,,,,,,,,,,,,,,,,,,,,,,,,,,,,,,,,,,,,,,,,,,,,,,,,,,,,,,,,,,,,,,,,,,,,,,,,,,,,,,,,,,,,,,,,
H03_RD14-0003-40_41-1;4-M3e-0.315IP-Q0.8_004.20sec.fsa,TH01,G,OL,159.44,11,4,160.55,3,OL,161.8,3,OL,163.76,4,5.3,167.44,4,6,168.62,89,7,172.62,4695,8,176.7,639,OL,178.59,2,8.3,179.53,5,9.3,184.17,5,OL,199.44,4,,,,,,,,,,,,,,,,,,,,,,,,,,,,,,,,,,,,,,,,,,,,,,,,,,,,,,,,,,,,,,,,,,,,,,,,,,,,,,,,,,,,,,,,,,,,,,,,,,,,,,,,,,,,,,,,,,,,,,,,,,,,,,,,,,,,,,,,,,,,,,,,,,,,,,,,,,,,,,,,,,,,,,,,,,,,,,,,,,,,,,,,,,,,,,,,,,,,,,,,,,,,,,,,,,,,,,,,,,,,,,,,,,,,,,,,,,,,,,,,,,,,,,,,,,,,,,,,,,,,,,,,
H03_RD14-0003-40_41-1;4-M3e-0.315IP-Q0.8_004.20sec.fsa,D13S317,G,OL,204.43,5,OL,207.48,3,OL,209.6,4,11,227.22,65,12,231.35,1730,13,235.32,1505,14,239.21,9,OL,245.79,4,16,247.73,3,,,,,,,,,,,,,,,,,,,,,,,,,,,,,,,,,,,,,,,,,,,,,,,,,,,,,,,,,,,,,,,,,,,,,,,,,,,,,,,,,,,,,,,,,,,,,,,,,,,,,,,,,,,,,,,,,,,,,,,,,,,,,,,,,,,,,,,,,,,,,,,,,,,,,,,,,,,,,,,,,,,,,,,,,,,,,,,,,,,,,,,,,,,,,,,,,,,,,,,,,,,,,,,,,,,,,,,,,,,,,,,,,,,,,,,,,,,,,,,,,,,,,,,,,,,,,,,,,,,,,,,,,,,,,,,,,
H03_RD14-0003-40_41-1;4-M3e-0.315IP-Q0.8_004.20sec.fsa,D16S539,G,OL,254.24,5,OL,258.29,7,OL,262.22,1,8,263.33,30,9,267.31,810,10,271.21,62,11,275.28,1005,12,279.28,59,13,283.25,870,14,287.29,8,16,295.59,5,,,,,,,,,,,,,,,,,,,,,,,,,,,,,,,,,,,,,,,,,,,,,,,,,,,,,,,,,,,,,,,,,,,,,,,,,,,,,,,,,,,,,,,,,,,,,,,,,,,,,,,,,,,,,,,,,,,,,,,,,,,,,,,,,,,,,,,,,,,,,,,,,,,,,,,,,,,,,,,,,,,,,,,,,,,,,,,,,,,,,,,,,,,,,,,,,,,,,,,,,,,,,,,,,,,,,,,,,,,,,,,,,,,,,,,,,,,,,,,,,,,,,,,,,,,,,,,,,,,,,,,,,,,
H03_RD14-0003-40_41-1;4-M3e-0.315IP-Q0.8_004.20sec.fsa,D2S1338,G,OL,303.71,3,OL,307.62,3,16,308.73,5,OL,312.07,6,17,313.28,7,18,316.78,27,19,321.07,354,20,325.08,1569,21,329.15,104,22,333.19,886,23,336.96,5,24,340.9,17,25,345.21,172,OL,347.98,4,26,348.87,5,26,349.52,4,OL,351.23,4,OL,360.56,4,,,,,,,,,,,,,,,,,,,,,,,,,,,,,,,,,,,,,,,,,,,,,,,,,,,,,,,,,,,,,,,,,,,,,,,,,,,,,,,,,,,,,,,,,,,,,,,,,,,,,,,,,,,,,,,,,,,,,,,,,,,,,,,,,,,,,,,,,,,,,,,,,,,,,,,,,,,,,,,,,,,,,,,,,,,,,,,,,,,,,,,,,,,,,,,,,,,,,,,,,,,,,,,,,,,,,,,,,,,,,,,,,,,,,,,,,,,,,,,,,,,,,,
H03_RD14-0003-40_41-1;4-M3e-0.315IP-Q0.8_004.20sec.fsa,D19S433,Y,11,108.14,403,OL,109.59,4,12,112.25,97,13,116.22,1538,15.2,126.15,191,16.2,130.09,1943,,,,,,,,,,,,,,,,,,,,,,,,,,,,,,,,,,,,,,,,,,,,,,,,,,,,,,,,,,,,,,,,,,,,,,,,,,,,,,,,,,,,,,,,,,,,,,,,,,,,,,,,,,,,,,,,,,,,,,,,,,,,,,,,,,,,,,,,,,,,,,,,,,,,,,,,,,,,,,,,,,,,,,,,,,,,,,,,,,,,,,,,,,,,,,,,,,,,,,,,,,,,,,,,,,,,,,,,,,,,,,,,,,,,,,,,,,,,,,,,,,,,,,,,,,,,,,,,,,,,,,,,,,,,,,,,,,,,,,,,,,
H03_RD14-0003-40_41-1;4-M3e-0.315IP-Q0.8_004.20sec.fsa,vWA,Y,OL,148.85,29,OL,157.2,11,OL,158.32,5,OL,165.95,7,15,168.15,54,16,172.38,49,17,176.23,375,18,180.32,1525,19,184.41,788,20,188.33,5,23,200.47,9,23,201.09,5,,,,,,,,,,,,,,,,,,,,,,,,,,,,,,,,,,,,,,,,,,,,,,,,,,,,,,,,,,,,,,,,,,,,,,,,,,,,,,,,,,,,,,,,,,,,,,,,,,,,,,,,,,,,,,,,,,,,,,,,,,,,,,,,,,,,,,,,,,,,,,,,,,,,,,,,,,,,,,,,,,,,,,,,,,,,,,,,,,,,,,,,,,,,,,,,,,,,,,,,,,,,,,,,,,,,,,,,,,,,,,,,,,,,,,,,,,,,,,,,,,,,,,,,,,,,,,,,,,,,,,,,
H03_RD14-0003-40_41-1;4-M3e-0.315IP-Q0.8_004.20sec.fsa,TPOX,Y,7,224.92,31,8,228.81,1962,10,237.22,6,OL,239.92,9,11,240.82,9,OL,243.27,4,12,244.97,100,OL,255.49,6,,,,,,,,,,,,,,,,,,,,,,,,,,,,,,,,,,,,,,,,,,,,,,,,,,,,,,,,,,,,,,,,,,,,,,,,,,,,,,,,,,,,,,,,,,,,,,,,,,,,,,,,,,,,,,,,,,,,,,,,,,,,,,,,,,,,,,,,,,,,,,,,,,,,,,,,,,,,,,,,,,,,,,,,,,,,,,,,,,,,,,,,,,,,,,,,,,,,,,,,,,,,,,,,,,,,,,,,,,,,,,,,,,,,,,,,,,,,,,,,,,,,,,,,,,,,,,,,,,,,,,,,,,,,,,,,,,,,
H03_RD14-0003-40_41-1;4-M3e-0.315IP-Q0.8_004.20sec.fsa,D18S51,Y,7,261.03,5,OL,265.8,7,OL,268.42,4,10,273.37,4,11,277.12,19,12,281.11,330,13,285.15,583,15,293.14,165,18,305.03,83,19,309.05,694,20,313.11,6,21,316.95,3,21.2,319.58,8,OL,320.16,10,OL,328.98,10,,,,,,,,,,,,,,,,,,,,,,,,,,,,,,,,,,,,,,,,,,,,,,,,,,,,,,,,,,,,,,,,,,,,,,,,,,,,,,,,,,,,,,,,,,,,,,,,,,,,,,,,,,,,,,,,,,,,,,,,,,,,,,,,,,,,,,,,,,,,,,,,,,,,,,,,,,,,,,,,,,,,,,,,,,,,,,,,,,,,,,,,,,,,,,,,,,,,,,,,,,,,,,,,,,,,,,,,,,,,,,,,,,,,,,,,,,,,,,,,,,,,,,,,,,,,,,,
H03_RD14-0003-40_41-1;4-M3e-0.315IP-Q0.8_004.20sec.fsa,AMEL,R,X,105,2107,Y,110.88,1702,,,,,,,,,,,,,,,,,,,,,,,,,,,,,,,,,,,,,,,,,,,,,,,,,,,,,,,,,,,,,,,,,,,,,,,,,,,,,,,,,,,,,,,,,,,,,,,,,,,,,,,,,,,,,,,,,,,,,,,,,,,,,,,,,,,,,,,,,,,,,,,,,,,,,,,,,,,,,,,,,,,,,,,,,,,,,,,,,,,,,,,,,,,,,,,,,,,,,,,,,,,,,,,,,,,,,,,,,,,,,,,,,,,,,,,,,,,,,,,,,,,,,,,,,,,,,,,,,,,,,,,,,,,,,,,,,,,,,,,,,,,,,,,,,,,,,,
H03_RD14-0003-40_41-1;4-M3e-0.315IP-Q0.8_004.20sec.fsa,D5S818,R,OL,127.88,21,6,129.02,19,7,132.3,6,OL,134.13,6,10,144.81,115,11,148.85,2694,12,152.98,130,OL,154.89,8,OL,155.85,6,13,157.12,339,OL,162.51,7,OL,168.85,7,16,169.72,7,OL,175.76,7,,,,,,,,,,,,,,,,,,,,,,,,,,,,,,,,,,,,,,,,,,,,,,,,,,,,,,,,,,,,,,,,,,,,,,,,,,,,,,,,,,,,,,,,,,,,,,,,,,,,,,,,,,,,,,,,,,,,,,,,,,,,,,,,,,,,,,,,,,,,,,,,,,,,,,,,,,,,,,,,,,,,,,,,,,,,,,,,,,,,,,,,,,,,,,,,,,,,,,,,,,,,,,,,,,,,,,,,,,,,,,,,,,,,,,,,,,,,,,,,,,,,,,,,,,,,,,,,,,
H03_RD14-0003-40_41-1;4-M3e-0.315IP-Q0.8_004.20sec.fsa,FGA,R,18.2,219.19,8,19,221.03,6,21,229.29,57,OL,230.48,10,22,233.25,854,23,237.06,7,OL,238.17,11,OL,242.86,6,25,245.46,12,26,249.6,238,26.2,251.18,6,27,253.61,1242,27.2,256.11,4,28,257.67,183,30,265.96,7,OL,276.88,8,OL,282.22,9,OL,292.66,6,OL,299.84,8,OL,305.27,7,OL,307.62,7,OL,320.99,11,OL,322.05,9,OL,325.89,17,OL,326.79,17,OL,343.99,8,OL,355.21,8,OL,358.78,8,,,,,,,,,,,,,,,,,,,,,,,,,,,,,,,,,,,,,,,,,,,,,,,,,,,,,,,,,,,,,,,,,,,,,,,,,,,,,,,,,,,,,,,,,,,,,,,,,,,,,,,,,,,,,,,,,,,,,,,,,,,,,,,,,,,,,,,,,,,,,,,,,,,,,,,,,,,,,,,,,,,,,,,,,,,,,,,,,,,,,,,,,,,,,,,,,,,,,,,,,,,,,,,,,,,,,,,,
H04_RD14-0003-42_43-1;9-M2d-0.63IP-Q0.8_004.20sec.fsa,D8S1179,B,OL,112.1,3,7,117.31,4,OL,121.09,8,8,121.72,9,OL,123.44,14,9,125.48,13,10,129.68,159,11,133.76,2724,12,137.8,586,13,142.06,2017,14,146.19,370,OL,160,5,,,,,,,,,,,,,,,,,,,,,,,,,,,,,,,,,,,,,,,,,,,,,,,,,,,,,,,,,,,,,,,,,,,,,,,,,,,,,,,,,,,,,,,,,,,,,,,,,,,,,,,,,,,,,,,,,,,,,,,,,,,,,,,,,,,,,,,,,,,,,,,,,,,,,,,,,,,,,,,,,,,,,,,,,,,,,,,,,,,,,,,,,,,,,,,,,,,,,,,,,,,,,,,,,,,,,,,,,,,,,,,,,,,,,,,,,,,,,,,,,,,,,,,,,,,,,,,,,,,,,,,,
H04_RD14-0003-42_43-1;9-M2d-0.63IP-Q0.8_004.20sec.fsa,D21S11,B,24,181.85,5,OL,183.7,4,24.2,184.71,4,26,190.59,65,26.2,192.69,14,27,194.71,1745,28,198.66,75,28.2,200.66,9,29,202.71,1287,30,206.76,178,30.2,208.67,20,31.2,212.75,318,33,218.8,3,34,222.78,3,OL,223.79,4,35.2,229.02,3,37.2,237.3,3,38,238.99,4,,,,,,,,,,,,,,,,,,,,,,,,,,,,,,,,,,,,,,,,,,,,,,,,,,,,,,,,,,,,,,,,,,,,,,,,,,,,,,,,,,,,,,,,,,,,,,,,,,,,,,,,,,,,,,,,,,,,,,,,,,,,,,,,,,,,,,,,,,,,,,,,,,,,,,,,,,,,,,,,,,,,,,,,,,,,,,,,,,,,,,,,,,,,,,,,,,,,,,,,,,,,,,,,,,,,,,,,,,,,,,,,,,,,,,,,,,,,,,,,,,,,,,
H04_RD14-0003-42_43-1;9-M2d-0.63IP-Q0.8_004.20sec.fsa,D7S820,B,7,258.03,17,8,262.11,995,9,266.1,1139,OL,268.81,4,10,270.09,32,11,274.18,516,12,278.29,9,OL,280,4,OL,289.21,12,,,,,,,,,,,,,,,,,,,,,,,,,,,,,,,,,,,,,,,,,,,,,,,,,,,,,,,,,,,,,,,,,,,,,,,,,,,,,,,,,,,,,,,,,,,,,,,,,,,,,,,,,,,,,,,,,,,,,,,,,,,,,,,,,,,,,,,,,,,,,,,,,,,,,,,,,,,,,,,,,,,,,,,,,,,,,,,,,,,,,,,,,,,,,,,,,,,,,,,,,,,,,,,,,,,,,,,,,,,,,,,,,,,,,,,,,,,,,,,,,,,,,,,,,,,,,,,,,,,,,,,,,,,,,,,,,
H04_RD14-0003-42_43-1;9-M2d-0.63IP-Q0.8_004.20sec.fsa,CSF1PO,B,7,307.01,2,8,310.66,3,9,314.62,40,OL,316.14,2,10,318.83,1326,11,322.88,54,12,326.89,979,13,331.05,11,OL,332.86,4,OL,340.09,4,OL,343.76,4,,,,,,,,,,,,,,,,,,,,,,,,,,,,,,,,,,,,,,,,,,,,,,,,,,,,,,,,,,,,,,,,,,,,,,,,,,,,,,,,,,,,,,,,,,,,,,,,,,,,,,,,,,,,,,,,,,,,,,,,,,,,,,,,,,,,,,,,,,,,,,,,,,,,,,,,,,,,,,,,,,,,,,,,,,,,,,,,,,,,,,,,,,,,,,,,,,,,,,,,,,,,,,,,,,,,,,,,,,,,,,,,,,,,,,,,,,,,,,,,,,,,,,,,,,,,,,,,,,,,,,,,,,,
H04_RD14-0003-42_43-1;9-M2d-0.63IP-Q0.8_004.20sec.fsa,D3S1358,G,OL,96.59,4,OL,98.73,4,OL,100.57,5,OL,110.83,5,OL,111.86,3,13,114.46,12,14,118.39,392,15,122.34,7039,16,126.19,460,17,130.08,4,17.2,132.48,5,OL,139.67,7,OL,140.66,8,,,,,,,,,,,,,,,,,,,,,,,,,,,,,,,,,,,,,,,,,,,,,,,,,,,,,,,,,,,,,,,,,,,,,,,,,,,,,,,,,,,,,,,,,,,,,,,,,,,,,,,,,,,,,,,,,,,,,,,,,,,,,,,,,,,,,,,,,,,,,,,,,,,,,,,,,,,,,,,,,,,,,,,,,,,,,,,,,,,,,,,,,,,,,,,,,,,,,,,,,,,,,,,,,,,,,,,,,,,,,,,,,,,,,,,,,,,,,,,,,,,,,,,,,,,,,,,,,,,,,
H04_RD14-0003-42_43-1;9-M2d-0.63IP-Q0.8_004.20sec.fsa,TH01,G,OL,158.58,5,OL,163.21,7,OL,167.01,5,6,168.99,7,OL,169.74,8,7,172.71,117,8,176.77,2827,9,180.84,642,9.3,183.95,3593,OL,195.55,4,,,,,,,,,,,,,,,,,,,,,,,,,,,,,,,,,,,,,,,,,,,,,,,,,,,,,,,,,,,,,,,,,,,,,,,,,,,,,,,,,,,,,,,,,,,,,,,,,,,,,,,,,,,,,,,,,,,,,,,,,,,,,,,,,,,,,,,,,,,,,,,,,,,,,,,,,,,,,,,,,,,,,,,,,,,,,,,,,,,,,,,,,,,,,,,,,,,,,,,,,,,,,,,,,,,,,,,,,,,,,,,,,,,,,,,,,,,,,,,,,,,,,,,,,,,,,,,,,,,,,,,,,,,,,,
H04_RD14-0003-42_43-1;9-M2d-0.63IP-Q0.8_004.20sec.fsa,D13S317,G,OL,209.42,5,OL,216.57,4,10,223.29,68,11,227.34,2259,12,231.3,1558,13,235.35,283,OL,245.1,5,,,,,,,,,,,,,,,,,,,,,,,,,,,,,,,,,,,,,,,,,,,,,,,,,,,,,,,,,,,,,,,,,,,,,,,,,,,,,,,,,,,,,,,,,,,,,,,,,,,,,,,,,,,,,,,,,,,,,,,,,,,,,,,,,,,,,,,,,,,,,,,,,,,,,,,,,,,,,,,,,,,,,,,,,,,,,,,,,,,,,,,,,,,,,,,,,,,,,,,,,,,,,,,,,,,,,,,,,,,,,,,,,,,,,,,,,,,,,,,,,,,,,,,,,,,,,,,,,,,,,,,,,,,,,,,,,,,,,,,
H04_RD14-0003-42_43-1;9-M2d-0.63IP-Q0.8_004.20sec.fsa,D16S539,G,7,259.34,5,OL,260.51,3,8,263.38,11,9,267.37,290,OL,269.41,20,10,271.28,3269,11,275.38,42,12,279.4,327,12.2,281.69,4,OL,293.93,4,16,295.37,4,,,,,,,,,,,,,,,,,,,,,,,,,,,,,,,,,,,,,,,,,,,,,,,,,,,,,,,,,,,,,,,,,,,,,,,,,,,,,,,,,,,,,,,,,,,,,,,,,,,,,,,,,,,,,,,,,,,,,,,,,,,,,,,,,,,,,,,,,,,,,,,,,,,,,,,,,,,,,,,,,,,,,,,,,,,,,,,,,,,,,,,,,,,,,,,,,,,,,,,,,,,,,,,,,,,,,,,,,,,,,,,,,,,,,,,,,,,,,,,,,,,,,,,,,,,,,,,,,,,,,,,,,,,
H04_RD14-0003-42_43-1;9-M2d-0.63IP-Q0.8_004.20sec.fsa,D2S1338,G,OL,301.74,4,15,304.74,6,OL,310.91,6,OL,312.11,11,18,316.95,65,19,321.14,1002,OL,326.63,3,21,329.14,140,22,333.21,1371,23,337.26,203,OL,341.75,3,OL,352.75,6,OL,360.69,2,OL,362.85,5,OL,364.41,6,OL,366.14,5,,,,,,,,,,,,,,,,,,,,,,,,,,,,,,,,,,,,,,,,,,,,,,,,,,,,,,,,,,,,,,,,,,,,,,,,,,,,,,,,,,,,,,,,,,,,,,,,,,,,,,,,,,,,,,,,,,,,,,,,,,,,,,,,,,,,,,,,,,,,,,,,,,,,,,,,,,,,,,,,,,,,,,,,,,,,,,,,,,,,,,,,,,,,,,,,,,,,,,,,,,,,,,,,,,,,,,,,,,,,,,,,,,,,,,,,,,,,,,,,,,,,,,,,,,,,
H04_RD14-0003-42_43-1;9-M2d-0.63IP-Q0.8_004.20sec.fsa,D19S433,Y,OL,102.9,8,OL,109.07,9,12,112.18,20,OL,113.29,14,12.2,114.39,216,13,116.31,243,13.2,118.31,3196,14,120.23,3490,14.2,122.26,622,15,124.14,14,OL,133.04,10,17.2,134.49,11,OL,140.25,8,,,,,,,,,,,,,,,,,,,,,,,,,,,,,,,,,,,,,,,,,,,,,,,,,,,,,,,,,,,,,,,,,,,,,,,,,,,,,,,,,,,,,,,,,,,,,,,,,,,,,,,,,,,,,,,,,,,,,,,,,,,,,,,,,,,,,,,,,,,,,,,,,,,,,,,,,,,,,,,,,,,,,,,,,,,,,,,,,,,,,,,,,,,,,,,,,,,,,,,,,,,,,,,,,,,,,,,,,,,,,,,,,,,,,,,,,,,,,,,,,,,,,,,,,,,,,,,,,,,,,
H04_RD14-0003-42_43-1;9-M2d-0.63IP-Q0.8_004.20sec.fsa,vWA,Y,10,147.76,6,OL,148.67,24,12,155.9,77,13,160,2322,15,168.25,22,16,172.3,431,17,176.35,2136,OL,183.78,48,20,188.82,8,OL,190.17,6,OL,198.82,9,OL,203.13,13,,,,,,,,,,,,,,,,,,,,,,,,,,,,,,,,,,,,,,,,,,,,,,,,,,,,,,,,,,,,,,,,,,,,,,,,,,,,,,,,,,,,,,,,,,,,,,,,,,,,,,,,,,,,,,,,,,,,,,,,,,,,,,,,,,,,,,,,,,,,,,,,,,,,,,,,,,,,,,,,,,,,,,,,,,,,,,,,,,,,,,,,,,,,,,,,,,,,,,,,,,,,,,,,,,,,,,,,,,,,,,,,,,,,,,,,,,,,,,,,,,,,,,,,,,,,,,,,,,,,,,,,
H04_RD14-0003-42_43-1;9-M2d-0.63IP-Q0.8_004.20sec.fsa,TPOX,Y,OL,213.16,9,7,224.81,44,OL,227.25,36,8,228.86,2188,9,232.99,11,10,236.87,261,11,240.95,1513,OL,250.83,5,,,,,,,,,,,,,,,,,,,,,,,,,,,,,,,,,,,,,,,,,,,,,,,,,,,,,,,,,,,,,,,,,,,,,,,,,,,,,,,,,,,,,,,,,,,,,,,,,,,,,,,,,,,,,,,,,,,,,,,,,,,,,,,,,,,,,,,,,,,,,,,,,,,,,,,,,,,,,,,,,,,,,,,,,,,,,,,,,,,,,,,,,,,,,,,,,,,,,,,,,,,,,,,,,,,,,,,,,,,,,,,,,,,,,,,,,,,,,,,,,,,,,,,,,,,,,,,,,,,,,,,,,,,,,,,,,,,,
H04_RD14-0003-42_43-1;9-M2d-0.63IP-Q0.8_004.20sec.fsa,D18S51,Y,9,268.81,14,OL,280.34,8,OL,290.05,16,16,297.22,32,17,301.16,365,18,305.16,1501,19,309.13,787,OL,312.28,6,OL,315.87,9,21,316.95,14,21,317.75,12,OL,322.88,5,,,,,,,,,,,,,,,,,,,,,,,,,,,,,,,,,,,,,,,,,,,,,,,,,,,,,,,,,,,,,,,,,,,,,,,,,,,,,,,,,,,,,,,,,,,,,,,,,,,,,,,,,,,,,,,,,,,,,,,,,,,,,,,,,,,,,,,,,,,,,,,,,,,,,,,,,,,,,,,,,,,,,,,,,,,,,,,,,,,,,,,,,,,,,,,,,,,,,,,,,,,,,,,,,,,,,,,,,,,,,,,,,,,,,,,,,,,,,,,,,,,,,,,,,,,,,,,,,,,,,,,,
H04_RD14-0003-42_43-1;9-M2d-0.63IP-Q0.8_004.20sec.fsa,AMEL,R,X,104.99,3465,OL,106.2,46,Y,110.9,3596,,,,,,,,,,,,,,,,,,,,,,,,,,,,,,,,,,,,,,,,,,,,,,,,,,,,,,,,,,,,,,,,,,,,,,,,,,,,,,,,,,,,,,,,,,,,,,,,,,,,,,,,,,,,,,,,,,,,,,,,,,,,,,,,,,,,,,,,,,,,,,,,,,,,,,,,,,,,,,,,,,,,,,,,,,,,,,,,,,,,,,,,,,,,,,,,,,,,,,,,,,,,,,,,,,,,,,,,,,,,,,,,,,,,,,,,,,,,,,,,,,,,,,,,,,,,,,,,,,,,,,,,,,,,,,,,,,,,,,,,,,,,,,,,,,,
H04_RD14-0003-42_43-1;9-M2d-0.63IP-Q0.8_004.20sec.fsa,D5S818,R,7,132.64,7,OL,133.6,11,OL,134.81,5,OL,137.48,13,OL,139.67,10,10,144.86,93,OL,147.18,11,11,148.92,2617,12,152.99,2534,13,157.16,455,OL,162.31,7,OL,164.2,5,OL,167.84,8,OL,169.98,9,OL,174.53,8,,,,,,,,,,,,,,,,,,,,,,,,,,,,,,,,,,,,,,,,,,,,,,,,,,,,,,,,,,,,,,,,,,,,,,,,,,,,,,,,,,,,,,,,,,,,,,,,,,,,,,,,,,,,,,,,,,,,,,,,,,,,,,,,,,,,,,,,,,,,,,,,,,,,,,,,,,,,,,,,,,,,,,,,,,,,,,,,,,,,,,,,,,,,,,,,,,,,,,,,,,,,,,,,,,,,,,,,,,,,,,,,,,,,,,,,,,,,,,,,,,,,,,,,,,,,,,,
H04_RD14-0003-42_43-1;9-M2d-0.63IP-Q0.8_004.20sec.fsa,FGA,R,OL,206.51,10,17,212.41,9,17.2,215.11,8,18,217,7,19,221.01,45,20,225.06,374,21,229.11,1949,22,233.24,17,OL,246.05,5,27,253.57,119,28,257.61,1510,OL,270.26,15,OL,274.95,10,OL,277.26,7,OL,281.78,9,OL,298.23,5,OL,301.82,9,OL,303.99,7,OL,305.5,13,OL,306.17,10,OL,314,16,OL,325.67,8,OL,331.05,10,OL,345.5,5,OL,351.62,6,OL,358.25,8,,,,,,,,,,,,,,,,,,,,,,,,,,,,,,,,,,,,,,,,,,,,,,,,,,,,,,,,,,,,,,,,,,,,,,,,,,,,,,,,,,,,,,,,,,,,,,,,,,,,,,,,,,,,,,,,,,,,,,,,,,,,,,,,,,,,,,,,,,,,,,,,,,,,,,,,,,,,,,,,,,,,,,,,,,,,,,,,,,,,,,,,,,,,,,,,,,,,,,,,,,,,,,,,,,,,,,,,,,,,,,
