Sample File,Marker,Dye,Allele 1,Size 1,Height 1,Allele 2,Size 2,Height 2,Allele 3,Size 3,Height 3,Allele 4,Size 4,Height 4,Allele 5,Size 5,Height 5,Allele 6,Size 6,Height 6,Allele 7,Size 7,Height 7,Allele 8,Size 8,Height 8,Allele 9,Size 9,Height 9,Allele 10,Size 10,Height 10,Allele 11,Size 11,Height 11,Allele 12,Size 12,Height 12,Allele 13,Size 13,Height 13,Allele 14,Size 14,Height 14,Allele 15,Size 15,Height 15,Allele 16,Size 16,Height 16,Allele 17,Size 17,Height 17,Allele 18,Size 18,Height 18,Allele 19,Size 19,Height 19,Allele 20,Size 20,Height 20,Allele 21,Size 21,Height 21,Allele 22,Size 22,Height 22,Allele 23,Size 23,Height 23,Allele 24,Size 24,Height 24,Allele 25,Size 25,Height 25,Allele 26,Size 26,Height 26,Allele 27,Size 27,Height 27,Allele 28,Size 28,Height 28,Allele 29,Size 29,Height 29,Allele 30,Size 30,Height 30,Allele 31,Size 31,Height 31,Allele 32,Size 32,Height 32,Allele 33,Size 33,Height 33,Allele 34,Size 34,Height 34,Allele 35,Size 35,Height 35,Allele 36,Size 36,Height 36,Allele 37,Size 37,Height 37,Allele 38,Size 38,Height 38,Allele 39,Size 39,Height 39,Allele 40,Size 40,Height 40,Allele 41,Size 41,Height 41,Allele 42,Size 42,Height 42,Allele 43,Size 43,Height 43,Allele 44,Size 44,Height 44,Allele 45,Size 45,Height 45,Allele 46,Size 46,Height 46,Allele 47,Size 47,Height 47,Allele 48,Size 48,Height 48,Allele 49,Size 49,Height 49,Allele 50,Size 50,Height 50,Allele 51,Size 51,Height 51,Allele 52,Size 52,Height 52,Allele 53,Size 53,Height 53,Allele 54,Size 54,Height 54,Allele 55,Size 55,Height 55,Allele 56,Size 56,Height 56,Allele 57,Size 57,Height 57,Allele 58,Size 58,Height 58,Allele 59,Size 59,Height 59,Allele 60,Size 60,Height 60,Allele 61,Size 61,Height 61,Allele 62,Size 62,Height 62,Allele 63,Size 63,Height 63,Allele 64,Size 64,Height 64,Allele 65,Size 65,Height 65,Allele 66,Size 66,Height 66,Allele 67,Size 67,Height 67,Allele 68,Size 68,Height 68,Allele 69,Size 69,Height 69,Allele 70,Size 70,Height 70,Allele 71,Size 71,Height 71,Allele 72,Size 72,Height 72,Allele 73,Size 73,Height 73,Allele 74,Size 74,Height 74,Allele 75,Size 75,Height 75,Allele 76,Size 76,Height 76,Allele 77,Size 77,Height 77,Allele 78,Size 78,Height 78,Allele 79,Size 79,Height 79,Allele 80,Size 80,Height 80,Allele 81,Size 81,Height 81,Allele 82,Size 82,Height 82,Allele 83,Size 83,Height 83,Allele 84,Size 84,Height 84,Allele 85,Size 85,Height 85,Allele 86,Size 86,Height 86,Allele 87,Size 87,Height 87,Allele 88,Size 88,Height 88,Allele 89,Size 89,Height 89,Allele 90,Size 90,Height 90,Allele 91,Size 91,Height 91,Allele 92,Size 92,Height 92,Allele 93,Size 93,Height 93,Allele 94,Size 94,Height 94,Allele 95,Size 95,Height 95,Allele 96,Size 96,Height 96,Allele 97,Size 97,Height 97,Allele 98,Size 98,Height 98,Allele 99,Size 99,Height 99,Allele 100,Size 100,Height 100
A02_RD14-0003-40_41_42_43-1;1;1;1-M4d-0.06IP-Q1.7_001.10sec.fsa,D8S1179,B,8,121.41,1,OL,122.12,2,11,133.29,4,12,137.48,50,13,141.66,89,14,145.89,94,15,149.68,2,OL,151.73,1,OL,159.77,3,OL,169.37,3,OL,172.55,3,,,,,,,,,,,,,,,,,,,,,,,,,,,,,,,,,,,,,,,,,,,,,,,,,,,,,,,,,,,,,,,,,,,,,,,,,,,,,,,,,,,,,,,,,,,,,,,,,,,,,,,,,,,,,,,,,,,,,,,,,,,,,,,,,,,,,,,,,,,,,,,,,,,,,,,,,,,,,,,,,,,,,,,,,,,,,,,,,,,,,,,,,,,,,,,,,,,,,,,,,,,,,,,,,,,,,,,,,,,,,,,,,,,,,,,,,,,,,,,,,,,,,,,,,,,,,,,,,,,,,,,,,,,
A02_RD14-0003-40_41_42_43-1;1;1;1-M4d-0.06IP-Q1.7_001.10sec.fsa,D21S11,B,23.2,179.92,6,OL,189.76,5,27,194.33,3,28,198.45,20,28.2,200.3,4,29,202.51,36,30.2,208.23,2,31,210.46,17,31.2,212.38,17,OL,217.86,2,OL,219.6,3,34,222.42,2,34.2,224.21,2,35,226.64,19,37.2,236.37,2,OL,237.95,2,39,242.83,3,,,,,,,,,,,,,,,,,,,,,,,,,,,,,,,,,,,,,,,,,,,,,,,,,,,,,,,,,,,,,,,,,,,,,,,,,,,,,,,,,,,,,,,,,,,,,,,,,,,,,,,,,,,,,,,,,,,,,,,,,,,,,,,,,,,,,,,,,,,,,,,,,,,,,,,,,,,,,,,,,,,,,,,,,,,,,,,,,,,,,,,,,,,,,,,,,,,,,,,,,,,,,,,,,,,,,,,,,,,,,,,,,,,,,,,,,,,,,,,,,,,,,,,,,
A02_RD14-0003-40_41_42_43-1;1;1;1-M4d-0.06IP-Q1.7_001.10sec.fsa,D7S820,B,5,250.23,4,7,257.45,2,10,269.71,5,11,273.96,83,OL,275.97,1,OL,281.27,4,14,286.53,3,OL,291,2,OL,292.51,3,,,,,,,,,,,,,,,,,,,,,,,,,,,,,,,,,,,,,,,,,,,,,,,,,,,,,,,,,,,,,,,,,,,,,,,,,,,,,,,,,,,,,,,,,,,,,,,,,,,,,,,,,,,,,,,,,,,,,,,,,,,,,,,,,,,,,,,,,,,,,,,,,,,,,,,,,,,,,,,,,,,,,,,,,,,,,,,,,,,,,,,,,,,,,,,,,,,,,,,,,,,,,,,,,,,,,,,,,,,,,,,,,,,,,,,,,,,,,,,,,,,,,,,,,,,,,,,,,,,,,,,,,,,,,,,,,
A02_RD14-0003-40_41_42_43-1;1;1;1-M4d-0.06IP-Q1.7_001.10sec.fsa,CSF1PO,B,5,298.41,3,6,302.74,3,OL,303.69,2,OL,304.25,2,OL,308.23,1,8,310.49,30,OL,314,3,OL,318.02,2,OL,319.91,3,11,322.52,4,12,326.81,25,OL,340.08,4,OL,344.06,2,,,,,,,,,,,,,,,,,,,,,,,,,,,,,,,,,,,,,,,,,,,,,,,,,,,,,,,,,,,,,,,,,,,,,,,,,,,,,,,,,,,,,,,,,,,,,,,,,,,,,,,,,,,,,,,,,,,,,,,,,,,,,,,,,,,,,,,,,,,,,,,,,,,,,,,,,,,,,,,,,,,,,,,,,,,,,,,,,,,,,,,,,,,,,,,,,,,,,,,,,,,,,,,,,,,,,,,,,,,,,,,,,,,,,,,,,,,,,,,,,,,,,,,,,,,,,,,,,,,,,
A02_RD14-0003-40_41_42_43-1;1;1;1-M4d-0.06IP-Q1.7_001.10sec.fsa,D3S1358,G,12,109.68,3,OL,113.5,6,13,114.35,11,OL,115.12,7,OL,115.89,5,14,118.33,7,15,122.19,95,16,125.97,129,17,130.16,93,19,138.37,3,,,,,,,,,,,,,,,,,,,,,,,,,,,,,,,,,,,,,,,,,,,,,,,,,,,,,,,,,,,,,,,,,,,,,,,,,,,,,,,,,,,,,,,,,,,,,,,,,,,,,,,,,,,,,,,,,,,,,,,,,,,,,,,,,,,,,,,,,,,,,,,,,,,,,,,,,,,,,,,,,,,,,,,,,,,,,,,,,,,,,,,,,,,,,,,,,,,,,,,,,,,,,,,,,,,,,,,,,,,,,,,,,,,,,,,,,,,,,,,,,,,,,,,,,,,,,,,,,,,,,,,,,,,,,,
A02_RD14-0003-40_41_42_43-1;1;1;1-M4d-0.06IP-Q1.7_001.10sec.fsa,TH01,G,OL,157.39,4,OL,163.17,4,5,163.85,3,6,168.08,5,7,172.4,203,8,176.43,32,9.3,183.72,68,10.3,187.98,4,12,192.39,3,OL,199.22,5,,,,,,,,,,,,,,,,,,,,,,,,,,,,,,,,,,,,,,,,,,,,,,,,,,,,,,,,,,,,,,,,,,,,,,,,,,,,,,,,,,,,,,,,,,,,,,,,,,,,,,,,,,,,,,,,,,,,,,,,,,,,,,,,,,,,,,,,,,,,,,,,,,,,,,,,,,,,,,,,,,,,,,,,,,,,,,,,,,,,,,,,,,,,,,,,,,,,,,,,,,,,,,,,,,,,,,,,,,,,,,,,,,,,,,,,,,,,,,,,,,,,,,,,,,,,,,,,,,,,,,,,,,,,,,
A02_RD14-0003-40_41_42_43-1;1;1;1-M4d-0.06IP-Q1.7_001.10sec.fsa,D13S317,G,OL,217.23,3,OL,224.76,1,11,227.18,30,12,231.26,62,13,235.19,22,OL,246.14,2,,,,,,,,,,,,,,,,,,,,,,,,,,,,,,,,,,,,,,,,,,,,,,,,,,,,,,,,,,,,,,,,,,,,,,,,,,,,,,,,,,,,,,,,,,,,,,,,,,,,,,,,,,,,,,,,,,,,,,,,,,,,,,,,,,,,,,,,,,,,,,,,,,,,,,,,,,,,,,,,,,,,,,,,,,,,,,,,,,,,,,,,,,,,,,,,,,,,,,,,,,,,,,,,,,,,,,,,,,,,,,,,,,,,,,,,,,,,,,,,,,,,,,,,,,,,,,,,,,,,,,,,,,,,,,,,,,,,,,,,,,
A02_RD14-0003-40_41_42_43-1;1;1;1-M4d-0.06IP-Q1.7_001.10sec.fsa,D16S539,G,OL,260.32,4,10,271.15,38,11,275.25,63,OL,276.77,3,12,279.11,20,13,283.19,20,OL,289.32,3,OL,289.96,3,,,,,,,,,,,,,,,,,,,,,,,,,,,,,,,,,,,,,,,,,,,,,,,,,,,,,,,,,,,,,,,,,,,,,,,,,,,,,,,,,,,,,,,,,,,,,,,,,,,,,,,,,,,,,,,,,,,,,,,,,,,,,,,,,,,,,,,,,,,,,,,,,,,,,,,,,,,,,,,,,,,,,,,,,,,,,,,,,,,,,,,,,,,,,,,,,,,,,,,,,,,,,,,,,,,,,,,,,,,,,,,,,,,,,,,,,,,,,,,,,,,,,,,,,,,,,,,,,,,,,,,,,,,,,,,,,,,,
A02_RD14-0003-40_41_42_43-1;1;1;1-M4d-0.06IP-Q1.7_001.10sec.fsa,D2S1338,G,OL,310.09,3,18,316.65,2,19,321.01,21,20,324.96,59,22,333.08,50,23,337,17,OL,342.96,2,25,344.91,2,OL,348.04,1,27,353.38,1,,,,,,,,,,,,,,,,,,,,,,,,,,,,,,,,,,,,,,,,,,,,,,,,,,,,,,,,,,,,,,,,,,,,,,,,,,,,,,,,,,,,,,,,,,,,,,,,,,,,,,,,,,,,,,,,,,,,,,,,,,,,,,,,,,,,,,,,,,,,,,,,,,,,,,,,,,,,,,,,,,,,,,,,,,,,,,,,,,,,,,,,,,,,,,,,,,,,,,,,,,,,,,,,,,,,,,,,,,,,,,,,,,,,,,,,,,,,,,,,,,,,,,,,,,,,,,,,,,,,,,,,,,,,,,
A02_RD14-0003-40_41_42_43-1;1;1;1-M4d-0.06IP-Q1.7_001.10sec.fsa,D19S433,Y,OL,95.83,9,OL,100.37,9,10.2,105.69,4,13,116.03,92,13.2,117.98,66,14,119.93,65,14.2,121.98,69,16.2,129.87,44,OL,131.32,8,,,,,,,,,,,,,,,,,,,,,,,,,,,,,,,,,,,,,,,,,,,,,,,,,,,,,,,,,,,,,,,,,,,,,,,,,,,,,,,,,,,,,,,,,,,,,,,,,,,,,,,,,,,,,,,,,,,,,,,,,,,,,,,,,,,,,,,,,,,,,,,,,,,,,,,,,,,,,,,,,,,,,,,,,,,,,,,,,,,,,,,,,,,,,,,,,,,,,,,,,,,,,,,,,,,,,,,,,,,,,,,,,,,,,,,,,,,,,,,,,,,,,,,,,,,,,,,,,,,,,,,,,,,,,,,,,
A02_RD14-0003-40_41_42_43-1;1;1;1-M4d-0.06IP-Q1.7_001.10sec.fsa,vWA,Y,OL,149.83,4,OL,158.31,6,OL,166.95,10,15.2,170.35,5,17,176.12,69,18,180.15,92,19,184.26,107,OL,189.99,5,,,,,,,,,,,,,,,,,,,,,,,,,,,,,,,,,,,,,,,,,,,,,,,,,,,,,,,,,,,,,,,,,,,,,,,,,,,,,,,,,,,,,,,,,,,,,,,,,,,,,,,,,,,,,,,,,,,,,,,,,,,,,,,,,,,,,,,,,,,,,,,,,,,,,,,,,,,,,,,,,,,,,,,,,,,,,,,,,,,,,,,,,,,,,,,,,,,,,,,,,,,,,,,,,,,,,,,,,,,,,,,,,,,,,,,,,,,,,,,,,,,,,,,,,,,,,,,,,,,,,,,,,,,,,,,,,,,,
A02_RD14-0003-40_41_42_43-1;1;1;1-M4d-0.06IP-Q1.7_001.10sec.fsa,TPOX,Y,OL,223.98,5,8,228.52,109,10,236.45,68,12,244.77,35,13,248.88,4,,,,,,,,,,,,,,,,,,,,,,,,,,,,,,,,,,,,,,,,,,,,,,,,,,,,,,,,,,,,,,,,,,,,,,,,,,,,,,,,,,,,,,,,,,,,,,,,,,,,,,,,,,,,,,,,,,,,,,,,,,,,,,,,,,,,,,,,,,,,,,,,,,,,,,,,,,,,,,,,,,,,,,,,,,,,,,,,,,,,,,,,,,,,,,,,,,,,,,,,,,,,,,,,,,,,,,,,,,,,,,,,,,,,,,,,,,,,,,,,,,,,,,,,,,,,,,,,,,,,,,,,,,,,,,,,,,,,,,,,,,,,,
A02_RD14-0003-40_41_42_43-1;1;1;1-M4d-0.06IP-Q1.7_001.10sec.fsa,D18S51,Y,OL,262.14,7,OL,269.63,7,12,280.96,24,17,300.86,30,OL,305.75,6,19,308.64,10,OL,314.17,5,OL,316.22,8,OL,330.41,6,OL,331.08,3,,,,,,,,,,,,,,,,,,,,,,,,,,,,,,,,,,,,,,,,,,,,,,,,,,,,,,,,,,,,,,,,,,,,,,,,,,,,,,,,,,,,,,,,,,,,,,,,,,,,,,,,,,,,,,,,,,,,,,,,,,,,,,,,,,,,,,,,,,,,,,,,,,,,,,,,,,,,,,,,,,,,,,,,,,,,,,,,,,,,,,,,,,,,,,,,,,,,,,,,,,,,,,,,,,,,,,,,,,,,,,,,,,,,,,,,,,,,,,,,,,,,,,,,,,,,,,,,,,,,,,,,,,,,,,
A02_RD14-0003-40_41_42_43-1;1;1;1-M4d-0.06IP-Q1.7_001.10sec.fsa,AMEL,R,X,104.89,135,OL,108.81,4,Y,110.76,127,,,,,,,,,,,,,,,,,,,,,,,,,,,,,,,,,,,,,,,,,,,,,,,,,,,,,,,,,,,,,,,,,,,,,,,,,,,,,,,,,,,,,,,,,,,,,,,,,,,,,,,,,,,,,,,,,,,,,,,,,,,,,,,,,,,,,,,,,,,,,,,,,,,,,,,,,,,,,,,,,,,,,,,,,,,,,,,,,,,,,,,,,,,,,,,,,,,,,,,,,,,,,,,,,,,,,,,,,,,,,,,,,,,,,,,,,,,,,,,,,,,,,,,,,,,,,,,,,,,,,,,,,,,,,,,,,,,,,,,,,,,,,,,,,,,
A02_RD14-0003-40_41_42_43-1;1;1;1-M4d-0.06IP-Q1.7_001.10sec.fsa,D5S818,R,OL,126.62,8,OL,131.61,4,7,132.85,7,8,136.89,8,11,148.69,29,12,152.8,39,13,157.01,50,OL,162.94,5,15,164.83,9,OL,171.64,8,,,,,,,,,,,,,,,,,,,,,,,,,,,,,,,,,,,,,,,,,,,,,,,,,,,,,,,,,,,,,,,,,,,,,,,,,,,,,,,,,,,,,,,,,,,,,,,,,,,,,,,,,,,,,,,,,,,,,,,,,,,,,,,,,,,,,,,,,,,,,,,,,,,,,,,,,,,,,,,,,,,,,,,,,,,,,,,,,,,,,,,,,,,,,,,,,,,,,,,,,,,,,,,,,,,,,,,,,,,,,,,,,,,,,,,,,,,,,,,,,,,,,,,,,,,,,,,,,,,,,,,,,,,,,,
A02_RD14-0003-40_41_42_43-1;1;1;1-M4d-0.06IP-Q1.7_001.10sec.fsa,FGA,R,OL,207.01,3,16.2,210.15,8,OL,223.74,6,20,224.99,44,21,229.06,76,21.2,231.42,7,OL,235.9,6,24,241.62,7,26,249.6,48,27,253.42,9,28,257.53,32,OL,264.53,7,OL,268.27,5,OL,272.92,8,OL,288.37,3,OL,299.84,4,OL,303.53,4,OL,306.47,5,OL,309.44,5,42.2,315.88,6,OL,317.5,4,,,,,,,,,,,,,,,,,,,,,,,,,,,,,,,,,,,,,,,,,,,,,,,,,,,,,,,,,,,,,,,,,,,,,,,,,,,,,,,,,,,,,,,,,,,,,,,,,,,,,,,,,,,,,,,,,,,,,,,,,,,,,,,,,,,,,,,,,,,,,,,,,,,,,,,,,,,,,,,,,,,,,,,,,,,,,,,,,,,,,,,,,,,,,,,,,,,,,,,,,,,,,,,,,,,,,,,,,,,,,,,,,,,,,,,,,,,,,
A03_RD14-0003-44_45_46_47-1;1;4;1-M3a-0.105IP-Q0.8_001.10sec.fsa,D8S1179,B,OL,113.93,4,OL,116.7,4,OL,119.66,4,OL,126.81,5,10,129.49,13,11,133.51,216,13,141.85,208,14,145.85,424,15,150.07,58,OL,161.27,2,18,162.41,4,OL,164.96,4,OL,173.47,2,OL,176.87,3,,,,,,,,,,,,,,,,,,,,,,,,,,,,,,,,,,,,,,,,,,,,,,,,,,,,,,,,,,,,,,,,,,,,,,,,,,,,,,,,,,,,,,,,,,,,,,,,,,,,,,,,,,,,,,,,,,,,,,,,,,,,,,,,,,,,,,,,,,,,,,,,,,,,,,,,,,,,,,,,,,,,,,,,,,,,,,,,,,,,,,,,,,,,,,,,,,,,,,,,,,,,,,,,,,,,,,,,,,,,,,,,,,,,,,,,,,,,,,,,,,,,,,,,,,,,,,,,,,
A03_RD14-0003-44_45_46_47-1;1;4;1-M3a-0.105IP-Q0.8_001.10sec.fsa,D21S11,B,OL,191.06,2,OL,193.15,2,28,198.49,45,28.2,200.14,7,29,202.46,10,30,206.34,16,30.2,208.32,1,31,210.44,206,OL,213,2,32,214.44,5,32.2,216.48,19,OL,219.85,4,OL,223.74,1,34.2,224.54,4,36.2,232.84,2,37,235.22,3,37.2,236.81,2,38.2,241.12,4,,,,,,,,,,,,,,,,,,,,,,,,,,,,,,,,,,,,,,,,,,,,,,,,,,,,,,,,,,,,,,,,,,,,,,,,,,,,,,,,,,,,,,,,,,,,,,,,,,,,,,,,,,,,,,,,,,,,,,,,,,,,,,,,,,,,,,,,,,,,,,,,,,,,,,,,,,,,,,,,,,,,,,,,,,,,,,,,,,,,,,,,,,,,,,,,,,,,,,,,,,,,,,,,,,,,,,,,,,,,,,,,,,,,,,,,,,,,,,,,,,,,,,
A03_RD14-0003-44_45_46_47-1;1;4;1-M3a-0.105IP-Q0.8_001.10sec.fsa,D7S820,B,OL,247.86,3,OL,248.45,4,7,257.87,2,8,261.82,8,9,265.9,172,10,269.93,122,OL,272.86,4,11,273.81,6,12,277.93,100,OL,291.9,3,,,,,,,,,,,,,,,,,,,,,,,,,,,,,,,,,,,,,,,,,,,,,,,,,,,,,,,,,,,,,,,,,,,,,,,,,,,,,,,,,,,,,,,,,,,,,,,,,,,,,,,,,,,,,,,,,,,,,,,,,,,,,,,,,,,,,,,,,,,,,,,,,,,,,,,,,,,,,,,,,,,,,,,,,,,,,,,,,,,,,,,,,,,,,,,,,,,,,,,,,,,,,,,,,,,,,,,,,,,,,,,,,,,,,,,,,,,,,,,,,,,,,,,,,,,,,,,,,,,,,,,,,,,,,,
A03_RD14-0003-44_45_46_47-1;1;4;1-M3a-0.105IP-Q0.8_001.10sec.fsa,CSF1PO,B,6,302.8,3,7,306.65,3,9,314.47,11,10,318.57,183,11,322.69,224,12,326.76,115,OL,329.82,3,OL,339.62,4,OL,344.64,2,,,,,,,,,,,,,,,,,,,,,,,,,,,,,,,,,,,,,,,,,,,,,,,,,,,,,,,,,,,,,,,,,,,,,,,,,,,,,,,,,,,,,,,,,,,,,,,,,,,,,,,,,,,,,,,,,,,,,,,,,,,,,,,,,,,,,,,,,,,,,,,,,,,,,,,,,,,,,,,,,,,,,,,,,,,,,,,,,,,,,,,,,,,,,,,,,,,,,,,,,,,,,,,,,,,,,,,,,,,,,,,,,,,,,,,,,,,,,,,,,,,,,,,,,,,,,,,,,,,,,,,,,,,,,,,,,
A03_RD14-0003-44_45_46_47-1;1;4;1-M3a-0.105IP-Q0.8_001.10sec.fsa,D3S1358,G,OL,107.11,5,13,114.34,19,14,118.25,279,15,122.24,500,16,126.33,105,17,130.05,105,OL,140.21,7,OL,141.21,5,,,,,,,,,,,,,,,,,,,,,,,,,,,,,,,,,,,,,,,,,,,,,,,,,,,,,,,,,,,,,,,,,,,,,,,,,,,,,,,,,,,,,,,,,,,,,,,,,,,,,,,,,,,,,,,,,,,,,,,,,,,,,,,,,,,,,,,,,,,,,,,,,,,,,,,,,,,,,,,,,,,,,,,,,,,,,,,,,,,,,,,,,,,,,,,,,,,,,,,,,,,,,,,,,,,,,,,,,,,,,,,,,,,,,,,,,,,,,,,,,,,,,,,,,,,,,,,,,,,,,,,,,,,,,,,,,,,,
A03_RD14-0003-44_45_46_47-1;1;4;1-M3a-0.105IP-Q0.8_001.10sec.fsa,TH01,G,OL,157.48,3,5,164.18,10,6,168.36,378,7,172.4,100,OL,174.67,4,8,176.38,16,9,180.51,334,9.3,183.69,97,OL,198.92,3,,,,,,,,,,,,,,,,,,,,,,,,,,,,,,,,,,,,,,,,,,,,,,,,,,,,,,,,,,,,,,,,,,,,,,,,,,,,,,,,,,,,,,,,,,,,,,,,,,,,,,,,,,,,,,,,,,,,,,,,,,,,,,,,,,,,,,,,,,,,,,,,,,,,,,,,,,,,,,,,,,,,,,,,,,,,,,,,,,,,,,,,,,,,,,,,,,,,,,,,,,,,,,,,,,,,,,,,,,,,,,,,,,,,,,,,,,,,,,,,,,,,,,,,,,,,,,,,,,,,,,,,,,,,,,,,,
A03_RD14-0003-44_45_46_47-1;1;4;1-M3a-0.105IP-Q0.8_001.10sec.fsa,D13S317,G,OL,204.57,5,8,215.09,125,11,227.13,50,12,231.25,644,13,235.29,182,OL,245.2,4,16,247.19,3,,,,,,,,,,,,,,,,,,,,,,,,,,,,,,,,,,,,,,,,,,,,,,,,,,,,,,,,,,,,,,,,,,,,,,,,,,,,,,,,,,,,,,,,,,,,,,,,,,,,,,,,,,,,,,,,,,,,,,,,,,,,,,,,,,,,,,,,,,,,,,,,,,,,,,,,,,,,,,,,,,,,,,,,,,,,,,,,,,,,,,,,,,,,,,,,,,,,,,,,,,,,,,,,,,,,,,,,,,,,,,,,,,,,,,,,,,,,,,,,,,,,,,,,,,,,,,,,,,,,,,,,,,,,,,,,,,,,,,,
A03_RD14-0003-44_45_46_47-1;1;4;1-M3a-0.105IP-Q0.8_001.10sec.fsa,D16S539,G,10,271.25,124,11,275.21,223,12,279.11,345,13,283.06,4,OL,284.52,2,,,,,,,,,,,,,,,,,,,,,,,,,,,,,,,,,,,,,,,,,,,,,,,,,,,,,,,,,,,,,,,,,,,,,,,,,,,,,,,,,,,,,,,,,,,,,,,,,,,,,,,,,,,,,,,,,,,,,,,,,,,,,,,,,,,,,,,,,,,,,,,,,,,,,,,,,,,,,,,,,,,,,,,,,,,,,,,,,,,,,,,,,,,,,,,,,,,,,,,,,,,,,,,,,,,,,,,,,,,,,,,,,,,,,,,,,,,,,,,,,,,,,,,,,,,,,,,,,,,,,,,,,,,,,,,,,,,,,,,,,,,,,
A03_RD14-0003-44_45_46_47-1;1;4;1-M3a-0.105IP-Q0.8_001.10sec.fsa,D2S1338,G,16,308.56,45,OL,313.32,3,OL,322.16,3,22,332.94,3,24,340.85,86,25,344.95,296,26,349.13,4,OL,352.47,3,29,361.69,5,OL,363.08,5,,,,,,,,,,,,,,,,,,,,,,,,,,,,,,,,,,,,,,,,,,,,,,,,,,,,,,,,,,,,,,,,,,,,,,,,,,,,,,,,,,,,,,,,,,,,,,,,,,,,,,,,,,,,,,,,,,,,,,,,,,,,,,,,,,,,,,,,,,,,,,,,,,,,,,,,,,,,,,,,,,,,,,,,,,,,,,,,,,,,,,,,,,,,,,,,,,,,,,,,,,,,,,,,,,,,,,,,,,,,,,,,,,,,,,,,,,,,,,,,,,,,,,,,,,,,,,,,,,,,,,,,,,,,,,
A03_RD14-0003-44_45_46_47-1;1;4;1-M3a-0.105IP-Q0.8_001.10sec.fsa,D19S433,Y,OL,97.43,6,9,99.58,14,10,103.81,102,10.2,106.26,3,11,107.94,88,OL,109.2,5,12,111.99,15,13,116.03,202,14.2,122.03,86,15,124.01,33,15.2,125.92,11,17,132.33,6,OL,135.38,5,OL,139.16,6,,,,,,,,,,,,,,,,,,,,,,,,,,,,,,,,,,,,,,,,,,,,,,,,,,,,,,,,,,,,,,,,,,,,,,,,,,,,,,,,,,,,,,,,,,,,,,,,,,,,,,,,,,,,,,,,,,,,,,,,,,,,,,,,,,,,,,,,,,,,,,,,,,,,,,,,,,,,,,,,,,,,,,,,,,,,,,,,,,,,,,,,,,,,,,,,,,,,,,,,,,,,,,,,,,,,,,,,,,,,,,,,,,,,,,,,,,,,,,,,,,,,,,,,,,,,,,,,,,
A03_RD14-0003-44_45_46_47-1;1;4;1-M3a-0.105IP-Q0.8_001.10sec.fsa,vWA,Y,OL,155.03,4,13,159.86,48,14,164.32,6,15,168.08,33,16,172.05,516,20,188.38,81,OL,193.44,6,24,205.28,8,25,208.67,4,,,,,,,,,,,,,,,,,,,,,,,,,,,,,,,,,,,,,,,,,,,,,,,,,,,,,,,,,,,,,,,,,,,,,,,,,,,,,,,,,,,,,,,,,,,,,,,,,,,,,,,,,,,,,,,,,,,,,,,,,,,,,,,,,,,,,,,,,,,,,,,,,,,,,,,,,,,,,,,,,,,,,,,,,,,,,,,,,,,,,,,,,,,,,,,,,,,,,,,,,,,,,,,,,,,,,,,,,,,,,,,,,,,,,,,,,,,,,,,,,,,,,,,,,,,,,,,,,,,,,,,,,,,,,,,,,
A03_RD14-0003-44_45_46_47-1;1;4;1-M3a-0.105IP-Q0.8_001.10sec.fsa,TPOX,Y,OL,220,9,8,228.58,596,OL,234.43,6,10,236.6,203,11,240.52,103,OL,247.05,16,,,,,,,,,,,,,,,,,,,,,,,,,,,,,,,,,,,,,,,,,,,,,,,,,,,,,,,,,,,,,,,,,,,,,,,,,,,,,,,,,,,,,,,,,,,,,,,,,,,,,,,,,,,,,,,,,,,,,,,,,,,,,,,,,,,,,,,,,,,,,,,,,,,,,,,,,,,,,,,,,,,,,,,,,,,,,,,,,,,,,,,,,,,,,,,,,,,,,,,,,,,,,,,,,,,,,,,,,,,,,,,,,,,,,,,,,,,,,,,,,,,,,,,,,,,,,,,,,,,,,,,,,,,,,,,,,,,,,,,,,,
A03_RD14-0003-44_45_46_47-1;1;4;1-M3a-0.105IP-Q0.8_001.10sec.fsa,D18S51,Y,10.2,274.77,12,OL,280.07,11,13,284.89,169,14,288.9,14,15,292.92,117,17,300.86,27,18,304.9,76,OL,308.12,8,OL,324.08,6,OL,328.67,7,,,,,,,,,,,,,,,,,,,,,,,,,,,,,,,,,,,,,,,,,,,,,,,,,,,,,,,,,,,,,,,,,,,,,,,,,,,,,,,,,,,,,,,,,,,,,,,,,,,,,,,,,,,,,,,,,,,,,,,,,,,,,,,,,,,,,,,,,,,,,,,,,,,,,,,,,,,,,,,,,,,,,,,,,,,,,,,,,,,,,,,,,,,,,,,,,,,,,,,,,,,,,,,,,,,,,,,,,,,,,,,,,,,,,,,,,,,,,,,,,,,,,,,,,,,,,,,,,,,,,,,,,,,,,,
A03_RD14-0003-44_45_46_47-1;1;4;1-M3a-0.105IP-Q0.8_001.10sec.fsa,AMEL,R,X,104.86,191,Y,110.8,134,,,,,,,,,,,,,,,,,,,,,,,,,,,,,,,,,,,,,,,,,,,,,,,,,,,,,,,,,,,,,,,,,,,,,,,,,,,,,,,,,,,,,,,,,,,,,,,,,,,,,,,,,,,,,,,,,,,,,,,,,,,,,,,,,,,,,,,,,,,,,,,,,,,,,,,,,,,,,,,,,,,,,,,,,,,,,,,,,,,,,,,,,,,,,,,,,,,,,,,,,,,,,,,,,,,,,,,,,,,,,,,,,,,,,,,,,,,,,,,,,,,,,,,,,,,,,,,,,,,,,,,,,,,,,,,,,,,,,,,,,,,,,,,,,,,,,,
A03_RD14-0003-44_45_46_47-1;1;4;1-M3a-0.105IP-Q0.8_001.10sec.fsa,D5S818,R,10,144.64,28,11,148.78,339,12,152.87,124,13,156.97,77,OL,177.02,3,,,,,,,,,,,,,,,,,,,,,,,,,,,,,,,,,,,,,,,,,,,,,,,,,,,,,,,,,,,,,,,,,,,,,,,,,,,,,,,,,,,,,,,,,,,,,,,,,,,,,,,,,,,,,,,,,,,,,,,,,,,,,,,,,,,,,,,,,,,,,,,,,,,,,,,,,,,,,,,,,,,,,,,,,,,,,,,,,,,,,,,,,,,,,,,,,,,,,,,,,,,,,,,,,,,,,,,,,,,,,,,,,,,,,,,,,,,,,,,,,,,,,,,,,,,,,,,,,,,,,,,,,,,,,,,,,,,,,,,,,,,,,
A03_RD14-0003-44_45_46_47-1;1;4;1-M3a-0.105IP-Q0.8_001.10sec.fsa,FGA,R,OL,218.09,7,19.2,222.66,8,21,229.15,67,OL,230.45,7,22,232.62,5,23,237.18,13,23.2,239.2,8,24,241.26,114,25,245.42,101,26,249.56,135,OL,251,6,OL,258.22,8,30.2,266.93,8,OL,303.01,9,42.2,315.81,7,OL,320.69,5,OL,321.39,6,45.2,327.91,7,50.2,348.13,5,OL,349.13,7,OL,356.74,7,,,,,,,,,,,,,,,,,,,,,,,,,,,,,,,,,,,,,,,,,,,,,,,,,,,,,,,,,,,,,,,,,,,,,,,,,,,,,,,,,,,,,,,,,,,,,,,,,,,,,,,,,,,,,,,,,,,,,,,,,,,,,,,,,,,,,,,,,,,,,,,,,,,,,,,,,,,,,,,,,,,,,,,,,,,,,,,,,,,,,,,,,,,,,,,,,,,,,,,,,,,,,,,,,,,,,,,,,,,,,,,,,,,,,,,,,,,,,
A04_RD14-0003-44_45_46_47-1;1;4;1-M2e-0.217IP-Q1.5_001.10sec.fsa,D8S1179,B,7,117.44,5,OL,118.12,6,8,121.15,5,10,129.43,85,11,133.51,276,12,137.55,7,13,141.77,137,14,145.83,337,15,150.04,167,OL,157.27,5,OL,169,4,OL,173.11,6,OL,175.24,5,,,,,,,,,,,,,,,,,,,,,,,,,,,,,,,,,,,,,,,,,,,,,,,,,,,,,,,,,,,,,,,,,,,,,,,,,,,,,,,,,,,,,,,,,,,,,,,,,,,,,,,,,,,,,,,,,,,,,,,,,,,,,,,,,,,,,,,,,,,,,,,,,,,,,,,,,,,,,,,,,,,,,,,,,,,,,,,,,,,,,,,,,,,,,,,,,,,,,,,,,,,,,,,,,,,,,,,,,,,,,,,,,,,,,,,,,,,,,,,,,,,,,,,,,,,,,,,,,,,,,
A04_RD14-0003-44_45_46_47-1;1;4;1-M2e-0.217IP-Q1.5_001.10sec.fsa,D21S11,B,OL,187.42,4,26,190.22,14,27,194.39,58,28,198.42,73,OL,201.26,4,29,202.74,3,OL,203.94,3,30,206.55,30,31,210.44,100,32,214.51,24,32.2,216.48,97,35.2,228.62,4,36,231.13,5,OL,231.71,5,OL,234.01,5,,,,,,,,,,,,,,,,,,,,,,,,,,,,,,,,,,,,,,,,,,,,,,,,,,,,,,,,,,,,,,,,,,,,,,,,,,,,,,,,,,,,,,,,,,,,,,,,,,,,,,,,,,,,,,,,,,,,,,,,,,,,,,,,,,,,,,,,,,,,,,,,,,,,,,,,,,,,,,,,,,,,,,,,,,,,,,,,,,,,,,,,,,,,,,,,,,,,,,,,,,,,,,,,,,,,,,,,,,,,,,,,,,,,,,,,,,,,,,,,,,,,,,,,,,,,,,,
A04_RD14-0003-44_45_46_47-1;1;4;1-M2e-0.217IP-Q1.5_001.10sec.fsa,D7S820,B,8,261.89,58,9,265.91,245,10,269.93,16,11,273.89,10,OL,275.21,3,12,277.94,211,OL,280.44,3,OL,290.76,4,,,,,,,,,,,,,,,,,,,,,,,,,,,,,,,,,,,,,,,,,,,,,,,,,,,,,,,,,,,,,,,,,,,,,,,,,,,,,,,,,,,,,,,,,,,,,,,,,,,,,,,,,,,,,,,,,,,,,,,,,,,,,,,,,,,,,,,,,,,,,,,,,,,,,,,,,,,,,,,,,,,,,,,,,,,,,,,,,,,,,,,,,,,,,,,,,,,,,,,,,,,,,,,,,,,,,,,,,,,,,,,,,,,,,,,,,,,,,,,,,,,,,,,,,,,,,,,,,,,,,,,,,,,,,,,,,,,,
A04_RD14-0003-44_45_46_47-1;1;4;1-M2e-0.217IP-Q1.5_001.10sec.fsa,CSF1PO,B,OL,299.85,4,7,306.13,4,OL,308.7,3,OL,312.72,3,9,314.39,12,OL,315.81,2,10,318.65,260,10.2,320.46,5,11,322.7,62,12,326.76,140,OL,340.08,6,,,,,,,,,,,,,,,,,,,,,,,,,,,,,,,,,,,,,,,,,,,,,,,,,,,,,,,,,,,,,,,,,,,,,,,,,,,,,,,,,,,,,,,,,,,,,,,,,,,,,,,,,,,,,,,,,,,,,,,,,,,,,,,,,,,,,,,,,,,,,,,,,,,,,,,,,,,,,,,,,,,,,,,,,,,,,,,,,,,,,,,,,,,,,,,,,,,,,,,,,,,,,,,,,,,,,,,,,,,,,,,,,,,,,,,,,,,,,,,,,,,,,,,,,,,,,,,,,,,,,,,,,,,
A04_RD14-0003-44_45_46_47-1;1;4;1-M2e-0.217IP-Q1.5_001.10sec.fsa,D3S1358,G,OL,95.7,5,13,114.34,59,OL,115.35,8,14,118.25,665,15,122.17,378,16,126.27,52,17,130.05,80,17.2,132.61,4,OL,133.58,7,OL,140.5,6,20,142.56,7,,,,,,,,,,,,,,,,,,,,,,,,,,,,,,,,,,,,,,,,,,,,,,,,,,,,,,,,,,,,,,,,,,,,,,,,,,,,,,,,,,,,,,,,,,,,,,,,,,,,,,,,,,,,,,,,,,,,,,,,,,,,,,,,,,,,,,,,,,,,,,,,,,,,,,,,,,,,,,,,,,,,,,,,,,,,,,,,,,,,,,,,,,,,,,,,,,,,,,,,,,,,,,,,,,,,,,,,,,,,,,,,,,,,,,,,,,,,,,,,,,,,,,,,,,,,,,,,,,,,,,,,,,,
A04_RD14-0003-44_45_46_47-1;1;4;1-M2e-0.217IP-Q1.5_001.10sec.fsa,TH01,G,OL,158.49,6,6,168.36,68,7,172.4,512,8,176.45,39,9,180.5,487,10,184.32,6,13,196.48,7,OL,198.49,4,,,,,,,,,,,,,,,,,,,,,,,,,,,,,,,,,,,,,,,,,,,,,,,,,,,,,,,,,,,,,,,,,,,,,,,,,,,,,,,,,,,,,,,,,,,,,,,,,,,,,,,,,,,,,,,,,,,,,,,,,,,,,,,,,,,,,,,,,,,,,,,,,,,,,,,,,,,,,,,,,,,,,,,,,,,,,,,,,,,,,,,,,,,,,,,,,,,,,,,,,,,,,,,,,,,,,,,,,,,,,,,,,,,,,,,,,,,,,,,,,,,,,,,,,,,,,,,,,,,,,,,,,,,,,,,,,,,,
A04_RD14-0003-44_45_46_47-1;1;4;1-M2e-0.217IP-Q1.5_001.10sec.fsa,D13S317,G,OL,203.58,5,7,211.15,5,8,215.02,96,OL,221.72,5,OL,224.02,5,11,227.25,26,12,231.28,516,13,235.31,73,OL,238.27,4,,,,,,,,,,,,,,,,,,,,,,,,,,,,,,,,,,,,,,,,,,,,,,,,,,,,,,,,,,,,,,,,,,,,,,,,,,,,,,,,,,,,,,,,,,,,,,,,,,,,,,,,,,,,,,,,,,,,,,,,,,,,,,,,,,,,,,,,,,,,,,,,,,,,,,,,,,,,,,,,,,,,,,,,,,,,,,,,,,,,,,,,,,,,,,,,,,,,,,,,,,,,,,,,,,,,,,,,,,,,,,,,,,,,,,,,,,,,,,,,,,,,,,,,,,,,,,,,,,,,,,,,,,,,,,,,,
A04_RD14-0003-44_45_46_47-1;1;4;1-M2e-0.217IP-Q1.5_001.10sec.fsa,D16S539,G,OL,256.73,7,OL,257.65,5,10,271.32,10,11,275.21,137,12,279.19,361,OL,293.67,6,,,,,,,,,,,,,,,,,,,,,,,,,,,,,,,,,,,,,,,,,,,,,,,,,,,,,,,,,,,,,,,,,,,,,,,,,,,,,,,,,,,,,,,,,,,,,,,,,,,,,,,,,,,,,,,,,,,,,,,,,,,,,,,,,,,,,,,,,,,,,,,,,,,,,,,,,,,,,,,,,,,,,,,,,,,,,,,,,,,,,,,,,,,,,,,,,,,,,,,,,,,,,,,,,,,,,,,,,,,,,,,,,,,,,,,,,,,,,,,,,,,,,,,,,,,,,,,,,,,,,,,,,,,,,,,,,,,,,,,,,,
A04_RD14-0003-44_45_46_47-1;1;4;1-M2e-0.217IP-Q1.5_001.10sec.fsa,D2S1338,G,15,304.46,7,OL,306.28,4,16,308.41,25,OL,309.74,4,18,316.75,11,19,320.85,46,OL,323.23,4,23,336.97,27,24,341,58,25,345.01,408,OL,363.91,5,OL,364.98,5,,,,,,,,,,,,,,,,,,,,,,,,,,,,,,,,,,,,,,,,,,,,,,,,,,,,,,,,,,,,,,,,,,,,,,,,,,,,,,,,,,,,,,,,,,,,,,,,,,,,,,,,,,,,,,,,,,,,,,,,,,,,,,,,,,,,,,,,,,,,,,,,,,,,,,,,,,,,,,,,,,,,,,,,,,,,,,,,,,,,,,,,,,,,,,,,,,,,,,,,,,,,,,,,,,,,,,,,,,,,,,,,,,,,,,,,,,,,,,,,,,,,,,,,,,,,,,,,,,,,,,,,
A04_RD14-0003-44_45_46_47-1;1;4;1-M2e-0.217IP-Q1.5_001.10sec.fsa,D19S433,Y,OL,96.05,27,OL,98.47,6,9,99.72,19,10,103.79,571,11,107.97,72,12,112,32,13,116.03,612,14,120,89,14.2,121.97,97,15,123.88,51,OL,125.24,7,16,128.4,7,OL,133.3,7,18.2,137.62,7,OL,140.21,6,,,,,,,,,,,,,,,,,,,,,,,,,,,,,,,,,,,,,,,,,,,,,,,,,,,,,,,,,,,,,,,,,,,,,,,,,,,,,,,,,,,,,,,,,,,,,,,,,,,,,,,,,,,,,,,,,,,,,,,,,,,,,,,,,,,,,,,,,,,,,,,,,,,,,,,,,,,,,,,,,,,,,,,,,,,,,,,,,,,,,,,,,,,,,,,,,,,,,,,,,,,,,,,,,,,,,,,,,,,,,,,,,,,,,,,,,,,,,,,,,,,,,,,,,,,,,,,
A04_RD14-0003-44_45_46_47-1;1;4;1-M2e-0.217IP-Q1.5_001.10sec.fsa,vWA,Y,OL,145.83,8,OL,148.75,13,OL,149.54,7,OL,150.32,6,11,151.61,10,12,155.69,17,OL,156.7,9,13,159.86,146,OL,161.42,7,OL,162.97,5,15,168.08,32,OL,170.84,8,16,172.05,529,18,180.22,71,OL,185.11,8,20,188.42,51,OL,199.93,9,,,,,,,,,,,,,,,,,,,,,,,,,,,,,,,,,,,,,,,,,,,,,,,,,,,,,,,,,,,,,,,,,,,,,,,,,,,,,,,,,,,,,,,,,,,,,,,,,,,,,,,,,,,,,,,,,,,,,,,,,,,,,,,,,,,,,,,,,,,,,,,,,,,,,,,,,,,,,,,,,,,,,,,,,,,,,,,,,,,,,,,,,,,,,,,,,,,,,,,,,,,,,,,,,,,,,,,,,,,,,,,,,,,,,,,,,,,,,,,,,,,,,,,,,
A04_RD14-0003-44_45_46_47-1;1;4;1-M2e-0.217IP-Q1.5_001.10sec.fsa,TPOX,Y,OL,214.95,4,OL,221.36,9,7,224.38,12,OL,225.31,7,OL,226.89,5,8,228.55,469,10,236.54,44,11,240.67,83,OL,251,9,OL,256.51,11,,,,,,,,,,,,,,,,,,,,,,,,,,,,,,,,,,,,,,,,,,,,,,,,,,,,,,,,,,,,,,,,,,,,,,,,,,,,,,,,,,,,,,,,,,,,,,,,,,,,,,,,,,,,,,,,,,,,,,,,,,,,,,,,,,,,,,,,,,,,,,,,,,,,,,,,,,,,,,,,,,,,,,,,,,,,,,,,,,,,,,,,,,,,,,,,,,,,,,,,,,,,,,,,,,,,,,,,,,,,,,,,,,,,,,,,,,,,,,,,,,,,,,,,,,,,,,,,,,,,,,,,,,,,,,
A04_RD14-0003-44_45_46_47-1;1;4;1-M2e-0.217IP-Q1.5_001.10sec.fsa,D18S51,Y,7,260.87,4,OL,273.82,5,OL,277.57,6,13,284.94,127,14.2,291.05,6,15,292.73,19,16,296.94,56,16.2,298.54,4,17,300.93,44,18,304.82,251,OL,334.7,6,OL,338.87,7,,,,,,,,,,,,,,,,,,,,,,,,,,,,,,,,,,,,,,,,,,,,,,,,,,,,,,,,,,,,,,,,,,,,,,,,,,,,,,,,,,,,,,,,,,,,,,,,,,,,,,,,,,,,,,,,,,,,,,,,,,,,,,,,,,,,,,,,,,,,,,,,,,,,,,,,,,,,,,,,,,,,,,,,,,,,,,,,,,,,,,,,,,,,,,,,,,,,,,,,,,,,,,,,,,,,,,,,,,,,,,,,,,,,,,,,,,,,,,,,,,,,,,,,,,,,,,,,,,,,,,,,
A04_RD14-0003-44_45_46_47-1;1;4;1-M2e-0.217IP-Q1.5_001.10sec.fsa,AMEL,R,X,104.84,559,Y,110.75,730,,,,,,,,,,,,,,,,,,,,,,,,,,,,,,,,,,,,,,,,,,,,,,,,,,,,,,,,,,,,,,,,,,,,,,,,,,,,,,,,,,,,,,,,,,,,,,,,,,,,,,,,,,,,,,,,,,,,,,,,,,,,,,,,,,,,,,,,,,,,,,,,,,,,,,,,,,,,,,,,,,,,,,,,,,,,,,,,,,,,,,,,,,,,,,,,,,,,,,,,,,,,,,,,,,,,,,,,,,,,,,,,,,,,,,,,,,,,,,,,,,,,,,,,,,,,,,,,,,,,,,,,,,,,,,,,,,,,,,,,,,,,,,,,,,,,,,
A04_RD14-0003-44_45_46_47-1;1;4;1-M2e-0.217IP-Q1.5_001.10sec.fsa,D5S818,R,OL,135.32,7,OL,138.95,8,10,144.62,39,11,148.75,855,12,152.83,193,13,156.91,38,OL,168.5,7,OL,170.27,6,17,173.61,6,,,,,,,,,,,,,,,,,,,,,,,,,,,,,,,,,,,,,,,,,,,,,,,,,,,,,,,,,,,,,,,,,,,,,,,,,,,,,,,,,,,,,,,,,,,,,,,,,,,,,,,,,,,,,,,,,,,,,,,,,,,,,,,,,,,,,,,,,,,,,,,,,,,,,,,,,,,,,,,,,,,,,,,,,,,,,,,,,,,,,,,,,,,,,,,,,,,,,,,,,,,,,,,,,,,,,,,,,,,,,,,,,,,,,,,,,,,,,,,,,,,,,,,,,,,,,,,,,,,,,,,,,,,,,,,,,
A04_RD14-0003-44_45_46_47-1;1;4;1-M2e-0.217IP-Q1.5_001.10sec.fsa,FGA,R,19,220.86,7,OL,221.72,15,20.2,226.53,8,21,229.05,64,22,233.08,30,23,237.11,39,24,241.26,58,24.2,243.27,3,25,245.42,277,26,249.63,36,27.2,255.8,7,OL,256.94,7,OL,258.36,9,29,261.16,6,30.2,267.22,7,OL,291.34,8,OL,308.48,8,OL,331.8,7,OL,335.46,8,49.2,344.86,9,OL,346.71,6,51.2,352.66,4,,,,,,,,,,,,,,,,,,,,,,,,,,,,,,,,,,,,,,,,,,,,,,,,,,,,,,,,,,,,,,,,,,,,,,,,,,,,,,,,,,,,,,,,,,,,,,,,,,,,,,,,,,,,,,,,,,,,,,,,,,,,,,,,,,,,,,,,,,,,,,,,,,,,,,,,,,,,,,,,,,,,,,,,,,,,,,,,,,,,,,,,,,,,,,,,,,,,,,,,,,,,,,,,,,,,,,,,,,,,,,,,,,,,,,,,,,
A05_RD14-0003-36_37_38_39-1;2;2;1-M3d-0.186IP-Q1.2_001.10sec.fsa,D8S1179,B,7,117.17,6,OL,120.07,6,OL,124.18,2,9,125.44,14,10,129.46,263,11,133.66,12,12,137.54,139,OL,140.29,4,13,141.84,250,OL,145.09,6,14,145.83,11,15,150.14,146,OL,163.38,4,,,,,,,,,,,,,,,,,,,,,,,,,,,,,,,,,,,,,,,,,,,,,,,,,,,,,,,,,,,,,,,,,,,,,,,,,,,,,,,,,,,,,,,,,,,,,,,,,,,,,,,,,,,,,,,,,,,,,,,,,,,,,,,,,,,,,,,,,,,,,,,,,,,,,,,,,,,,,,,,,,,,,,,,,,,,,,,,,,,,,,,,,,,,,,,,,,,,,,,,,,,,,,,,,,,,,,,,,,,,,,,,,,,,,,,,,,,,,,,,,,,,,,,,,,,,,,,,,,,,,
A05_RD14-0003-36_37_38_39-1;2;2;1-M3d-0.186IP-Q1.2_001.10sec.fsa,D21S11,B,24,182.57,5,27,194.23,7,28,198.4,101,29,202.46,27,30,206.49,131,OL,209.64,4,OL,215.53,5,33,218.77,5,37,234.98,4,OL,241.36,5,OL,242.15,4,,,,,,,,,,,,,,,,,,,,,,,,,,,,,,,,,,,,,,,,,,,,,,,,,,,,,,,,,,,,,,,,,,,,,,,,,,,,,,,,,,,,,,,,,,,,,,,,,,,,,,,,,,,,,,,,,,,,,,,,,,,,,,,,,,,,,,,,,,,,,,,,,,,,,,,,,,,,,,,,,,,,,,,,,,,,,,,,,,,,,,,,,,,,,,,,,,,,,,,,,,,,,,,,,,,,,,,,,,,,,,,,,,,,,,,,,,,,,,,,,,,,,,,,,,,,,,,,,,,,,,,,,,,
A05_RD14-0003-36_37_38_39-1;2;2;1-M3d-0.186IP-Q1.2_001.10sec.fsa,D7S820,B,5,249.92,4,5.2,251.98,3,8,261.86,154,9,265.9,72,10,270.03,5,OL,270.89,2,11,273.94,73,OL,276.22,2,12,278.03,29,,,,,,,,,,,,,,,,,,,,,,,,,,,,,,,,,,,,,,,,,,,,,,,,,,,,,,,,,,,,,,,,,,,,,,,,,,,,,,,,,,,,,,,,,,,,,,,,,,,,,,,,,,,,,,,,,,,,,,,,,,,,,,,,,,,,,,,,,,,,,,,,,,,,,,,,,,,,,,,,,,,,,,,,,,,,,,,,,,,,,,,,,,,,,,,,,,,,,,,,,,,,,,,,,,,,,,,,,,,,,,,,,,,,,,,,,,,,,,,,,,,,,,,,,,,,,,,,,,,,,,,,,,,,,,,,,
A05_RD14-0003-36_37_38_39-1;2;2;1-M3d-0.186IP-Q1.2_001.10sec.fsa,CSF1PO,B,OL,301.68,4,OL,307.49,4,OL,309.62,3,9,314.08,7,10,318.73,149,11,322.95,37,12,326.8,186,OL,337.1,4,,,,,,,,,,,,,,,,,,,,,,,,,,,,,,,,,,,,,,,,,,,,,,,,,,,,,,,,,,,,,,,,,,,,,,,,,,,,,,,,,,,,,,,,,,,,,,,,,,,,,,,,,,,,,,,,,,,,,,,,,,,,,,,,,,,,,,,,,,,,,,,,,,,,,,,,,,,,,,,,,,,,,,,,,,,,,,,,,,,,,,,,,,,,,,,,,,,,,,,,,,,,,,,,,,,,,,,,,,,,,,,,,,,,,,,,,,,,,,,,,,,,,,,,,,,,,,,,,,,,,,,,,,,,,,,,,,,,
A05_RD14-0003-36_37_38_39-1;2;2;1-M3d-0.186IP-Q1.2_001.10sec.fsa,D3S1358,G,OL,98.59,8,OL,107.7,6,12,109.83,3,OL,110.75,10,OL,113.01,6,13,114.48,18,14,118.28,131,15,122.02,112,16,126.07,220,17,130.31,306,OL,131.81,8,17.2,132.45,4,18.2,136.46,5,20,142.21,8,,,,,,,,,,,,,,,,,,,,,,,,,,,,,,,,,,,,,,,,,,,,,,,,,,,,,,,,,,,,,,,,,,,,,,,,,,,,,,,,,,,,,,,,,,,,,,,,,,,,,,,,,,,,,,,,,,,,,,,,,,,,,,,,,,,,,,,,,,,,,,,,,,,,,,,,,,,,,,,,,,,,,,,,,,,,,,,,,,,,,,,,,,,,,,,,,,,,,,,,,,,,,,,,,,,,,,,,,,,,,,,,,,,,,,,,,,,,,,,,,,,,,,,,,,,,,,,,,,
A05_RD14-0003-36_37_38_39-1;2;2;1-M3d-0.186IP-Q1.2_001.10sec.fsa,TH01,G,OL,154.61,6,OL,163.38,3,5,164.34,10,6,168.39,286,7,172.45,482,8,176.44,82,9.3,183.63,122,10.3,187.26,6,OL,191.05,7,OL,199.32,8,,,,,,,,,,,,,,,,,,,,,,,,,,,,,,,,,,,,,,,,,,,,,,,,,,,,,,,,,,,,,,,,,,,,,,,,,,,,,,,,,,,,,,,,,,,,,,,,,,,,,,,,,,,,,,,,,,,,,,,,,,,,,,,,,,,,,,,,,,,,,,,,,,,,,,,,,,,,,,,,,,,,,,,,,,,,,,,,,,,,,,,,,,,,,,,,,,,,,,,,,,,,,,,,,,,,,,,,,,,,,,,,,,,,,,,,,,,,,,,,,,,,,,,,,,,,,,,,,,,,,,,,,,,,,,
A05_RD14-0003-36_37_38_39-1;2;2;1-M3d-0.186IP-Q1.2_001.10sec.fsa,D13S317,G,OL,203.87,7,OL,213.17,7,9,219.15,172,10,223.11,112,11,227.23,156,12,231.21,196,OL,246.36,5,,,,,,,,,,,,,,,,,,,,,,,,,,,,,,,,,,,,,,,,,,,,,,,,,,,,,,,,,,,,,,,,,,,,,,,,,,,,,,,,,,,,,,,,,,,,,,,,,,,,,,,,,,,,,,,,,,,,,,,,,,,,,,,,,,,,,,,,,,,,,,,,,,,,,,,,,,,,,,,,,,,,,,,,,,,,,,,,,,,,,,,,,,,,,,,,,,,,,,,,,,,,,,,,,,,,,,,,,,,,,,,,,,,,,,,,,,,,,,,,,,,,,,,,,,,,,,,,,,,,,,,,,,,,,,,,,,,,,,,
A05_RD14-0003-36_37_38_39-1;2;2;1-M3d-0.186IP-Q1.2_001.10sec.fsa,D16S539,G,OL,260.23,3,8,263.41,4,9,267.14,102,10,270.89,8,11,275.2,174,12,279.29,43,13,283.12,228,16,295.16,7,,,,,,,,,,,,,,,,,,,,,,,,,,,,,,,,,,,,,,,,,,,,,,,,,,,,,,,,,,,,,,,,,,,,,,,,,,,,,,,,,,,,,,,,,,,,,,,,,,,,,,,,,,,,,,,,,,,,,,,,,,,,,,,,,,,,,,,,,,,,,,,,,,,,,,,,,,,,,,,,,,,,,,,,,,,,,,,,,,,,,,,,,,,,,,,,,,,,,,,,,,,,,,,,,,,,,,,,,,,,,,,,,,,,,,,,,,,,,,,,,,,,,,,,,,,,,,,,,,,,,,,,,,,,,,,,,,,,
A05_RD14-0003-36_37_38_39-1;2;2;1-M3d-0.186IP-Q1.2_001.10sec.fsa,D2S1338,G,16,308.59,164,OL,310.17,3,18,316.78,139,19,320.9,192,20,324.92,52,OL,331.27,5,OL,338.31,5,OL,354.29,6,OL,359.17,8,OL,365.74,5,,,,,,,,,,,,,,,,,,,,,,,,,,,,,,,,,,,,,,,,,,,,,,,,,,,,,,,,,,,,,,,,,,,,,,,,,,,,,,,,,,,,,,,,,,,,,,,,,,,,,,,,,,,,,,,,,,,,,,,,,,,,,,,,,,,,,,,,,,,,,,,,,,,,,,,,,,,,,,,,,,,,,,,,,,,,,,,,,,,,,,,,,,,,,,,,,,,,,,,,,,,,,,,,,,,,,,,,,,,,,,,,,,,,,,,,,,,,,,,,,,,,,,,,,,,,,,,,,,,,,,,,,,,,,,
A05_RD14-0003-36_37_38_39-1;2;2;1-M3d-0.186IP-Q1.2_001.10sec.fsa,D19S433,Y,OL,97.39,16,OL,100.43,16,OL,101,9,10.2,105.92,41,12,111.95,26,13,116,264,13.2,117.93,8,14,119.93,481,14.2,121.95,89,15.2,126.07,8,17.2,133.73,5,18.2,137.54,11,,,,,,,,,,,,,,,,,,,,,,,,,,,,,,,,,,,,,,,,,,,,,,,,,,,,,,,,,,,,,,,,,,,,,,,,,,,,,,,,,,,,,,,,,,,,,,,,,,,,,,,,,,,,,,,,,,,,,,,,,,,,,,,,,,,,,,,,,,,,,,,,,,,,,,,,,,,,,,,,,,,,,,,,,,,,,,,,,,,,,,,,,,,,,,,,,,,,,,,,,,,,,,,,,,,,,,,,,,,,,,,,,,,,,,,,,,,,,,,,,,,,,,,,,,,,,,,,,,,,,,,,
A05_RD14-0003-36_37_38_39-1;2;2;1-M3d-0.186IP-Q1.2_001.10sec.fsa,vWA,Y,OL,148.8,6,12,155.43,8,15,168.1,49,15.2,170.38,9,16,172.08,129,17,176.07,77,18,180.15,241,19,184.23,56,OL,190.89,8,OL,198.78,9,OL,199.62,8,,,,,,,,,,,,,,,,,,,,,,,,,,,,,,,,,,,,,,,,,,,,,,,,,,,,,,,,,,,,,,,,,,,,,,,,,,,,,,,,,,,,,,,,,,,,,,,,,,,,,,,,,,,,,,,,,,,,,,,,,,,,,,,,,,,,,,,,,,,,,,,,,,,,,,,,,,,,,,,,,,,,,,,,,,,,,,,,,,,,,,,,,,,,,,,,,,,,,,,,,,,,,,,,,,,,,,,,,,,,,,,,,,,,,,,,,,,,,,,,,,,,,,,,,,,,,,,,,,,,,,,,,,,
A05_RD14-0003-36_37_38_39-1;2;2;1-M3d-0.186IP-Q1.2_001.10sec.fsa,TPOX,Y,OL,222.81,8,8,228.53,285,10,236.44,25,OL,238.99,7,11,240.48,27,12,244.7,48,OL,246.36,6,14,252.82,9,,,,,,,,,,,,,,,,,,,,,,,,,,,,,,,,,,,,,,,,,,,,,,,,,,,,,,,,,,,,,,,,,,,,,,,,,,,,,,,,,,,,,,,,,,,,,,,,,,,,,,,,,,,,,,,,,,,,,,,,,,,,,,,,,,,,,,,,,,,,,,,,,,,,,,,,,,,,,,,,,,,,,,,,,,,,,,,,,,,,,,,,,,,,,,,,,,,,,,,,,,,,,,,,,,,,,,,,,,,,,,,,,,,,,,,,,,,,,,,,,,,,,,,,,,,,,,,,,,,,,,,,,,,,,,,,,,,,
A05_RD14-0003-36_37_38_39-1;2;2;1-M3d-0.186IP-Q1.2_001.10sec.fsa,D18S51,Y,OL,265.58,9,9.2,271.2,11,10.2,274.96,9,13,284.84,65,15,292.89,92,OL,296.09,7,16,296.87,17,17,300.99,140,18,304.84,21,20,313.04,38,24,330.05,12,OL,335.65,4,,,,,,,,,,,,,,,,,,,,,,,,,,,,,,,,,,,,,,,,,,,,,,,,,,,,,,,,,,,,,,,,,,,,,,,,,,,,,,,,,,,,,,,,,,,,,,,,,,,,,,,,,,,,,,,,,,,,,,,,,,,,,,,,,,,,,,,,,,,,,,,,,,,,,,,,,,,,,,,,,,,,,,,,,,,,,,,,,,,,,,,,,,,,,,,,,,,,,,,,,,,,,,,,,,,,,,,,,,,,,,,,,,,,,,,,,,,,,,,,,,,,,,,,,,,,,,,,,,,,,,,,
A05_RD14-0003-36_37_38_39-1;2;2;1-M3d-0.186IP-Q1.2_001.10sec.fsa,AMEL,R,X,104.86,287,Y,110.75,374,,,,,,,,,,,,,,,,,,,,,,,,,,,,,,,,,,,,,,,,,,,,,,,,,,,,,,,,,,,,,,,,,,,,,,,,,,,,,,,,,,,,,,,,,,,,,,,,,,,,,,,,,,,,,,,,,,,,,,,,,,,,,,,,,,,,,,,,,,,,,,,,,,,,,,,,,,,,,,,,,,,,,,,,,,,,,,,,,,,,,,,,,,,,,,,,,,,,,,,,,,,,,,,,,,,,,,,,,,,,,,,,,,,,,,,,,,,,,,,,,,,,,,,,,,,,,,,,,,,,,,,,,,,,,,,,,,,,,,,,,,,,,,,,,,,,,,
A05_RD14-0003-36_37_38_39-1;2;2;1-M3d-0.186IP-Q1.2_001.10sec.fsa,D5S818,R,OL,126.36,7,11,148.8,66,12,152.89,287,13,157,278,17,173.19,6,OL,176.81,8,,,,,,,,,,,,,,,,,,,,,,,,,,,,,,,,,,,,,,,,,,,,,,,,,,,,,,,,,,,,,,,,,,,,,,,,,,,,,,,,,,,,,,,,,,,,,,,,,,,,,,,,,,,,,,,,,,,,,,,,,,,,,,,,,,,,,,,,,,,,,,,,,,,,,,,,,,,,,,,,,,,,,,,,,,,,,,,,,,,,,,,,,,,,,,,,,,,,,,,,,,,,,,,,,,,,,,,,,,,,,,,,,,,,,,,,,,,,,,,,,,,,,,,,,,,,,,,,,,,,,,,,,,,,,,,,,,,,,,,,,,
A05_RD14-0003-36_37_38_39-1;2;2;1-M3d-0.186IP-Q1.2_001.10sec.fsa,FGA,R,OL,224.18,6,21,228.91,21,21.2,231.21,7,22,233.06,311,22.2,235.13,72,23.2,239.38,6,25,245.41,57,27,253.12,8,OL,256.38,8,OL,260.23,5,29,261.16,7,OL,262.71,13,OL,277.87,9,34.2,283.59,11,OL,288.83,2,OL,290.23,5,OL,292.97,9,OL,302.37,11,OL,318.39,10,OL,342.72,9,OL,347.75,7,OL,349.32,5,OL,350.23,9,OL,354.78,7,,,,,,,,,,,,,,,,,,,,,,,,,,,,,,,,,,,,,,,,,,,,,,,,,,,,,,,,,,,,,,,,,,,,,,,,,,,,,,,,,,,,,,,,,,,,,,,,,,,,,,,,,,,,,,,,,,,,,,,,,,,,,,,,,,,,,,,,,,,,,,,,,,,,,,,,,,,,,,,,,,,,,,,,,,,,,,,,,,,,,,,,,,,,,,,,,,,,,,,,,,,,,,,,,,,,,,,,,,,,,,,,,,,,
B01_RD14-0003-40_41_42_43-1;1;1;1-M3a-0.5IP-Q0.9_002.10sec.fsa,D8S1179,B,7,117.26,6,8,121.53,2,OL,124.47,3,10,129.36,32,11,133.48,553,12,137.56,304,OL,140,3,13,141.78,485,14,145.96,1015,15,150.07,210,17,158.27,3,OL,169.95,1,,,,,,,,,,,,,,,,,,,,,,,,,,,,,,,,,,,,,,,,,,,,,,,,,,,,,,,,,,,,,,,,,,,,,,,,,,,,,,,,,,,,,,,,,,,,,,,,,,,,,,,,,,,,,,,,,,,,,,,,,,,,,,,,,,,,,,,,,,,,,,,,,,,,,,,,,,,,,,,,,,,,,,,,,,,,,,,,,,,,,,,,,,,,,,,,,,,,,,,,,,,,,,,,,,,,,,,,,,,,,,,,,,,,,,,,,,,,,,,,,,,,,,,,,,,,,,,,,,,,,,,,
B01_RD14-0003-40_41_42_43-1;1;1;1-M3a-0.5IP-Q0.9_002.10sec.fsa,D21S11,B,24.2,183.69,4,26,190.44,24,27,194.6,564,28,198.59,150,29,202.6,482,30,206.6,528,30.2,208.52,11,31,210.6,268,31.2,212.61,121,33.2,221.09,3,34,222.81,25,35,226.79,222,OL,231.26,25,OL,234.25,1,37,235.27,12,38,238.42,2,OL,239.92,3,OL,241.78,2,,,,,,,,,,,,,,,,,,,,,,,,,,,,,,,,,,,,,,,,,,,,,,,,,,,,,,,,,,,,,,,,,,,,,,,,,,,,,,,,,,,,,,,,,,,,,,,,,,,,,,,,,,,,,,,,,,,,,,,,,,,,,,,,,,,,,,,,,,,,,,,,,,,,,,,,,,,,,,,,,,,,,,,,,,,,,,,,,,,,,,,,,,,,,,,,,,,,,,,,,,,,,,,,,,,,,,,,,,,,,,,,,,,,,,,,,,,,,,,,,,,,,,
B01_RD14-0003-40_41_42_43-1;1;1;1-M3a-0.5IP-Q0.9_002.10sec.fsa,D7S820,B,7,258.01,5,8,261.97,239,9,265.98,417,10,269.93,50,OL,271.27,12,11,274.05,974,12,277.93,4,OL,283.29,7,OL,284.23,3,,,,,,,,,,,,,,,,,,,,,,,,,,,,,,,,,,,,,,,,,,,,,,,,,,,,,,,,,,,,,,,,,,,,,,,,,,,,,,,,,,,,,,,,,,,,,,,,,,,,,,,,,,,,,,,,,,,,,,,,,,,,,,,,,,,,,,,,,,,,,,,,,,,,,,,,,,,,,,,,,,,,,,,,,,,,,,,,,,,,,,,,,,,,,,,,,,,,,,,,,,,,,,,,,,,,,,,,,,,,,,,,,,,,,,,,,,,,,,,,,,,,,,,,,,,,,,,,,,,,,,,,,,,,,,,,,
B01_RD14-0003-40_41_42_43-1;1;1;1-M3a-0.5IP-Q0.9_002.10sec.fsa,CSF1PO,B,OL,300.08,3,7,306.67,8,8,310.5,213,9,314.59,35,10,318.81,512,10.2,320.82,8,11,322.86,89,OL,324.98,4,12,326.92,1481,13,331.04,6,OL,333.05,16,OL,337.05,7,15,338.41,3,OL,340,4,,,,,,,,,,,,,,,,,,,,,,,,,,,,,,,,,,,,,,,,,,,,,,,,,,,,,,,,,,,,,,,,,,,,,,,,,,,,,,,,,,,,,,,,,,,,,,,,,,,,,,,,,,,,,,,,,,,,,,,,,,,,,,,,,,,,,,,,,,,,,,,,,,,,,,,,,,,,,,,,,,,,,,,,,,,,,,,,,,,,,,,,,,,,,,,,,,,,,,,,,,,,,,,,,,,,,,,,,,,,,,,,,,,,,,,,,,,,,,,,,,,,,,,,,,,,,,,,,,
B01_RD14-0003-40_41_42_43-1;1;1;1-M3a-0.5IP-Q0.9_002.10sec.fsa,D3S1358,G,OL,94.41,3,OL,99.78,4,OL,105.46,30,13,114.14,15,14,118.05,103,15,122.05,1250,16,126.1,1011,17,130.26,661,OL,139.69,5,,,,,,,,,,,,,,,,,,,,,,,,,,,,,,,,,,,,,,,,,,,,,,,,,,,,,,,,,,,,,,,,,,,,,,,,,,,,,,,,,,,,,,,,,,,,,,,,,,,,,,,,,,,,,,,,,,,,,,,,,,,,,,,,,,,,,,,,,,,,,,,,,,,,,,,,,,,,,,,,,,,,,,,,,,,,,,,,,,,,,,,,,,,,,,,,,,,,,,,,,,,,,,,,,,,,,,,,,,,,,,,,,,,,,,,,,,,,,,,,,,,,,,,,,,,,,,,,,,,,,,,,,,,,,,,,,
B01_RD14-0003-40_41_42_43-1;1;1;1-M3a-0.5IP-Q0.9_002.10sec.fsa,TH01,G,4,160.77,4,OL,163.08,6,5.3,167.33,5,6,168.56,15,7,172.58,917,7.3,175.44,13,8,176.6,1661,9,180.71,605,9.3,183.77,1382,OL,191.54,1,,,,,,,,,,,,,,,,,,,,,,,,,,,,,,,,,,,,,,,,,,,,,,,,,,,,,,,,,,,,,,,,,,,,,,,,,,,,,,,,,,,,,,,,,,,,,,,,,,,,,,,,,,,,,,,,,,,,,,,,,,,,,,,,,,,,,,,,,,,,,,,,,,,,,,,,,,,,,,,,,,,,,,,,,,,,,,,,,,,,,,,,,,,,,,,,,,,,,,,,,,,,,,,,,,,,,,,,,,,,,,,,,,,,,,,,,,,,,,,,,,,,,,,,,,,,,,,,,,,,,,,,,,,,,,
B01_RD14-0003-40_41_42_43-1;1;1;1-M3a-0.5IP-Q0.9_002.10sec.fsa,D13S317,G,OL,209.06,2,7,211.53,2,9,219.05,4,10,223.2,29,OL,225.78,4,11,227.18,701,12,231.18,2182,13,235.19,947,14,239.13,7,,,,,,,,,,,,,,,,,,,,,,,,,,,,,,,,,,,,,,,,,,,,,,,,,,,,,,,,,,,,,,,,,,,,,,,,,,,,,,,,,,,,,,,,,,,,,,,,,,,,,,,,,,,,,,,,,,,,,,,,,,,,,,,,,,,,,,,,,,,,,,,,,,,,,,,,,,,,,,,,,,,,,,,,,,,,,,,,,,,,,,,,,,,,,,,,,,,,,,,,,,,,,,,,,,,,,,,,,,,,,,,,,,,,,,,,,,,,,,,,,,,,,,,,,,,,,,,,,,,,,,,,,,,,,,,,,
B01_RD14-0003-40_41_42_43-1;1;1;1-M3a-0.5IP-Q0.9_002.10sec.fsa,D16S539,G,OL,254.71,2,8,263.3,40,9,267.32,941,10,271.27,1200,11,275.31,425,12,279.28,671,13,283.21,349,,,,,,,,,,,,,,,,,,,,,,,,,,,,,,,,,,,,,,,,,,,,,,,,,,,,,,,,,,,,,,,,,,,,,,,,,,,,,,,,,,,,,,,,,,,,,,,,,,,,,,,,,,,,,,,,,,,,,,,,,,,,,,,,,,,,,,,,,,,,,,,,,,,,,,,,,,,,,,,,,,,,,,,,,,,,,,,,,,,,,,,,,,,,,,,,,,,,,,,,,,,,,,,,,,,,,,,,,,,,,,,,,,,,,,,,,,,,,,,,,,,,,,,,,,,,,,,,,,,,,,,,,,,,,,,,,,,,,,,
B01_RD14-0003-40_41_42_43-1;1;1;1-M3a-0.5IP-Q0.9_002.10sec.fsa,D2S1338,G,OL,302.43,2,15,305.04,4,16,308.85,6,18,316.78,54,19,320.98,817,20,325.06,471,21,329.11,96,22,333.05,1100,23,337.05,484,24,340.98,28,OL,342.94,2,25,345.06,359,OL,350.44,5,OL,354.44,4,OL,359.75,3,,,,,,,,,,,,,,,,,,,,,,,,,,,,,,,,,,,,,,,,,,,,,,,,,,,,,,,,,,,,,,,,,,,,,,,,,,,,,,,,,,,,,,,,,,,,,,,,,,,,,,,,,,,,,,,,,,,,,,,,,,,,,,,,,,,,,,,,,,,,,,,,,,,,,,,,,,,,,,,,,,,,,,,,,,,,,,,,,,,,,,,,,,,,,,,,,,,,,,,,,,,,,,,,,,,,,,,,,,,,,,,,,,,,,,,,,,,,,,,,,,,,,,,,,,,,,,,
B01_RD14-0003-40_41_42_43-1;1;1;1-M3a-0.5IP-Q0.9_002.10sec.fsa,D19S433,Y,OL,102.81,6,10,104.32,13,11,108.09,212,12,112.14,40,12.2,114.14,34,13,116.17,467,13.2,118.12,467,14,120.07,817,14.2,122.05,325,15.2,126.17,40,16.2,129.96,317,18,135.82,3,,,,,,,,,,,,,,,,,,,,,,,,,,,,,,,,,,,,,,,,,,,,,,,,,,,,,,,,,,,,,,,,,,,,,,,,,,,,,,,,,,,,,,,,,,,,,,,,,,,,,,,,,,,,,,,,,,,,,,,,,,,,,,,,,,,,,,,,,,,,,,,,,,,,,,,,,,,,,,,,,,,,,,,,,,,,,,,,,,,,,,,,,,,,,,,,,,,,,,,,,,,,,,,,,,,,,,,,,,,,,,,,,,,,,,,,,,,,,,,,,,,,,,,,,,,,,,,,,,,,,,,,
B01_RD14-0003-40_41_42_43-1;1;1;1-M3a-0.5IP-Q0.9_002.10sec.fsa,vWA,Y,11,151.48,6,12,155.69,21,OL,158.67,6,13,159.92,331,14,164.01,20,15,168.02,281,16,172.19,500,17,176.21,1090,18,180.24,417,19,184.32,270,OL,195.93,6,,,,,,,,,,,,,,,,,,,,,,,,,,,,,,,,,,,,,,,,,,,,,,,,,,,,,,,,,,,,,,,,,,,,,,,,,,,,,,,,,,,,,,,,,,,,,,,,,,,,,,,,,,,,,,,,,,,,,,,,,,,,,,,,,,,,,,,,,,,,,,,,,,,,,,,,,,,,,,,,,,,,,,,,,,,,,,,,,,,,,,,,,,,,,,,,,,,,,,,,,,,,,,,,,,,,,,,,,,,,,,,,,,,,,,,,,,,,,,,,,,,,,,,,,,,,,,,,,,,,,,,,,,,
B01_RD14-0003-40_41_42_43-1;1;1;1-M3a-0.5IP-Q0.9_002.10sec.fsa,TPOX,Y,OL,222.65,5,7,224.68,37,8,228.59,1786,9,232.52,25,OL,234.09,15,10,236.69,457,11,240.73,348,12,244.86,142,14,252.78,4,,,,,,,,,,,,,,,,,,,,,,,,,,,,,,,,,,,,,,,,,,,,,,,,,,,,,,,,,,,,,,,,,,,,,,,,,,,,,,,,,,,,,,,,,,,,,,,,,,,,,,,,,,,,,,,,,,,,,,,,,,,,,,,,,,,,,,,,,,,,,,,,,,,,,,,,,,,,,,,,,,,,,,,,,,,,,,,,,,,,,,,,,,,,,,,,,,,,,,,,,,,,,,,,,,,,,,,,,,,,,,,,,,,,,,,,,,,,,,,,,,,,,,,,,,,,,,,,,,,,,,,,,,,,,,,,,
B01_RD14-0003-40_41_42_43-1;1;1;1-M3a-0.5IP-Q0.9_002.10sec.fsa,D18S51,Y,9,268.51,17,9,269.14,14,9.2,270.33,16,10,272.38,11,11,276.66,15,12,281.02,169,12.2,282.9,7,13,285.02,412,14,289.08,16,15,293.07,127,15.2,294.7,3,16,296.96,29,17,300.99,379,18,304.89,800,19,308.93,593,22.2,323.19,13,OL,328.54,7,OL,329.11,8,OL,330.72,9,25,334.17,16,OL,335.78,13,OL,346.36,6,,,,,,,,,,,,,,,,,,,,,,,,,,,,,,,,,,,,,,,,,,,,,,,,,,,,,,,,,,,,,,,,,,,,,,,,,,,,,,,,,,,,,,,,,,,,,,,,,,,,,,,,,,,,,,,,,,,,,,,,,,,,,,,,,,,,,,,,,,,,,,,,,,,,,,,,,,,,,,,,,,,,,,,,,,,,,,,,,,,,,,,,,,,,,,,,,,,,,,,,,,,,,,,,,,,,,,,,,,,,,,,,,,,,,,,,,,
B01_RD14-0003-40_41_42_43-1;1;1;1-M3a-0.5IP-Q0.9_002.10sec.fsa,AMEL,R,X,104.85,1818,Y,110.79,795,,,,,,,,,,,,,,,,,,,,,,,,,,,,,,,,,,,,,,,,,,,,,,,,,,,,,,,,,,,,,,,,,,,,,,,,,,,,,,,,,,,,,,,,,,,,,,,,,,,,,,,,,,,,,,,,,,,,,,,,,,,,,,,,,,,,,,,,,,,,,,,,,,,,,,,,,,,,,,,,,,,,,,,,,,,,,,,,,,,,,,,,,,,,,,,,,,,,,,,,,,,,,,,,,,,,,,,,,,,,,,,,,,,,,,,,,,,,,,,,,,,,,,,,,,,,,,,,,,,,,,,,,,,,,,,,,,,,,,,,,,,,,,,,,,,,,,
B01_RD14-0003-40_41_42_43-1;1;1;1-M3a-0.5IP-Q0.9_002.10sec.fsa,D5S818,R,8,136.58,7,8,136.96,7,10,144.72,50,OL,146.11,7,11,148.75,814,12,152.88,626,13,157.02,473,14,161.16,15,17,173.35,4,OL,175.21,7,OL,177.52,10,,,,,,,,,,,,,,,,,,,,,,,,,,,,,,,,,,,,,,,,,,,,,,,,,,,,,,,,,,,,,,,,,,,,,,,,,,,,,,,,,,,,,,,,,,,,,,,,,,,,,,,,,,,,,,,,,,,,,,,,,,,,,,,,,,,,,,,,,,,,,,,,,,,,,,,,,,,,,,,,,,,,,,,,,,,,,,,,,,,,,,,,,,,,,,,,,,,,,,,,,,,,,,,,,,,,,,,,,,,,,,,,,,,,,,,,,,,,,,,,,,,,,,,,,,,,,,,,,,,,,,,,,,,
B01_RD14-0003-40_41_42_43-1;1;1;1-M3a-0.5IP-Q0.9_002.10sec.fsa,FGA,R,OL,204.45,3,OL,205.21,5,OL,207.21,5,OL,211.3,9,19,220.86,25,20,224.84,446,21,228.91,645,22,232.99,359,22.2,235.11,14,23.2,238.97,9,26,249.52,144,27,253.48,257,28,257.48,506,29,261.41,7,31.2,271.27,24,OL,272.62,5,32,273.33,8,OL,277.69,7,OL,286.5,5,OL,287.21,5,OL,291.82,4,OL,294.08,3,OL,299.22,4,OL,303.27,3,OL,306.05,8,OL,308.46,10,OL,323.59,4,OL,335.38,6,OL,341.79,7,OL,347.51,5,OL,356.73,6,,,,,,,,,,,,,,,,,,,,,,,,,,,,,,,,,,,,,,,,,,,,,,,,,,,,,,,,,,,,,,,,,,,,,,,,,,,,,,,,,,,,,,,,,,,,,,,,,,,,,,,,,,,,,,,,,,,,,,,,,,,,,,,,,,,,,,,,,,,,,,,,,,,,,,,,,,,,,,,,,,,,,,,,,,,,,,,,,,,,,,,,,,,,,,,,,,,,,,,,,,,,,,,
B02_RD14-0003-40_41_42_43-1;1;1;1-M2e-0.5IP-Q3.2_002.10sec.fsa,D8S1179,B,11,133.45,132,12,137.51,177,13,141.64,238,14,145.89,335,15,150.02,91,OL,163.82,2,OL,165.39,2,OL,168.25,9,OL,171.25,11,OL,177.66,2,,,,,,,,,,,,,,,,,,,,,,,,,,,,,,,,,,,,,,,,,,,,,,,,,,,,,,,,,,,,,,,,,,,,,,,,,,,,,,,,,,,,,,,,,,,,,,,,,,,,,,,,,,,,,,,,,,,,,,,,,,,,,,,,,,,,,,,,,,,,,,,,,,,,,,,,,,,,,,,,,,,,,,,,,,,,,,,,,,,,,,,,,,,,,,,,,,,,,,,,,,,,,,,,,,,,,,,,,,,,,,,,,,,,,,,,,,,,,,,,,,,,,,,,,,,,,,,,,,,,,,,,,,,,,,
B02_RD14-0003-40_41_42_43-1;1;1;1-M2e-0.5IP-Q3.2_002.10sec.fsa,D21S11,B,24,182.22,23,27,194.4,29,28,198.47,48,29,202.4,28,OL,205.11,3,30,206.47,76,31,210.41,15,31.2,212.39,78,32,214.24,2,OL,215.89,11,33.2,220.23,2,34,222.71,10,35,226.81,82,38,239.22,3,OL,239.92,4,OL,241.93,3,,,,,,,,,,,,,,,,,,,,,,,,,,,,,,,,,,,,,,,,,,,,,,,,,,,,,,,,,,,,,,,,,,,,,,,,,,,,,,,,,,,,,,,,,,,,,,,,,,,,,,,,,,,,,,,,,,,,,,,,,,,,,,,,,,,,,,,,,,,,,,,,,,,,,,,,,,,,,,,,,,,,,,,,,,,,,,,,,,,,,,,,,,,,,,,,,,,,,,,,,,,,,,,,,,,,,,,,,,,,,,,,,,,,,,,,,,,,,,,,,,,,,,,,,,,,
B02_RD14-0003-40_41_42_43-1;1;1;1-M2e-0.5IP-Q3.2_002.10sec.fsa,D7S820,B,6,254.47,2,OL,260.16,3,8,261.81,23,9,265.92,85,10,269.8,8,11,273.93,196,OL,275.61,3,OL,280,3,OL,280.63,3,OL,282.99,3,OL,288.18,3,,,,,,,,,,,,,,,,,,,,,,,,,,,,,,,,,,,,,,,,,,,,,,,,,,,,,,,,,,,,,,,,,,,,,,,,,,,,,,,,,,,,,,,,,,,,,,,,,,,,,,,,,,,,,,,,,,,,,,,,,,,,,,,,,,,,,,,,,,,,,,,,,,,,,,,,,,,,,,,,,,,,,,,,,,,,,,,,,,,,,,,,,,,,,,,,,,,,,,,,,,,,,,,,,,,,,,,,,,,,,,,,,,,,,,,,,,,,,,,,,,,,,,,,,,,,,,,,,,,,,,,,,,,
B02_RD14-0003-40_41_42_43-1;1;1;1-M2e-0.5IP-Q3.2_002.10sec.fsa,CSF1PO,B,6,303.11,3,OL,305.31,4,OL,308.18,3,OL,314,3,10,318.62,55,11,322.75,7,12,326.83,143,OL,333.02,3,OL,340.08,5,,,,,,,,,,,,,,,,,,,,,,,,,,,,,,,,,,,,,,,,,,,,,,,,,,,,,,,,,,,,,,,,,,,,,,,,,,,,,,,,,,,,,,,,,,,,,,,,,,,,,,,,,,,,,,,,,,,,,,,,,,,,,,,,,,,,,,,,,,,,,,,,,,,,,,,,,,,,,,,,,,,,,,,,,,,,,,,,,,,,,,,,,,,,,,,,,,,,,,,,,,,,,,,,,,,,,,,,,,,,,,,,,,,,,,,,,,,,,,,,,,,,,,,,,,,,,,,,,,,,,,,,,,,,,,,,,
B02_RD14-0003-40_41_42_43-1;1;1;1-M2e-0.5IP-Q3.2_002.10sec.fsa,D3S1358,G,OL,96.87,10,OL,99.71,11,OL,109.35,3,13,114.77,3,14,118.05,54,15,122.11,731,16,126.07,360,17,130.21,89,18,134.75,2,,,,,,,,,,,,,,,,,,,,,,,,,,,,,,,,,,,,,,,,,,,,,,,,,,,,,,,,,,,,,,,,,,,,,,,,,,,,,,,,,,,,,,,,,,,,,,,,,,,,,,,,,,,,,,,,,,,,,,,,,,,,,,,,,,,,,,,,,,,,,,,,,,,,,,,,,,,,,,,,,,,,,,,,,,,,,,,,,,,,,,,,,,,,,,,,,,,,,,,,,,,,,,,,,,,,,,,,,,,,,,,,,,,,,,,,,,,,,,,,,,,,,,,,,,,,,,,,,,,,,,,,,,,,,,,,,
B02_RD14-0003-40_41_42_43-1;1;1;1-M2e-0.5IP-Q3.2_002.10sec.fsa,TH01,G,OL,169.53,31,7,172.46,310,8,176.53,263,9,180.54,226,9.3,183.75,126,OL,194.17,5,OL,198.16,10,,,,,,,,,,,,,,,,,,,,,,,,,,,,,,,,,,,,,,,,,,,,,,,,,,,,,,,,,,,,,,,,,,,,,,,,,,,,,,,,,,,,,,,,,,,,,,,,,,,,,,,,,,,,,,,,,,,,,,,,,,,,,,,,,,,,,,,,,,,,,,,,,,,,,,,,,,,,,,,,,,,,,,,,,,,,,,,,,,,,,,,,,,,,,,,,,,,,,,,,,,,,,,,,,,,,,,,,,,,,,,,,,,,,,,,,,,,,,,,,,,,,,,,,,,,,,,,,,,,,,,,,,,,,,,,,,,,,,,,
B02_RD14-0003-40_41_42_43-1;1;1;1-M2e-0.5IP-Q3.2_002.10sec.fsa,D13S317,G,OL,205.79,25,OL,211.78,3,OL,216.05,14,OL,220,4,11,227.19,125,12,231.22,286,13,235.26,137,,,,,,,,,,,,,,,,,,,,,,,,,,,,,,,,,,,,,,,,,,,,,,,,,,,,,,,,,,,,,,,,,,,,,,,,,,,,,,,,,,,,,,,,,,,,,,,,,,,,,,,,,,,,,,,,,,,,,,,,,,,,,,,,,,,,,,,,,,,,,,,,,,,,,,,,,,,,,,,,,,,,,,,,,,,,,,,,,,,,,,,,,,,,,,,,,,,,,,,,,,,,,,,,,,,,,,,,,,,,,,,,,,,,,,,,,,,,,,,,,,,,,,,,,,,,,,,,,,,,,,,,,,,,,,,,,,,,,,,
B02_RD14-0003-40_41_42_43-1;1;1;1-M2e-0.5IP-Q3.2_002.10sec.fsa,D16S539,G,6,255.93,3,9,267.18,137,10,271.23,129,12,279.2,49,13,283.15,66,OL,287.95,3,OL,289.21,4,,,,,,,,,,,,,,,,,,,,,,,,,,,,,,,,,,,,,,,,,,,,,,,,,,,,,,,,,,,,,,,,,,,,,,,,,,,,,,,,,,,,,,,,,,,,,,,,,,,,,,,,,,,,,,,,,,,,,,,,,,,,,,,,,,,,,,,,,,,,,,,,,,,,,,,,,,,,,,,,,,,,,,,,,,,,,,,,,,,,,,,,,,,,,,,,,,,,,,,,,,,,,,,,,,,,,,,,,,,,,,,,,,,,,,,,,,,,,,,,,,,,,,,,,,,,,,,,,,,,,,,,,,,,,,,,,,,,,,,
B02_RD14-0003-40_41_42_43-1;1;1;1-M2e-0.5IP-Q3.2_002.10sec.fsa,D2S1338,G,OL,306.11,1,OL,307.38,3,OL,309.86,4,18,316.48,5,19,320.92,25,20,324.92,34,21,328.98,8,22,333.02,85,23,337.05,32,25,344.93,19,OL,359.5,4,OL,363.17,4,,,,,,,,,,,,,,,,,,,,,,,,,,,,,,,,,,,,,,,,,,,,,,,,,,,,,,,,,,,,,,,,,,,,,,,,,,,,,,,,,,,,,,,,,,,,,,,,,,,,,,,,,,,,,,,,,,,,,,,,,,,,,,,,,,,,,,,,,,,,,,,,,,,,,,,,,,,,,,,,,,,,,,,,,,,,,,,,,,,,,,,,,,,,,,,,,,,,,,,,,,,,,,,,,,,,,,,,,,,,,,,,,,,,,,,,,,,,,,,,,,,,,,,,,,,,,,,,,,,,,,,,
B02_RD14-0003-40_41_42_43-1;1;1;1-M2e-0.5IP-Q3.2_002.10sec.fsa,D19S433,Y,OL,99,12,11,107.92,169,12,111.93,21,12.2,114,12,13,116.02,316,13.2,118.05,83,14,119.93,360,14.2,121.97,211,OL,125.15,5,16.2,129.92,81,OL,130.86,7,17,131.5,10,18,136.2,7,,,,,,,,,,,,,,,,,,,,,,,,,,,,,,,,,,,,,,,,,,,,,,,,,,,,,,,,,,,,,,,,,,,,,,,,,,,,,,,,,,,,,,,,,,,,,,,,,,,,,,,,,,,,,,,,,,,,,,,,,,,,,,,,,,,,,,,,,,,,,,,,,,,,,,,,,,,,,,,,,,,,,,,,,,,,,,,,,,,,,,,,,,,,,,,,,,,,,,,,,,,,,,,,,,,,,,,,,,,,,,,,,,,,,,,,,,,,,,,,,,,,,,,,,,,,,,,,,,,,,
B02_RD14-0003-40_41_42_43-1;1;1;1-M2e-0.5IP-Q3.2_002.10sec.fsa,vWA,Y,10,147.31,10,OL,150.09,5,OL,157.42,14,OL,160.9,10,15,167.95,48,16,172.08,60,17,176.15,127,18,180.15,87,19,184.13,68,OL,185.82,14,OL,195.78,5,24,205.11,5,OL,208.21,4,,,,,,,,,,,,,,,,,,,,,,,,,,,,,,,,,,,,,,,,,,,,,,,,,,,,,,,,,,,,,,,,,,,,,,,,,,,,,,,,,,,,,,,,,,,,,,,,,,,,,,,,,,,,,,,,,,,,,,,,,,,,,,,,,,,,,,,,,,,,,,,,,,,,,,,,,,,,,,,,,,,,,,,,,,,,,,,,,,,,,,,,,,,,,,,,,,,,,,,,,,,,,,,,,,,,,,,,,,,,,,,,,,,,,,,,,,,,,,,,,,,,,,,,,,,,,,,,,,,,,
B02_RD14-0003-40_41_42_43-1;1;1;1-M2e-0.5IP-Q3.2_002.10sec.fsa,TPOX,Y,8,228.59,310,9,232.7,5,10,236.66,31,11,240.56,35,12,244.73,44,OL,251.31,4,,,,,,,,,,,,,,,,,,,,,,,,,,,,,,,,,,,,,,,,,,,,,,,,,,,,,,,,,,,,,,,,,,,,,,,,,,,,,,,,,,,,,,,,,,,,,,,,,,,,,,,,,,,,,,,,,,,,,,,,,,,,,,,,,,,,,,,,,,,,,,,,,,,,,,,,,,,,,,,,,,,,,,,,,,,,,,,,,,,,,,,,,,,,,,,,,,,,,,,,,,,,,,,,,,,,,,,,,,,,,,,,,,,,,,,,,,,,,,,,,,,,,,,,,,,,,,,,,,,,,,,,,,,,,,,,,,,,,,,,,,
B02_RD14-0003-40_41_42_43-1;1;1;1-M2e-0.5IP-Q3.2_002.10sec.fsa,D18S51,Y,OL,266.31,6,OL,271.78,6,12,280.71,19,13,284.96,24,OL,287.79,6,15,292.91,17,15.2,294.96,6,16,296.85,12,17,300.85,48,18,304.92,28,19,308.82,99,OL,326.16,5,OL,345.84,8,,,,,,,,,,,,,,,,,,,,,,,,,,,,,,,,,,,,,,,,,,,,,,,,,,,,,,,,,,,,,,,,,,,,,,,,,,,,,,,,,,,,,,,,,,,,,,,,,,,,,,,,,,,,,,,,,,,,,,,,,,,,,,,,,,,,,,,,,,,,,,,,,,,,,,,,,,,,,,,,,,,,,,,,,,,,,,,,,,,,,,,,,,,,,,,,,,,,,,,,,,,,,,,,,,,,,,,,,,,,,,,,,,,,,,,,,,,,,,,,,,,,,,,,,,,,,,,,,,,,,
B02_RD14-0003-40_41_42_43-1;1;1;1-M2e-0.5IP-Q3.2_002.10sec.fsa,AMEL,R,X,104.83,790,Y,110.71,320,,,,,,,,,,,,,,,,,,,,,,,,,,,,,,,,,,,,,,,,,,,,,,,,,,,,,,,,,,,,,,,,,,,,,,,,,,,,,,,,,,,,,,,,,,,,,,,,,,,,,,,,,,,,,,,,,,,,,,,,,,,,,,,,,,,,,,,,,,,,,,,,,,,,,,,,,,,,,,,,,,,,,,,,,,,,,,,,,,,,,,,,,,,,,,,,,,,,,,,,,,,,,,,,,,,,,,,,,,,,,,,,,,,,,,,,,,,,,,,,,,,,,,,,,,,,,,,,,,,,,,,,,,,,,,,,,,,,,,,,,,,,,,,,,,,,,,
B02_RD14-0003-40_41_42_43-1;1;1;1-M2e-0.5IP-Q3.2_002.10sec.fsa,D5S818,R,7,132.3,9,10,144.55,18,OL,146.12,6,11,148.74,314,OL,150.32,5,12,152.8,272,13,156.96,148,OL,158.86,7,15,164.94,6,17,173.59,5,OL,177.51,15,,,,,,,,,,,,,,,,,,,,,,,,,,,,,,,,,,,,,,,,,,,,,,,,,,,,,,,,,,,,,,,,,,,,,,,,,,,,,,,,,,,,,,,,,,,,,,,,,,,,,,,,,,,,,,,,,,,,,,,,,,,,,,,,,,,,,,,,,,,,,,,,,,,,,,,,,,,,,,,,,,,,,,,,,,,,,,,,,,,,,,,,,,,,,,,,,,,,,,,,,,,,,,,,,,,,,,,,,,,,,,,,,,,,,,,,,,,,,,,,,,,,,,,,,,,,,,,,,,,,,,,,,,,
B02_RD14-0003-40_41_42_43-1;1;1;1-M2e-0.5IP-Q3.2_002.10sec.fsa,FGA,R,OL,206.77,6,18,216.68,6,20,224.87,45,21,228.97,97,22,233.08,74,OL,242.57,4,OL,245.93,4,27,253.47,64,28,257.47,111,OL,277.04,10,OL,279.04,7,OL,285.98,5,OL,286.92,9,OL,288.74,4,OL,290.7,6,OL,292.36,5,OL,329.81,4,OL,331.29,7,OL,343.51,8,50.2,348.27,7,OL,350.03,3,OL,356.48,9,,,,,,,,,,,,,,,,,,,,,,,,,,,,,,,,,,,,,,,,,,,,,,,,,,,,,,,,,,,,,,,,,,,,,,,,,,,,,,,,,,,,,,,,,,,,,,,,,,,,,,,,,,,,,,,,,,,,,,,,,,,,,,,,,,,,,,,,,,,,,,,,,,,,,,,,,,,,,,,,,,,,,,,,,,,,,,,,,,,,,,,,,,,,,,,,,,,,,,,,,,,,,,,,,,,,,,,,,,,,,,,,,,,,,,,,,,
B04_RD14-0003-44_45_46_47-1;1;4;1-M2e-0.105IP-Q1.5_002.10sec.fsa,D8S1179,B,8,121.87,3,9,125.51,7,10,129.37,77,11,133.41,211,OL,135.14,3,12,137.77,6,13,141.84,86,OL,143.88,4,14,145.79,51,,,,,,,,,,,,,,,,,,,,,,,,,,,,,,,,,,,,,,,,,,,,,,,,,,,,,,,,,,,,,,,,,,,,,,,,,,,,,,,,,,,,,,,,,,,,,,,,,,,,,,,,,,,,,,,,,,,,,,,,,,,,,,,,,,,,,,,,,,,,,,,,,,,,,,,,,,,,,,,,,,,,,,,,,,,,,,,,,,,,,,,,,,,,,,,,,,,,,,,,,,,,,,,,,,,,,,,,,,,,,,,,,,,,,,,,,,,,,,,,,,,,,,,,,,,,,,,,,,,,,,,,,,,,,,,,,
B04_RD14-0003-44_45_46_47-1;1;4;1-M2e-0.105IP-Q1.5_002.10sec.fsa,D21S11,B,OL,181.07,1,24,181.79,3,24,182.22,2,OL,183.07,2,25,186.22,2,25.2,187.86,3,26,190.43,3,OL,192.93,3,OL,193.58,3,28,198.43,16,31,210.43,70,32,214.43,19,32.2,216.45,38,OL,221.28,3,OL,227.33,3,36,230.97,4,36.2,232.33,3,,,,,,,,,,,,,,,,,,,,,,,,,,,,,,,,,,,,,,,,,,,,,,,,,,,,,,,,,,,,,,,,,,,,,,,,,,,,,,,,,,,,,,,,,,,,,,,,,,,,,,,,,,,,,,,,,,,,,,,,,,,,,,,,,,,,,,,,,,,,,,,,,,,,,,,,,,,,,,,,,,,,,,,,,,,,,,,,,,,,,,,,,,,,,,,,,,,,,,,,,,,,,,,,,,,,,,,,,,,,,,,,,,,,,,,,,,,,,,,,,,,,,,,,,
B04_RD14-0003-44_45_46_47-1;1;4;1-M2e-0.105IP-Q1.5_002.10sec.fsa,D7S820,B,OL,247.07,4,8,261.94,12,9,265.91,35,OL,268.73,2,10,269.74,21,OL,272.21,3,11,273.8,5,OL,276.72,3,12,277.96,50,OL,288.66,4,,,,,,,,,,,,,,,,,,,,,,,,,,,,,,,,,,,,,,,,,,,,,,,,,,,,,,,,,,,,,,,,,,,,,,,,,,,,,,,,,,,,,,,,,,,,,,,,,,,,,,,,,,,,,,,,,,,,,,,,,,,,,,,,,,,,,,,,,,,,,,,,,,,,,,,,,,,,,,,,,,,,,,,,,,,,,,,,,,,,,,,,,,,,,,,,,,,,,,,,,,,,,,,,,,,,,,,,,,,,,,,,,,,,,,,,,,,,,,,,,,,,,,,,,,,,,,,,,,,,,,,,,,,,,,
B04_RD14-0003-44_45_46_47-1;1;4;1-M2e-0.105IP-Q1.5_002.10sec.fsa,CSF1PO,B,OL,300.07,3,6,302.48,2,OL,303.69,1,OL,308.82,5,OL,316.44,1,10,318.65,82,OL,320.15,3,11,322.75,69,12,326.77,66,13,331.31,4,OL,331.98,3,14,334.69,4,15,338.58,3,OL,341.38,3,OL,341.99,2,16,342.92,5,OL,344.76,9,,,,,,,,,,,,,,,,,,,,,,,,,,,,,,,,,,,,,,,,,,,,,,,,,,,,,,,,,,,,,,,,,,,,,,,,,,,,,,,,,,,,,,,,,,,,,,,,,,,,,,,,,,,,,,,,,,,,,,,,,,,,,,,,,,,,,,,,,,,,,,,,,,,,,,,,,,,,,,,,,,,,,,,,,,,,,,,,,,,,,,,,,,,,,,,,,,,,,,,,,,,,,,,,,,,,,,,,,,,,,,,,,,,,,,,,,,,,,,,,,,,,,,,,,
B04_RD14-0003-44_45_46_47-1;1;4;1-M2e-0.105IP-Q1.5_002.10sec.fsa,D3S1358,G,13,114.4,27,14,118.22,437,15,122.14,166,,,,,,,,,,,,,,,,,,,,,,,,,,,,,,,,,,,,,,,,,,,,,,,,,,,,,,,,,,,,,,,,,,,,,,,,,,,,,,,,,,,,,,,,,,,,,,,,,,,,,,,,,,,,,,,,,,,,,,,,,,,,,,,,,,,,,,,,,,,,,,,,,,,,,,,,,,,,,,,,,,,,,,,,,,,,,,,,,,,,,,,,,,,,,,,,,,,,,,,,,,,,,,,,,,,,,,,,,,,,,,,,,,,,,,,,,,,,,,,,,,,,,,,,,,,,,,,,,,,,,,,,,,,,,,,,,,,,,,,,,,,,,,,,,,,
B04_RD14-0003-44_45_46_47-1;1;4;1-M2e-0.105IP-Q1.5_002.10sec.fsa,TH01,G,OL,154.52,5,OL,159.43,8,4,160.7,5,6,168.35,106,7,172.4,321,9,180.5,167,OL,185.79,5,OL,197.29,8,,,,,,,,,,,,,,,,,,,,,,,,,,,,,,,,,,,,,,,,,,,,,,,,,,,,,,,,,,,,,,,,,,,,,,,,,,,,,,,,,,,,,,,,,,,,,,,,,,,,,,,,,,,,,,,,,,,,,,,,,,,,,,,,,,,,,,,,,,,,,,,,,,,,,,,,,,,,,,,,,,,,,,,,,,,,,,,,,,,,,,,,,,,,,,,,,,,,,,,,,,,,,,,,,,,,,,,,,,,,,,,,,,,,,,,,,,,,,,,,,,,,,,,,,,,,,,,,,,,,,,,,,,,,,,,,,,,,
B04_RD14-0003-44_45_46_47-1;1;4;1-M2e-0.105IP-Q1.5_002.10sec.fsa,D13S317,G,OL,208.96,6,OL,211.76,5,OL,213.72,6,OL,214.43,4,11,227.26,14,12,231.19,237,OL,232.55,6,13,235.34,60,OL,237.42,4,16,247.88,5,,,,,,,,,,,,,,,,,,,,,,,,,,,,,,,,,,,,,,,,,,,,,,,,,,,,,,,,,,,,,,,,,,,,,,,,,,,,,,,,,,,,,,,,,,,,,,,,,,,,,,,,,,,,,,,,,,,,,,,,,,,,,,,,,,,,,,,,,,,,,,,,,,,,,,,,,,,,,,,,,,,,,,,,,,,,,,,,,,,,,,,,,,,,,,,,,,,,,,,,,,,,,,,,,,,,,,,,,,,,,,,,,,,,,,,,,,,,,,,,,,,,,,,,,,,,,,,,,,,,,,,,,,,,,,
B04_RD14-0003-44_45_46_47-1;1;4;1-M2e-0.105IP-Q1.5_002.10sec.fsa,D16S539,G,OL,253.61,6,6,255.58,7,OL,256.7,2,OL,260.14,4,10,271.19,116,OL,274.31,5,12,279.12,49,OL,282.09,4,,,,,,,,,,,,,,,,,,,,,,,,,,,,,,,,,,,,,,,,,,,,,,,,,,,,,,,,,,,,,,,,,,,,,,,,,,,,,,,,,,,,,,,,,,,,,,,,,,,,,,,,,,,,,,,,,,,,,,,,,,,,,,,,,,,,,,,,,,,,,,,,,,,,,,,,,,,,,,,,,,,,,,,,,,,,,,,,,,,,,,,,,,,,,,,,,,,,,,,,,,,,,,,,,,,,,,,,,,,,,,,,,,,,,,,,,,,,,,,,,,,,,,,,,,,,,,,,,,,,,,,,,,,,,,,,,,,,
B04_RD14-0003-44_45_46_47-1;1;4;1-M2e-0.105IP-Q1.5_002.10sec.fsa,D2S1338,G,15,304.69,14,16,308.53,26,18,316.83,20,19,320.76,48,OL,334.24,10,24,340.77,21,25,344.91,167,OL,354.76,4,OL,366.31,3,,,,,,,,,,,,,,,,,,,,,,,,,,,,,,,,,,,,,,,,,,,,,,,,,,,,,,,,,,,,,,,,,,,,,,,,,,,,,,,,,,,,,,,,,,,,,,,,,,,,,,,,,,,,,,,,,,,,,,,,,,,,,,,,,,,,,,,,,,,,,,,,,,,,,,,,,,,,,,,,,,,,,,,,,,,,,,,,,,,,,,,,,,,,,,,,,,,,,,,,,,,,,,,,,,,,,,,,,,,,,,,,,,,,,,,,,,,,,,,,,,,,,,,,,,,,,,,,,,,,,,,,,,,,,,,,,
B04_RD14-0003-44_45_46_47-1;1;4;1-M2e-0.105IP-Q1.5_002.10sec.fsa,D19S433,Y,9,99.66,15,10,103.85,324,11,107.95,67,12,112.02,21,13,116.05,219,14,119.93,26,17,131.7,9,OL,140.99,7,,,,,,,,,,,,,,,,,,,,,,,,,,,,,,,,,,,,,,,,,,,,,,,,,,,,,,,,,,,,,,,,,,,,,,,,,,,,,,,,,,,,,,,,,,,,,,,,,,,,,,,,,,,,,,,,,,,,,,,,,,,,,,,,,,,,,,,,,,,,,,,,,,,,,,,,,,,,,,,,,,,,,,,,,,,,,,,,,,,,,,,,,,,,,,,,,,,,,,,,,,,,,,,,,,,,,,,,,,,,,,,,,,,,,,,,,,,,,,,,,,,,,,,,,,,,,,,,,,,,,,,,,,,,,,,,,,,,
B04_RD14-0003-44_45_46_47-1;1;4;1-M2e-0.105IP-Q1.5_002.10sec.fsa,vWA,Y,OL,157.08,10,OL,160.49,6,15,168.28,11,16,172.05,96,OL,177.56,6,18,180.07,32,20,188.36,85,21,192.93,7,23,200.62,5,OL,201.66,7,OL,207.5,8,,,,,,,,,,,,,,,,,,,,,,,,,,,,,,,,,,,,,,,,,,,,,,,,,,,,,,,,,,,,,,,,,,,,,,,,,,,,,,,,,,,,,,,,,,,,,,,,,,,,,,,,,,,,,,,,,,,,,,,,,,,,,,,,,,,,,,,,,,,,,,,,,,,,,,,,,,,,,,,,,,,,,,,,,,,,,,,,,,,,,,,,,,,,,,,,,,,,,,,,,,,,,,,,,,,,,,,,,,,,,,,,,,,,,,,,,,,,,,,,,,,,,,,,,,,,,,,,,,,,,,,,,,,
B04_RD14-0003-44_45_46_47-1;1;4;1-M2e-0.105IP-Q1.5_002.10sec.fsa,TPOX,Y,OL,218.04,7,OL,221.92,10,8,228.55,199,OL,234.48,8,11,240.52,65,OL,248.39,7,OL,250.78,8,OL,251.56,9,,,,,,,,,,,,,,,,,,,,,,,,,,,,,,,,,,,,,,,,,,,,,,,,,,,,,,,,,,,,,,,,,,,,,,,,,,,,,,,,,,,,,,,,,,,,,,,,,,,,,,,,,,,,,,,,,,,,,,,,,,,,,,,,,,,,,,,,,,,,,,,,,,,,,,,,,,,,,,,,,,,,,,,,,,,,,,,,,,,,,,,,,,,,,,,,,,,,,,,,,,,,,,,,,,,,,,,,,,,,,,,,,,,,,,,,,,,,,,,,,,,,,,,,,,,,,,,,,,,,,,,,,,,,,,,,,,,,
B04_RD14-0003-44_45_46_47-1;1;4;1-M2e-0.105IP-Q1.5_002.10sec.fsa,D18S51,Y,12,280.94,50,13,284.91,93,15,292.92,38,16,296.82,31,18,304.69,37,OL,307.8,8,19,309.26,7,19.2,310.51,7,OL,317.78,10,OL,320.31,5,OL,326.39,7,23.2,327.23,4,OL,331.16,9,OL,336.41,8,OL,337.24,6,,,,,,,,,,,,,,,,,,,,,,,,,,,,,,,,,,,,,,,,,,,,,,,,,,,,,,,,,,,,,,,,,,,,,,,,,,,,,,,,,,,,,,,,,,,,,,,,,,,,,,,,,,,,,,,,,,,,,,,,,,,,,,,,,,,,,,,,,,,,,,,,,,,,,,,,,,,,,,,,,,,,,,,,,,,,,,,,,,,,,,,,,,,,,,,,,,,,,,,,,,,,,,,,,,,,,,,,,,,,,,,,,,,,,,,,,,,,,,,,,,,,,,,,,,,,,,,
B04_RD14-0003-44_45_46_47-1;1;4;1-M2e-0.105IP-Q1.5_002.10sec.fsa,AMEL,R,X,104.9,396,OL,106.15,11,Y,110.78,286,,,,,,,,,,,,,,,,,,,,,,,,,,,,,,,,,,,,,,,,,,,,,,,,,,,,,,,,,,,,,,,,,,,,,,,,,,,,,,,,,,,,,,,,,,,,,,,,,,,,,,,,,,,,,,,,,,,,,,,,,,,,,,,,,,,,,,,,,,,,,,,,,,,,,,,,,,,,,,,,,,,,,,,,,,,,,,,,,,,,,,,,,,,,,,,,,,,,,,,,,,,,,,,,,,,,,,,,,,,,,,,,,,,,,,,,,,,,,,,,,,,,,,,,,,,,,,,,,,,,,,,,,,,,,,,,,,,,,,,,,,,,,,,,,,,
B04_RD14-0003-44_45_46_47-1;1;4;1-M2e-0.105IP-Q1.5_002.10sec.fsa,D5S818,R,OL,137.91,7,OL,139.79,4,10,144.87,13,11,148.77,255,12,152.88,66,13,156.87,13,14,161.67,6,15,165.08,5,OL,166.54,10,,,,,,,,,,,,,,,,,,,,,,,,,,,,,,,,,,,,,,,,,,,,,,,,,,,,,,,,,,,,,,,,,,,,,,,,,,,,,,,,,,,,,,,,,,,,,,,,,,,,,,,,,,,,,,,,,,,,,,,,,,,,,,,,,,,,,,,,,,,,,,,,,,,,,,,,,,,,,,,,,,,,,,,,,,,,,,,,,,,,,,,,,,,,,,,,,,,,,,,,,,,,,,,,,,,,,,,,,,,,,,,,,,,,,,,,,,,,,,,,,,,,,,,,,,,,,,,,,,,,,,,,,,,,,,,,,
B04_RD14-0003-44_45_46_47-1;1;4;1-M2e-0.105IP-Q1.5_002.10sec.fsa,FGA,R,OL,215.95,5,18.2,218.98,9,19.2,222.84,4,21,228.97,7,22,233.19,15,25,245.46,31,26,249.41,34,OL,252.83,6,27.2,255.51,8,OL,258.46,8,OL,268.8,8,OL,278.98,10,OL,284.4,5,OL,297.62,10,OL,304.98,5,OL,312.88,7,OL,321.15,10,49.2,344.3,8,51.2,352.99,8,OL,355.61,7,,,,,,,,,,,,,,,,,,,,,,,,,,,,,,,,,,,,,,,,,,,,,,,,,,,,,,,,,,,,,,,,,,,,,,,,,,,,,,,,,,,,,,,,,,,,,,,,,,,,,,,,,,,,,,,,,,,,,,,,,,,,,,,,,,,,,,,,,,,,,,,,,,,,,,,,,,,,,,,,,,,,,,,,,,,,,,,,,,,,,,,,,,,,,,,,,,,,,,,,,,,,,,,,,,,,,,,,,,,,,,,,,,,,,,,,,,,,,,,,
B05_RD14-0003-36_37_38_39-1;2;2;1-M3d-0.09IP-Q1.2_002.10sec.fsa,D8S1179,B,OL,118.37,2,OL,122,3,10,129.39,49,11,133.27,8,12,137.55,69,13,141.76,174,OL,143.51,3,OL,147.26,3,15,149.99,30,OL,157.62,5,OL,175.29,3,OL,176.91,4,,,,,,,,,,,,,,,,,,,,,,,,,,,,,,,,,,,,,,,,,,,,,,,,,,,,,,,,,,,,,,,,,,,,,,,,,,,,,,,,,,,,,,,,,,,,,,,,,,,,,,,,,,,,,,,,,,,,,,,,,,,,,,,,,,,,,,,,,,,,,,,,,,,,,,,,,,,,,,,,,,,,,,,,,,,,,,,,,,,,,,,,,,,,,,,,,,,,,,,,,,,,,,,,,,,,,,,,,,,,,,,,,,,,,,,,,,,,,,,,,,,,,,,,,,,,,,,,,,,,,,,,
B05_RD14-0003-36_37_38_39-1;2;2;1-M3d-0.09IP-Q1.2_002.10sec.fsa,D21S11,B,OL,183.45,8,OL,186.83,3,28,198.42,43,29,202.42,43,30,206.48,64,31.2,212.36,36,OL,226.06,5,OL,227.43,2,OL,228.19,3,OL,229.94,5,37,234.43,4,,,,,,,,,,,,,,,,,,,,,,,,,,,,,,,,,,,,,,,,,,,,,,,,,,,,,,,,,,,,,,,,,,,,,,,,,,,,,,,,,,,,,,,,,,,,,,,,,,,,,,,,,,,,,,,,,,,,,,,,,,,,,,,,,,,,,,,,,,,,,,,,,,,,,,,,,,,,,,,,,,,,,,,,,,,,,,,,,,,,,,,,,,,,,,,,,,,,,,,,,,,,,,,,,,,,,,,,,,,,,,,,,,,,,,,,,,,,,,,,,,,,,,,,,,,,,,,,,,,,,,,,,,,
B05_RD14-0003-36_37_38_39-1;2;2;1-M3d-0.09IP-Q1.2_002.10sec.fsa,D7S820,B,7,257.53,5,OL,259.18,3,OL,259.93,5,9,265.88,40,OL,293.44,2,,,,,,,,,,,,,,,,,,,,,,,,,,,,,,,,,,,,,,,,,,,,,,,,,,,,,,,,,,,,,,,,,,,,,,,,,,,,,,,,,,,,,,,,,,,,,,,,,,,,,,,,,,,,,,,,,,,,,,,,,,,,,,,,,,,,,,,,,,,,,,,,,,,,,,,,,,,,,,,,,,,,,,,,,,,,,,,,,,,,,,,,,,,,,,,,,,,,,,,,,,,,,,,,,,,,,,,,,,,,,,,,,,,,,,,,,,,,,,,,,,,,,,,,,,,,,,,,,,,,,,,,,,,,,,,,,,,,,,,,,,,,,
B05_RD14-0003-36_37_38_39-1;2;2;1-M3d-0.09IP-Q1.2_002.10sec.fsa,CSF1PO,B,5,298.38,5,OL,304.28,2,OL,305.05,3,OL,308.63,4,10,318.66,73,12,326.78,31,OL,332.07,3,,,,,,,,,,,,,,,,,,,,,,,,,,,,,,,,,,,,,,,,,,,,,,,,,,,,,,,,,,,,,,,,,,,,,,,,,,,,,,,,,,,,,,,,,,,,,,,,,,,,,,,,,,,,,,,,,,,,,,,,,,,,,,,,,,,,,,,,,,,,,,,,,,,,,,,,,,,,,,,,,,,,,,,,,,,,,,,,,,,,,,,,,,,,,,,,,,,,,,,,,,,,,,,,,,,,,,,,,,,,,,,,,,,,,,,,,,,,,,,,,,,,,,,,,,,,,,,,,,,,,,,,,,,,,,,,,,,,,,,
B05_RD14-0003-36_37_38_39-1;2;2;1-M3d-0.09IP-Q1.2_002.10sec.fsa,D3S1358,G,OL,108.02,3,14,118.16,37,15,122.14,43,16,126.3,82,17,130.23,125,OL,131.43,9,18.2,136.84,5,19,138.13,5,OL,139.14,8,,,,,,,,,,,,,,,,,,,,,,,,,,,,,,,,,,,,,,,,,,,,,,,,,,,,,,,,,,,,,,,,,,,,,,,,,,,,,,,,,,,,,,,,,,,,,,,,,,,,,,,,,,,,,,,,,,,,,,,,,,,,,,,,,,,,,,,,,,,,,,,,,,,,,,,,,,,,,,,,,,,,,,,,,,,,,,,,,,,,,,,,,,,,,,,,,,,,,,,,,,,,,,,,,,,,,,,,,,,,,,,,,,,,,,,,,,,,,,,,,,,,,,,,,,,,,,,,,,,,,,,,,,,,,,,,,
B05_RD14-0003-36_37_38_39-1;2;2;1-M3d-0.09IP-Q1.2_002.10sec.fsa,TH01,G,OL,155.69,7,OL,158.06,6,6,168.33,173,7,172.43,51,9.3,183.6,44,10.3,187.51,6,11,189.16,6,,,,,,,,,,,,,,,,,,,,,,,,,,,,,,,,,,,,,,,,,,,,,,,,,,,,,,,,,,,,,,,,,,,,,,,,,,,,,,,,,,,,,,,,,,,,,,,,,,,,,,,,,,,,,,,,,,,,,,,,,,,,,,,,,,,,,,,,,,,,,,,,,,,,,,,,,,,,,,,,,,,,,,,,,,,,,,,,,,,,,,,,,,,,,,,,,,,,,,,,,,,,,,,,,,,,,,,,,,,,,,,,,,,,,,,,,,,,,,,,,,,,,,,,,,,,,,,,,,,,,,,,,,,,,,,,,,,,,,,
B05_RD14-0003-36_37_38_39-1;2;2;1-M3d-0.09IP-Q1.2_002.10sec.fsa,D13S317,G,OL,203.68,6,10,223.26,12,11,227.28,87,12,231.23,199,OL,234.05,7,OL,244.78,6,,,,,,,,,,,,,,,,,,,,,,,,,,,,,,,,,,,,,,,,,,,,,,,,,,,,,,,,,,,,,,,,,,,,,,,,,,,,,,,,,,,,,,,,,,,,,,,,,,,,,,,,,,,,,,,,,,,,,,,,,,,,,,,,,,,,,,,,,,,,,,,,,,,,,,,,,,,,,,,,,,,,,,,,,,,,,,,,,,,,,,,,,,,,,,,,,,,,,,,,,,,,,,,,,,,,,,,,,,,,,,,,,,,,,,,,,,,,,,,,,,,,,,,,,,,,,,,,,,,,,,,,,,,,,,,,,,,,,,,,,,
B05_RD14-0003-36_37_38_39-1;2;2;1-M3d-0.09IP-Q1.2_002.10sec.fsa,D16S539,G,OL,253.84,6,11,275.14,60,13,283.24,62,OL,286.49,4,,,,,,,,,,,,,,,,,,,,,,,,,,,,,,,,,,,,,,,,,,,,,,,,,,,,,,,,,,,,,,,,,,,,,,,,,,,,,,,,,,,,,,,,,,,,,,,,,,,,,,,,,,,,,,,,,,,,,,,,,,,,,,,,,,,,,,,,,,,,,,,,,,,,,,,,,,,,,,,,,,,,,,,,,,,,,,,,,,,,,,,,,,,,,,,,,,,,,,,,,,,,,,,,,,,,,,,,,,,,,,,,,,,,,,,,,,,,,,,,,,,,,,,,,,,,,,,,,,,,,,,,,,,,,,,,,,,,,,,,,,,,,,,,
B05_RD14-0003-36_37_38_39-1;2;2;1-M3d-0.09IP-Q1.2_002.10sec.fsa,D2S1338,G,16,308.55,87,19,320.82,82,20,324.99,91,21,328.9,7,OL,350.4,5,27,353.52,7,,,,,,,,,,,,,,,,,,,,,,,,,,,,,,,,,,,,,,,,,,,,,,,,,,,,,,,,,,,,,,,,,,,,,,,,,,,,,,,,,,,,,,,,,,,,,,,,,,,,,,,,,,,,,,,,,,,,,,,,,,,,,,,,,,,,,,,,,,,,,,,,,,,,,,,,,,,,,,,,,,,,,,,,,,,,,,,,,,,,,,,,,,,,,,,,,,,,,,,,,,,,,,,,,,,,,,,,,,,,,,,,,,,,,,,,,,,,,,,,,,,,,,,,,,,,,,,,,,,,,,,,,,,,,,,,,,,,,,,,,,
B05_RD14-0003-36_37_38_39-1;2;2;1-M3d-0.09IP-Q1.2_002.10sec.fsa,D19S433,Y,9,99.16,8,10.2,105.97,35,OL,110.77,8,12,112.03,15,13,115.98,149,OL,117.41,7,14,119.93,179,14.2,122,39,18,136.34,8,OL,140.07,8,,,,,,,,,,,,,,,,,,,,,,,,,,,,,,,,,,,,,,,,,,,,,,,,,,,,,,,,,,,,,,,,,,,,,,,,,,,,,,,,,,,,,,,,,,,,,,,,,,,,,,,,,,,,,,,,,,,,,,,,,,,,,,,,,,,,,,,,,,,,,,,,,,,,,,,,,,,,,,,,,,,,,,,,,,,,,,,,,,,,,,,,,,,,,,,,,,,,,,,,,,,,,,,,,,,,,,,,,,,,,,,,,,,,,,,,,,,,,,,,,,,,,,,,,,,,,,,,,,,,,,,,,,,,,,
B05_RD14-0003-36_37_38_39-1;2;2;1-M3d-0.09IP-Q1.2_002.10sec.fsa,vWA,Y,OL,158.96,9,OL,162.41,8,OL,163.65,9,16,171.99,35,17,176.03,22,18,180.15,58,19,184.05,23,OL,206.56,6,,,,,,,,,,,,,,,,,,,,,,,,,,,,,,,,,,,,,,,,,,,,,,,,,,,,,,,,,,,,,,,,,,,,,,,,,,,,,,,,,,,,,,,,,,,,,,,,,,,,,,,,,,,,,,,,,,,,,,,,,,,,,,,,,,,,,,,,,,,,,,,,,,,,,,,,,,,,,,,,,,,,,,,,,,,,,,,,,,,,,,,,,,,,,,,,,,,,,,,,,,,,,,,,,,,,,,,,,,,,,,,,,,,,,,,,,,,,,,,,,,,,,,,,,,,,,,,,,,,,,,,,,,,,,,,,,,,,
B05_RD14-0003-36_37_38_39-1;2;2;1-M3d-0.09IP-Q1.2_002.10sec.fsa,TPOX,Y,OL,213.33,9,6,220.23,16,8,228.49,121,11,240.63,75,14,253.09,8,OL,254.75,9,,,,,,,,,,,,,,,,,,,,,,,,,,,,,,,,,,,,,,,,,,,,,,,,,,,,,,,,,,,,,,,,,,,,,,,,,,,,,,,,,,,,,,,,,,,,,,,,,,,,,,,,,,,,,,,,,,,,,,,,,,,,,,,,,,,,,,,,,,,,,,,,,,,,,,,,,,,,,,,,,,,,,,,,,,,,,,,,,,,,,,,,,,,,,,,,,,,,,,,,,,,,,,,,,,,,,,,,,,,,,,,,,,,,,,,,,,,,,,,,,,,,,,,,,,,,,,,,,,,,,,,,,,,,,,,,,,,,,,,,,,
B05_RD14-0003-36_37_38_39-1;2;2;1-M3d-0.09IP-Q1.2_002.10sec.fsa,D18S51,Y,OL,261.16,7,9.2,271.16,9,10,272.72,7,12,280.46,12,13,285.02,43,13.2,287.1,10,15,292.74,9,17,300.91,53,OL,305.98,9,20,312.96,22,21,317.41,13,OL,324.42,6,OL,329.06,8,,,,,,,,,,,,,,,,,,,,,,,,,,,,,,,,,,,,,,,,,,,,,,,,,,,,,,,,,,,,,,,,,,,,,,,,,,,,,,,,,,,,,,,,,,,,,,,,,,,,,,,,,,,,,,,,,,,,,,,,,,,,,,,,,,,,,,,,,,,,,,,,,,,,,,,,,,,,,,,,,,,,,,,,,,,,,,,,,,,,,,,,,,,,,,,,,,,,,,,,,,,,,,,,,,,,,,,,,,,,,,,,,,,,,,,,,,,,,,,,,,,,,,,,,,,,,,,,,,,,,
B05_RD14-0003-36_37_38_39-1;2;2;1-M3d-0.09IP-Q1.2_002.10sec.fsa,AMEL,R,X,104.83,110,Y,110.7,158,,,,,,,,,,,,,,,,,,,,,,,,,,,,,,,,,,,,,,,,,,,,,,,,,,,,,,,,,,,,,,,,,,,,,,,,,,,,,,,,,,,,,,,,,,,,,,,,,,,,,,,,,,,,,,,,,,,,,,,,,,,,,,,,,,,,,,,,,,,,,,,,,,,,,,,,,,,,,,,,,,,,,,,,,,,,,,,,,,,,,,,,,,,,,,,,,,,,,,,,,,,,,,,,,,,,,,,,,,,,,,,,,,,,,,,,,,,,,,,,,,,,,,,,,,,,,,,,,,,,,,,,,,,,,,,,,,,,,,,,,,,,,,,,,,,,,,
B05_RD14-0003-36_37_38_39-1;2;2;1-M3d-0.09IP-Q1.2_002.10sec.fsa,D5S818,R,7,132.35,8,OL,138.85,10,10,144.61,30,11,148.88,108,12,152.87,162,13,156.95,35,OL,163.43,9,OL,170.23,9,OL,176.18,9,,,,,,,,,,,,,,,,,,,,,,,,,,,,,,,,,,,,,,,,,,,,,,,,,,,,,,,,,,,,,,,,,,,,,,,,,,,,,,,,,,,,,,,,,,,,,,,,,,,,,,,,,,,,,,,,,,,,,,,,,,,,,,,,,,,,,,,,,,,,,,,,,,,,,,,,,,,,,,,,,,,,,,,,,,,,,,,,,,,,,,,,,,,,,,,,,,,,,,,,,,,,,,,,,,,,,,,,,,,,,,,,,,,,,,,,,,,,,,,,,,,,,,,,,,,,,,,,,,,,,,,,,,,,,,,,,
B05_RD14-0003-36_37_38_39-1;2;2;1-M3d-0.09IP-Q1.2_002.10sec.fsa,FGA,R,OL,211.91,11,17,212.8,7,OL,215.53,8,19.2,223.33,8,OL,226.14,9,21,228.95,14,22,233.06,96,22.2,235.12,52,OL,238.47,6,OL,242.74,10,OL,243.92,5,27,253.17,8,OL,264.87,10,OL,272.95,10,34.2,283.24,9,OL,293.74,7,OL,299.85,5,42.2,316.24,6,OL,331.58,5,OL,334.26,6,OL,338.39,9,OL,341.23,8,OL,347.86,7,,,,,,,,,,,,,,,,,,,,,,,,,,,,,,,,,,,,,,,,,,,,,,,,,,,,,,,,,,,,,,,,,,,,,,,,,,,,,,,,,,,,,,,,,,,,,,,,,,,,,,,,,,,,,,,,,,,,,,,,,,,,,,,,,,,,,,,,,,,,,,,,,,,,,,,,,,,,,,,,,,,,,,,,,,,,,,,,,,,,,,,,,,,,,,,,,,,,,,,,,,,,,,,,,,,,,,,,,,,,,,,,,,,,,,,
C01_RD14-0003-40_41_42_43-1;1;1;1-M3a-0.252IP-Q0.9_003.10sec.fsa,D8S1179,B,7,117.4,3,10,129.36,22,11,133.48,332,12,137.49,250,13,141.78,377,OL,144.64,3,14,145.96,298,15,150.08,37,16,153.82,3,OL,156.71,1,17,158.2,4,OL,160.23,3,OL,163.69,2,OL,171.68,2,,,,,,,,,,,,,,,,,,,,,,,,,,,,,,,,,,,,,,,,,,,,,,,,,,,,,,,,,,,,,,,,,,,,,,,,,,,,,,,,,,,,,,,,,,,,,,,,,,,,,,,,,,,,,,,,,,,,,,,,,,,,,,,,,,,,,,,,,,,,,,,,,,,,,,,,,,,,,,,,,,,,,,,,,,,,,,,,,,,,,,,,,,,,,,,,,,,,,,,,,,,,,,,,,,,,,,,,,,,,,,,,,,,,,,,,,,,,,,,,,,,,,,,,,,,,,,,,,,
C01_RD14-0003-40_41_42_43-1;1;1;1-M3a-0.252IP-Q0.9_003.10sec.fsa,D21S11,B,OL,181.49,4,OL,183.53,4,26,190.36,6,27,194.51,147,28,198.59,274,29,202.52,140,30,206.5,165,30.2,208.43,18,31,210.51,287,31.2,212.53,284,32,214.32,3,OL,220,3,34,222.89,13,35,226.88,127,36,231.1,25,38,239.06,2,OL,240.08,2,,,,,,,,,,,,,,,,,,,,,,,,,,,,,,,,,,,,,,,,,,,,,,,,,,,,,,,,,,,,,,,,,,,,,,,,,,,,,,,,,,,,,,,,,,,,,,,,,,,,,,,,,,,,,,,,,,,,,,,,,,,,,,,,,,,,,,,,,,,,,,,,,,,,,,,,,,,,,,,,,,,,,,,,,,,,,,,,,,,,,,,,,,,,,,,,,,,,,,,,,,,,,,,,,,,,,,,,,,,,,,,,,,,,,,,,,,,,,,,,,,,,,,,,,
C01_RD14-0003-40_41_42_43-1;1;1;1-M3a-0.252IP-Q0.9_003.10sec.fsa,D7S820,B,5,249.6,2,OL,252.8,4,7,257.99,8,8,261.96,215,9,266.05,197,10,269.98,25,11,274,647,12,278.03,4,OL,280.47,3,13,282.43,2,,,,,,,,,,,,,,,,,,,,,,,,,,,,,,,,,,,,,,,,,,,,,,,,,,,,,,,,,,,,,,,,,,,,,,,,,,,,,,,,,,,,,,,,,,,,,,,,,,,,,,,,,,,,,,,,,,,,,,,,,,,,,,,,,,,,,,,,,,,,,,,,,,,,,,,,,,,,,,,,,,,,,,,,,,,,,,,,,,,,,,,,,,,,,,,,,,,,,,,,,,,,,,,,,,,,,,,,,,,,,,,,,,,,,,,,,,,,,,,,,,,,,,,,,,,,,,,,,,,,,,,,,,,,,,
C01_RD14-0003-40_41_42_43-1;1;1;1-M3a-0.252IP-Q0.9_003.10sec.fsa,CSF1PO,B,7,306.51,1,8,310.5,53,9,314.5,13,10,318.81,245,11,322.94,55,12,326.93,936,13,330.89,18,OL,333.14,12,OL,337.3,3,15,338.73,2,16,342.76,2,,,,,,,,,,,,,,,,,,,,,,,,,,,,,,,,,,,,,,,,,,,,,,,,,,,,,,,,,,,,,,,,,,,,,,,,,,,,,,,,,,,,,,,,,,,,,,,,,,,,,,,,,,,,,,,,,,,,,,,,,,,,,,,,,,,,,,,,,,,,,,,,,,,,,,,,,,,,,,,,,,,,,,,,,,,,,,,,,,,,,,,,,,,,,,,,,,,,,,,,,,,,,,,,,,,,,,,,,,,,,,,,,,,,,,,,,,,,,,,,,,,,,,,,,,,,,,,,,,,,,,,,,,,
C01_RD14-0003-40_41_42_43-1;1;1;1-M3a-0.252IP-Q0.9_003.10sec.fsa,D3S1358,G,OL,112.51,2,13,114.07,12,14,118.05,82,15,122.05,1016,16,126.1,491,17,130.18,435,18,134.08,4,18.2,136.73,3,OL,140.62,2,,,,,,,,,,,,,,,,,,,,,,,,,,,,,,,,,,,,,,,,,,,,,,,,,,,,,,,,,,,,,,,,,,,,,,,,,,,,,,,,,,,,,,,,,,,,,,,,,,,,,,,,,,,,,,,,,,,,,,,,,,,,,,,,,,,,,,,,,,,,,,,,,,,,,,,,,,,,,,,,,,,,,,,,,,,,,,,,,,,,,,,,,,,,,,,,,,,,,,,,,,,,,,,,,,,,,,,,,,,,,,,,,,,,,,,,,,,,,,,,,,,,,,,,,,,,,,,,,,,,,,,,,,,,,,,,,
C01_RD14-0003-40_41_42_43-1;1;1;1-M3a-0.252IP-Q0.9_003.10sec.fsa,TH01,G,6,168.38,9,7,172.53,321,8,176.53,339,9,180.63,417,OL,182.51,5,9.3,183.77,640,10,185.1,3,OL,191.93,2,13.3,199.76,4,,,,,,,,,,,,,,,,,,,,,,,,,,,,,,,,,,,,,,,,,,,,,,,,,,,,,,,,,,,,,,,,,,,,,,,,,,,,,,,,,,,,,,,,,,,,,,,,,,,,,,,,,,,,,,,,,,,,,,,,,,,,,,,,,,,,,,,,,,,,,,,,,,,,,,,,,,,,,,,,,,,,,,,,,,,,,,,,,,,,,,,,,,,,,,,,,,,,,,,,,,,,,,,,,,,,,,,,,,,,,,,,,,,,,,,,,,,,,,,,,,,,,,,,,,,,,,,,,,,,,,,,,,,,,,,,,
C01_RD14-0003-40_41_42_43-1;1;1;1-M3a-0.252IP-Q0.9_003.10sec.fsa,D13S317,G,OL,203.67,4,OL,205.81,2,OL,215.76,4,10,223.28,13,11,227.27,371,12,231.26,1513,13,235.32,274,OL,244.41,2,,,,,,,,,,,,,,,,,,,,,,,,,,,,,,,,,,,,,,,,,,,,,,,,,,,,,,,,,,,,,,,,,,,,,,,,,,,,,,,,,,,,,,,,,,,,,,,,,,,,,,,,,,,,,,,,,,,,,,,,,,,,,,,,,,,,,,,,,,,,,,,,,,,,,,,,,,,,,,,,,,,,,,,,,,,,,,,,,,,,,,,,,,,,,,,,,,,,,,,,,,,,,,,,,,,,,,,,,,,,,,,,,,,,,,,,,,,,,,,,,,,,,,,,,,,,,,,,,,,,,,,,,,,,,,,,,,,,
C01_RD14-0003-40_41_42_43-1;1;1;1-M3a-0.252IP-Q0.9_003.10sec.fsa,D16S539,G,OL,254.43,1,OL,256.91,2,OL,258.61,2,8,263.14,10,9,267.31,397,10,271.24,220,11,275.26,284,12,279.29,224,13,283.21,246,14,287.44,3,OL,289.47,2,15,291.19,4,,,,,,,,,,,,,,,,,,,,,,,,,,,,,,,,,,,,,,,,,,,,,,,,,,,,,,,,,,,,,,,,,,,,,,,,,,,,,,,,,,,,,,,,,,,,,,,,,,,,,,,,,,,,,,,,,,,,,,,,,,,,,,,,,,,,,,,,,,,,,,,,,,,,,,,,,,,,,,,,,,,,,,,,,,,,,,,,,,,,,,,,,,,,,,,,,,,,,,,,,,,,,,,,,,,,,,,,,,,,,,,,,,,,,,,,,,,,,,,,,,,,,,,,,,,,,,,,,,,,,,,,
C01_RD14-0003-40_41_42_43-1;1;1;1-M3a-0.252IP-Q0.9_003.10sec.fsa,D2S1338,G,14,300.83,5,OL,301.67,4,15,304.96,4,OL,307.76,2,16,308.23,1,18,316.69,19,19,320.98,296,OL,323.51,3,20,325.06,148,21,329.11,61,22,333.14,764,23,337.14,121,24,340.97,8,25,345.2,80,OL,355.61,3,OL,360.08,3,OL,362.42,1,,,,,,,,,,,,,,,,,,,,,,,,,,,,,,,,,,,,,,,,,,,,,,,,,,,,,,,,,,,,,,,,,,,,,,,,,,,,,,,,,,,,,,,,,,,,,,,,,,,,,,,,,,,,,,,,,,,,,,,,,,,,,,,,,,,,,,,,,,,,,,,,,,,,,,,,,,,,,,,,,,,,,,,,,,,,,,,,,,,,,,,,,,,,,,,,,,,,,,,,,,,,,,,,,,,,,,,,,,,,,,,,,,,,,,,,,,,,,,,,,,,,,,,,,
C01_RD14-0003-40_41_42_43-1;1;1;1-M3a-0.252IP-Q0.9_003.10sec.fsa,D19S433,Y,10,103.87,10,11,108.09,144,12,112.13,23,12.2,114.07,17,13,116.17,364,13.2,118.12,140,14,120.07,384,14.2,122.05,235,15.2,126.02,27,16,127.95,3,16.2,130.04,164,17.2,133.48,4,,,,,,,,,,,,,,,,,,,,,,,,,,,,,,,,,,,,,,,,,,,,,,,,,,,,,,,,,,,,,,,,,,,,,,,,,,,,,,,,,,,,,,,,,,,,,,,,,,,,,,,,,,,,,,,,,,,,,,,,,,,,,,,,,,,,,,,,,,,,,,,,,,,,,,,,,,,,,,,,,,,,,,,,,,,,,,,,,,,,,,,,,,,,,,,,,,,,,,,,,,,,,,,,,,,,,,,,,,,,,,,,,,,,,,,,,,,,,,,,,,,,,,,,,,,,,,,,,,,,,,,,
C01_RD14-0003-40_41_42_43-1;1;1;1-M3a-0.252IP-Q0.9_003.10sec.fsa,vWA,Y,OL,148.68,12,OL,150.7,7,OL,156.87,9,13,159.92,182,15,167.99,127,16,172.14,294,17,176.15,369,18,180.16,238,OL,183.06,7,19,184.24,153,OL,186.83,5,20,188.32,18,OL,201.6,5,,,,,,,,,,,,,,,,,,,,,,,,,,,,,,,,,,,,,,,,,,,,,,,,,,,,,,,,,,,,,,,,,,,,,,,,,,,,,,,,,,,,,,,,,,,,,,,,,,,,,,,,,,,,,,,,,,,,,,,,,,,,,,,,,,,,,,,,,,,,,,,,,,,,,,,,,,,,,,,,,,,,,,,,,,,,,,,,,,,,,,,,,,,,,,,,,,,,,,,,,,,,,,,,,,,,,,,,,,,,,,,,,,,,,,,,,,,,,,,,,,,,,,,,,,,,,,,,,,,,,
C01_RD14-0003-40_41_42_43-1;1;1;1-M3a-0.252IP-Q0.9_003.10sec.fsa,TPOX,Y,OL,215.12,9,7,224.77,12,8,228.68,572,9,232.58,11,10,236.72,340,11,240.64,193,12,244.81,122,OL,249.6,6,OL,250.08,7,OL,252.41,4,,,,,,,,,,,,,,,,,,,,,,,,,,,,,,,,,,,,,,,,,,,,,,,,,,,,,,,,,,,,,,,,,,,,,,,,,,,,,,,,,,,,,,,,,,,,,,,,,,,,,,,,,,,,,,,,,,,,,,,,,,,,,,,,,,,,,,,,,,,,,,,,,,,,,,,,,,,,,,,,,,,,,,,,,,,,,,,,,,,,,,,,,,,,,,,,,,,,,,,,,,,,,,,,,,,,,,,,,,,,,,,,,,,,,,,,,,,,,,,,,,,,,,,,,,,,,,,,,,,,,,,,,,,,,,
C01_RD14-0003-40_41_42_43-1;1;1;1-M3a-0.252IP-Q0.9_003.10sec.fsa,D18S51,Y,7,260.24,11,8,264.24,5,11,276.92,12,12,280.94,111,13,285.01,58,15,292.98,98,16,296.96,27,17,300.99,331,18,304.96,236,19,308.93,268,OL,322.13,7,23,325.63,7,OL,346.66,6,,,,,,,,,,,,,,,,,,,,,,,,,,,,,,,,,,,,,,,,,,,,,,,,,,,,,,,,,,,,,,,,,,,,,,,,,,,,,,,,,,,,,,,,,,,,,,,,,,,,,,,,,,,,,,,,,,,,,,,,,,,,,,,,,,,,,,,,,,,,,,,,,,,,,,,,,,,,,,,,,,,,,,,,,,,,,,,,,,,,,,,,,,,,,,,,,,,,,,,,,,,,,,,,,,,,,,,,,,,,,,,,,,,,,,,,,,,,,,,,,,,,,,,,,,,,,,,,,,,,,
C01_RD14-0003-40_41_42_43-1;1;1;1-M3a-0.252IP-Q0.9_003.10sec.fsa,AMEL,R,X,104.85,1058,Y,110.71,572,,,,,,,,,,,,,,,,,,,,,,,,,,,,,,,,,,,,,,,,,,,,,,,,,,,,,,,,,,,,,,,,,,,,,,,,,,,,,,,,,,,,,,,,,,,,,,,,,,,,,,,,,,,,,,,,,,,,,,,,,,,,,,,,,,,,,,,,,,,,,,,,,,,,,,,,,,,,,,,,,,,,,,,,,,,,,,,,,,,,,,,,,,,,,,,,,,,,,,,,,,,,,,,,,,,,,,,,,,,,,,,,,,,,,,,,,,,,,,,,,,,,,,,,,,,,,,,,,,,,,,,,,,,,,,,,,,,,,,,,,,,,,,,,,,,,,,
C01_RD14-0003-40_41_42_43-1;1;1;1-M3a-0.252IP-Q0.9_003.10sec.fsa,D5S818,R,10,144.57,34,11,148.83,646,12,152.96,518,13,157.02,362,14,160.92,11,OL,163.69,6,OL,175.38,11,OL,178.15,9,,,,,,,,,,,,,,,,,,,,,,,,,,,,,,,,,,,,,,,,,,,,,,,,,,,,,,,,,,,,,,,,,,,,,,,,,,,,,,,,,,,,,,,,,,,,,,,,,,,,,,,,,,,,,,,,,,,,,,,,,,,,,,,,,,,,,,,,,,,,,,,,,,,,,,,,,,,,,,,,,,,,,,,,,,,,,,,,,,,,,,,,,,,,,,,,,,,,,,,,,,,,,,,,,,,,,,,,,,,,,,,,,,,,,,,,,,,,,,,,,,,,,,,,,,,,,,,,,,,,,,,,,,,,,,,,,,,,
C01_RD14-0003-40_41_42_43-1;1;1;1-M3a-0.252IP-Q0.9_003.10sec.fsa,FGA,R,OL,206.97,10,OL,211.44,11,19,221.02,18,20,224.93,246,OL,227.51,6,21,228.99,281,22,233.05,125,OL,237.74,9,23.2,239.3,11,OL,240.32,4,26,249.36,74,27,253.42,128,28,257.45,277,29,261.57,8,OL,262.67,6,29.2,263.46,7,OL,289.63,7,OL,291.89,9,OL,305.43,6,OL,308.3,5,OL,326.28,9,OL,335.22,8,47.2,335.94,4,OL,343.41,7,OL,345.28,9,OL,355.77,6,,,,,,,,,,,,,,,,,,,,,,,,,,,,,,,,,,,,,,,,,,,,,,,,,,,,,,,,,,,,,,,,,,,,,,,,,,,,,,,,,,,,,,,,,,,,,,,,,,,,,,,,,,,,,,,,,,,,,,,,,,,,,,,,,,,,,,,,,,,,,,,,,,,,,,,,,,,,,,,,,,,,,,,,,,,,,,,,,,,,,,,,,,,,,,,,,,,,,,,,,,,,,,,,,,,,,,,,,,,,,,
C02_RD14-0003-40_41_42_43-1;1;1;1-M2e-0.252IP-Q3.2_003.10sec.fsa,D8S1179,B,OL,118.61,2,9,125.14,3,OL,125.92,4,OL,130.13,4,11,133.45,71,12,137.51,82,13,141.64,118,14,145.92,134,15,150.06,15,OL,155.66,3,OL,157.49,2,OL,160.22,3,OL,174.21,4,,,,,,,,,,,,,,,,,,,,,,,,,,,,,,,,,,,,,,,,,,,,,,,,,,,,,,,,,,,,,,,,,,,,,,,,,,,,,,,,,,,,,,,,,,,,,,,,,,,,,,,,,,,,,,,,,,,,,,,,,,,,,,,,,,,,,,,,,,,,,,,,,,,,,,,,,,,,,,,,,,,,,,,,,,,,,,,,,,,,,,,,,,,,,,,,,,,,,,,,,,,,,,,,,,,,,,,,,,,,,,,,,,,,,,,,,,,,,,,,,,,,,,,,,,,,,,,,,,,,,
C02_RD14-0003-40_41_42_43-1;1;1;1-M2e-0.252IP-Q3.2_003.10sec.fsa,D21S11,B,OL,183,2,25,186.46,2,27,194.46,31,29,202.53,17,29.2,204.78,1,30,206.43,28,30.2,208.24,3,31,210.28,14,31.2,212.4,26,OL,215.42,2,35,226.73,15,OL,231.53,4,39,242.65,2,,,,,,,,,,,,,,,,,,,,,,,,,,,,,,,,,,,,,,,,,,,,,,,,,,,,,,,,,,,,,,,,,,,,,,,,,,,,,,,,,,,,,,,,,,,,,,,,,,,,,,,,,,,,,,,,,,,,,,,,,,,,,,,,,,,,,,,,,,,,,,,,,,,,,,,,,,,,,,,,,,,,,,,,,,,,,,,,,,,,,,,,,,,,,,,,,,,,,,,,,,,,,,,,,,,,,,,,,,,,,,,,,,,,,,,,,,,,,,,,,,,,,,,,,,,,,,,,,,,,,
C02_RD14-0003-40_41_42_43-1;1;1;1-M2e-0.252IP-Q3.2_003.10sec.fsa,D7S820,B,OL,247.37,3,OL,248.17,3,OL,259.23,2,9,266,15,11,273.93,81,15,289.61,3,,,,,,,,,,,,,,,,,,,,,,,,,,,,,,,,,,,,,,,,,,,,,,,,,,,,,,,,,,,,,,,,,,,,,,,,,,,,,,,,,,,,,,,,,,,,,,,,,,,,,,,,,,,,,,,,,,,,,,,,,,,,,,,,,,,,,,,,,,,,,,,,,,,,,,,,,,,,,,,,,,,,,,,,,,,,,,,,,,,,,,,,,,,,,,,,,,,,,,,,,,,,,,,,,,,,,,,,,,,,,,,,,,,,,,,,,,,,,,,,,,,,,,,,,,,,,,,,,,,,,,,,,,,,,,,,,,,,,,,,,,
C02_RD14-0003-40_41_42_43-1;1;1;1-M2e-0.252IP-Q3.2_003.10sec.fsa,CSF1PO,B,OL,300.31,4,6,302.55,1,8,310.36,15,10,318.62,31,12,326.8,13,OL,328.04,2,,,,,,,,,,,,,,,,,,,,,,,,,,,,,,,,,,,,,,,,,,,,,,,,,,,,,,,,,,,,,,,,,,,,,,,,,,,,,,,,,,,,,,,,,,,,,,,,,,,,,,,,,,,,,,,,,,,,,,,,,,,,,,,,,,,,,,,,,,,,,,,,,,,,,,,,,,,,,,,,,,,,,,,,,,,,,,,,,,,,,,,,,,,,,,,,,,,,,,,,,,,,,,,,,,,,,,,,,,,,,,,,,,,,,,,,,,,,,,,,,,,,,,,,,,,,,,,,,,,,,,,,,,,,,,,,,,,,,,,,,,
C02_RD14-0003-40_41_42_43-1;1;1;1-M2e-0.252IP-Q3.2_003.10sec.fsa,D3S1358,G,OL,101.02,3,OL,104.35,3,OL,107.75,3,OL,109.55,4,OL,115.68,6,14,118.12,13,15,122.25,288,16,126.07,159,17,130.28,45,18,134.24,10,,,,,,,,,,,,,,,,,,,,,,,,,,,,,,,,,,,,,,,,,,,,,,,,,,,,,,,,,,,,,,,,,,,,,,,,,,,,,,,,,,,,,,,,,,,,,,,,,,,,,,,,,,,,,,,,,,,,,,,,,,,,,,,,,,,,,,,,,,,,,,,,,,,,,,,,,,,,,,,,,,,,,,,,,,,,,,,,,,,,,,,,,,,,,,,,,,,,,,,,,,,,,,,,,,,,,,,,,,,,,,,,,,,,,,,,,,,,,,,,,,,,,,,,,,,,,,,,,,,,,,,,,,,,,,
C02_RD14-0003-40_41_42_43-1;1;1;1-M2e-0.252IP-Q3.2_003.10sec.fsa,TH01,G,OL,170.24,4,7,172.49,115,8,176.39,13,9,180.54,46,9.3,183.69,152,OL,200.82,2,,,,,,,,,,,,,,,,,,,,,,,,,,,,,,,,,,,,,,,,,,,,,,,,,,,,,,,,,,,,,,,,,,,,,,,,,,,,,,,,,,,,,,,,,,,,,,,,,,,,,,,,,,,,,,,,,,,,,,,,,,,,,,,,,,,,,,,,,,,,,,,,,,,,,,,,,,,,,,,,,,,,,,,,,,,,,,,,,,,,,,,,,,,,,,,,,,,,,,,,,,,,,,,,,,,,,,,,,,,,,,,,,,,,,,,,,,,,,,,,,,,,,,,,,,,,,,,,,,,,,,,,,,,,,,,,,,,,,,,,,,
C02_RD14-0003-40_41_42_43-1;1;1;1-M2e-0.252IP-Q3.2_003.10sec.fsa,D13S317,G,OL,204.63,3,OL,205.3,2,OL,212.02,3,8,215.1,2,9,219.6,3,11,227.19,30,OL,228.43,4,12,231.22,102,13,235.26,90,OL,238.68,2,14,239.53,4,,,,,,,,,,,,,,,,,,,,,,,,,,,,,,,,,,,,,,,,,,,,,,,,,,,,,,,,,,,,,,,,,,,,,,,,,,,,,,,,,,,,,,,,,,,,,,,,,,,,,,,,,,,,,,,,,,,,,,,,,,,,,,,,,,,,,,,,,,,,,,,,,,,,,,,,,,,,,,,,,,,,,,,,,,,,,,,,,,,,,,,,,,,,,,,,,,,,,,,,,,,,,,,,,,,,,,,,,,,,,,,,,,,,,,,,,,,,,,,,,,,,,,,,,,,,,,,,,,,,,,,,,,,
C02_RD14-0003-40_41_42_43-1;1;1;1-M2e-0.252IP-Q3.2_003.10sec.fsa,D16S539,G,OL,258.93,4,9,267.26,71,10,271.15,110,11,275.21,43,12,279.04,3,OL,279.76,4,OL,282.68,5,15,291.42,4,OL,292.44,3,,,,,,,,,,,,,,,,,,,,,,,,,,,,,,,,,,,,,,,,,,,,,,,,,,,,,,,,,,,,,,,,,,,,,,,,,,,,,,,,,,,,,,,,,,,,,,,,,,,,,,,,,,,,,,,,,,,,,,,,,,,,,,,,,,,,,,,,,,,,,,,,,,,,,,,,,,,,,,,,,,,,,,,,,,,,,,,,,,,,,,,,,,,,,,,,,,,,,,,,,,,,,,,,,,,,,,,,,,,,,,,,,,,,,,,,,,,,,,,,,,,,,,,,,,,,,,,,,,,,,,,,,,,,,,,,,
C02_RD14-0003-40_41_42_43-1;1;1;1-M2e-0.252IP-Q3.2_003.10sec.fsa,D2S1338,G,18,316.48,4,OL,318.11,3,19,320.92,44,OL,326.47,4,22,332.97,86,23,337.07,43,OL,356.73,2,,,,,,,,,,,,,,,,,,,,,,,,,,,,,,,,,,,,,,,,,,,,,,,,,,,,,,,,,,,,,,,,,,,,,,,,,,,,,,,,,,,,,,,,,,,,,,,,,,,,,,,,,,,,,,,,,,,,,,,,,,,,,,,,,,,,,,,,,,,,,,,,,,,,,,,,,,,,,,,,,,,,,,,,,,,,,,,,,,,,,,,,,,,,,,,,,,,,,,,,,,,,,,,,,,,,,,,,,,,,,,,,,,,,,,,,,,,,,,,,,,,,,,,,,,,,,,,,,,,,,,,,,,,,,,,,,,,,,,,
C02_RD14-0003-40_41_42_43-1;1;1;1-M2e-0.252IP-Q3.2_003.10sec.fsa,D19S433,Y,OL,96.86,10,11,107.82,17,11.2,110.48,5,12,112.06,11,13,116.03,199,13.2,118.05,90,14,120,189,14.2,122.04,23,16.2,129.92,178,,,,,,,,,,,,,,,,,,,,,,,,,,,,,,,,,,,,,,,,,,,,,,,,,,,,,,,,,,,,,,,,,,,,,,,,,,,,,,,,,,,,,,,,,,,,,,,,,,,,,,,,,,,,,,,,,,,,,,,,,,,,,,,,,,,,,,,,,,,,,,,,,,,,,,,,,,,,,,,,,,,,,,,,,,,,,,,,,,,,,,,,,,,,,,,,,,,,,,,,,,,,,,,,,,,,,,,,,,,,,,,,,,,,,,,,,,,,,,,,,,,,,,,,,,,,,,,,,,,,,,,,,,,,,,,,,
C02_RD14-0003-40_41_42_43-1;1;1;1-M2e-0.252IP-Q3.2_003.10sec.fsa,vWA,Y,OL,153.84,5,13,160,18,OL,165.67,4,15,167.99,49,17,176.16,34,18,180.15,89,OL,183,8,19,184.31,19,OL,186.61,3,20,188.08,4,23,200.15,6,,,,,,,,,,,,,,,,,,,,,,,,,,,,,,,,,,,,,,,,,,,,,,,,,,,,,,,,,,,,,,,,,,,,,,,,,,,,,,,,,,,,,,,,,,,,,,,,,,,,,,,,,,,,,,,,,,,,,,,,,,,,,,,,,,,,,,,,,,,,,,,,,,,,,,,,,,,,,,,,,,,,,,,,,,,,,,,,,,,,,,,,,,,,,,,,,,,,,,,,,,,,,,,,,,,,,,,,,,,,,,,,,,,,,,,,,,,,,,,,,,,,,,,,,,,,,,,,,,,,,,,,,,,
C02_RD14-0003-40_41_42_43-1;1;1;1-M2e-0.252IP-Q3.2_003.10sec.fsa,TPOX,Y,OL,215.65,6,8,228.59,95,10,236.66,31,11,240.56,31,12,244.81,64,OL,256.16,4,,,,,,,,,,,,,,,,,,,,,,,,,,,,,,,,,,,,,,,,,,,,,,,,,,,,,,,,,,,,,,,,,,,,,,,,,,,,,,,,,,,,,,,,,,,,,,,,,,,,,,,,,,,,,,,,,,,,,,,,,,,,,,,,,,,,,,,,,,,,,,,,,,,,,,,,,,,,,,,,,,,,,,,,,,,,,,,,,,,,,,,,,,,,,,,,,,,,,,,,,,,,,,,,,,,,,,,,,,,,,,,,,,,,,,,,,,,,,,,,,,,,,,,,,,,,,,,,,,,,,,,,,,,,,,,,,,,,,,,,,,
C02_RD14-0003-40_41_42_43-1;1;1;1-M2e-0.252IP-Q3.2_003.10sec.fsa,D18S51,Y,7,260.24,10,OL,263.47,7,8,264.49,7,OL,266.39,6,12,280.87,36,13,285.2,20,15,292.92,16,15.2,295.36,6,16,297.09,5,18,304.89,35,19,308.84,12,20.2,314.68,8,OL,326.22,4,OL,335.35,6,OL,336.41,4,OL,345.84,7,,,,,,,,,,,,,,,,,,,,,,,,,,,,,,,,,,,,,,,,,,,,,,,,,,,,,,,,,,,,,,,,,,,,,,,,,,,,,,,,,,,,,,,,,,,,,,,,,,,,,,,,,,,,,,,,,,,,,,,,,,,,,,,,,,,,,,,,,,,,,,,,,,,,,,,,,,,,,,,,,,,,,,,,,,,,,,,,,,,,,,,,,,,,,,,,,,,,,,,,,,,,,,,,,,,,,,,,,,,,,,,,,,,,,,,,,,,,,,,,,,,,,,,,,,,,
C02_RD14-0003-40_41_42_43-1;1;1;1-M2e-0.252IP-Q3.2_003.10sec.fsa,AMEL,R,X,104.86,441,OL,107.24,3,Y,110.77,185,,,,,,,,,,,,,,,,,,,,,,,,,,,,,,,,,,,,,,,,,,,,,,,,,,,,,,,,,,,,,,,,,,,,,,,,,,,,,,,,,,,,,,,,,,,,,,,,,,,,,,,,,,,,,,,,,,,,,,,,,,,,,,,,,,,,,,,,,,,,,,,,,,,,,,,,,,,,,,,,,,,,,,,,,,,,,,,,,,,,,,,,,,,,,,,,,,,,,,,,,,,,,,,,,,,,,,,,,,,,,,,,,,,,,,,,,,,,,,,,,,,,,,,,,,,,,,,,,,,,,,,,,,,,,,,,,,,,,,,,,,,,,,,,,,,
C02_RD14-0003-40_41_42_43-1;1;1;1-M2e-0.252IP-Q3.2_003.10sec.fsa,D5S818,R,OL,130.21,10,11,148.78,389,12,152.86,99,13,156.95,21,OL,166.35,6,,,,,,,,,,,,,,,,,,,,,,,,,,,,,,,,,,,,,,,,,,,,,,,,,,,,,,,,,,,,,,,,,,,,,,,,,,,,,,,,,,,,,,,,,,,,,,,,,,,,,,,,,,,,,,,,,,,,,,,,,,,,,,,,,,,,,,,,,,,,,,,,,,,,,,,,,,,,,,,,,,,,,,,,,,,,,,,,,,,,,,,,,,,,,,,,,,,,,,,,,,,,,,,,,,,,,,,,,,,,,,,,,,,,,,,,,,,,,,,,,,,,,,,,,,,,,,,,,,,,,,,,,,,,,,,,,,,,,,,,,,,,,
C02_RD14-0003-40_41_42_43-1;1;1;1-M2e-0.252IP-Q3.2_003.10sec.fsa,FGA,R,OL,207.33,7,OL,217.78,6,19.2,223.25,4,20,224.95,24,21,229.05,122,22,233.08,79,OL,242.33,4,24.2,243.29,6,26,249.52,45,27,253.47,47,OL,256.4,7,28,257.62,26,OL,258.93,6,OL,262.92,5,OL,272.66,6,OL,293.23,7,OL,297.56,7,OL,299.53,8,OL,304.5,4,OL,312.46,9,OL,314.26,4,OL,333.63,6,OL,338.37,8,OL,339.67,11,OL,353.37,6,,,,,,,,,,,,,,,,,,,,,,,,,,,,,,,,,,,,,,,,,,,,,,,,,,,,,,,,,,,,,,,,,,,,,,,,,,,,,,,,,,,,,,,,,,,,,,,,,,,,,,,,,,,,,,,,,,,,,,,,,,,,,,,,,,,,,,,,,,,,,,,,,,,,,,,,,,,,,,,,,,,,,,,,,,,,,,,,,,,,,,,,,,,,,,,,,,,,,,,,,,,,,,,,,,,,,,,,,,,,,,,,,
C03_RD14-0003-44_45_46_47-1;1;4;1-M2d-0.75IP-Q0.8_003.10sec.fsa,D8S1179,B,OL,118.4,9,OL,119.6,2,9,125.52,17,10,129.46,377,11,133.5,1008,12,137.57,25,13,141.77,451,14,145.81,1440,OL,148.79,6,15,150.07,210,16,153.92,3,OL,155.71,5,OL,160.28,6,OL,164.98,5,19,166.94,5,OL,172.42,18,OL,174.1,4,,,,,,,,,,,,,,,,,,,,,,,,,,,,,,,,,,,,,,,,,,,,,,,,,,,,,,,,,,,,,,,,,,,,,,,,,,,,,,,,,,,,,,,,,,,,,,,,,,,,,,,,,,,,,,,,,,,,,,,,,,,,,,,,,,,,,,,,,,,,,,,,,,,,,,,,,,,,,,,,,,,,,,,,,,,,,,,,,,,,,,,,,,,,,,,,,,,,,,,,,,,,,,,,,,,,,,,,,,,,,,,,,,,,,,,,,,,,,,,,,,,,,,,,,
C03_RD14-0003-44_45_46_47-1;1;4;1-M2d-0.75IP-Q0.8_003.10sec.fsa,D21S11,B,24,182.29,3,27,194.44,167,28,198.5,261,29,202.42,11,30,206.52,214,31,210.43,708,31.2,212.39,29,32,214.5,92,32.2,216.45,453,33.2,220.43,5,OL,221.21,4,34.2,224.98,3,OL,225.55,3,36,231.12,36,OL,233.33,2,37,235.27,7,,,,,,,,,,,,,,,,,,,,,,,,,,,,,,,,,,,,,,,,,,,,,,,,,,,,,,,,,,,,,,,,,,,,,,,,,,,,,,,,,,,,,,,,,,,,,,,,,,,,,,,,,,,,,,,,,,,,,,,,,,,,,,,,,,,,,,,,,,,,,,,,,,,,,,,,,,,,,,,,,,,,,,,,,,,,,,,,,,,,,,,,,,,,,,,,,,,,,,,,,,,,,,,,,,,,,,,,,,,,,,,,,,,,,,,,,,,,,,,,,,,,,,,,,,,,
C03_RD14-0003-44_45_46_47-1;1;4;1-M2d-0.75IP-Q0.8_003.10sec.fsa,D7S820,B,OL,249.41,4,OL,252.55,4,OL,254.66,4,8,261.95,236,9,265.93,617,10,269.92,309,11,274.08,14,OL,275.32,11,12,277.95,277,OL,283.95,3,,,,,,,,,,,,,,,,,,,,,,,,,,,,,,,,,,,,,,,,,,,,,,,,,,,,,,,,,,,,,,,,,,,,,,,,,,,,,,,,,,,,,,,,,,,,,,,,,,,,,,,,,,,,,,,,,,,,,,,,,,,,,,,,,,,,,,,,,,,,,,,,,,,,,,,,,,,,,,,,,,,,,,,,,,,,,,,,,,,,,,,,,,,,,,,,,,,,,,,,,,,,,,,,,,,,,,,,,,,,,,,,,,,,,,,,,,,,,,,,,,,,,,,,,,,,,,,,,,,,,,,,,,,,,,
C03_RD14-0003-44_45_46_47-1;1;4;1-M2d-0.75IP-Q0.8_003.10sec.fsa,CSF1PO,B,OL,307.57,4,OL,308.59,8,9,314.46,11,10,318.59,418,11,322.74,584,12,326.75,463,OL,328.79,2,OL,333.77,3,OL,335.8,4,OL,337.45,2,OL,339.55,5,OL,340.92,7,,,,,,,,,,,,,,,,,,,,,,,,,,,,,,,,,,,,,,,,,,,,,,,,,,,,,,,,,,,,,,,,,,,,,,,,,,,,,,,,,,,,,,,,,,,,,,,,,,,,,,,,,,,,,,,,,,,,,,,,,,,,,,,,,,,,,,,,,,,,,,,,,,,,,,,,,,,,,,,,,,,,,,,,,,,,,,,,,,,,,,,,,,,,,,,,,,,,,,,,,,,,,,,,,,,,,,,,,,,,,,,,,,,,,,,,,,,,,,,,,,,,,,,,,,,,,,,,,,,,,,,,
C03_RD14-0003-44_45_46_47-1;1;4;1-M2d-0.75IP-Q0.8_003.10sec.fsa,D3S1358,G,11,105.82,8,OL,106.73,6,OL,109.44,10,13,114.33,140,14,118.27,2502,15,122.21,1800,16,126.33,402,17,130.07,151,18,134.05,6,OL,135.29,6,19,138.61,3,,,,,,,,,,,,,,,,,,,,,,,,,,,,,,,,,,,,,,,,,,,,,,,,,,,,,,,,,,,,,,,,,,,,,,,,,,,,,,,,,,,,,,,,,,,,,,,,,,,,,,,,,,,,,,,,,,,,,,,,,,,,,,,,,,,,,,,,,,,,,,,,,,,,,,,,,,,,,,,,,,,,,,,,,,,,,,,,,,,,,,,,,,,,,,,,,,,,,,,,,,,,,,,,,,,,,,,,,,,,,,,,,,,,,,,,,,,,,,,,,,,,,,,,,,,,,,,,,,,,,,,,,,,
C03_RD14-0003-44_45_46_47-1;1;4;1-M2d-0.75IP-Q0.8_003.10sec.fsa,TH01,G,OL,158.78,9,5,164.14,11,6,168.35,842,OL,169.61,8,6.3,171.29,19,7,172.42,2116,8,176.42,49,9,180.5,1743,9.3,183.65,288,OL,195.8,8,,,,,,,,,,,,,,,,,,,,,,,,,,,,,,,,,,,,,,,,,,,,,,,,,,,,,,,,,,,,,,,,,,,,,,,,,,,,,,,,,,,,,,,,,,,,,,,,,,,,,,,,,,,,,,,,,,,,,,,,,,,,,,,,,,,,,,,,,,,,,,,,,,,,,,,,,,,,,,,,,,,,,,,,,,,,,,,,,,,,,,,,,,,,,,,,,,,,,,,,,,,,,,,,,,,,,,,,,,,,,,,,,,,,,,,,,,,,,,,,,,,,,,,,,,,,,,,,,,,,,,,,,,,,,,
C03_RD14-0003-44_45_46_47-1;1;4;1-M2d-0.75IP-Q0.8_003.10sec.fsa,D13S317,G,OL,204.16,6,OL,209.45,8,7,211.2,13,8,215.01,597,OL,220.78,4,OL,225.91,4,11,227.19,130,12,231.19,2345,13,235.34,294,OL,246.12,2,,,,,,,,,,,,,,,,,,,,,,,,,,,,,,,,,,,,,,,,,,,,,,,,,,,,,,,,,,,,,,,,,,,,,,,,,,,,,,,,,,,,,,,,,,,,,,,,,,,,,,,,,,,,,,,,,,,,,,,,,,,,,,,,,,,,,,,,,,,,,,,,,,,,,,,,,,,,,,,,,,,,,,,,,,,,,,,,,,,,,,,,,,,,,,,,,,,,,,,,,,,,,,,,,,,,,,,,,,,,,,,,,,,,,,,,,,,,,,,,,,,,,,,,,,,,,,,,,,,,,,,,,,,,,,
C03_RD14-0003-44_45_46_47-1;1;4;1-M2d-0.75IP-Q0.8_003.10sec.fsa,D16S539,G,9,267.24,13,10,271.23,379,11,275.17,714,12,279.12,1584,13,282.95,9,OL,294.53,5,,,,,,,,,,,,,,,,,,,,,,,,,,,,,,,,,,,,,,,,,,,,,,,,,,,,,,,,,,,,,,,,,,,,,,,,,,,,,,,,,,,,,,,,,,,,,,,,,,,,,,,,,,,,,,,,,,,,,,,,,,,,,,,,,,,,,,,,,,,,,,,,,,,,,,,,,,,,,,,,,,,,,,,,,,,,,,,,,,,,,,,,,,,,,,,,,,,,,,,,,,,,,,,,,,,,,,,,,,,,,,,,,,,,,,,,,,,,,,,,,,,,,,,,,,,,,,,,,,,,,,,,,,,,,,,,,,,,,,,,,,
C03_RD14-0003-44_45_46_47-1;1;4;1-M2d-0.75IP-Q0.8_003.10sec.fsa,D2S1338,G,OL,301.5,3,15,304.66,10,OL,306.91,1,16,308.59,222,18,316.56,23,19,320.84,316,OL,327.73,4,22,332.79,10,23,336.93,168,24,340.92,258,25,344.99,1193,OL,355.61,4,OL,364.11,4,,,,,,,,,,,,,,,,,,,,,,,,,,,,,,,,,,,,,,,,,,,,,,,,,,,,,,,,,,,,,,,,,,,,,,,,,,,,,,,,,,,,,,,,,,,,,,,,,,,,,,,,,,,,,,,,,,,,,,,,,,,,,,,,,,,,,,,,,,,,,,,,,,,,,,,,,,,,,,,,,,,,,,,,,,,,,,,,,,,,,,,,,,,,,,,,,,,,,,,,,,,,,,,,,,,,,,,,,,,,,,,,,,,,,,,,,,,,,,,,,,,,,,,,,,,,,,,,,,,,,
C03_RD14-0003-44_45_46_47-1;1;4;1-M2d-0.75IP-Q0.8_003.10sec.fsa,D19S433,Y,OL,95.72,8,9,99.59,47,10,103.79,1366,OL,104.91,18,11,107.98,454,12,112.07,128,13,116.07,1950,14,120,424,14.2,121.94,234,15,123.96,168,OL,137.36,5,,,,,,,,,,,,,,,,,,,,,,,,,,,,,,,,,,,,,,,,,,,,,,,,,,,,,,,,,,,,,,,,,,,,,,,,,,,,,,,,,,,,,,,,,,,,,,,,,,,,,,,,,,,,,,,,,,,,,,,,,,,,,,,,,,,,,,,,,,,,,,,,,,,,,,,,,,,,,,,,,,,,,,,,,,,,,,,,,,,,,,,,,,,,,,,,,,,,,,,,,,,,,,,,,,,,,,,,,,,,,,,,,,,,,,,,,,,,,,,,,,,,,,,,,,,,,,,,,,,,,,,,,,,
C03_RD14-0003-44_45_46_47-1;1;4;1-M2d-0.75IP-Q0.8_003.10sec.fsa,vWA,Y,OL,148.58,31,OL,152.64,16,13,159.86,250,OL,165.4,7,15,168,82,15.2,170.03,9,16,172.07,1560,18,180.21,128,19,184.22,26,OL,187.3,17,20,188.44,235,OL,190.51,2,OL,197.44,7,,,,,,,,,,,,,,,,,,,,,,,,,,,,,,,,,,,,,,,,,,,,,,,,,,,,,,,,,,,,,,,,,,,,,,,,,,,,,,,,,,,,,,,,,,,,,,,,,,,,,,,,,,,,,,,,,,,,,,,,,,,,,,,,,,,,,,,,,,,,,,,,,,,,,,,,,,,,,,,,,,,,,,,,,,,,,,,,,,,,,,,,,,,,,,,,,,,,,,,,,,,,,,,,,,,,,,,,,,,,,,,,,,,,,,,,,,,,,,,,,,,,,,,,,,,,,,,,,,,,,
C03_RD14-0003-44_45_46_47-1;1;4;1-M2d-0.75IP-Q0.8_003.10sec.fsa,TPOX,Y,OL,217.17,8,7,224.55,23,8,228.55,1643,10,236.56,177,11,240.59,452,12,244.5,5,13,249.05,8,OL,256.07,6,,,,,,,,,,,,,,,,,,,,,,,,,,,,,,,,,,,,,,,,,,,,,,,,,,,,,,,,,,,,,,,,,,,,,,,,,,,,,,,,,,,,,,,,,,,,,,,,,,,,,,,,,,,,,,,,,,,,,,,,,,,,,,,,,,,,,,,,,,,,,,,,,,,,,,,,,,,,,,,,,,,,,,,,,,,,,,,,,,,,,,,,,,,,,,,,,,,,,,,,,,,,,,,,,,,,,,,,,,,,,,,,,,,,,,,,,,,,,,,,,,,,,,,,,,,,,,,,,,,,,,,,,,,,,,,,,,,,
C03_RD14-0003-44_45_46_47-1;1;4;1-M2d-0.75IP-Q0.8_003.10sec.fsa,D18S51,Y,8,264.7,7,OL,273.71,12,11,276.56,20,OL,278.1,13,12,280.86,154,13,284.89,606,14,288.91,107,14.2,291.29,4,15,292.94,136,16,296.9,191,17,300.85,191,18,304.87,292,OL,308.22,4,20.2,315.4,7,OL,324.48,11,OL,326.52,11,,,,,,,,,,,,,,,,,,,,,,,,,,,,,,,,,,,,,,,,,,,,,,,,,,,,,,,,,,,,,,,,,,,,,,,,,,,,,,,,,,,,,,,,,,,,,,,,,,,,,,,,,,,,,,,,,,,,,,,,,,,,,,,,,,,,,,,,,,,,,,,,,,,,,,,,,,,,,,,,,,,,,,,,,,,,,,,,,,,,,,,,,,,,,,,,,,,,,,,,,,,,,,,,,,,,,,,,,,,,,,,,,,,,,,,,,,,,,,,,,,,,,,,,,,,,
C03_RD14-0003-44_45_46_47-1;1;4;1-M2d-0.75IP-Q0.8_003.10sec.fsa,AMEL,R,X,104.84,2091,Y,110.76,1747,,,,,,,,,,,,,,,,,,,,,,,,,,,,,,,,,,,,,,,,,,,,,,,,,,,,,,,,,,,,,,,,,,,,,,,,,,,,,,,,,,,,,,,,,,,,,,,,,,,,,,,,,,,,,,,,,,,,,,,,,,,,,,,,,,,,,,,,,,,,,,,,,,,,,,,,,,,,,,,,,,,,,,,,,,,,,,,,,,,,,,,,,,,,,,,,,,,,,,,,,,,,,,,,,,,,,,,,,,,,,,,,,,,,,,,,,,,,,,,,,,,,,,,,,,,,,,,,,,,,,,,,,,,,,,,,,,,,,,,,,,,,,,,,,,,,,,
C03_RD14-0003-44_45_46_47-1;1;4;1-M2d-0.75IP-Q0.8_003.10sec.fsa,D5S818,R,OL,130.62,6,OL,137.99,15,9,140.92,12,10,144.6,105,11,148.72,2396,12,152.85,517,13,156.99,213,14,160.7,9,14,161.68,6,OL,166.31,7,16,168.91,10,16,169.54,11,OL,170.94,11,17,173.54,10,OL,174.38,9,OL,176.84,7,,,,,,,,,,,,,,,,,,,,,,,,,,,,,,,,,,,,,,,,,,,,,,,,,,,,,,,,,,,,,,,,,,,,,,,,,,,,,,,,,,,,,,,,,,,,,,,,,,,,,,,,,,,,,,,,,,,,,,,,,,,,,,,,,,,,,,,,,,,,,,,,,,,,,,,,,,,,,,,,,,,,,,,,,,,,,,,,,,,,,,,,,,,,,,,,,,,,,,,,,,,,,,,,,,,,,,,,,,,,,,,,,,,,,,,,,,,,,,,,,,,,,,,,,,,,
C03_RD14-0003-44_45_46_47-1;1;4;1-M2d-0.75IP-Q0.8_003.10sec.fsa,FGA,R,17,212.25,9,19,221,12,OL,222.13,7,20,224.98,37,21,228.97,561,22,233.05,268,23,237.13,186,24,241.26,194,25,245.38,763,26,249.56,498,OL,260.87,6,30.2,267.38,7,OL,276.34,4,OL,277,5,OL,281.87,10,OL,293.95,8,OL,302.57,8,OL,304.01,8,OL,304.87,8,OL,323.27,7,OL,334.97,6,47.2,336.7,6,OL,338.95,9,OL,349.45,7,,,,,,,,,,,,,,,,,,,,,,,,,,,,,,,,,,,,,,,,,,,,,,,,,,,,,,,,,,,,,,,,,,,,,,,,,,,,,,,,,,,,,,,,,,,,,,,,,,,,,,,,,,,,,,,,,,,,,,,,,,,,,,,,,,,,,,,,,,,,,,,,,,,,,,,,,,,,,,,,,,,,,,,,,,,,,,,,,,,,,,,,,,,,,,,,,,,,,,,,,,,,,,,,,,,,,,,,,,,,,,,,,,,,
C04_RD14-0003-36_37_38_39-1;2;2;1-M2a-0.75IP-Q0.7_003.10sec.fsa,D8S1179,B,OL,118.2,11,9,125.25,18,10,129.39,418,OL,131.17,9,11,133.5,46,12,137.57,815,13,141.77,2596,14,145.95,51,OL,148.58,3,15,150.08,658,16,154.07,5,OL,157.42,3,OL,160.91,5,OL,161.54,4,OL,168.46,11,OL,170,2,OL,172.52,22,OL,177.76,3,,,,,,,,,,,,,,,,,,,,,,,,,,,,,,,,,,,,,,,,,,,,,,,,,,,,,,,,,,,,,,,,,,,,,,,,,,,,,,,,,,,,,,,,,,,,,,,,,,,,,,,,,,,,,,,,,,,,,,,,,,,,,,,,,,,,,,,,,,,,,,,,,,,,,,,,,,,,,,,,,,,,,,,,,,,,,,,,,,,,,,,,,,,,,,,,,,,,,,,,,,,,,,,,,,,,,,,,,,,,,,,,,,,,,,,,,,,,,,,,,,,,,,
C04_RD14-0003-36_37_38_39-1;2;2;1-M2a-0.75IP-Q0.7_003.10sec.fsa,D21S11,B,24.2,183.78,11,OL,187.06,5,27,194.38,76,27.2,196.52,7,28,198.44,1332,29,202.49,721,30,206.45,674,30.2,208.4,41,31,210.21,9,31.2,212.39,821,OL,219.2,24,OL,221.85,7,35,227.2,29,OL,231.27,36,37.2,237.06,2,OL,239.86,6,,,,,,,,,,,,,,,,,,,,,,,,,,,,,,,,,,,,,,,,,,,,,,,,,,,,,,,,,,,,,,,,,,,,,,,,,,,,,,,,,,,,,,,,,,,,,,,,,,,,,,,,,,,,,,,,,,,,,,,,,,,,,,,,,,,,,,,,,,,,,,,,,,,,,,,,,,,,,,,,,,,,,,,,,,,,,,,,,,,,,,,,,,,,,,,,,,,,,,,,,,,,,,,,,,,,,,,,,,,,,,,,,,,,,,,,,,,,,,,,,,,,,,,,,,,,
C04_RD14-0003-36_37_38_39-1;2;2;1-M2a-0.75IP-Q0.7_003.10sec.fsa,D7S820,B,OL,249.27,4,OL,256,5,7,257.96,33,8,261.87,1087,9,265.91,723,10,269.96,206,11,273.95,1192,12,277.96,138,OL,283.16,19,OL,287.19,4,,,,,,,,,,,,,,,,,,,,,,,,,,,,,,,,,,,,,,,,,,,,,,,,,,,,,,,,,,,,,,,,,,,,,,,,,,,,,,,,,,,,,,,,,,,,,,,,,,,,,,,,,,,,,,,,,,,,,,,,,,,,,,,,,,,,,,,,,,,,,,,,,,,,,,,,,,,,,,,,,,,,,,,,,,,,,,,,,,,,,,,,,,,,,,,,,,,,,,,,,,,,,,,,,,,,,,,,,,,,,,,,,,,,,,,,,,,,,,,,,,,,,,,,,,,,,,,,,,,,,,,,,,,,,,
C04_RD14-0003-36_37_38_39-1;2;2;1-M2a-0.75IP-Q0.7_003.10sec.fsa,CSF1PO,B,OL,299.86,4,OL,308.62,17,9,314.39,53,OL,316.64,15,10,318.59,1346,10.2,320.91,17,11,322.74,571,OL,324.94,14,12,326.76,1151,OL,336.55,2,16,342.6,3,,,,,,,,,,,,,,,,,,,,,,,,,,,,,,,,,,,,,,,,,,,,,,,,,,,,,,,,,,,,,,,,,,,,,,,,,,,,,,,,,,,,,,,,,,,,,,,,,,,,,,,,,,,,,,,,,,,,,,,,,,,,,,,,,,,,,,,,,,,,,,,,,,,,,,,,,,,,,,,,,,,,,,,,,,,,,,,,,,,,,,,,,,,,,,,,,,,,,,,,,,,,,,,,,,,,,,,,,,,,,,,,,,,,,,,,,,,,,,,,,,,,,,,,,,,,,,,,,,,,,,,,,,,
C04_RD14-0003-36_37_38_39-1;2;2;1-M2a-0.75IP-Q0.7_003.10sec.fsa,D3S1358,G,OL,95.18,6,OL,97.86,6,OL,99.93,4,11,105.79,3,11,106.62,6,13,114.27,83,14,118.27,1351,15,122.08,1292,16,126.13,889,17,130.28,1660,19,138.12,8,,,,,,,,,,,,,,,,,,,,,,,,,,,,,,,,,,,,,,,,,,,,,,,,,,,,,,,,,,,,,,,,,,,,,,,,,,,,,,,,,,,,,,,,,,,,,,,,,,,,,,,,,,,,,,,,,,,,,,,,,,,,,,,,,,,,,,,,,,,,,,,,,,,,,,,,,,,,,,,,,,,,,,,,,,,,,,,,,,,,,,,,,,,,,,,,,,,,,,,,,,,,,,,,,,,,,,,,,,,,,,,,,,,,,,,,,,,,,,,,,,,,,,,,,,,,,,,,,,,,,,,,,,,
C04_RD14-0003-36_37_38_39-1;2;2;1-M2a-0.75IP-Q0.7_003.10sec.fsa,TH01,G,OL,159,17,OL,162.8,10,5,164.41,30,5.3,167.27,8,6,168.39,2041,7,172.45,3352,8,176.5,427,8.3,179.72,10,9.3,183.71,823,OL,186.77,6,12,192.82,5,OL,195.24,8,13,197.09,5,OL,199.15,8,,,,,,,,,,,,,,,,,,,,,,,,,,,,,,,,,,,,,,,,,,,,,,,,,,,,,,,,,,,,,,,,,,,,,,,,,,,,,,,,,,,,,,,,,,,,,,,,,,,,,,,,,,,,,,,,,,,,,,,,,,,,,,,,,,,,,,,,,,,,,,,,,,,,,,,,,,,,,,,,,,,,,,,,,,,,,,,,,,,,,,,,,,,,,,,,,,,,,,,,,,,,,,,,,,,,,,,,,,,,,,,,,,,,,,,,,,,,,,,,,,,,,,,,,,,,,,,,,,
C04_RD14-0003-36_37_38_39-1;2;2;1-M2a-0.75IP-Q0.7_003.10sec.fsa,D13S317,G,OL,208.89,12,7,210.84,10,8,214.94,32,9,219.13,1309,10,223.21,547,11,227.27,2172,12,231.27,2326,13,235.28,19,OL,245.78,9,,,,,,,,,,,,,,,,,,,,,,,,,,,,,,,,,,,,,,,,,,,,,,,,,,,,,,,,,,,,,,,,,,,,,,,,,,,,,,,,,,,,,,,,,,,,,,,,,,,,,,,,,,,,,,,,,,,,,,,,,,,,,,,,,,,,,,,,,,,,,,,,,,,,,,,,,,,,,,,,,,,,,,,,,,,,,,,,,,,,,,,,,,,,,,,,,,,,,,,,,,,,,,,,,,,,,,,,,,,,,,,,,,,,,,,,,,,,,,,,,,,,,,,,,,,,,,,,,,,,,,,,,,,,,,,,,
C04_RD14-0003-36_37_38_39-1;2;2;1-M2a-0.75IP-Q0.7_003.10sec.fsa,D16S539,G,OL,256.84,8,8,263.38,20,9,267.21,617,10,271.19,147,11,275.12,2474,12,279.2,864,13,283.16,1067,OL,294.46,7,,,,,,,,,,,,,,,,,,,,,,,,,,,,,,,,,,,,,,,,,,,,,,,,,,,,,,,,,,,,,,,,,,,,,,,,,,,,,,,,,,,,,,,,,,,,,,,,,,,,,,,,,,,,,,,,,,,,,,,,,,,,,,,,,,,,,,,,,,,,,,,,,,,,,,,,,,,,,,,,,,,,,,,,,,,,,,,,,,,,,,,,,,,,,,,,,,,,,,,,,,,,,,,,,,,,,,,,,,,,,,,,,,,,,,,,,,,,,,,,,,,,,,,,,,,,,,,,,,,,,,,,,,,,,,,,,,,,
C04_RD14-0003-36_37_38_39-1;2;2;1-M2a-0.75IP-Q0.7_003.10sec.fsa,D2S1338,G,15,304.7,50,16,308.62,1142,17,312.59,89,OL,314.31,2,18,316.64,1460,19,320.84,1299,20,324.94,878,OL,327.28,9,OL,334.37,8,OL,336.33,4,24,341.22,6,OL,345.97,5,OL,346.88,4,OL,365.03,7,,,,,,,,,,,,,,,,,,,,,,,,,,,,,,,,,,,,,,,,,,,,,,,,,,,,,,,,,,,,,,,,,,,,,,,,,,,,,,,,,,,,,,,,,,,,,,,,,,,,,,,,,,,,,,,,,,,,,,,,,,,,,,,,,,,,,,,,,,,,,,,,,,,,,,,,,,,,,,,,,,,,,,,,,,,,,,,,,,,,,,,,,,,,,,,,,,,,,,,,,,,,,,,,,,,,,,,,,,,,,,,,,,,,,,,,,,,,,,,,,,,,,,,,,,,,,,,,,,
C04_RD14-0003-36_37_38_39-1;2;2;1-M2a-0.75IP-Q0.7_003.10sec.fsa,D19S433,Y,OL,96.69,10,10.2,105.93,524,OL,110.91,13,12,112.01,79,12.2,114.07,10,13,116.07,1303,13.2,118,58,14,119.93,1713,14.2,121.94,573,OL,122.95,3,18,135.5,6,OL,139.86,10,,,,,,,,,,,,,,,,,,,,,,,,,,,,,,,,,,,,,,,,,,,,,,,,,,,,,,,,,,,,,,,,,,,,,,,,,,,,,,,,,,,,,,,,,,,,,,,,,,,,,,,,,,,,,,,,,,,,,,,,,,,,,,,,,,,,,,,,,,,,,,,,,,,,,,,,,,,,,,,,,,,,,,,,,,,,,,,,,,,,,,,,,,,,,,,,,,,,,,,,,,,,,,,,,,,,,,,,,,,,,,,,,,,,,,,,,,,,,,,,,,,,,,,,,,,,,,,,,,,,,,,,
C04_RD14-0003-36_37_38_39-1;2;2;1-M2a-0.75IP-Q0.7_003.10sec.fsa,vWA,Y,OL,148.58,21,OL,156.92,14,OL,158.85,5,14,163.99,23,15,168.11,358,16,172.1,1263,17,176.15,786,18,180.14,1527,19,184.28,253,20,187.98,4,20,188.55,7,OL,195.74,7,24,205.06,9,,,,,,,,,,,,,,,,,,,,,,,,,,,,,,,,,,,,,,,,,,,,,,,,,,,,,,,,,,,,,,,,,,,,,,,,,,,,,,,,,,,,,,,,,,,,,,,,,,,,,,,,,,,,,,,,,,,,,,,,,,,,,,,,,,,,,,,,,,,,,,,,,,,,,,,,,,,,,,,,,,,,,,,,,,,,,,,,,,,,,,,,,,,,,,,,,,,,,,,,,,,,,,,,,,,,,,,,,,,,,,,,,,,,,,,,,,,,,,,,,,,,,,,,,,,,,,,,,,,,,
C04_RD14-0003-36_37_38_39-1;2;2;1-M2a-0.75IP-Q0.7_003.10sec.fsa,TPOX,Y,6,220.5,397,7,224.56,45,OL,226.56,6,8,228.56,1935,9,232.84,36,10,236.64,489,11,240.66,190,12,244.76,568,OL,250.78,6,,,,,,,,,,,,,,,,,,,,,,,,,,,,,,,,,,,,,,,,,,,,,,,,,,,,,,,,,,,,,,,,,,,,,,,,,,,,,,,,,,,,,,,,,,,,,,,,,,,,,,,,,,,,,,,,,,,,,,,,,,,,,,,,,,,,,,,,,,,,,,,,,,,,,,,,,,,,,,,,,,,,,,,,,,,,,,,,,,,,,,,,,,,,,,,,,,,,,,,,,,,,,,,,,,,,,,,,,,,,,,,,,,,,,,,,,,,,,,,,,,,,,,,,,,,,,,,,,,,,,,,,,,,,,,,,,
C04_RD14-0003-36_37_38_39-1;2;2;1-M2a-0.75IP-Q0.7_003.10sec.fsa,D18S51,Y,OL,264.03,7,8,264.83,7,OL,265.91,8,OL,272.28,12,10,272.79,11,12,280.5,20,13,284.96,129,14,288.99,92,14.2,291.15,2,15,292.95,1114,16,296.9,127,17,300.92,1410,18,304.85,333,20,312.96,150,OL,315.47,7,OL,318.59,24,OL,322.28,18,OL,322.81,16,22.2,323.72,13,OL,330.68,6,,,,,,,,,,,,,,,,,,,,,,,,,,,,,,,,,,,,,,,,,,,,,,,,,,,,,,,,,,,,,,,,,,,,,,,,,,,,,,,,,,,,,,,,,,,,,,,,,,,,,,,,,,,,,,,,,,,,,,,,,,,,,,,,,,,,,,,,,,,,,,,,,,,,,,,,,,,,,,,,,,,,,,,,,,,,,,,,,,,,,,,,,,,,,,,,,,,,,,,,,,,,,,,,,,,,,,,,,,,,,,,,,,,,,,,,,,,,,,,,
C04_RD14-0003-36_37_38_39-1;2;2;1-M2a-0.75IP-Q0.7_003.10sec.fsa,AMEL,R,X,104.82,1474,Y,110.77,1531,,,,,,,,,,,,,,,,,,,,,,,,,,,,,,,,,,,,,,,,,,,,,,,,,,,,,,,,,,,,,,,,,,,,,,,,,,,,,,,,,,,,,,,,,,,,,,,,,,,,,,,,,,,,,,,,,,,,,,,,,,,,,,,,,,,,,,,,,,,,,,,,,,,,,,,,,,,,,,,,,,,,,,,,,,,,,,,,,,,,,,,,,,,,,,,,,,,,,,,,,,,,,,,,,,,,,,,,,,,,,,,,,,,,,,,,,,,,,,,,,,,,,,,,,,,,,,,,,,,,,,,,,,,,,,,,,,,,,,,,,,,,,,,,,,,,,,
C04_RD14-0003-36_37_38_39-1;2;2;1-M2a-0.75IP-Q0.7_003.10sec.fsa,D5S818,R,OL,127.08,11,OL,138.47,12,9,140.57,18,10,144.68,362,11,148.8,1405,12,152.93,824,13,157,821,OL,162.03,10,15,164.9,8,16,169.37,24,OL,170.21,25,OL,171.47,25,OL,173.85,25,OL,178.04,14,,,,,,,,,,,,,,,,,,,,,,,,,,,,,,,,,,,,,,,,,,,,,,,,,,,,,,,,,,,,,,,,,,,,,,,,,,,,,,,,,,,,,,,,,,,,,,,,,,,,,,,,,,,,,,,,,,,,,,,,,,,,,,,,,,,,,,,,,,,,,,,,,,,,,,,,,,,,,,,,,,,,,,,,,,,,,,,,,,,,,,,,,,,,,,,,,,,,,,,,,,,,,,,,,,,,,,,,,,,,,,,,,,,,,,,,,,,,,,,,,,,,,,,,,,,,,,,,,,
C04_RD14-0003-36_37_38_39-1;2;2;1-M2a-0.75IP-Q0.7_003.10sec.fsa,FGA,R,16,208.96,10,OL,215.51,7,18,216.74,15,21,229.06,114,21.2,230.92,15,22,233.13,1957,22.2,235.13,273,23,237.21,377,24,241.32,289,25,245.49,411,26.2,251.55,8,OL,254.17,9,OL,260.72,10,OL,264.25,8,30,265.19,10,OL,268.8,8,31.2,271.05,10,OL,271.99,11,32,273.01,7,OL,277.3,8,33.2,279.2,18,OL,289.49,6,OL,306.8,12,45.2,328.12,9,OL,329.7,5,OL,335.58,9,,,,,,,,,,,,,,,,,,,,,,,,,,,,,,,,,,,,,,,,,,,,,,,,,,,,,,,,,,,,,,,,,,,,,,,,,,,,,,,,,,,,,,,,,,,,,,,,,,,,,,,,,,,,,,,,,,,,,,,,,,,,,,,,,,,,,,,,,,,,,,,,,,,,,,,,,,,,,,,,,,,,,,,,,,,,,,,,,,,,,,,,,,,,,,,,,,,,,,,,,,,,,,,,,,,,,,,,,,,,,,
D01_RD14-0003-40_41_42_43-1;1;1;1-M3a-0.124IP-Q0.9_004.10sec.fsa,D8S1179,B,OL,113.48,1,OL,118,8,OL,119,7,8,121.09,2,10,129.36,14,11,133.45,287,12,137.58,169,OL,140.08,2,13,141.76,148,14,145.97,364,15,150.12,123,OL,153.43,1,OL,155.05,3,OL,159.23,2,OL,163.05,3,OL,165.48,2,,,,,,,,,,,,,,,,,,,,,,,,,,,,,,,,,,,,,,,,,,,,,,,,,,,,,,,,,,,,,,,,,,,,,,,,,,,,,,,,,,,,,,,,,,,,,,,,,,,,,,,,,,,,,,,,,,,,,,,,,,,,,,,,,,,,,,,,,,,,,,,,,,,,,,,,,,,,,,,,,,,,,,,,,,,,,,,,,,,,,,,,,,,,,,,,,,,,,,,,,,,,,,,,,,,,,,,,,,,,,,,,,,,,,,,,,,,,,,,,,,,,,,,,,,,,
D01_RD14-0003-40_41_42_43-1;1;1;1-M3a-0.124IP-Q0.9_004.10sec.fsa,D21S11,B,23.2,180.16,4,OL,186.93,3,26,190.51,7,27,194.56,93,OL,195.8,1,28,198.6,38,29,202.57,471,30,206.51,51,30.2,208.49,29,31,210.55,89,31.2,212.54,219,32,214.55,2,32.2,216.68,5,OL,220.08,3,34,222.71,7,35,226.82,60,36.2,233.02,1,OL,236.28,1,OL,239.92,3,,,,,,,,,,,,,,,,,,,,,,,,,,,,,,,,,,,,,,,,,,,,,,,,,,,,,,,,,,,,,,,,,,,,,,,,,,,,,,,,,,,,,,,,,,,,,,,,,,,,,,,,,,,,,,,,,,,,,,,,,,,,,,,,,,,,,,,,,,,,,,,,,,,,,,,,,,,,,,,,,,,,,,,,,,,,,,,,,,,,,,,,,,,,,,,,,,,,,,,,,,,,,,,,,,,,,,,,,,,,,,,,,,,,,,,,,,,,,,,,,,,
D01_RD14-0003-40_41_42_43-1;1;1;1-M3a-0.124IP-Q0.9_004.10sec.fsa,D7S820,B,OL,252.61,2,6,254.14,2,7,258.18,4,8,262.02,114,9,265.97,163,10,269.86,19,11,273.99,350,12,277.89,4,OL,281.47,2,14,285.57,2,,,,,,,,,,,,,,,,,,,,,,,,,,,,,,,,,,,,,,,,,,,,,,,,,,,,,,,,,,,,,,,,,,,,,,,,,,,,,,,,,,,,,,,,,,,,,,,,,,,,,,,,,,,,,,,,,,,,,,,,,,,,,,,,,,,,,,,,,,,,,,,,,,,,,,,,,,,,,,,,,,,,,,,,,,,,,,,,,,,,,,,,,,,,,,,,,,,,,,,,,,,,,,,,,,,,,,,,,,,,,,,,,,,,,,,,,,,,,,,,,,,,,,,,,,,,,,,,,,,,,,,,,,,,,,
D01_RD14-0003-40_41_42_43-1;1;1;1-M3a-0.124IP-Q0.9_004.10sec.fsa,CSF1PO,B,8,310.54,88,OL,312.34,2,9,314.57,26,10,318.76,468,11,322.82,35,12,326.92,468,13,330.77,3,OL,336.11,5,OL,341.69,2,16,343.3,2,,,,,,,,,,,,,,,,,,,,,,,,,,,,,,,,,,,,,,,,,,,,,,,,,,,,,,,,,,,,,,,,,,,,,,,,,,,,,,,,,,,,,,,,,,,,,,,,,,,,,,,,,,,,,,,,,,,,,,,,,,,,,,,,,,,,,,,,,,,,,,,,,,,,,,,,,,,,,,,,,,,,,,,,,,,,,,,,,,,,,,,,,,,,,,,,,,,,,,,,,,,,,,,,,,,,,,,,,,,,,,,,,,,,,,,,,,,,,,,,,,,,,,,,,,,,,,,,,,,,,,,,,,,,,,
D01_RD14-0003-40_41_42_43-1;1;1;1-M3a-0.124IP-Q0.9_004.10sec.fsa,D3S1358,G,11,105.81,2,OL,109.4,6,13,114.14,12,14,118.15,70,15,122.1,963,16,126.05,546,17,130.18,110,17.2,132.18,2,18,134.5,5,OL,135.85,3,19,137.96,3,OL,139.7,3,OL,140.46,3,,,,,,,,,,,,,,,,,,,,,,,,,,,,,,,,,,,,,,,,,,,,,,,,,,,,,,,,,,,,,,,,,,,,,,,,,,,,,,,,,,,,,,,,,,,,,,,,,,,,,,,,,,,,,,,,,,,,,,,,,,,,,,,,,,,,,,,,,,,,,,,,,,,,,,,,,,,,,,,,,,,,,,,,,,,,,,,,,,,,,,,,,,,,,,,,,,,,,,,,,,,,,,,,,,,,,,,,,,,,,,,,,,,,,,,,,,,,,,,,,,,,,,,,,,,,,,,,,,,,,
D01_RD14-0003-40_41_42_43-1;1;1;1-M3a-0.124IP-Q0.9_004.10sec.fsa,TH01,G,OL,159.54,3,6,168.31,7,7,172.51,467,OL,174.03,2,8,176.56,534,9,180.62,246,9.3,183.74,327,OL,189.66,2,12,193,2,,,,,,,,,,,,,,,,,,,,,,,,,,,,,,,,,,,,,,,,,,,,,,,,,,,,,,,,,,,,,,,,,,,,,,,,,,,,,,,,,,,,,,,,,,,,,,,,,,,,,,,,,,,,,,,,,,,,,,,,,,,,,,,,,,,,,,,,,,,,,,,,,,,,,,,,,,,,,,,,,,,,,,,,,,,,,,,,,,,,,,,,,,,,,,,,,,,,,,,,,,,,,,,,,,,,,,,,,,,,,,,,,,,,,,,,,,,,,,,,,,,,,,,,,,,,,,,,,,,,,,,,,,,,,,,,,
D01_RD14-0003-40_41_42_43-1;1;1;1-M3a-0.124IP-Q0.9_004.10sec.fsa,D13S317,G,OL,209.03,3,7,210.71,4,OL,212.31,5,8,214.79,3,8,215.42,3,OL,216.05,2,9,219.29,4,10,223.18,22,11,227.21,368,12,231.24,755,13,235.27,284,OL,240.56,3,,,,,,,,,,,,,,,,,,,,,,,,,,,,,,,,,,,,,,,,,,,,,,,,,,,,,,,,,,,,,,,,,,,,,,,,,,,,,,,,,,,,,,,,,,,,,,,,,,,,,,,,,,,,,,,,,,,,,,,,,,,,,,,,,,,,,,,,,,,,,,,,,,,,,,,,,,,,,,,,,,,,,,,,,,,,,,,,,,,,,,,,,,,,,,,,,,,,,,,,,,,,,,,,,,,,,,,,,,,,,,,,,,,,,,,,,,,,,,,,,,,,,,,,,,,,,,,,,,,,,,,,
D01_RD14-0003-40_41_42_43-1;1;1;1-M3a-0.124IP-Q0.9_004.10sec.fsa,D16S539,G,OL,256.05,3,7,259.17,5,8,263.33,25,9,267.29,576,10,271.26,619,11,275.31,173,12,279.22,251,13,283.17,141,,,,,,,,,,,,,,,,,,,,,,,,,,,,,,,,,,,,,,,,,,,,,,,,,,,,,,,,,,,,,,,,,,,,,,,,,,,,,,,,,,,,,,,,,,,,,,,,,,,,,,,,,,,,,,,,,,,,,,,,,,,,,,,,,,,,,,,,,,,,,,,,,,,,,,,,,,,,,,,,,,,,,,,,,,,,,,,,,,,,,,,,,,,,,,,,,,,,,,,,,,,,,,,,,,,,,,,,,,,,,,,,,,,,,,,,,,,,,,,,,,,,,,,,,,,,,,,,,,,,,,,,,,,,,,,,,,,,
D01_RD14-0003-40_41_42_43-1;1;1;1-M3a-0.124IP-Q0.9_004.10sec.fsa,D2S1338,G,14,300.76,5,OL,313.45,5,18,316.79,17,19,320.97,283,20,325,47,21,329.09,35,22,333.08,449,OL,335.07,3,23,337.06,242,25,345.06,24,OL,347.47,12,OL,350.45,3,27,353.1,3,OL,362.62,3,OL,364.45,2,,,,,,,,,,,,,,,,,,,,,,,,,,,,,,,,,,,,,,,,,,,,,,,,,,,,,,,,,,,,,,,,,,,,,,,,,,,,,,,,,,,,,,,,,,,,,,,,,,,,,,,,,,,,,,,,,,,,,,,,,,,,,,,,,,,,,,,,,,,,,,,,,,,,,,,,,,,,,,,,,,,,,,,,,,,,,,,,,,,,,,,,,,,,,,,,,,,,,,,,,,,,,,,,,,,,,,,,,,,,,,,,,,,,,,,,,,,,,,,,,,,,,,,,,,,,,,,
D01_RD14-0003-40_41_42_43-1;1;1;1-M3a-0.124IP-Q0.9_004.10sec.fsa,D19S433,Y,11,108.05,79,OL,109.47,4,13,116.15,192,13.2,118.15,141,14,120.07,360,15.2,125.98,28,16.2,130.03,175,OL,135.25,3,,,,,,,,,,,,,,,,,,,,,,,,,,,,,,,,,,,,,,,,,,,,,,,,,,,,,,,,,,,,,,,,,,,,,,,,,,,,,,,,,,,,,,,,,,,,,,,,,,,,,,,,,,,,,,,,,,,,,,,,,,,,,,,,,,,,,,,,,,,,,,,,,,,,,,,,,,,,,,,,,,,,,,,,,,,,,,,,,,,,,,,,,,,,,,,,,,,,,,,,,,,,,,,,,,,,,,,,,,,,,,,,,,,,,,,,,,,,,,,,,,,,,,,,,,,,,,,,,,,,,,,,,,,,,,,,,,,,
D01_RD14-0003-40_41_42_43-1;1;1;1-M3a-0.124IP-Q0.9_004.10sec.fsa,vWA,Y,12,155.44,8,13,159.85,180,OL,165.56,7,15,168,44,16,172.12,141,OL,174.72,5,17,176.1,226,18,180.16,42,19,184.29,44,21,192.23,7,OL,195.73,5,OL,198.45,4,,,,,,,,,,,,,,,,,,,,,,,,,,,,,,,,,,,,,,,,,,,,,,,,,,,,,,,,,,,,,,,,,,,,,,,,,,,,,,,,,,,,,,,,,,,,,,,,,,,,,,,,,,,,,,,,,,,,,,,,,,,,,,,,,,,,,,,,,,,,,,,,,,,,,,,,,,,,,,,,,,,,,,,,,,,,,,,,,,,,,,,,,,,,,,,,,,,,,,,,,,,,,,,,,,,,,,,,,,,,,,,,,,,,,,,,,,,,,,,,,,,,,,,,,,,,,,,,,,,,,,,,
D01_RD14-0003-40_41_42_43-1;1;1;1-M3a-0.124IP-Q0.9_004.10sec.fsa,TPOX,Y,OL,220.08,5,OL,221.39,5,7,224.65,23,8,228.68,1086,9,232.79,7,10,236.66,166,11,240.72,257,12,244.86,93,OL,247.15,6,OL,250.23,6,,,,,,,,,,,,,,,,,,,,,,,,,,,,,,,,,,,,,,,,,,,,,,,,,,,,,,,,,,,,,,,,,,,,,,,,,,,,,,,,,,,,,,,,,,,,,,,,,,,,,,,,,,,,,,,,,,,,,,,,,,,,,,,,,,,,,,,,,,,,,,,,,,,,,,,,,,,,,,,,,,,,,,,,,,,,,,,,,,,,,,,,,,,,,,,,,,,,,,,,,,,,,,,,,,,,,,,,,,,,,,,,,,,,,,,,,,,,,,,,,,,,,,,,,,,,,,,,,,,,,,,,,,,,,,
D01_RD14-0003-40_41_42_43-1;1;1;1-M3a-0.124IP-Q0.9_004.10sec.fsa,D18S51,Y,12,280.93,108,13,284.95,235,15,292.98,76,16,297.07,12,17,300.99,55,18,304.96,232,19,308.9,57,OL,313.76,6,OL,316.54,5,21.2,319.34,8,23.2,327.4,6,25,333.72,4,,,,,,,,,,,,,,,,,,,,,,,,,,,,,,,,,,,,,,,,,,,,,,,,,,,,,,,,,,,,,,,,,,,,,,,,,,,,,,,,,,,,,,,,,,,,,,,,,,,,,,,,,,,,,,,,,,,,,,,,,,,,,,,,,,,,,,,,,,,,,,,,,,,,,,,,,,,,,,,,,,,,,,,,,,,,,,,,,,,,,,,,,,,,,,,,,,,,,,,,,,,,,,,,,,,,,,,,,,,,,,,,,,,,,,,,,,,,,,,,,,,,,,,,,,,,,,,,,,,,,,,,
D01_RD14-0003-40_41_42_43-1;1;1;1-M3a-0.124IP-Q0.9_004.10sec.fsa,AMEL,R,X,104.83,573,Y,110.81,203,,,,,,,,,,,,,,,,,,,,,,,,,,,,,,,,,,,,,,,,,,,,,,,,,,,,,,,,,,,,,,,,,,,,,,,,,,,,,,,,,,,,,,,,,,,,,,,,,,,,,,,,,,,,,,,,,,,,,,,,,,,,,,,,,,,,,,,,,,,,,,,,,,,,,,,,,,,,,,,,,,,,,,,,,,,,,,,,,,,,,,,,,,,,,,,,,,,,,,,,,,,,,,,,,,,,,,,,,,,,,,,,,,,,,,,,,,,,,,,,,,,,,,,,,,,,,,,,,,,,,,,,,,,,,,,,,,,,,,,,,,,,,,,,,,,,,,
D01_RD14-0003-40_41_42_43-1;1;1;1-M3a-0.124IP-Q0.9_004.10sec.fsa,D5S818,R,OL,129.44,9,9,140.92,7,10,144.82,15,11,148.81,313,OL,151.35,6,12,152.89,442,13,156.98,182,OL,175.18,6,,,,,,,,,,,,,,,,,,,,,,,,,,,,,,,,,,,,,,,,,,,,,,,,,,,,,,,,,,,,,,,,,,,,,,,,,,,,,,,,,,,,,,,,,,,,,,,,,,,,,,,,,,,,,,,,,,,,,,,,,,,,,,,,,,,,,,,,,,,,,,,,,,,,,,,,,,,,,,,,,,,,,,,,,,,,,,,,,,,,,,,,,,,,,,,,,,,,,,,,,,,,,,,,,,,,,,,,,,,,,,,,,,,,,,,,,,,,,,,,,,,,,,,,,,,,,,,,,,,,,,,,,,,,,,,,,,,,
D01_RD14-0003-40_41_42_43-1;1;1;1-M3a-0.124IP-Q0.9_004.10sec.fsa,FGA,R,OL,206.21,6,16,208.34,6,16.2,210.63,8,17,212.24,8,19.2,222.79,2,20,224.88,148,21,228.99,346,21.2,231.39,11,22,233.1,49,23,237.05,9,26,249.45,53,27,253.53,62,28,257.57,38,29,261.08,6,32,273.29,10,OL,287.65,6,OL,296.07,4,OL,297.69,8,OL,305.8,6,OL,326.84,5,OL,334.04,5,OL,335.15,4,47.2,336.67,7,OL,347.07,4,,,,,,,,,,,,,,,,,,,,,,,,,,,,,,,,,,,,,,,,,,,,,,,,,,,,,,,,,,,,,,,,,,,,,,,,,,,,,,,,,,,,,,,,,,,,,,,,,,,,,,,,,,,,,,,,,,,,,,,,,,,,,,,,,,,,,,,,,,,,,,,,,,,,,,,,,,,,,,,,,,,,,,,,,,,,,,,,,,,,,,,,,,,,,,,,,,,,,,,,,,,,,,,,,,,,,,,,,,,,,,,,,,,,
D02_RD14-0003-40_41_42_43-1;1;1;1-M2e-0.124IP-Q3.2_004.10sec.fsa,D8S1179,B,7,117.79,5,9,125.69,3,10,129.38,4,11,133.46,61,13,141.78,37,14,145.93,100,OL,153.39,2,OL,155.64,2,OL,156.76,2,OL,161.33,2,OL,168.23,1,OL,172.69,2,OL,173.88,1,OL,176.27,3,OL,178.06,3,,,,,,,,,,,,,,,,,,,,,,,,,,,,,,,,,,,,,,,,,,,,,,,,,,,,,,,,,,,,,,,,,,,,,,,,,,,,,,,,,,,,,,,,,,,,,,,,,,,,,,,,,,,,,,,,,,,,,,,,,,,,,,,,,,,,,,,,,,,,,,,,,,,,,,,,,,,,,,,,,,,,,,,,,,,,,,,,,,,,,,,,,,,,,,,,,,,,,,,,,,,,,,,,,,,,,,,,,,,,,,,,,,,,,,,,,,,,,,,,,,,,,,,,,,,,,,,
D02_RD14-0003-40_41_42_43-1;1;1;1-M2e-0.124IP-Q3.2_004.10sec.fsa,D21S11,B,24,182.13,3,OL,183.5,3,OL,185.4,3,26,190.64,4,27,194.44,81,29,202.45,29,30.2,208.42,7,31,210.45,19,31.2,212.41,39,OL,215.16,3,OL,217.34,3,34,222.45,4,35,226.74,40,OL,239.85,3,39,242.95,3,,,,,,,,,,,,,,,,,,,,,,,,,,,,,,,,,,,,,,,,,,,,,,,,,,,,,,,,,,,,,,,,,,,,,,,,,,,,,,,,,,,,,,,,,,,,,,,,,,,,,,,,,,,,,,,,,,,,,,,,,,,,,,,,,,,,,,,,,,,,,,,,,,,,,,,,,,,,,,,,,,,,,,,,,,,,,,,,,,,,,,,,,,,,,,,,,,,,,,,,,,,,,,,,,,,,,,,,,,,,,,,,,,,,,,,,,,,,,,,,,,,,,,,,,,,,,,,
D02_RD14-0003-40_41_42_43-1;1;1;1-M2e-0.124IP-Q3.2_004.10sec.fsa,D7S820,B,5,249.53,3,5,250.23,2,OL,264.43,3,9,265.91,32,OL,269.04,2,11,273.91,36,OL,280,3,OL,287.61,2,,,,,,,,,,,,,,,,,,,,,,,,,,,,,,,,,,,,,,,,,,,,,,,,,,,,,,,,,,,,,,,,,,,,,,,,,,,,,,,,,,,,,,,,,,,,,,,,,,,,,,,,,,,,,,,,,,,,,,,,,,,,,,,,,,,,,,,,,,,,,,,,,,,,,,,,,,,,,,,,,,,,,,,,,,,,,,,,,,,,,,,,,,,,,,,,,,,,,,,,,,,,,,,,,,,,,,,,,,,,,,,,,,,,,,,,,,,,,,,,,,,,,,,,,,,,,,,,,,,,,,,,,,,,,,,,,,,,
D02_RD14-0003-40_41_42_43-1;1;1;1-M2e-0.124IP-Q3.2_004.10sec.fsa,CSF1PO,B,OL,300,2,OL,308.34,3,OL,315.88,3,10,318.79,18,11,322.65,2,12,326.84,20,,,,,,,,,,,,,,,,,,,,,,,,,,,,,,,,,,,,,,,,,,,,,,,,,,,,,,,,,,,,,,,,,,,,,,,,,,,,,,,,,,,,,,,,,,,,,,,,,,,,,,,,,,,,,,,,,,,,,,,,,,,,,,,,,,,,,,,,,,,,,,,,,,,,,,,,,,,,,,,,,,,,,,,,,,,,,,,,,,,,,,,,,,,,,,,,,,,,,,,,,,,,,,,,,,,,,,,,,,,,,,,,,,,,,,,,,,,,,,,,,,,,,,,,,,,,,,,,,,,,,,,,,,,,,,,,,,,,,,,,,,
D02_RD14-0003-40_41_42_43-1;1;1;1-M2e-0.124IP-Q3.2_004.10sec.fsa,D3S1358,G,OL,99.72,4,OL,102.59,4,OL,107.67,4,13,114.55,9,OL,115.1,10,14,118.21,10,15,122.17,166,15.2,124.49,3,16,126.04,165,17,130.31,114,17.2,132.82,3,,,,,,,,,,,,,,,,,,,,,,,,,,,,,,,,,,,,,,,,,,,,,,,,,,,,,,,,,,,,,,,,,,,,,,,,,,,,,,,,,,,,,,,,,,,,,,,,,,,,,,,,,,,,,,,,,,,,,,,,,,,,,,,,,,,,,,,,,,,,,,,,,,,,,,,,,,,,,,,,,,,,,,,,,,,,,,,,,,,,,,,,,,,,,,,,,,,,,,,,,,,,,,,,,,,,,,,,,,,,,,,,,,,,,,,,,,,,,,,,,,,,,,,,,,,,,,,,,,,,,,,,,,,
D02_RD14-0003-40_41_42_43-1;1;1;1-M2e-0.124IP-Q3.2_004.10sec.fsa,TH01,G,OL,157.89,4,OL,166,2,7,172.47,60,8,176.49,96,OL,178.58,2,9,180.61,121,9.3,183.72,154,OL,190.26,3,OL,194.14,4,OL,198.02,4,,,,,,,,,,,,,,,,,,,,,,,,,,,,,,,,,,,,,,,,,,,,,,,,,,,,,,,,,,,,,,,,,,,,,,,,,,,,,,,,,,,,,,,,,,,,,,,,,,,,,,,,,,,,,,,,,,,,,,,,,,,,,,,,,,,,,,,,,,,,,,,,,,,,,,,,,,,,,,,,,,,,,,,,,,,,,,,,,,,,,,,,,,,,,,,,,,,,,,,,,,,,,,,,,,,,,,,,,,,,,,,,,,,,,,,,,,,,,,,,,,,,,,,,,,,,,,,,,,,,,,,,,,,,,,
D02_RD14-0003-40_41_42_43-1;1;1;1-M2e-0.124IP-Q3.2_004.10sec.fsa,D13S317,G,OL,210.15,4,11,227.21,34,12,231.28,62,13,235.13,27,OL,242.55,4,,,,,,,,,,,,,,,,,,,,,,,,,,,,,,,,,,,,,,,,,,,,,,,,,,,,,,,,,,,,,,,,,,,,,,,,,,,,,,,,,,,,,,,,,,,,,,,,,,,,,,,,,,,,,,,,,,,,,,,,,,,,,,,,,,,,,,,,,,,,,,,,,,,,,,,,,,,,,,,,,,,,,,,,,,,,,,,,,,,,,,,,,,,,,,,,,,,,,,,,,,,,,,,,,,,,,,,,,,,,,,,,,,,,,,,,,,,,,,,,,,,,,,,,,,,,,,,,,,,,,,,,,,,,,,,,,,,,,,,,,,,,,
D02_RD14-0003-40_41_42_43-1;1;1;1-M2e-0.124IP-Q3.2_004.10sec.fsa,D16S539,G,OL,257.28,3,OL,260.47,2,9,267.16,33,10,271.08,77,11,275.09,6,12,279.13,49,13,283.3,3,OL,284.32,4,OL,285.89,3,14,287.53,3,OL,288.32,3,OL,289.26,4,,,,,,,,,,,,,,,,,,,,,,,,,,,,,,,,,,,,,,,,,,,,,,,,,,,,,,,,,,,,,,,,,,,,,,,,,,,,,,,,,,,,,,,,,,,,,,,,,,,,,,,,,,,,,,,,,,,,,,,,,,,,,,,,,,,,,,,,,,,,,,,,,,,,,,,,,,,,,,,,,,,,,,,,,,,,,,,,,,,,,,,,,,,,,,,,,,,,,,,,,,,,,,,,,,,,,,,,,,,,,,,,,,,,,,,,,,,,,,,,,,,,,,,,,,,,,,,,,,,,,,,,
D02_RD14-0003-40_41_42_43-1;1;1;1-M2e-0.124IP-Q3.2_004.10sec.fsa,D2S1338,G,OL,301.83,5,OL,302.75,4,OL,303.67,5,15,304.67,4,18,316.56,3,19,320.66,9,OL,326.6,5,21,329.05,3,22,333.13,27,23,336.94,13,OL,340.5,4,OL,343.73,2,OL,365.19,2,,,,,,,,,,,,,,,,,,,,,,,,,,,,,,,,,,,,,,,,,,,,,,,,,,,,,,,,,,,,,,,,,,,,,,,,,,,,,,,,,,,,,,,,,,,,,,,,,,,,,,,,,,,,,,,,,,,,,,,,,,,,,,,,,,,,,,,,,,,,,,,,,,,,,,,,,,,,,,,,,,,,,,,,,,,,,,,,,,,,,,,,,,,,,,,,,,,,,,,,,,,,,,,,,,,,,,,,,,,,,,,,,,,,,,,,,,,,,,,,,,,,,,,,,,,,,,,,,,,,,
D02_RD14-0003-40_41_42_43-1;1;1;1-M2e-0.124IP-Q3.2_004.10sec.fsa,D19S433,Y,11,107.89,22,12,112.09,18,13,116,182,13.2,118,125,14,119.93,57,14.2,121.96,160,15.2,125.9,22,16.2,129.88,177,OL,139.2,6,,,,,,,,,,,,,,,,,,,,,,,,,,,,,,,,,,,,,,,,,,,,,,,,,,,,,,,,,,,,,,,,,,,,,,,,,,,,,,,,,,,,,,,,,,,,,,,,,,,,,,,,,,,,,,,,,,,,,,,,,,,,,,,,,,,,,,,,,,,,,,,,,,,,,,,,,,,,,,,,,,,,,,,,,,,,,,,,,,,,,,,,,,,,,,,,,,,,,,,,,,,,,,,,,,,,,,,,,,,,,,,,,,,,,,,,,,,,,,,,,,,,,,,,,,,,,,,,,,,,,,,,,,,,,,,,,
D02_RD14-0003-40_41_42_43-1;1;1;1-M2e-0.124IP-Q3.2_004.10sec.fsa,vWA,Y,12,156.16,5,13,159.92,26,OL,166.6,4,16,172.17,101,17,176.19,134,OL,178.21,4,19,184.26,58,OL,185.62,2,OL,186.69,4,OL,191.78,6,21,192.77,3,OL,198.63,6,,,,,,,,,,,,,,,,,,,,,,,,,,,,,,,,,,,,,,,,,,,,,,,,,,,,,,,,,,,,,,,,,,,,,,,,,,,,,,,,,,,,,,,,,,,,,,,,,,,,,,,,,,,,,,,,,,,,,,,,,,,,,,,,,,,,,,,,,,,,,,,,,,,,,,,,,,,,,,,,,,,,,,,,,,,,,,,,,,,,,,,,,,,,,,,,,,,,,,,,,,,,,,,,,,,,,,,,,,,,,,,,,,,,,,,,,,,,,,,,,,,,,,,,,,,,,,,,,,,,,,,,
D02_RD14-0003-40_41_42_43-1;1;1;1-M2e-0.124IP-Q3.2_004.10sec.fsa,TPOX,Y,8,228.59,55,OL,231.67,8,10,236.6,53,11,240.4,7,OL,241.52,4,12,244.7,19,OL,249.76,3,OL,251.45,3,OL,255.7,4,,,,,,,,,,,,,,,,,,,,,,,,,,,,,,,,,,,,,,,,,,,,,,,,,,,,,,,,,,,,,,,,,,,,,,,,,,,,,,,,,,,,,,,,,,,,,,,,,,,,,,,,,,,,,,,,,,,,,,,,,,,,,,,,,,,,,,,,,,,,,,,,,,,,,,,,,,,,,,,,,,,,,,,,,,,,,,,,,,,,,,,,,,,,,,,,,,,,,,,,,,,,,,,,,,,,,,,,,,,,,,,,,,,,,,,,,,,,,,,,,,,,,,,,,,,,,,,,,,,,,,,,,,,,,,,,,
D02_RD14-0003-40_41_42_43-1;1;1;1-M2e-0.124IP-Q3.2_004.10sec.fsa,D18S51,Y,9,269.04,7,12,280.86,14,13,284.55,4,OL,288,3,15,292.94,52,16,296.94,8,17,300.91,76,18,304.83,66,OL,315.79,5,24,329.38,7,OL,332.64,5,25,333.7,4,,,,,,,,,,,,,,,,,,,,,,,,,,,,,,,,,,,,,,,,,,,,,,,,,,,,,,,,,,,,,,,,,,,,,,,,,,,,,,,,,,,,,,,,,,,,,,,,,,,,,,,,,,,,,,,,,,,,,,,,,,,,,,,,,,,,,,,,,,,,,,,,,,,,,,,,,,,,,,,,,,,,,,,,,,,,,,,,,,,,,,,,,,,,,,,,,,,,,,,,,,,,,,,,,,,,,,,,,,,,,,,,,,,,,,,,,,,,,,,,,,,,,,,,,,,,,,,,,,,,,,,,
D02_RD14-0003-40_41_42_43-1;1;1;1-M2e-0.124IP-Q3.2_004.10sec.fsa,AMEL,R,X,104.81,279,OL,106.17,12,Y,110.74,96,,,,,,,,,,,,,,,,,,,,,,,,,,,,,,,,,,,,,,,,,,,,,,,,,,,,,,,,,,,,,,,,,,,,,,,,,,,,,,,,,,,,,,,,,,,,,,,,,,,,,,,,,,,,,,,,,,,,,,,,,,,,,,,,,,,,,,,,,,,,,,,,,,,,,,,,,,,,,,,,,,,,,,,,,,,,,,,,,,,,,,,,,,,,,,,,,,,,,,,,,,,,,,,,,,,,,,,,,,,,,,,,,,,,,,,,,,,,,,,,,,,,,,,,,,,,,,,,,,,,,,,,,,,,,,,,,,,,,,,,,,,,,,,,,,,
D02_RD14-0003-40_41_42_43-1;1;1;1-M2e-0.124IP-Q3.2_004.10sec.fsa,D5S818,R,7,132.17,11,11,148.76,132,12,152.86,94,13,156.99,34,OL,177.69,6,,,,,,,,,,,,,,,,,,,,,,,,,,,,,,,,,,,,,,,,,,,,,,,,,,,,,,,,,,,,,,,,,,,,,,,,,,,,,,,,,,,,,,,,,,,,,,,,,,,,,,,,,,,,,,,,,,,,,,,,,,,,,,,,,,,,,,,,,,,,,,,,,,,,,,,,,,,,,,,,,,,,,,,,,,,,,,,,,,,,,,,,,,,,,,,,,,,,,,,,,,,,,,,,,,,,,,,,,,,,,,,,,,,,,,,,,,,,,,,,,,,,,,,,,,,,,,,,,,,,,,,,,,,,,,,,,,,,,,,,,,,,,
D02_RD14-0003-40_41_42_43-1;1;1;1-M2e-0.124IP-Q3.2_004.10sec.fsa,FGA,R,OL,204.53,5,OL,205.35,5,OL,206.77,5,OL,207.37,7,OL,213.62,4,OL,215.24,5,OL,223.75,5,20,224.9,10,21,228.97,79,22,233.05,57,25,245.25,6,27,253.5,20,28,257.44,39,OL,274.07,7,OL,276.91,7,OL,278.34,7,OL,287.69,7,OL,288.32,5,OL,290.91,3,OL,316.99,4,OL,321.08,7,47.2,336.13,5,47.2,336.86,4,OL,357.34,8,OL,358.83,3,,,,,,,,,,,,,,,,,,,,,,,,,,,,,,,,,,,,,,,,,,,,,,,,,,,,,,,,,,,,,,,,,,,,,,,,,,,,,,,,,,,,,,,,,,,,,,,,,,,,,,,,,,,,,,,,,,,,,,,,,,,,,,,,,,,,,,,,,,,,,,,,,,,,,,,,,,,,,,,,,,,,,,,,,,,,,,,,,,,,,,,,,,,,,,,,,,,,,,,,,,,,,,,,,,,,,,,,,,,,,,,,,
D03_RD14-0003-44_45_46_47-1;1;4;1-M2d-0.441IP-Q0.8_004.10sec.fsa,D8S1179,B,7,116.97,6,OL,123.47,3,9,125.35,14,10,129.46,332,11,133.47,824,12,137.59,31,13,141.81,394,14,145.87,1297,15,150.08,99,17,158.24,2,OL,161.11,2,OL,163.33,3,OL,163.88,4,OL,170.06,3,OL,172.28,5,,,,,,,,,,,,,,,,,,,,,,,,,,,,,,,,,,,,,,,,,,,,,,,,,,,,,,,,,,,,,,,,,,,,,,,,,,,,,,,,,,,,,,,,,,,,,,,,,,,,,,,,,,,,,,,,,,,,,,,,,,,,,,,,,,,,,,,,,,,,,,,,,,,,,,,,,,,,,,,,,,,,,,,,,,,,,,,,,,,,,,,,,,,,,,,,,,,,,,,,,,,,,,,,,,,,,,,,,,,,,,,,,,,,,,,,,,,,,,,,,,,,,,,,,,,,,,,
D03_RD14-0003-44_45_46_47-1;1;4;1-M2d-0.441IP-Q0.8_004.10sec.fsa,D21S11,B,OL,183.33,4,25,186.65,2,OL,187.5,2,27,194.35,179,28,198.45,371,29,202.41,16,30,206.49,132,30.2,208.36,11,31,210.45,585,31.2,212.47,20,32,214.5,60,32.2,216.5,321,OL,220.07,4,OL,223.52,2,OL,231.29,11,OL,235.53,6,OL,240.29,3,39,242.47,3,,,,,,,,,,,,,,,,,,,,,,,,,,,,,,,,,,,,,,,,,,,,,,,,,,,,,,,,,,,,,,,,,,,,,,,,,,,,,,,,,,,,,,,,,,,,,,,,,,,,,,,,,,,,,,,,,,,,,,,,,,,,,,,,,,,,,,,,,,,,,,,,,,,,,,,,,,,,,,,,,,,,,,,,,,,,,,,,,,,,,,,,,,,,,,,,,,,,,,,,,,,,,,,,,,,,,,,,,,,,,,,,,,,,,,,,,,,,,,,,,,,,,,
D03_RD14-0003-44_45_46_47-1;1;4;1-M2d-0.441IP-Q0.8_004.10sec.fsa,D7S820,B,OL,252.6,4,OL,256.03,1,8,261.92,83,8.2,264.06,3,9,265.92,823,10,269.93,391,11,273.8,31,12,277.98,481,OL,283.57,1,OL,288.07,3,15,290.21,3,OL,292.57,3,,,,,,,,,,,,,,,,,,,,,,,,,,,,,,,,,,,,,,,,,,,,,,,,,,,,,,,,,,,,,,,,,,,,,,,,,,,,,,,,,,,,,,,,,,,,,,,,,,,,,,,,,,,,,,,,,,,,,,,,,,,,,,,,,,,,,,,,,,,,,,,,,,,,,,,,,,,,,,,,,,,,,,,,,,,,,,,,,,,,,,,,,,,,,,,,,,,,,,,,,,,,,,,,,,,,,,,,,,,,,,,,,,,,,,,,,,,,,,,,,,,,,,,,,,,,,,,,,,,,,,,,
D03_RD14-0003-44_45_46_47-1;1;4;1-M2d-0.441IP-Q0.8_004.10sec.fsa,CSF1PO,B,OL,299.79,3,OL,304.93,3,9,314.31,19,10,318.59,509,11,322.72,493,12,326.79,366,OL,336.81,3,,,,,,,,,,,,,,,,,,,,,,,,,,,,,,,,,,,,,,,,,,,,,,,,,,,,,,,,,,,,,,,,,,,,,,,,,,,,,,,,,,,,,,,,,,,,,,,,,,,,,,,,,,,,,,,,,,,,,,,,,,,,,,,,,,,,,,,,,,,,,,,,,,,,,,,,,,,,,,,,,,,,,,,,,,,,,,,,,,,,,,,,,,,,,,,,,,,,,,,,,,,,,,,,,,,,,,,,,,,,,,,,,,,,,,,,,,,,,,,,,,,,,,,,,,,,,,,,,,,,,,,,,,,,,,,,,,,,,,,
D03_RD14-0003-44_45_46_47-1;1;4;1-M2d-0.441IP-Q0.8_004.10sec.fsa,D3S1358,G,OL,94.87,4,OL,102.01,5,OL,105.19,3,11,106.5,3,12,110.06,7,13,114.33,83,OL,115.72,10,14,118.29,1243,15,122.2,1279,16,126.29,261,17,130,495,,,,,,,,,,,,,,,,,,,,,,,,,,,,,,,,,,,,,,,,,,,,,,,,,,,,,,,,,,,,,,,,,,,,,,,,,,,,,,,,,,,,,,,,,,,,,,,,,,,,,,,,,,,,,,,,,,,,,,,,,,,,,,,,,,,,,,,,,,,,,,,,,,,,,,,,,,,,,,,,,,,,,,,,,,,,,,,,,,,,,,,,,,,,,,,,,,,,,,,,,,,,,,,,,,,,,,,,,,,,,,,,,,,,,,,,,,,,,,,,,,,,,,,,,,,,,,,,,,,,,,,,,,,
D03_RD14-0003-44_45_46_47-1;1;4;1-M2d-0.441IP-Q0.8_004.10sec.fsa,TH01,G,OL,159.01,7,5,164.16,9,6,168.32,449,6.3,171.1,9,7,172.35,1856,8,176.38,44,9,180.5,1358,9.3,183.68,32,11,188.56,2,OL,193.36,3,OL,197.32,2,,,,,,,,,,,,,,,,,,,,,,,,,,,,,,,,,,,,,,,,,,,,,,,,,,,,,,,,,,,,,,,,,,,,,,,,,,,,,,,,,,,,,,,,,,,,,,,,,,,,,,,,,,,,,,,,,,,,,,,,,,,,,,,,,,,,,,,,,,,,,,,,,,,,,,,,,,,,,,,,,,,,,,,,,,,,,,,,,,,,,,,,,,,,,,,,,,,,,,,,,,,,,,,,,,,,,,,,,,,,,,,,,,,,,,,,,,,,,,,,,,,,,,,,,,,,,,,,,,,,,,,,,,,
D03_RD14-0003-44_45_46_47-1;1;4;1-M2d-0.441IP-Q0.8_004.10sec.fsa,D13S317,G,OL,204.9,3,7,211.14,9,8,215.07,299,10,223.31,22,OL,225.07,2,OL,225.71,3,11,227.26,89,12,231.22,2000,13,235.39,279,OL,242.76,2,,,,,,,,,,,,,,,,,,,,,,,,,,,,,,,,,,,,,,,,,,,,,,,,,,,,,,,,,,,,,,,,,,,,,,,,,,,,,,,,,,,,,,,,,,,,,,,,,,,,,,,,,,,,,,,,,,,,,,,,,,,,,,,,,,,,,,,,,,,,,,,,,,,,,,,,,,,,,,,,,,,,,,,,,,,,,,,,,,,,,,,,,,,,,,,,,,,,,,,,,,,,,,,,,,,,,,,,,,,,,,,,,,,,,,,,,,,,,,,,,,,,,,,,,,,,,,,,,,,,,,,,,,,,,,
D03_RD14-0003-44_45_46_47-1;1;4;1-M2d-0.441IP-Q0.8_004.10sec.fsa,D16S539,G,OL,250.77,4,OL,252.11,3,OL,256.37,5,OL,257.91,5,7,259.3,3,OL,263.78,3,9,267.06,24,10,271.22,256,11,275.17,796,OL,277.26,4,12,279.13,1342,14,287,3,OL,292.43,4,OL,293.78,3,,,,,,,,,,,,,,,,,,,,,,,,,,,,,,,,,,,,,,,,,,,,,,,,,,,,,,,,,,,,,,,,,,,,,,,,,,,,,,,,,,,,,,,,,,,,,,,,,,,,,,,,,,,,,,,,,,,,,,,,,,,,,,,,,,,,,,,,,,,,,,,,,,,,,,,,,,,,,,,,,,,,,,,,,,,,,,,,,,,,,,,,,,,,,,,,,,,,,,,,,,,,,,,,,,,,,,,,,,,,,,,,,,,,,,,,,,,,,,,,,,,,,,,,,,,,,,,,,,
D03_RD14-0003-44_45_46_47-1;1;4;1-M2d-0.441IP-Q0.8_004.10sec.fsa,D2S1338,G,OL,302.24,3,OL,303.16,2,15,304.57,8,16,308.52,155,18,316.56,24,19,320.83,336,OL,323.48,2,OL,327.47,3,OL,328.52,5,21,329.05,5,22,332.94,12,OL,334.73,2,23,337.03,133,24,340.91,202,25,345.01,1043,26,349.42,1,OL,351.24,4,,,,,,,,,,,,,,,,,,,,,,,,,,,,,,,,,,,,,,,,,,,,,,,,,,,,,,,,,,,,,,,,,,,,,,,,,,,,,,,,,,,,,,,,,,,,,,,,,,,,,,,,,,,,,,,,,,,,,,,,,,,,,,,,,,,,,,,,,,,,,,,,,,,,,,,,,,,,,,,,,,,,,,,,,,,,,,,,,,,,,,,,,,,,,,,,,,,,,,,,,,,,,,,,,,,,,,,,,,,,,,,,,,,,,,,,,,,,,,,,,,,,,,,,,
D03_RD14-0003-44_45_46_47-1;1;4;1-M2d-0.441IP-Q0.8_004.10sec.fsa,D19S433,Y,9,99.59,32,OL,100.69,6,10,103.81,1121,11,107.94,355,12,112.03,80,12.2,114.13,8,13,116.05,1214,13.2,118.16,21,14,119.93,313,14.2,121.93,251,15,123.87,333,OL,126.63,7,17,132.04,9,,,,,,,,,,,,,,,,,,,,,,,,,,,,,,,,,,,,,,,,,,,,,,,,,,,,,,,,,,,,,,,,,,,,,,,,,,,,,,,,,,,,,,,,,,,,,,,,,,,,,,,,,,,,,,,,,,,,,,,,,,,,,,,,,,,,,,,,,,,,,,,,,,,,,,,,,,,,,,,,,,,,,,,,,,,,,,,,,,,,,,,,,,,,,,,,,,,,,,,,,,,,,,,,,,,,,,,,,,,,,,,,,,,,,,,,,,,,,,,,,,,,,,,,,,,,,,,,,,,,,
D03_RD14-0003-44_45_46_47-1;1;4;1-M2d-0.441IP-Q0.8_004.10sec.fsa,vWA,Y,OL,148.88,21,OL,150.29,8,OL,152.81,9,13,159.86,165,15,167.98,98,16,172.01,1420,18,180.14,136,19,184.32,24,OL,185.24,10,20,188.35,246,OL,195.62,5,24,205.32,6,,,,,,,,,,,,,,,,,,,,,,,,,,,,,,,,,,,,,,,,,,,,,,,,,,,,,,,,,,,,,,,,,,,,,,,,,,,,,,,,,,,,,,,,,,,,,,,,,,,,,,,,,,,,,,,,,,,,,,,,,,,,,,,,,,,,,,,,,,,,,,,,,,,,,,,,,,,,,,,,,,,,,,,,,,,,,,,,,,,,,,,,,,,,,,,,,,,,,,,,,,,,,,,,,,,,,,,,,,,,,,,,,,,,,,,,,,,,,,,,,,,,,,,,,,,,,,,,,,,,,,,,
D03_RD14-0003-44_45_46_47-1;1;4;1-M2d-0.441IP-Q0.8_004.10sec.fsa,TPOX,Y,6,220.42,9,7,224.51,20,8,228.53,1144,OL,231.14,12,9,232.21,10,10,236.6,158,11,240.58,366,OL,251.83,5,,,,,,,,,,,,,,,,,,,,,,,,,,,,,,,,,,,,,,,,,,,,,,,,,,,,,,,,,,,,,,,,,,,,,,,,,,,,,,,,,,,,,,,,,,,,,,,,,,,,,,,,,,,,,,,,,,,,,,,,,,,,,,,,,,,,,,,,,,,,,,,,,,,,,,,,,,,,,,,,,,,,,,,,,,,,,,,,,,,,,,,,,,,,,,,,,,,,,,,,,,,,,,,,,,,,,,,,,,,,,,,,,,,,,,,,,,,,,,,,,,,,,,,,,,,,,,,,,,,,,,,,,,,,,,,,,,,,
D03_RD14-0003-44_45_46_47-1;1;4;1-M2d-0.441IP-Q0.8_004.10sec.fsa,D18S51,Y,OL,266.35,9,12,280.93,131,13,284.93,475,14,289.07,23,OL,290.21,4,15,293,51,16,296.93,159,17,300.84,192,18,304.79,395,21.2,318.98,8,22,321.82,10,OL,344.55,12,,,,,,,,,,,,,,,,,,,,,,,,,,,,,,,,,,,,,,,,,,,,,,,,,,,,,,,,,,,,,,,,,,,,,,,,,,,,,,,,,,,,,,,,,,,,,,,,,,,,,,,,,,,,,,,,,,,,,,,,,,,,,,,,,,,,,,,,,,,,,,,,,,,,,,,,,,,,,,,,,,,,,,,,,,,,,,,,,,,,,,,,,,,,,,,,,,,,,,,,,,,,,,,,,,,,,,,,,,,,,,,,,,,,,,,,,,,,,,,,,,,,,,,,,,,,,,,,,,,,,,,,
D03_RD14-0003-44_45_46_47-1;1;4;1-M2d-0.441IP-Q0.8_004.10sec.fsa,AMEL,R,X,104.91,1327,Y,110.81,1668,,,,,,,,,,,,,,,,,,,,,,,,,,,,,,,,,,,,,,,,,,,,,,,,,,,,,,,,,,,,,,,,,,,,,,,,,,,,,,,,,,,,,,,,,,,,,,,,,,,,,,,,,,,,,,,,,,,,,,,,,,,,,,,,,,,,,,,,,,,,,,,,,,,,,,,,,,,,,,,,,,,,,,,,,,,,,,,,,,,,,,,,,,,,,,,,,,,,,,,,,,,,,,,,,,,,,,,,,,,,,,,,,,,,,,,,,,,,,,,,,,,,,,,,,,,,,,,,,,,,,,,,,,,,,,,,,,,,,,,,,,,,,,,,,,,,,,
D03_RD14-0003-44_45_46_47-1;1;4;1-M2d-0.441IP-Q0.8_004.10sec.fsa,D5S818,R,OL,129.8,3,OL,131.23,8,OL,137.59,10,9,140.63,5,10,144.68,73,11,148.74,1695,12,152.89,324,OL,154.43,7,OL,155.77,7,13,156.97,27,,,,,,,,,,,,,,,,,,,,,,,,,,,,,,,,,,,,,,,,,,,,,,,,,,,,,,,,,,,,,,,,,,,,,,,,,,,,,,,,,,,,,,,,,,,,,,,,,,,,,,,,,,,,,,,,,,,,,,,,,,,,,,,,,,,,,,,,,,,,,,,,,,,,,,,,,,,,,,,,,,,,,,,,,,,,,,,,,,,,,,,,,,,,,,,,,,,,,,,,,,,,,,,,,,,,,,,,,,,,,,,,,,,,,,,,,,,,,,,,,,,,,,,,,,,,,,,,,,,,,,,,,,,,,,
D03_RD14-0003-44_45_46_47-1;1;4;1-M2d-0.441IP-Q0.8_004.10sec.fsa,FGA,R,OL,211.7,10,17,212.61,8,OL,217.64,8,20,225,20,21,229.02,255,22,233.13,195,23,237.16,72,24,241.31,178,25,245.45,576,26,249.57,587,27.2,255.61,6,OL,256.51,7,28.2,259.3,5,30.2,267.71,9,32,273.3,5,OL,281.07,7,34.2,283.5,8,OL,302.45,7,OL,303.72,11,OL,332.94,6,OL,350.02,6,,,,,,,,,,,,,,,,,,,,,,,,,,,,,,,,,,,,,,,,,,,,,,,,,,,,,,,,,,,,,,,,,,,,,,,,,,,,,,,,,,,,,,,,,,,,,,,,,,,,,,,,,,,,,,,,,,,,,,,,,,,,,,,,,,,,,,,,,,,,,,,,,,,,,,,,,,,,,,,,,,,,,,,,,,,,,,,,,,,,,,,,,,,,,,,,,,,,,,,,,,,,,,,,,,,,,,,,,,,,,,,,,,,,,,,,,,,,,
D04_RD14-0003-36_37_38_39-1;2;2;1-M2a-0.378IP-Q0.7_004.10sec.fsa,D8S1179,B,OL,124.33,1,9,125.4,23,10,129.43,407,OL,131.8,2,11,133.5,38,12,137.53,373,13,141.81,1435,14,145.87,30,15,150.07,436,OL,161.53,2,OL,164.93,3,OL,171.45,4,OL,172.36,9,,,,,,,,,,,,,,,,,,,,,,,,,,,,,,,,,,,,,,,,,,,,,,,,,,,,,,,,,,,,,,,,,,,,,,,,,,,,,,,,,,,,,,,,,,,,,,,,,,,,,,,,,,,,,,,,,,,,,,,,,,,,,,,,,,,,,,,,,,,,,,,,,,,,,,,,,,,,,,,,,,,,,,,,,,,,,,,,,,,,,,,,,,,,,,,,,,,,,,,,,,,,,,,,,,,,,,,,,,,,,,,,,,,,,,,,,,,,,,,,,,,,,,,,,,,,,,,,,,,,,
D04_RD14-0003-36_37_38_39-1;2;2;1-M2a-0.378IP-Q0.7_004.10sec.fsa,D21S11,B,24.2,183.81,7,25,185.86,3,27,194.31,34,28,198.45,644,29,202.47,622,30,206.45,761,30.2,208.39,30,31,210.46,5,31.2,212.4,578,33,219,5,34,223.22,5,35,227.08,7,OL,230.18,1,36,231.02,10,37.2,236.67,1,,,,,,,,,,,,,,,,,,,,,,,,,,,,,,,,,,,,,,,,,,,,,,,,,,,,,,,,,,,,,,,,,,,,,,,,,,,,,,,,,,,,,,,,,,,,,,,,,,,,,,,,,,,,,,,,,,,,,,,,,,,,,,,,,,,,,,,,,,,,,,,,,,,,,,,,,,,,,,,,,,,,,,,,,,,,,,,,,,,,,,,,,,,,,,,,,,,,,,,,,,,,,,,,,,,,,,,,,,,,,,,,,,,,,,,,,,,,,,,,,,,,,,,,,,,,,,,
D04_RD14-0003-36_37_38_39-1;2;2;1-M2a-0.378IP-Q0.7_004.10sec.fsa,D7S820,B,OL,251.26,2,7,257.86,23,8,261.92,762,9,265.84,390,10,269.92,71,11,273.94,606,OL,276.96,6,12,277.98,46,OL,281.36,3,OL,285.5,2,OL,292.78,3,,,,,,,,,,,,,,,,,,,,,,,,,,,,,,,,,,,,,,,,,,,,,,,,,,,,,,,,,,,,,,,,,,,,,,,,,,,,,,,,,,,,,,,,,,,,,,,,,,,,,,,,,,,,,,,,,,,,,,,,,,,,,,,,,,,,,,,,,,,,,,,,,,,,,,,,,,,,,,,,,,,,,,,,,,,,,,,,,,,,,,,,,,,,,,,,,,,,,,,,,,,,,,,,,,,,,,,,,,,,,,,,,,,,,,,,,,,,,,,,,,,,,,,,,,,,,,,,,,,,,,,,,,,
D04_RD14-0003-36_37_38_39-1;2;2;1-M2a-0.378IP-Q0.7_004.10sec.fsa,CSF1PO,B,5,298.5,6,5,299.14,3,OL,299.93,3,9,314.38,60,10,318.61,1349,11,322.71,345,12,326.77,1066,OL,336.8,2,OL,337.62,2,,,,,,,,,,,,,,,,,,,,,,,,,,,,,,,,,,,,,,,,,,,,,,,,,,,,,,,,,,,,,,,,,,,,,,,,,,,,,,,,,,,,,,,,,,,,,,,,,,,,,,,,,,,,,,,,,,,,,,,,,,,,,,,,,,,,,,,,,,,,,,,,,,,,,,,,,,,,,,,,,,,,,,,,,,,,,,,,,,,,,,,,,,,,,,,,,,,,,,,,,,,,,,,,,,,,,,,,,,,,,,,,,,,,,,,,,,,,,,,,,,,,,,,,,,,,,,,,,,,,,,,,,,,,,,,,,
D04_RD14-0003-36_37_38_39-1;2;2;1-M2a-0.378IP-Q0.7_004.10sec.fsa,D3S1358,G,OL,94.74,6,OL,101.6,5,12,109.92,3,13,114.26,47,OL,115.45,7,OL,115.92,6,14,118.29,706,OL,119.87,11,15,122.06,961,16,126.14,530,17,130.24,1154,20,142.72,5,,,,,,,,,,,,,,,,,,,,,,,,,,,,,,,,,,,,,,,,,,,,,,,,,,,,,,,,,,,,,,,,,,,,,,,,,,,,,,,,,,,,,,,,,,,,,,,,,,,,,,,,,,,,,,,,,,,,,,,,,,,,,,,,,,,,,,,,,,,,,,,,,,,,,,,,,,,,,,,,,,,,,,,,,,,,,,,,,,,,,,,,,,,,,,,,,,,,,,,,,,,,,,,,,,,,,,,,,,,,,,,,,,,,,,,,,,,,,,,,,,,,,,,,,,,,,,,,,,,,,,,,
D04_RD14-0003-36_37_38_39-1;2;2;1-M2a-0.378IP-Q0.7_004.10sec.fsa,TH01,G,5,164.23,20,6,168.4,1136,7,172.43,1870,8,176.46,224,8.3,179.51,11,9.3,183.67,866,OL,190.29,4,13.3,200.48,7,,,,,,,,,,,,,,,,,,,,,,,,,,,,,,,,,,,,,,,,,,,,,,,,,,,,,,,,,,,,,,,,,,,,,,,,,,,,,,,,,,,,,,,,,,,,,,,,,,,,,,,,,,,,,,,,,,,,,,,,,,,,,,,,,,,,,,,,,,,,,,,,,,,,,,,,,,,,,,,,,,,,,,,,,,,,,,,,,,,,,,,,,,,,,,,,,,,,,,,,,,,,,,,,,,,,,,,,,,,,,,,,,,,,,,,,,,,,,,,,,,,,,,,,,,,,,,,,,,,,,,,,,,,,,,,,,,,,
D04_RD14-0003-36_37_38_39-1;2;2;1-M2a-0.378IP-Q0.7_004.10sec.fsa,D13S317,G,OL,208.66,6,OL,210.6,7,8,215,22,9,219.14,1022,10,223.15,312,11,227.22,1333,12,231.24,951,13,235.19,8,,,,,,,,,,,,,,,,,,,,,,,,,,,,,,,,,,,,,,,,,,,,,,,,,,,,,,,,,,,,,,,,,,,,,,,,,,,,,,,,,,,,,,,,,,,,,,,,,,,,,,,,,,,,,,,,,,,,,,,,,,,,,,,,,,,,,,,,,,,,,,,,,,,,,,,,,,,,,,,,,,,,,,,,,,,,,,,,,,,,,,,,,,,,,,,,,,,,,,,,,,,,,,,,,,,,,,,,,,,,,,,,,,,,,,,,,,,,,,,,,,,,,,,,,,,,,,,,,,,,,,,,,,,,,,,,,,,,
D04_RD14-0003-36_37_38_39-1;2;2;1-M2a-0.378IP-Q0.7_004.10sec.fsa,D16S539,G,8,263.13,13,9,267.2,304,10,271.14,88,11,275.16,1575,12,279.2,604,13,283.14,712,OL,291.93,3,16,295.5,3,,,,,,,,,,,,,,,,,,,,,,,,,,,,,,,,,,,,,,,,,,,,,,,,,,,,,,,,,,,,,,,,,,,,,,,,,,,,,,,,,,,,,,,,,,,,,,,,,,,,,,,,,,,,,,,,,,,,,,,,,,,,,,,,,,,,,,,,,,,,,,,,,,,,,,,,,,,,,,,,,,,,,,,,,,,,,,,,,,,,,,,,,,,,,,,,,,,,,,,,,,,,,,,,,,,,,,,,,,,,,,,,,,,,,,,,,,,,,,,,,,,,,,,,,,,,,,,,,,,,,,,,,,,,,,,,,,,,
D04_RD14-0003-36_37_38_39-1;2;2;1-M2a-0.378IP-Q0.7_004.10sec.fsa,D2S1338,G,14,300.7,5,15,304.52,21,16,308.6,476,17,312.53,50,18,316.68,861,19,320.83,982,20,324.9,374,OL,328.2,5,OL,338.81,5,26,349.31,4,OL,355.3,5,OL,359.7,4,OL,362.71,10,,,,,,,,,,,,,,,,,,,,,,,,,,,,,,,,,,,,,,,,,,,,,,,,,,,,,,,,,,,,,,,,,,,,,,,,,,,,,,,,,,,,,,,,,,,,,,,,,,,,,,,,,,,,,,,,,,,,,,,,,,,,,,,,,,,,,,,,,,,,,,,,,,,,,,,,,,,,,,,,,,,,,,,,,,,,,,,,,,,,,,,,,,,,,,,,,,,,,,,,,,,,,,,,,,,,,,,,,,,,,,,,,,,,,,,,,,,,,,,,,,,,,,,,,,,,,,,,,,,,,
D04_RD14-0003-36_37_38_39-1;2;2;1-M2a-0.378IP-Q0.7_004.10sec.fsa,D19S433,Y,OL,95.15,9,OL,102.98,7,10.2,105.87,197,12,112.1,51,13,116.05,867,13.2,118.09,36,14,120,1460,14.2,121.99,411,18,135.47,6,18.2,138.01,10,OL,139.17,8,,,,,,,,,,,,,,,,,,,,,,,,,,,,,,,,,,,,,,,,,,,,,,,,,,,,,,,,,,,,,,,,,,,,,,,,,,,,,,,,,,,,,,,,,,,,,,,,,,,,,,,,,,,,,,,,,,,,,,,,,,,,,,,,,,,,,,,,,,,,,,,,,,,,,,,,,,,,,,,,,,,,,,,,,,,,,,,,,,,,,,,,,,,,,,,,,,,,,,,,,,,,,,,,,,,,,,,,,,,,,,,,,,,,,,,,,,,,,,,,,,,,,,,,,,,,,,,,,,,,,,,,,,,
D04_RD14-0003-36_37_38_39-1;2;2;1-M2a-0.378IP-Q0.7_004.10sec.fsa,vWA,Y,OL,154.71,5,14,163.89,20,15,168.05,208,16,172.08,817,17,176.11,531,18,180.14,1021,18.2,182.47,6,19,184.3,236,OL,187.27,4,20,187.97,11,20,188.67,9,OL,193.39,9,OL,201.16,7,,,,,,,,,,,,,,,,,,,,,,,,,,,,,,,,,,,,,,,,,,,,,,,,,,,,,,,,,,,,,,,,,,,,,,,,,,,,,,,,,,,,,,,,,,,,,,,,,,,,,,,,,,,,,,,,,,,,,,,,,,,,,,,,,,,,,,,,,,,,,,,,,,,,,,,,,,,,,,,,,,,,,,,,,,,,,,,,,,,,,,,,,,,,,,,,,,,,,,,,,,,,,,,,,,,,,,,,,,,,,,,,,,,,,,,,,,,,,,,,,,,,,,,,,,,,,,,,,,,,,
D04_RD14-0003-36_37_38_39-1;2;2;1-M2a-0.378IP-Q0.7_004.10sec.fsa,TPOX,Y,OL,218.93,15,6,220.56,235,OL,223.15,10,7,224.48,27,8,228.49,1041,9,232.43,20,10,236.53,535,11,240.44,43,12,244.69,395,,,,,,,,,,,,,,,,,,,,,,,,,,,,,,,,,,,,,,,,,,,,,,,,,,,,,,,,,,,,,,,,,,,,,,,,,,,,,,,,,,,,,,,,,,,,,,,,,,,,,,,,,,,,,,,,,,,,,,,,,,,,,,,,,,,,,,,,,,,,,,,,,,,,,,,,,,,,,,,,,,,,,,,,,,,,,,,,,,,,,,,,,,,,,,,,,,,,,,,,,,,,,,,,,,,,,,,,,,,,,,,,,,,,,,,,,,,,,,,,,,,,,,,,,,,,,,,,,,,,,,,,,,,,,,,,,
D04_RD14-0003-36_37_38_39-1;2;2;1-M2a-0.378IP-Q0.7_004.10sec.fsa,D18S51,Y,OL,272.21,8,10.2,274.73,16,OL,279.71,10,13,285,45,OL,287.64,6,14,288.93,72,15,292.93,902,16,297,102,17,300.91,1126,18,304.87,254,19,308.75,13,20,312.97,57,21,317.3,8,OL,318.45,16,OL,331.57,7,OL,343.25,5,,,,,,,,,,,,,,,,,,,,,,,,,,,,,,,,,,,,,,,,,,,,,,,,,,,,,,,,,,,,,,,,,,,,,,,,,,,,,,,,,,,,,,,,,,,,,,,,,,,,,,,,,,,,,,,,,,,,,,,,,,,,,,,,,,,,,,,,,,,,,,,,,,,,,,,,,,,,,,,,,,,,,,,,,,,,,,,,,,,,,,,,,,,,,,,,,,,,,,,,,,,,,,,,,,,,,,,,,,,,,,,,,,,,,,,,,,,,,,,,,,,,,,,,,,,,
D04_RD14-0003-36_37_38_39-1;2;2;1-M2a-0.378IP-Q0.7_004.10sec.fsa,AMEL,R,X,104.91,914,Y,110.8,1077,,,,,,,,,,,,,,,,,,,,,,,,,,,,,,,,,,,,,,,,,,,,,,,,,,,,,,,,,,,,,,,,,,,,,,,,,,,,,,,,,,,,,,,,,,,,,,,,,,,,,,,,,,,,,,,,,,,,,,,,,,,,,,,,,,,,,,,,,,,,,,,,,,,,,,,,,,,,,,,,,,,,,,,,,,,,,,,,,,,,,,,,,,,,,,,,,,,,,,,,,,,,,,,,,,,,,,,,,,,,,,,,,,,,,,,,,,,,,,,,,,,,,,,,,,,,,,,,,,,,,,,,,,,,,,,,,,,,,,,,,,,,,,,,,,,,,,
D04_RD14-0003-36_37_38_39-1;2;2;1-M2a-0.378IP-Q0.7_004.10sec.fsa,D5S818,R,9,140.42,12,10,144.61,300,11,148.81,702,12,152.88,1076,13,156.89,545,OL,174.09,9,OL,174.86,6,,,,,,,,,,,,,,,,,,,,,,,,,,,,,,,,,,,,,,,,,,,,,,,,,,,,,,,,,,,,,,,,,,,,,,,,,,,,,,,,,,,,,,,,,,,,,,,,,,,,,,,,,,,,,,,,,,,,,,,,,,,,,,,,,,,,,,,,,,,,,,,,,,,,,,,,,,,,,,,,,,,,,,,,,,,,,,,,,,,,,,,,,,,,,,,,,,,,,,,,,,,,,,,,,,,,,,,,,,,,,,,,,,,,,,,,,,,,,,,,,,,,,,,,,,,,,,,,,,,,,,,,,,,,,,,,,,,,,,,
D04_RD14-0003-36_37_38_39-1;2;2;1-M2a-0.378IP-Q0.7_004.10sec.fsa,FGA,R,OL,209.42,11,OL,213.24,8,18,216.78,6,OL,221.61,10,OL,225.61,9,21,228.98,81,22,233.07,1310,22.2,235.12,173,23,237.1,182,24,241.25,428,24.2,242.79,10,25,245.42,280,31,269.41,9,OL,277.11,12,OL,277.98,12,OL,281.57,7,OL,289.43,5,OL,297.36,8,OL,300.56,5,OL,303.95,4,OL,305.66,6,OL,306.73,7,OL,309.47,11,OL,310.41,7,OL,314.84,7,43.2,319.85,7,44.2,324.45,6,45.2,328.05,7,OL,333.22,6,OL,342.12,7,OL,343.71,7,OL,347.19,8,OL,354.77,8,,,,,,,,,,,,,,,,,,,,,,,,,,,,,,,,,,,,,,,,,,,,,,,,,,,,,,,,,,,,,,,,,,,,,,,,,,,,,,,,,,,,,,,,,,,,,,,,,,,,,,,,,,,,,,,,,,,,,,,,,,,,,,,,,,,,,,,,,,,,,,,,,,,,,,,,,,,,,,,,,,,,,,,,,,,,,,,,,,,,,,,,,,,,,,,,,,,,,,,,,
D05_RD14-0003-36_37_38_39-1;2;2;1-M2e-0.75IP-Q1.2_004.10sec.fsa,D8S1179,B,7,117.37,8,OL,120,3,OL,123.29,3,9,125.35,28,10,129.38,554,11,133.45,34,12,137.5,632,13,141.82,2366,14,145.89,31,15,150.06,458,OL,155.72,4,OL,174.31,4,OL,175.11,4,,,,,,,,,,,,,,,,,,,,,,,,,,,,,,,,,,,,,,,,,,,,,,,,,,,,,,,,,,,,,,,,,,,,,,,,,,,,,,,,,,,,,,,,,,,,,,,,,,,,,,,,,,,,,,,,,,,,,,,,,,,,,,,,,,,,,,,,,,,,,,,,,,,,,,,,,,,,,,,,,,,,,,,,,,,,,,,,,,,,,,,,,,,,,,,,,,,,,,,,,,,,,,,,,,,,,,,,,,,,,,,,,,,,,,,,,,,,,,,,,,,,,,,,,,,,,,,,,,,,,
D05_RD14-0003-36_37_38_39-1;2;2;1-M2e-0.75IP-Q1.2_004.10sec.fsa,D21S11,B,24,182.09,5,24.2,184.55,5,25,185.82,6,OL,188.88,2,27,194.32,32,28,198.43,660,29,202.47,438,30,206.42,572,30.2,208.4,28,31.2,212.37,489,32.2,216.27,5,OL,219.85,6,OL,235.75,6,OL,237.95,5,OL,240.16,4,,,,,,,,,,,,,,,,,,,,,,,,,,,,,,,,,,,,,,,,,,,,,,,,,,,,,,,,,,,,,,,,,,,,,,,,,,,,,,,,,,,,,,,,,,,,,,,,,,,,,,,,,,,,,,,,,,,,,,,,,,,,,,,,,,,,,,,,,,,,,,,,,,,,,,,,,,,,,,,,,,,,,,,,,,,,,,,,,,,,,,,,,,,,,,,,,,,,,,,,,,,,,,,,,,,,,,,,,,,,,,,,,,,,,,,,,,,,,,,,,,,,,,,,,,,,,,,
D05_RD14-0003-36_37_38_39-1;2;2;1-M2e-0.75IP-Q1.2_004.10sec.fsa,D7S820,B,5,250.07,5,7,257.84,16,8,261.83,570,9,265.89,127,10,269.95,102,11,273.96,353,OL,282.99,6,,,,,,,,,,,,,,,,,,,,,,,,,,,,,,,,,,,,,,,,,,,,,,,,,,,,,,,,,,,,,,,,,,,,,,,,,,,,,,,,,,,,,,,,,,,,,,,,,,,,,,,,,,,,,,,,,,,,,,,,,,,,,,,,,,,,,,,,,,,,,,,,,,,,,,,,,,,,,,,,,,,,,,,,,,,,,,,,,,,,,,,,,,,,,,,,,,,,,,,,,,,,,,,,,,,,,,,,,,,,,,,,,,,,,,,,,,,,,,,,,,,,,,,,,,,,,,,,,,,,,,,,,,,,,,,,,,,,,,,
D05_RD14-0003-36_37_38_39-1;2;2;1-M2e-0.75IP-Q1.2_004.10sec.fsa,CSF1PO,B,OL,302.1,4,OL,305.44,3,OL,305.9,2,9,314.58,19,10,318.66,619,10.2,321.13,3,11,322.75,208,12,326.77,318,13,330.78,5,OL,339.84,3,OL,341.3,3,,,,,,,,,,,,,,,,,,,,,,,,,,,,,,,,,,,,,,,,,,,,,,,,,,,,,,,,,,,,,,,,,,,,,,,,,,,,,,,,,,,,,,,,,,,,,,,,,,,,,,,,,,,,,,,,,,,,,,,,,,,,,,,,,,,,,,,,,,,,,,,,,,,,,,,,,,,,,,,,,,,,,,,,,,,,,,,,,,,,,,,,,,,,,,,,,,,,,,,,,,,,,,,,,,,,,,,,,,,,,,,,,,,,,,,,,,,,,,,,,,,,,,,,,,,,,,,,,,,,,,,,,,,
D05_RD14-0003-36_37_38_39-1;2;2;1-M2e-0.75IP-Q1.2_004.10sec.fsa,D3S1358,G,OL,94.51,6,OL,97.56,5,OL,105.52,6,11,106.3,3,12,110.37,6,13,114.27,59,OL,115.55,8,14,118.25,782,15,122.05,1270,16,126.25,574,17,130.22,1123,,,,,,,,,,,,,,,,,,,,,,,,,,,,,,,,,,,,,,,,,,,,,,,,,,,,,,,,,,,,,,,,,,,,,,,,,,,,,,,,,,,,,,,,,,,,,,,,,,,,,,,,,,,,,,,,,,,,,,,,,,,,,,,,,,,,,,,,,,,,,,,,,,,,,,,,,,,,,,,,,,,,,,,,,,,,,,,,,,,,,,,,,,,,,,,,,,,,,,,,,,,,,,,,,,,,,,,,,,,,,,,,,,,,,,,,,,,,,,,,,,,,,,,,,,,,,,,,,,,,,,,,,,,
D05_RD14-0003-36_37_38_39-1;2;2;1-M2e-0.75IP-Q1.2_004.10sec.fsa,TH01,G,OL,154.76,6,3,156.31,7,OL,158.89,10,OL,162.61,10,5,164.28,17,5.3,167.18,21,6,168.34,1305,7,172.41,2526,7.3,175.26,12,8,176.42,534,9.3,183.65,463,OL,191.71,8,OL,196.27,6,OL,197.31,5,,,,,,,,,,,,,,,,,,,,,,,,,,,,,,,,,,,,,,,,,,,,,,,,,,,,,,,,,,,,,,,,,,,,,,,,,,,,,,,,,,,,,,,,,,,,,,,,,,,,,,,,,,,,,,,,,,,,,,,,,,,,,,,,,,,,,,,,,,,,,,,,,,,,,,,,,,,,,,,,,,,,,,,,,,,,,,,,,,,,,,,,,,,,,,,,,,,,,,,,,,,,,,,,,,,,,,,,,,,,,,,,,,,,,,,,,,,,,,,,,,,,,,,,,,,,,,,,,,
D05_RD14-0003-36_37_38_39-1;2;2;1-M2e-0.75IP-Q1.2_004.10sec.fsa,D13S317,G,OL,203.5,7,OL,204.08,6,OL,207.81,7,7,210.9,7,OL,212.37,4,8,214.98,16,OL,215.82,6,9,219.09,568,10,223.15,227,11,227.22,924,12,231.21,827,OL,234.01,6,OL,234.77,6,OL,236.81,4,,,,,,,,,,,,,,,,,,,,,,,,,,,,,,,,,,,,,,,,,,,,,,,,,,,,,,,,,,,,,,,,,,,,,,,,,,,,,,,,,,,,,,,,,,,,,,,,,,,,,,,,,,,,,,,,,,,,,,,,,,,,,,,,,,,,,,,,,,,,,,,,,,,,,,,,,,,,,,,,,,,,,,,,,,,,,,,,,,,,,,,,,,,,,,,,,,,,,,,,,,,,,,,,,,,,,,,,,,,,,,,,,,,,,,,,,,,,,,,,,,,,,,,,,,,,,,,,,,
D05_RD14-0003-36_37_38_39-1;2;2;1-M2e-0.75IP-Q1.2_004.10sec.fsa,D16S539,G,5,251.8,5,8,263.05,12,OL,264.74,5,9,267.19,158,10,271.26,22,11,275.2,495,12,279.22,222,13,283.14,575,14,287.05,6,OL,289.88,7,,,,,,,,,,,,,,,,,,,,,,,,,,,,,,,,,,,,,,,,,,,,,,,,,,,,,,,,,,,,,,,,,,,,,,,,,,,,,,,,,,,,,,,,,,,,,,,,,,,,,,,,,,,,,,,,,,,,,,,,,,,,,,,,,,,,,,,,,,,,,,,,,,,,,,,,,,,,,,,,,,,,,,,,,,,,,,,,,,,,,,,,,,,,,,,,,,,,,,,,,,,,,,,,,,,,,,,,,,,,,,,,,,,,,,,,,,,,,,,,,,,,,,,,,,,,,,,,,,,,,,,,,,,,,,
D05_RD14-0003-36_37_38_39-1;2;2;1-M2e-0.75IP-Q1.2_004.10sec.fsa,D2S1338,G,15,304.6,20,16,308.6,384,17,312.58,24,18,316.74,417,19,320.89,650,20,325,415,OL,332.53,5,22,333.09,4,OL,356.08,5,28,357.63,7,OL,359.18,5,,,,,,,,,,,,,,,,,,,,,,,,,,,,,,,,,,,,,,,,,,,,,,,,,,,,,,,,,,,,,,,,,,,,,,,,,,,,,,,,,,,,,,,,,,,,,,,,,,,,,,,,,,,,,,,,,,,,,,,,,,,,,,,,,,,,,,,,,,,,,,,,,,,,,,,,,,,,,,,,,,,,,,,,,,,,,,,,,,,,,,,,,,,,,,,,,,,,,,,,,,,,,,,,,,,,,,,,,,,,,,,,,,,,,,,,,,,,,,,,,,,,,,,,,,,,,,,,,,,,,,,,,,,
D05_RD14-0003-36_37_38_39-1;2;2;1-M2e-0.75IP-Q1.2_004.10sec.fsa,D19S433,Y,OL,95.48,5,9.2,101.63,20,10.2,105.88,436,11,107.78,14,12,112.05,100,13,116.03,1419,13.2,117.98,55,14,119.93,1946,14.2,121.91,639,16.2,130.36,20,OL,131.27,11,OL,134.51,9,18,135.51,8,OL,140,11,,,,,,,,,,,,,,,,,,,,,,,,,,,,,,,,,,,,,,,,,,,,,,,,,,,,,,,,,,,,,,,,,,,,,,,,,,,,,,,,,,,,,,,,,,,,,,,,,,,,,,,,,,,,,,,,,,,,,,,,,,,,,,,,,,,,,,,,,,,,,,,,,,,,,,,,,,,,,,,,,,,,,,,,,,,,,,,,,,,,,,,,,,,,,,,,,,,,,,,,,,,,,,,,,,,,,,,,,,,,,,,,,,,,,,,,,,,,,,,,,,,,,,,,,,,,,,,,,,
D05_RD14-0003-36_37_38_39-1;2;2;1-M2e-0.75IP-Q1.2_004.10sec.fsa,vWA,Y,10,148.01,8,OL,154.91,3,14,163.84,15,15,168.05,257,16,172.05,674,17,176.06,345,18,180.15,852,19,184.25,125,,,,,,,,,,,,,,,,,,,,,,,,,,,,,,,,,,,,,,,,,,,,,,,,,,,,,,,,,,,,,,,,,,,,,,,,,,,,,,,,,,,,,,,,,,,,,,,,,,,,,,,,,,,,,,,,,,,,,,,,,,,,,,,,,,,,,,,,,,,,,,,,,,,,,,,,,,,,,,,,,,,,,,,,,,,,,,,,,,,,,,,,,,,,,,,,,,,,,,,,,,,,,,,,,,,,,,,,,,,,,,,,,,,,,,,,,,,,,,,,,,,,,,,,,,,,,,,,,,,,,,,,,,,,,,,,,,,,
D05_RD14-0003-36_37_38_39-1;2;2;1-M2e-0.75IP-Q1.2_004.10sec.fsa,TPOX,Y,OL,214.53,4,6,220.45,199,8,228.5,1020,10,236.59,443,11,240.55,192,12,244.66,276,OL,248.07,9,OL,249.69,3,OL,250.52,9,OL,256.28,8,,,,,,,,,,,,,,,,,,,,,,,,,,,,,,,,,,,,,,,,,,,,,,,,,,,,,,,,,,,,,,,,,,,,,,,,,,,,,,,,,,,,,,,,,,,,,,,,,,,,,,,,,,,,,,,,,,,,,,,,,,,,,,,,,,,,,,,,,,,,,,,,,,,,,,,,,,,,,,,,,,,,,,,,,,,,,,,,,,,,,,,,,,,,,,,,,,,,,,,,,,,,,,,,,,,,,,,,,,,,,,,,,,,,,,,,,,,,,,,,,,,,,,,,,,,,,,,,,,,,,,,,,,,,,,
D05_RD14-0003-36_37_38_39-1;2;2;1-M2e-0.75IP-Q1.2_004.10sec.fsa,D18S51,Y,9,268.26,10,13,284.9,22,14,288.89,52,15,292.95,412,16,296.93,49,17,300.9,513,18,304.83,75,20,312.89,45,,,,,,,,,,,,,,,,,,,,,,,,,,,,,,,,,,,,,,,,,,,,,,,,,,,,,,,,,,,,,,,,,,,,,,,,,,,,,,,,,,,,,,,,,,,,,,,,,,,,,,,,,,,,,,,,,,,,,,,,,,,,,,,,,,,,,,,,,,,,,,,,,,,,,,,,,,,,,,,,,,,,,,,,,,,,,,,,,,,,,,,,,,,,,,,,,,,,,,,,,,,,,,,,,,,,,,,,,,,,,,,,,,,,,,,,,,,,,,,,,,,,,,,,,,,,,,,,,,,,,,,,,,,,,,,,,,,,
D05_RD14-0003-36_37_38_39-1;2;2;1-M2e-0.75IP-Q1.2_004.10sec.fsa,AMEL,R,X,104.89,1738,Y,110.79,1517,,,,,,,,,,,,,,,,,,,,,,,,,,,,,,,,,,,,,,,,,,,,,,,,,,,,,,,,,,,,,,,,,,,,,,,,,,,,,,,,,,,,,,,,,,,,,,,,,,,,,,,,,,,,,,,,,,,,,,,,,,,,,,,,,,,,,,,,,,,,,,,,,,,,,,,,,,,,,,,,,,,,,,,,,,,,,,,,,,,,,,,,,,,,,,,,,,,,,,,,,,,,,,,,,,,,,,,,,,,,,,,,,,,,,,,,,,,,,,,,,,,,,,,,,,,,,,,,,,,,,,,,,,,,,,,,,,,,,,,,,,,,,,,,,,,,,,
D05_RD14-0003-36_37_38_39-1;2;2;1-M2e-0.75IP-Q1.2_004.10sec.fsa,D5S818,R,10,144.65,231,11,148.74,1205,12,152.92,1004,13,156.97,690,OL,164.13,11,OL,175.4,10,OL,176.93,10,,,,,,,,,,,,,,,,,,,,,,,,,,,,,,,,,,,,,,,,,,,,,,,,,,,,,,,,,,,,,,,,,,,,,,,,,,,,,,,,,,,,,,,,,,,,,,,,,,,,,,,,,,,,,,,,,,,,,,,,,,,,,,,,,,,,,,,,,,,,,,,,,,,,,,,,,,,,,,,,,,,,,,,,,,,,,,,,,,,,,,,,,,,,,,,,,,,,,,,,,,,,,,,,,,,,,,,,,,,,,,,,,,,,,,,,,,,,,,,,,,,,,,,,,,,,,,,,,,,,,,,,,,,,,,,,,,,,,,,
D05_RD14-0003-36_37_38_39-1;2;2;1-M2e-0.75IP-Q1.2_004.10sec.fsa,FGA,R,OL,208.03,5,16.2,210.61,11,18,217.18,10,OL,219.62,7,19.2,222.48,10,20,224.73,12,21,229.18,62,22,233.03,1082,22.2,235.15,138,23,237.12,47,24,241.25,151,25,245.36,203,OL,248.53,10,28,257.25,7,OL,262.37,8,OL,270.88,10,OL,279.07,10,OL,287.2,10,OL,290.27,7,OL,293.26,13,45.2,328.46,9,OL,330.3,7,OL,335.48,6,OL,341.13,10,OL,354.46,5,,,,,,,,,,,,,,,,,,,,,,,,,,,,,,,,,,,,,,,,,,,,,,,,,,,,,,,,,,,,,,,,,,,,,,,,,,,,,,,,,,,,,,,,,,,,,,,,,,,,,,,,,,,,,,,,,,,,,,,,,,,,,,,,,,,,,,,,,,,,,,,,,,,,,,,,,,,,,,,,,,,,,,,,,,,,,,,,,,,,,,,,,,,,,,,,,,,,,,,,,,,,,,,,,,,,,,,,,,,,,,,,,
E01_RD14-0003-40_41_42_43-1;1;1;1-M4a-0.06IP-Q0.7_001.10sec.fsa,D8S1179,B,OL,114.15,4,7,117.22,3,7,117.81,3,8,121.4,3,OL,122.73,2,OL,127.28,1,10,129.54,9,11,133.4,95,12,137.46,57,13,141.65,210,14,145.91,302,17,158.08,3,OL,164.93,1,OL,173.4,2,,,,,,,,,,,,,,,,,,,,,,,,,,,,,,,,,,,,,,,,,,,,,,,,,,,,,,,,,,,,,,,,,,,,,,,,,,,,,,,,,,,,,,,,,,,,,,,,,,,,,,,,,,,,,,,,,,,,,,,,,,,,,,,,,,,,,,,,,,,,,,,,,,,,,,,,,,,,,,,,,,,,,,,,,,,,,,,,,,,,,,,,,,,,,,,,,,,,,,,,,,,,,,,,,,,,,,,,,,,,,,,,,,,,,,,,,,,,,,,,,,,,,,,,,,,,,,,,,,
E01_RD14-0003-40_41_42_43-1;1;1;1-M4a-0.06IP-Q0.7_001.10sec.fsa,D21S11,B,23.2,179.84,4,OL,181.12,1,OL,193.17,1,27,194.54,70,28,198.39,4,28.2,200.23,4,29,202.5,24,30,206.35,8,31,210.6,114,32,214.08,4,34,222.8,9,35,226.8,98,37,235,3,OL,240,3,,,,,,,,,,,,,,,,,,,,,,,,,,,,,,,,,,,,,,,,,,,,,,,,,,,,,,,,,,,,,,,,,,,,,,,,,,,,,,,,,,,,,,,,,,,,,,,,,,,,,,,,,,,,,,,,,,,,,,,,,,,,,,,,,,,,,,,,,,,,,,,,,,,,,,,,,,,,,,,,,,,,,,,,,,,,,,,,,,,,,,,,,,,,,,,,,,,,,,,,,,,,,,,,,,,,,,,,,,,,,,,,,,,,,,,,,,,,,,,,,,,,,,,,,,,,,,,,,,
E01_RD14-0003-40_41_42_43-1;1;1;1-M4a-0.06IP-Q0.7_001.10sec.fsa,D7S820,B,7,257.81,4,8,261.93,57,9,265.88,40,10,269.84,16,11,273.89,274,12,278.12,3,OL,281.53,3,OL,292.83,2,,,,,,,,,,,,,,,,,,,,,,,,,,,,,,,,,,,,,,,,,,,,,,,,,,,,,,,,,,,,,,,,,,,,,,,,,,,,,,,,,,,,,,,,,,,,,,,,,,,,,,,,,,,,,,,,,,,,,,,,,,,,,,,,,,,,,,,,,,,,,,,,,,,,,,,,,,,,,,,,,,,,,,,,,,,,,,,,,,,,,,,,,,,,,,,,,,,,,,,,,,,,,,,,,,,,,,,,,,,,,,,,,,,,,,,,,,,,,,,,,,,,,,,,,,,,,,,,,,,,,,,,,,,,,,,,,,,,
E01_RD14-0003-40_41_42_43-1;1;1;1-M4a-0.06IP-Q0.7_001.10sec.fsa,CSF1PO,B,OL,300.08,4,OL,305.22,2,OL,306.02,3,9,314.26,4,10,318.69,62,OL,321.77,2,11,322.87,6,OL,325.22,1,12,326.9,38,OL,330.07,1,OL,332.9,3,14,334.47,3,OL,335.38,3,OL,340.08,5,,,,,,,,,,,,,,,,,,,,,,,,,,,,,,,,,,,,,,,,,,,,,,,,,,,,,,,,,,,,,,,,,,,,,,,,,,,,,,,,,,,,,,,,,,,,,,,,,,,,,,,,,,,,,,,,,,,,,,,,,,,,,,,,,,,,,,,,,,,,,,,,,,,,,,,,,,,,,,,,,,,,,,,,,,,,,,,,,,,,,,,,,,,,,,,,,,,,,,,,,,,,,,,,,,,,,,,,,,,,,,,,,,,,,,,,,,,,,,,,,,,,,,,,,,,,,,,,,,
E01_RD14-0003-40_41_42_43-1;1;1;1-M4a-0.06IP-Q0.7_001.10sec.fsa,D3S1358,G,OL,100.15,4,OL,102.84,5,OL,111.66,2,13,114,10,13,114.51,10,14,118.17,13,15,122.07,229,16,126.01,110,17,130.22,205,OL,140.55,3,OL,143.7,3,,,,,,,,,,,,,,,,,,,,,,,,,,,,,,,,,,,,,,,,,,,,,,,,,,,,,,,,,,,,,,,,,,,,,,,,,,,,,,,,,,,,,,,,,,,,,,,,,,,,,,,,,,,,,,,,,,,,,,,,,,,,,,,,,,,,,,,,,,,,,,,,,,,,,,,,,,,,,,,,,,,,,,,,,,,,,,,,,,,,,,,,,,,,,,,,,,,,,,,,,,,,,,,,,,,,,,,,,,,,,,,,,,,,,,,,,,,,,,,,,,,,,,,,,,,,,,,,,,,,,,,,,,,
E01_RD14-0003-40_41_42_43-1;1;1;1-M4a-0.06IP-Q0.7_001.10sec.fsa,TH01,G,OL,155.76,2,4,160.23,5,OL,161.17,5,OL,161.64,4,OL,163.76,3,5.3,167.05,2,6,168.46,5,7,172.46,118,8,176.54,151,9.3,183.78,88,OL,190.44,5,OL,191.09,4,,,,,,,,,,,,,,,,,,,,,,,,,,,,,,,,,,,,,,,,,,,,,,,,,,,,,,,,,,,,,,,,,,,,,,,,,,,,,,,,,,,,,,,,,,,,,,,,,,,,,,,,,,,,,,,,,,,,,,,,,,,,,,,,,,,,,,,,,,,,,,,,,,,,,,,,,,,,,,,,,,,,,,,,,,,,,,,,,,,,,,,,,,,,,,,,,,,,,,,,,,,,,,,,,,,,,,,,,,,,,,,,,,,,,,,,,,,,,,,,,,,,,,,,,,,,,,,,,,,,,,,,
E01_RD14-0003-40_41_42_43-1;1;1;1-M4a-0.06IP-Q0.7_001.10sec.fsa,D13S317,G,OL,208.71,4,OL,210.6,3,9,219.43,9,10,223.12,8,11,227.2,92,12,231.22,541,13,235.24,149,OL,237.82,2,14,239.19,3,OL,240.92,1,OL,244.73,2,,,,,,,,,,,,,,,,,,,,,,,,,,,,,,,,,,,,,,,,,,,,,,,,,,,,,,,,,,,,,,,,,,,,,,,,,,,,,,,,,,,,,,,,,,,,,,,,,,,,,,,,,,,,,,,,,,,,,,,,,,,,,,,,,,,,,,,,,,,,,,,,,,,,,,,,,,,,,,,,,,,,,,,,,,,,,,,,,,,,,,,,,,,,,,,,,,,,,,,,,,,,,,,,,,,,,,,,,,,,,,,,,,,,,,,,,,,,,,,,,,,,,,,,,,,,,,,,,,,,,,,,,,,
E01_RD14-0003-40_41_42_43-1;1;1;1-M4a-0.06IP-Q0.7_001.10sec.fsa,D16S539,G,OL,249.75,3,OL,253.24,2,6,255.61,3,OL,260.32,3,9,267.17,64,OL,269.59,4,10,271.13,167,11,275.19,167,12,279.18,50,13,283.07,49,OL,285.57,3,,,,,,,,,,,,,,,,,,,,,,,,,,,,,,,,,,,,,,,,,,,,,,,,,,,,,,,,,,,,,,,,,,,,,,,,,,,,,,,,,,,,,,,,,,,,,,,,,,,,,,,,,,,,,,,,,,,,,,,,,,,,,,,,,,,,,,,,,,,,,,,,,,,,,,,,,,,,,,,,,,,,,,,,,,,,,,,,,,,,,,,,,,,,,,,,,,,,,,,,,,,,,,,,,,,,,,,,,,,,,,,,,,,,,,,,,,,,,,,,,,,,,,,,,,,,,,,,,,,,,,,,,,,
E01_RD14-0003-40_41_42_43-1;1;1;1-M4a-0.06IP-Q0.7_001.10sec.fsa,D2S1338,G,OL,301.41,1,17,312.52,3,18,316.69,5,19,320.93,62,20,324.97,58,21,329.15,13,22,333.15,194,23,337.12,142,OL,343.11,1,25,345.29,3,OL,348.06,2,27,353.02,3,OL,353.95,1,OL,363.09,3,OL,363.76,3,,,,,,,,,,,,,,,,,,,,,,,,,,,,,,,,,,,,,,,,,,,,,,,,,,,,,,,,,,,,,,,,,,,,,,,,,,,,,,,,,,,,,,,,,,,,,,,,,,,,,,,,,,,,,,,,,,,,,,,,,,,,,,,,,,,,,,,,,,,,,,,,,,,,,,,,,,,,,,,,,,,,,,,,,,,,,,,,,,,,,,,,,,,,,,,,,,,,,,,,,,,,,,,,,,,,,,,,,,,,,,,,,,,,,,,,,,,,,,,,,,,,,,,,,,,,,,,
E01_RD14-0003-40_41_42_43-1;1;1;1-M4a-0.06IP-Q0.7_001.10sec.fsa,D19S433,Y,11,107.95,23,11.2,110.38,7,OL,111.51,6,14,120.07,103,14.2,122.07,25,15,124.44,5,15.2,125.93,20,16.2,129.91,177,,,,,,,,,,,,,,,,,,,,,,,,,,,,,,,,,,,,,,,,,,,,,,,,,,,,,,,,,,,,,,,,,,,,,,,,,,,,,,,,,,,,,,,,,,,,,,,,,,,,,,,,,,,,,,,,,,,,,,,,,,,,,,,,,,,,,,,,,,,,,,,,,,,,,,,,,,,,,,,,,,,,,,,,,,,,,,,,,,,,,,,,,,,,,,,,,,,,,,,,,,,,,,,,,,,,,,,,,,,,,,,,,,,,,,,,,,,,,,,,,,,,,,,,,,,,,,,,,,,,,,,,,,,,,,,,,,,,
E01_RD14-0003-40_41_42_43-1;1;1;1-M4a-0.06IP-Q0.7_001.10sec.fsa,vWA,Y,12,155.52,9,13,159.92,130,OL,162.19,4,14,163.99,8,OL,165.63,9,15,167.99,30,15.2,170.1,5,16,172.14,50,17,176.15,105,OL,180.88,6,19,184.26,22,,,,,,,,,,,,,,,,,,,,,,,,,,,,,,,,,,,,,,,,,,,,,,,,,,,,,,,,,,,,,,,,,,,,,,,,,,,,,,,,,,,,,,,,,,,,,,,,,,,,,,,,,,,,,,,,,,,,,,,,,,,,,,,,,,,,,,,,,,,,,,,,,,,,,,,,,,,,,,,,,,,,,,,,,,,,,,,,,,,,,,,,,,,,,,,,,,,,,,,,,,,,,,,,,,,,,,,,,,,,,,,,,,,,,,,,,,,,,,,,,,,,,,,,,,,,,,,,,,,,,,,,,,,
E01_RD14-0003-40_41_42_43-1;1;1;1-M4a-0.06IP-Q0.7_001.10sec.fsa,TPOX,Y,OL,213.92,5,6,220.8,3,8,228.57,286,OL,231.22,13,10,236.61,43,12,244.81,42,OL,250.16,5,OL,254.43,8,,,,,,,,,,,,,,,,,,,,,,,,,,,,,,,,,,,,,,,,,,,,,,,,,,,,,,,,,,,,,,,,,,,,,,,,,,,,,,,,,,,,,,,,,,,,,,,,,,,,,,,,,,,,,,,,,,,,,,,,,,,,,,,,,,,,,,,,,,,,,,,,,,,,,,,,,,,,,,,,,,,,,,,,,,,,,,,,,,,,,,,,,,,,,,,,,,,,,,,,,,,,,,,,,,,,,,,,,,,,,,,,,,,,,,,,,,,,,,,,,,,,,,,,,,,,,,,,,,,,,,,,,,,,,,,,,,,,
E01_RD14-0003-40_41_42_43-1;1;1;1-M4a-0.06IP-Q0.7_001.10sec.fsa,D18S51,Y,7,260.56,6,9.2,270.81,8,11,277.15,7,OL,277.8,4,12,280.97,29,13,284.93,67,17,300.94,18,18,304.9,96,19,308.84,99,20,312.52,4,23.2,327.4,6,OL,331.24,7,OL,335.22,6,OL,342.85,6,OL,346.3,5,,,,,,,,,,,,,,,,,,,,,,,,,,,,,,,,,,,,,,,,,,,,,,,,,,,,,,,,,,,,,,,,,,,,,,,,,,,,,,,,,,,,,,,,,,,,,,,,,,,,,,,,,,,,,,,,,,,,,,,,,,,,,,,,,,,,,,,,,,,,,,,,,,,,,,,,,,,,,,,,,,,,,,,,,,,,,,,,,,,,,,,,,,,,,,,,,,,,,,,,,,,,,,,,,,,,,,,,,,,,,,,,,,,,,,,,,,,,,,,,,,,,,,,,,,,,,,,
E01_RD14-0003-40_41_42_43-1;1;1;1-M4a-0.06IP-Q0.7_001.10sec.fsa,AMEL,R,X,104.83,181,Y,110.83,30,,,,,,,,,,,,,,,,,,,,,,,,,,,,,,,,,,,,,,,,,,,,,,,,,,,,,,,,,,,,,,,,,,,,,,,,,,,,,,,,,,,,,,,,,,,,,,,,,,,,,,,,,,,,,,,,,,,,,,,,,,,,,,,,,,,,,,,,,,,,,,,,,,,,,,,,,,,,,,,,,,,,,,,,,,,,,,,,,,,,,,,,,,,,,,,,,,,,,,,,,,,,,,,,,,,,,,,,,,,,,,,,,,,,,,,,,,,,,,,,,,,,,,,,,,,,,,,,,,,,,,,,,,,,,,,,,,,,,,,,,,,,,,,,,,,,,,
E01_RD14-0003-40_41_42_43-1;1;1;1-M4a-0.06IP-Q0.7_001.10sec.fsa,D5S818,R,7,132.03,6,OL,147.02,9,11,148.76,108,12,152.89,191,13,157.04,81,14,161.02,7,15,165.16,11,17,173.16,9,OL,174.97,9,,,,,,,,,,,,,,,,,,,,,,,,,,,,,,,,,,,,,,,,,,,,,,,,,,,,,,,,,,,,,,,,,,,,,,,,,,,,,,,,,,,,,,,,,,,,,,,,,,,,,,,,,,,,,,,,,,,,,,,,,,,,,,,,,,,,,,,,,,,,,,,,,,,,,,,,,,,,,,,,,,,,,,,,,,,,,,,,,,,,,,,,,,,,,,,,,,,,,,,,,,,,,,,,,,,,,,,,,,,,,,,,,,,,,,,,,,,,,,,,,,,,,,,,,,,,,,,,,,,,,,,,,,,,,,,,,
E01_RD14-0003-40_41_42_43-1;1;1;1-M4a-0.06IP-Q0.7_001.10sec.fsa,FGA,R,OL,205.56,7,20,224.88,77,21,228.97,94,22,233.07,24,OL,237.82,6,26,249.34,22,27,253.32,10,OL,268.22,6,OL,282.58,6,OL,299.36,4,OL,308.76,5,OL,330.9,5,OL,331.74,2,48.2,340.84,5,OL,341.51,6,OL,345.71,7,OL,357.56,4,,,,,,,,,,,,,,,,,,,,,,,,,,,,,,,,,,,,,,,,,,,,,,,,,,,,,,,,,,,,,,,,,,,,,,,,,,,,,,,,,,,,,,,,,,,,,,,,,,,,,,,,,,,,,,,,,,,,,,,,,,,,,,,,,,,,,,,,,,,,,,,,,,,,,,,,,,,,,,,,,,,,,,,,,,,,,,,,,,,,,,,,,,,,,,,,,,,,,,,,,,,,,,,,,,,,,,,,,,,,,,,,,,,,,,,,,,,,,,,,,,,,,,,,,
E02_RD14-0003-40_41_42_43-1;1;1;1-M4e-0.06IP-Q5.6_001.10sec.fsa,D8S1179,B,OL,112.61,4,OL,117.98,10,OL,123.73,3,OL,127.77,3,12,137.47,27,13,141.64,51,OL,144.65,1,14,145.87,38,15,150.03,20,OL,159.28,3,20,170.24,3,,,,,,,,,,,,,,,,,,,,,,,,,,,,,,,,,,,,,,,,,,,,,,,,,,,,,,,,,,,,,,,,,,,,,,,,,,,,,,,,,,,,,,,,,,,,,,,,,,,,,,,,,,,,,,,,,,,,,,,,,,,,,,,,,,,,,,,,,,,,,,,,,,,,,,,,,,,,,,,,,,,,,,,,,,,,,,,,,,,,,,,,,,,,,,,,,,,,,,,,,,,,,,,,,,,,,,,,,,,,,,,,,,,,,,,,,,,,,,,,,,,,,,,,,,,,,,,,,,,,,,,,,,,
E02_RD14-0003-40_41_42_43-1;1;1;1-M4e-0.06IP-Q5.6_001.10sec.fsa,D21S11,B,23.2,179.86,3,25,186.47,2,OL,189.09,1,OL,191.2,2,27,194.4,63,28,198.33,6,29,202.42,56,30,206.48,21,30.2,207.98,2,30.2,208.63,2,31,210.49,30,32,214.51,3,32.2,216.99,1,OL,218.09,2,OL,225.54,1,OL,227.37,3,36,230.52,3,36.2,232.57,3,OL,240.22,2,39,242.47,3,,,,,,,,,,,,,,,,,,,,,,,,,,,,,,,,,,,,,,,,,,,,,,,,,,,,,,,,,,,,,,,,,,,,,,,,,,,,,,,,,,,,,,,,,,,,,,,,,,,,,,,,,,,,,,,,,,,,,,,,,,,,,,,,,,,,,,,,,,,,,,,,,,,,,,,,,,,,,,,,,,,,,,,,,,,,,,,,,,,,,,,,,,,,,,,,,,,,,,,,,,,,,,,,,,,,,,,,,,,,,,,,,,,,,,,,,,,,,,,,
E02_RD14-0003-40_41_42_43-1;1;1;1-M4e-0.06IP-Q5.6_001.10sec.fsa,D7S820,B,OL,248.88,3,5,249.93,3,OL,259.78,2,8,261.85,15,11,274.02,29,12,277.75,2,13,281.63,4,,,,,,,,,,,,,,,,,,,,,,,,,,,,,,,,,,,,,,,,,,,,,,,,,,,,,,,,,,,,,,,,,,,,,,,,,,,,,,,,,,,,,,,,,,,,,,,,,,,,,,,,,,,,,,,,,,,,,,,,,,,,,,,,,,,,,,,,,,,,,,,,,,,,,,,,,,,,,,,,,,,,,,,,,,,,,,,,,,,,,,,,,,,,,,,,,,,,,,,,,,,,,,,,,,,,,,,,,,,,,,,,,,,,,,,,,,,,,,,,,,,,,,,,,,,,,,,,,,,,,,,,,,,,,,,,,,,,,,,
E02_RD14-0003-40_41_42_43-1;1;1;1-M4e-0.06IP-Q5.6_001.10sec.fsa,CSF1PO,B,OL,299.85,3,OL,303.73,3,OL,304.24,1,OL,308.48,3,9,314.24,4,10,318.31,3,OL,319.44,4,10.2,320.23,5,11,322.58,4,OL,324.84,2,14,334.68,2,,,,,,,,,,,,,,,,,,,,,,,,,,,,,,,,,,,,,,,,,,,,,,,,,,,,,,,,,,,,,,,,,,,,,,,,,,,,,,,,,,,,,,,,,,,,,,,,,,,,,,,,,,,,,,,,,,,,,,,,,,,,,,,,,,,,,,,,,,,,,,,,,,,,,,,,,,,,,,,,,,,,,,,,,,,,,,,,,,,,,,,,,,,,,,,,,,,,,,,,,,,,,,,,,,,,,,,,,,,,,,,,,,,,,,,,,,,,,,,,,,,,,,,,,,,,,,,,,,,,,,,,,,,
E02_RD14-0003-40_41_42_43-1;1;1;1-M4e-0.06IP-Q5.6_001.10sec.fsa,D3S1358,G,OL,94.17,4,OL,100.78,5,OL,108.43,11,12,110.25,3,OL,112.82,3,OL,114.95,7,OL,115.89,5,14,118.25,12,15,122.1,130,16,125.99,47,16.2,127.77,3,17,130.32,25,OL,140.29,4,,,,,,,,,,,,,,,,,,,,,,,,,,,,,,,,,,,,,,,,,,,,,,,,,,,,,,,,,,,,,,,,,,,,,,,,,,,,,,,,,,,,,,,,,,,,,,,,,,,,,,,,,,,,,,,,,,,,,,,,,,,,,,,,,,,,,,,,,,,,,,,,,,,,,,,,,,,,,,,,,,,,,,,,,,,,,,,,,,,,,,,,,,,,,,,,,,,,,,,,,,,,,,,,,,,,,,,,,,,,,,,,,,,,,,,,,,,,,,,,,,,,,,,,,,,,,,,,,,,,,
E02_RD14-0003-40_41_42_43-1;1;1;1-M4e-0.06IP-Q5.6_001.10sec.fsa,TH01,G,OL,162.63,3,OL,163.84,2,7,172.37,80,8,176.43,31,8.3,179.29,3,9,180.51,4,OL,193.38,4,13,196.36,4,OL,197.67,3,,,,,,,,,,,,,,,,,,,,,,,,,,,,,,,,,,,,,,,,,,,,,,,,,,,,,,,,,,,,,,,,,,,,,,,,,,,,,,,,,,,,,,,,,,,,,,,,,,,,,,,,,,,,,,,,,,,,,,,,,,,,,,,,,,,,,,,,,,,,,,,,,,,,,,,,,,,,,,,,,,,,,,,,,,,,,,,,,,,,,,,,,,,,,,,,,,,,,,,,,,,,,,,,,,,,,,,,,,,,,,,,,,,,,,,,,,,,,,,,,,,,,,,,,,,,,,,,,,,,,,,,,,,,,,,,,
E02_RD14-0003-40_41_42_43-1;1;1;1-M4e-0.06IP-Q5.6_001.10sec.fsa,D13S317,G,OL,214.36,3,OL,228.39,4,OL,234.19,6,13,235.21,18,15,243.37,4,,,,,,,,,,,,,,,,,,,,,,,,,,,,,,,,,,,,,,,,,,,,,,,,,,,,,,,,,,,,,,,,,,,,,,,,,,,,,,,,,,,,,,,,,,,,,,,,,,,,,,,,,,,,,,,,,,,,,,,,,,,,,,,,,,,,,,,,,,,,,,,,,,,,,,,,,,,,,,,,,,,,,,,,,,,,,,,,,,,,,,,,,,,,,,,,,,,,,,,,,,,,,,,,,,,,,,,,,,,,,,,,,,,,,,,,,,,,,,,,,,,,,,,,,,,,,,,,,,,,,,,,,,,,,,,,,,,,,,,,,,,,,
E02_RD14-0003-40_41_42_43-1;1;1;1-M4e-0.06IP-Q5.6_001.10sec.fsa,D16S539,G,OL,261.11,3,OL,263.77,7,OL,268.66,5,OL,269.4,2,10,271.26,6,OL,272.6,5,11,275.21,33,12,279.18,52,OL,294,3,,,,,,,,,,,,,,,,,,,,,,,,,,,,,,,,,,,,,,,,,,,,,,,,,,,,,,,,,,,,,,,,,,,,,,,,,,,,,,,,,,,,,,,,,,,,,,,,,,,,,,,,,,,,,,,,,,,,,,,,,,,,,,,,,,,,,,,,,,,,,,,,,,,,,,,,,,,,,,,,,,,,,,,,,,,,,,,,,,,,,,,,,,,,,,,,,,,,,,,,,,,,,,,,,,,,,,,,,,,,,,,,,,,,,,,,,,,,,,,,,,,,,,,,,,,,,,,,,,,,,,,,,,,,,,,,,
E02_RD14-0003-40_41_42_43-1;1;1;1-M4e-0.06IP-Q5.6_001.10sec.fsa,D2S1338,G,14,300.87,3,16,308.7,3,OL,309.98,3,OL,314.48,4,18,316.39,5,OL,320.31,3,OL,323.75,4,20,324.6,5,21,329.5,4,OL,330.74,5,23,336.61,4,OL,338,3,OL,346.76,3,OL,359.13,3,,,,,,,,,,,,,,,,,,,,,,,,,,,,,,,,,,,,,,,,,,,,,,,,,,,,,,,,,,,,,,,,,,,,,,,,,,,,,,,,,,,,,,,,,,,,,,,,,,,,,,,,,,,,,,,,,,,,,,,,,,,,,,,,,,,,,,,,,,,,,,,,,,,,,,,,,,,,,,,,,,,,,,,,,,,,,,,,,,,,,,,,,,,,,,,,,,,,,,,,,,,,,,,,,,,,,,,,,,,,,,,,,,,,,,,,,,,,,,,,,,,,,,,,,,,,,,,,,,
E02_RD14-0003-40_41_42_43-1;1;1;1-M4e-0.06IP-Q5.6_001.10sec.fsa,D19S433,Y,10.2,106.05,7,OL,108.5,7,12,111.85,12,13,116.03,133,14,119.93,44,14.2,121.97,24,15.2,125.85,13,16.2,129.83,44,,,,,,,,,,,,,,,,,,,,,,,,,,,,,,,,,,,,,,,,,,,,,,,,,,,,,,,,,,,,,,,,,,,,,,,,,,,,,,,,,,,,,,,,,,,,,,,,,,,,,,,,,,,,,,,,,,,,,,,,,,,,,,,,,,,,,,,,,,,,,,,,,,,,,,,,,,,,,,,,,,,,,,,,,,,,,,,,,,,,,,,,,,,,,,,,,,,,,,,,,,,,,,,,,,,,,,,,,,,,,,,,,,,,,,,,,,,,,,,,,,,,,,,,,,,,,,,,,,,,,,,,,,,,,,,,,,,,
E02_RD14-0003-40_41_42_43-1;1;1;1-M4e-0.06IP-Q5.6_001.10sec.fsa,vWA,Y,OL,149.17,8,13,159.93,25,OL,169.1,8,OL,174.44,9,17,176.15,43,18,180.07,23,OL,182.98,7,20,188.36,10,,,,,,,,,,,,,,,,,,,,,,,,,,,,,,,,,,,,,,,,,,,,,,,,,,,,,,,,,,,,,,,,,,,,,,,,,,,,,,,,,,,,,,,,,,,,,,,,,,,,,,,,,,,,,,,,,,,,,,,,,,,,,,,,,,,,,,,,,,,,,,,,,,,,,,,,,,,,,,,,,,,,,,,,,,,,,,,,,,,,,,,,,,,,,,,,,,,,,,,,,,,,,,,,,,,,,,,,,,,,,,,,,,,,,,,,,,,,,,,,,,,,,,,,,,,,,,,,,,,,,,,,,,,,,,,,,,,,
E02_RD14-0003-40_41_42_43-1;1;1;1-M4e-0.06IP-Q5.6_001.10sec.fsa,TPOX,Y,OL,223.79,5,8,228.61,18,OL,231.47,7,OL,242.55,4,,,,,,,,,,,,,,,,,,,,,,,,,,,,,,,,,,,,,,,,,,,,,,,,,,,,,,,,,,,,,,,,,,,,,,,,,,,,,,,,,,,,,,,,,,,,,,,,,,,,,,,,,,,,,,,,,,,,,,,,,,,,,,,,,,,,,,,,,,,,,,,,,,,,,,,,,,,,,,,,,,,,,,,,,,,,,,,,,,,,,,,,,,,,,,,,,,,,,,,,,,,,,,,,,,,,,,,,,,,,,,,,,,,,,,,,,,,,,,,,,,,,,,,,,,,,,,,,,,,,,,,,,,,,,,,,,,,,,,,,,,,,,,,,
E02_RD14-0003-40_41_42_43-1;1;1;1-M4e-0.06IP-Q5.6_001.10sec.fsa,D18S51,Y,8,265.03,6,OL,265.92,5,9,268.88,6,10,272.38,5,10.2,274.92,9,OL,299.93,6,18,304.83,23,18.2,307.35,4,OL,314.24,6,20.2,315.03,6,,,,,,,,,,,,,,,,,,,,,,,,,,,,,,,,,,,,,,,,,,,,,,,,,,,,,,,,,,,,,,,,,,,,,,,,,,,,,,,,,,,,,,,,,,,,,,,,,,,,,,,,,,,,,,,,,,,,,,,,,,,,,,,,,,,,,,,,,,,,,,,,,,,,,,,,,,,,,,,,,,,,,,,,,,,,,,,,,,,,,,,,,,,,,,,,,,,,,,,,,,,,,,,,,,,,,,,,,,,,,,,,,,,,,,,,,,,,,,,,,,,,,,,,,,,,,,,,,,,,,,,,,,,,,,
E02_RD14-0003-40_41_42_43-1;1;1;1-M4e-0.06IP-Q5.6_001.10sec.fsa,AMEL,R,X,104.93,10,Y,110.67,31,,,,,,,,,,,,,,,,,,,,,,,,,,,,,,,,,,,,,,,,,,,,,,,,,,,,,,,,,,,,,,,,,,,,,,,,,,,,,,,,,,,,,,,,,,,,,,,,,,,,,,,,,,,,,,,,,,,,,,,,,,,,,,,,,,,,,,,,,,,,,,,,,,,,,,,,,,,,,,,,,,,,,,,,,,,,,,,,,,,,,,,,,,,,,,,,,,,,,,,,,,,,,,,,,,,,,,,,,,,,,,,,,,,,,,,,,,,,,,,,,,,,,,,,,,,,,,,,,,,,,,,,,,,,,,,,,,,,,,,,,,,,,,,,,,,,,,
E02_RD14-0003-40_41_42_43-1;1;1;1-M4e-0.06IP-Q5.6_001.10sec.fsa,D5S818,R,OL,134.68,9,OL,146.15,5,11,148.67,25,12,152.84,73,OL,176.65,9,,,,,,,,,,,,,,,,,,,,,,,,,,,,,,,,,,,,,,,,,,,,,,,,,,,,,,,,,,,,,,,,,,,,,,,,,,,,,,,,,,,,,,,,,,,,,,,,,,,,,,,,,,,,,,,,,,,,,,,,,,,,,,,,,,,,,,,,,,,,,,,,,,,,,,,,,,,,,,,,,,,,,,,,,,,,,,,,,,,,,,,,,,,,,,,,,,,,,,,,,,,,,,,,,,,,,,,,,,,,,,,,,,,,,,,,,,,,,,,,,,,,,,,,,,,,,,,,,,,,,,,,,,,,,,,,,,,,,,,,,,,,,
E02_RD14-0003-40_41_42_43-1;1;1;1-M4e-0.06IP-Q5.6_001.10sec.fsa,FGA,R,OL,211.28,9,17,212.21,8,OL,216.12,8,20,224.74,15,21.2,230.66,9,27,253.56,18,OL,282.37,8,OL,289.33,5,OL,292.29,6,OL,294.22,5,OL,295.92,9,OL,303.5,4,OL,304.02,5,OL,309.3,7,OL,316.63,9,OL,317.99,6,OL,329.42,7,OL,359.21,7,,,,,,,,,,,,,,,,,,,,,,,,,,,,,,,,,,,,,,,,,,,,,,,,,,,,,,,,,,,,,,,,,,,,,,,,,,,,,,,,,,,,,,,,,,,,,,,,,,,,,,,,,,,,,,,,,,,,,,,,,,,,,,,,,,,,,,,,,,,,,,,,,,,,,,,,,,,,,,,,,,,,,,,,,,,,,,,,,,,,,,,,,,,,,,,,,,,,,,,,,,,,,,,,,,,,,,,,,,,,,,,,,,,,,,,,,,,,,,,,,,,,,,
E03_RD14-0003-44_45_46_47-1;1;4;1-M2d-0.217IP-Q0.8_001.10sec.fsa,D8S1179,B,OL,114.33,6,7,117.21,7,OL,122.29,5,9,125.28,12,10,129.38,116,11,133.45,459,12,137.55,12,13,141.78,137,14,145.83,478,15,150.04,43,OL,165.77,4,OL,169.71,3,,,,,,,,,,,,,,,,,,,,,,,,,,,,,,,,,,,,,,,,,,,,,,,,,,,,,,,,,,,,,,,,,,,,,,,,,,,,,,,,,,,,,,,,,,,,,,,,,,,,,,,,,,,,,,,,,,,,,,,,,,,,,,,,,,,,,,,,,,,,,,,,,,,,,,,,,,,,,,,,,,,,,,,,,,,,,,,,,,,,,,,,,,,,,,,,,,,,,,,,,,,,,,,,,,,,,,,,,,,,,,,,,,,,,,,,,,,,,,,,,,,,,,,,,,,,,,,,,,,,,,,,
E03_RD14-0003-44_45_46_47-1;1;4;1-M2d-0.217IP-Q0.8_001.10sec.fsa,D21S11,B,23.2,180.36,8,OL,183.66,4,OL,188.97,3,27,194.35,103,28,198.43,311,29,202.44,8,30,206.42,31,31,210.41,178,31.2,212.38,28,32,214.5,101,32.2,216.45,260,33,218.48,4,OL,219.93,6,OL,235.56,3,OL,239.79,4,,,,,,,,,,,,,,,,,,,,,,,,,,,,,,,,,,,,,,,,,,,,,,,,,,,,,,,,,,,,,,,,,,,,,,,,,,,,,,,,,,,,,,,,,,,,,,,,,,,,,,,,,,,,,,,,,,,,,,,,,,,,,,,,,,,,,,,,,,,,,,,,,,,,,,,,,,,,,,,,,,,,,,,,,,,,,,,,,,,,,,,,,,,,,,,,,,,,,,,,,,,,,,,,,,,,,,,,,,,,,,,,,,,,,,,,,,,,,,,,,,,,,,,,,,,,,,,
E03_RD14-0003-44_45_46_47-1;1;4;1-M2d-0.217IP-Q0.8_001.10sec.fsa,D7S820,B,OL,255.12,3,8,261.93,27,9,265.93,292,10,269.94,68,11,273.89,13,12,277.98,164,OL,280.14,4,OL,285.24,5,OL,293.01,3,,,,,,,,,,,,,,,,,,,,,,,,,,,,,,,,,,,,,,,,,,,,,,,,,,,,,,,,,,,,,,,,,,,,,,,,,,,,,,,,,,,,,,,,,,,,,,,,,,,,,,,,,,,,,,,,,,,,,,,,,,,,,,,,,,,,,,,,,,,,,,,,,,,,,,,,,,,,,,,,,,,,,,,,,,,,,,,,,,,,,,,,,,,,,,,,,,,,,,,,,,,,,,,,,,,,,,,,,,,,,,,,,,,,,,,,,,,,,,,,,,,,,,,,,,,,,,,,,,,,,,,,,,,,,,,,,
E03_RD14-0003-44_45_46_47-1;1;4;1-M2d-0.217IP-Q0.8_001.10sec.fsa,CSF1PO,B,OL,299.93,4,OL,305.81,3,8,310.6,4,OL,311.9,4,9,314.45,16,10,318.55,355,11,322.67,398,OL,324.67,3,12,326.74,153,,,,,,,,,,,,,,,,,,,,,,,,,,,,,,,,,,,,,,,,,,,,,,,,,,,,,,,,,,,,,,,,,,,,,,,,,,,,,,,,,,,,,,,,,,,,,,,,,,,,,,,,,,,,,,,,,,,,,,,,,,,,,,,,,,,,,,,,,,,,,,,,,,,,,,,,,,,,,,,,,,,,,,,,,,,,,,,,,,,,,,,,,,,,,,,,,,,,,,,,,,,,,,,,,,,,,,,,,,,,,,,,,,,,,,,,,,,,,,,,,,,,,,,,,,,,,,,,,,,,,,,,,,,,,,,,,
E03_RD14-0003-44_45_46_47-1;1;4;1-M2d-0.217IP-Q0.8_001.10sec.fsa,D3S1358,G,OL,94.32,6,OL,108.23,4,13,114.33,29,14,118.27,388,15,122.16,782,16,126.3,62,17,130,149,18,134.49,6,OL,135.11,5,,,,,,,,,,,,,,,,,,,,,,,,,,,,,,,,,,,,,,,,,,,,,,,,,,,,,,,,,,,,,,,,,,,,,,,,,,,,,,,,,,,,,,,,,,,,,,,,,,,,,,,,,,,,,,,,,,,,,,,,,,,,,,,,,,,,,,,,,,,,,,,,,,,,,,,,,,,,,,,,,,,,,,,,,,,,,,,,,,,,,,,,,,,,,,,,,,,,,,,,,,,,,,,,,,,,,,,,,,,,,,,,,,,,,,,,,,,,,,,,,,,,,,,,,,,,,,,,,,,,,,,,,,,,,,,,,
E03_RD14-0003-44_45_46_47-1;1;4;1-M2d-0.217IP-Q0.8_001.10sec.fsa,TH01,G,OL,158.28,5,OL,158.99,3,OL,163.31,3,6,168.31,245,7,172.39,481,8,176.41,43,9,180.5,1137,9.3,183.66,239,OL,195.92,4,,,,,,,,,,,,,,,,,,,,,,,,,,,,,,,,,,,,,,,,,,,,,,,,,,,,,,,,,,,,,,,,,,,,,,,,,,,,,,,,,,,,,,,,,,,,,,,,,,,,,,,,,,,,,,,,,,,,,,,,,,,,,,,,,,,,,,,,,,,,,,,,,,,,,,,,,,,,,,,,,,,,,,,,,,,,,,,,,,,,,,,,,,,,,,,,,,,,,,,,,,,,,,,,,,,,,,,,,,,,,,,,,,,,,,,,,,,,,,,,,,,,,,,,,,,,,,,,,,,,,,,,,,,,,,,,,
E03_RD14-0003-44_45_46_47-1;1;4;1-M2d-0.217IP-Q0.8_001.10sec.fsa,D13S317,G,OL,207.89,3,7,211.04,11,8,215.01,236,OL,217.32,5,OL,218.04,7,OL,220.36,4,11,227.2,62,12,231.2,1185,13,235.35,129,OL,240.15,5,,,,,,,,,,,,,,,,,,,,,,,,,,,,,,,,,,,,,,,,,,,,,,,,,,,,,,,,,,,,,,,,,,,,,,,,,,,,,,,,,,,,,,,,,,,,,,,,,,,,,,,,,,,,,,,,,,,,,,,,,,,,,,,,,,,,,,,,,,,,,,,,,,,,,,,,,,,,,,,,,,,,,,,,,,,,,,,,,,,,,,,,,,,,,,,,,,,,,,,,,,,,,,,,,,,,,,,,,,,,,,,,,,,,,,,,,,,,,,,,,,,,,,,,,,,,,,,,,,,,,,,,,,,,,,
E03_RD14-0003-44_45_46_47-1;1;4;1-M2d-0.217IP-Q0.8_001.10sec.fsa,D16S539,G,OL,250.56,5,9,267.29,9,10,271.23,218,11,275.25,266,12,279.21,538,OL,288.28,6,OL,289.41,4,,,,,,,,,,,,,,,,,,,,,,,,,,,,,,,,,,,,,,,,,,,,,,,,,,,,,,,,,,,,,,,,,,,,,,,,,,,,,,,,,,,,,,,,,,,,,,,,,,,,,,,,,,,,,,,,,,,,,,,,,,,,,,,,,,,,,,,,,,,,,,,,,,,,,,,,,,,,,,,,,,,,,,,,,,,,,,,,,,,,,,,,,,,,,,,,,,,,,,,,,,,,,,,,,,,,,,,,,,,,,,,,,,,,,,,,,,,,,,,,,,,,,,,,,,,,,,,,,,,,,,,,,,,,,,,,,,,,,,,
E03_RD14-0003-44_45_46_47-1;1;4;1-M2d-0.217IP-Q0.8_001.10sec.fsa,D2S1338,G,15,304.33,7,16,308.52,160,19,320.74,30,23,336.94,114,24,340.96,158,25,344.95,641,26,348.86,4,OL,364.61,8,OL,365.63,6,,,,,,,,,,,,,,,,,,,,,,,,,,,,,,,,,,,,,,,,,,,,,,,,,,,,,,,,,,,,,,,,,,,,,,,,,,,,,,,,,,,,,,,,,,,,,,,,,,,,,,,,,,,,,,,,,,,,,,,,,,,,,,,,,,,,,,,,,,,,,,,,,,,,,,,,,,,,,,,,,,,,,,,,,,,,,,,,,,,,,,,,,,,,,,,,,,,,,,,,,,,,,,,,,,,,,,,,,,,,,,,,,,,,,,,,,,,,,,,,,,,,,,,,,,,,,,,,,,,,,,,,,,,,,,,,,
E03_RD14-0003-44_45_46_47-1;1;4;1-M2d-0.217IP-Q0.8_001.10sec.fsa,D19S433,Y,OL,95.7,11,OL,96.33,7,9,99.79,15,10,103.82,518,11,107.96,206,12,112.06,52,13,116.07,839,14,119.87,44,14.2,122.02,64,15,123.92,75,17.2,133.45,9,OL,137.41,8,,,,,,,,,,,,,,,,,,,,,,,,,,,,,,,,,,,,,,,,,,,,,,,,,,,,,,,,,,,,,,,,,,,,,,,,,,,,,,,,,,,,,,,,,,,,,,,,,,,,,,,,,,,,,,,,,,,,,,,,,,,,,,,,,,,,,,,,,,,,,,,,,,,,,,,,,,,,,,,,,,,,,,,,,,,,,,,,,,,,,,,,,,,,,,,,,,,,,,,,,,,,,,,,,,,,,,,,,,,,,,,,,,,,,,,,,,,,,,,,,,,,,,,,,,,,,,,,,,,,,,,,
E03_RD14-0003-44_45_46_47-1;1;4;1-M2d-0.217IP-Q0.8_001.10sec.fsa,vWA,Y,OL,148.76,16,13,159.86,133,15,167.88,37,16,172.04,591,17,176.26,12,18,180.14,113,18.2,182.73,8,19,184.45,19,20,188.33,178,OL,193.13,4,25,208.59,6,,,,,,,,,,,,,,,,,,,,,,,,,,,,,,,,,,,,,,,,,,,,,,,,,,,,,,,,,,,,,,,,,,,,,,,,,,,,,,,,,,,,,,,,,,,,,,,,,,,,,,,,,,,,,,,,,,,,,,,,,,,,,,,,,,,,,,,,,,,,,,,,,,,,,,,,,,,,,,,,,,,,,,,,,,,,,,,,,,,,,,,,,,,,,,,,,,,,,,,,,,,,,,,,,,,,,,,,,,,,,,,,,,,,,,,,,,,,,,,,,,,,,,,,,,,,,,,,,,,,,,,,,,,
E03_RD14-0003-44_45_46_47-1;1;4;1-M2d-0.217IP-Q0.8_001.10sec.fsa,TPOX,Y,7,224.35,19,8,228.56,832,OL,233.63,4,10,236.64,60,11,240.59,245,OL,243.89,5,OL,246.29,5,,,,,,,,,,,,,,,,,,,,,,,,,,,,,,,,,,,,,,,,,,,,,,,,,,,,,,,,,,,,,,,,,,,,,,,,,,,,,,,,,,,,,,,,,,,,,,,,,,,,,,,,,,,,,,,,,,,,,,,,,,,,,,,,,,,,,,,,,,,,,,,,,,,,,,,,,,,,,,,,,,,,,,,,,,,,,,,,,,,,,,,,,,,,,,,,,,,,,,,,,,,,,,,,,,,,,,,,,,,,,,,,,,,,,,,,,,,,,,,,,,,,,,,,,,,,,,,,,,,,,,,,,,,,,,,,,,,,,,,
E03_RD14-0003-44_45_46_47-1;1;4;1-M2d-0.217IP-Q0.8_001.10sec.fsa,D18S51,Y,OL,263.07,6,12,280.85,20,13,284.95,386,OL,287.57,7,14,288.84,42,15,293.01,28,16,296.9,32,17,300.83,123,18,304.83,199,21,316.73,9,OL,319.92,7,27,341.55,2,,,,,,,,,,,,,,,,,,,,,,,,,,,,,,,,,,,,,,,,,,,,,,,,,,,,,,,,,,,,,,,,,,,,,,,,,,,,,,,,,,,,,,,,,,,,,,,,,,,,,,,,,,,,,,,,,,,,,,,,,,,,,,,,,,,,,,,,,,,,,,,,,,,,,,,,,,,,,,,,,,,,,,,,,,,,,,,,,,,,,,,,,,,,,,,,,,,,,,,,,,,,,,,,,,,,,,,,,,,,,,,,,,,,,,,,,,,,,,,,,,,,,,,,,,,,,,,,,,,,,,,,
E03_RD14-0003-44_45_46_47-1;1;4;1-M2d-0.217IP-Q0.8_001.10sec.fsa,AMEL,R,X,104.87,581,Y,110.81,599,,,,,,,,,,,,,,,,,,,,,,,,,,,,,,,,,,,,,,,,,,,,,,,,,,,,,,,,,,,,,,,,,,,,,,,,,,,,,,,,,,,,,,,,,,,,,,,,,,,,,,,,,,,,,,,,,,,,,,,,,,,,,,,,,,,,,,,,,,,,,,,,,,,,,,,,,,,,,,,,,,,,,,,,,,,,,,,,,,,,,,,,,,,,,,,,,,,,,,,,,,,,,,,,,,,,,,,,,,,,,,,,,,,,,,,,,,,,,,,,,,,,,,,,,,,,,,,,,,,,,,,,,,,,,,,,,,,,,,,,,,,,,,,,,,,,,,
E03_RD14-0003-44_45_46_47-1;1;4;1-M2d-0.217IP-Q0.8_001.10sec.fsa,D5S818,R,OL,129.03,10,OL,143.27,5,10,144.62,54,11,148.76,740,12,152.9,255,13,156.98,93,15,165.56,8,,,,,,,,,,,,,,,,,,,,,,,,,,,,,,,,,,,,,,,,,,,,,,,,,,,,,,,,,,,,,,,,,,,,,,,,,,,,,,,,,,,,,,,,,,,,,,,,,,,,,,,,,,,,,,,,,,,,,,,,,,,,,,,,,,,,,,,,,,,,,,,,,,,,,,,,,,,,,,,,,,,,,,,,,,,,,,,,,,,,,,,,,,,,,,,,,,,,,,,,,,,,,,,,,,,,,,,,,,,,,,,,,,,,,,,,,,,,,,,,,,,,,,,,,,,,,,,,,,,,,,,,,,,,,,,,,,,,,,,
E03_RD14-0003-44_45_46_47-1;1;4;1-M2d-0.217IP-Q0.8_001.10sec.fsa,FGA,R,OL,206.84,6,OL,222.14,7,21,228.99,202,22,233.06,59,23,237.14,83,23.2,238.85,8,24,241.32,68,25,245.42,237,26,249.56,156,26.2,251.34,8,OL,252.6,8,OL,258.33,8,OL,266.29,8,OL,266.86,5,OL,276.83,7,OL,278.27,7,OL,292.09,3,OL,297.67,10,OL,303.49,6,OL,318.47,5,OL,321.93,7,OL,329.98,8,OL,337.09,7,OL,338.33,6,OL,347.16,9,51.2,352.62,7,OL,355.65,6,,,,,,,,,,,,,,,,,,,,,,,,,,,,,,,,,,,,,,,,,,,,,,,,,,,,,,,,,,,,,,,,,,,,,,,,,,,,,,,,,,,,,,,,,,,,,,,,,,,,,,,,,,,,,,,,,,,,,,,,,,,,,,,,,,,,,,,,,,,,,,,,,,,,,,,,,,,,,,,,,,,,,,,,,,,,,,,,,,,,,,,,,,,,,,,,,,,,,,,,,,,,,,,,,,,,,,,,,,,
E04_RD14-0003-36_37_38_39-1;2;2;1-M3a-0.186IP-Q0.7_001.10sec.fsa,D8S1179,B,OL,111.65,6,OL,113.03,5,9,125.45,16,10,129.38,253,11,133.42,38,12,137.51,334,13,141.73,661,14,145.7,9,15,150.06,93,OL,151.37,5,OL,155.53,4,OL,156.84,3,20,170.99,6,,,,,,,,,,,,,,,,,,,,,,,,,,,,,,,,,,,,,,,,,,,,,,,,,,,,,,,,,,,,,,,,,,,,,,,,,,,,,,,,,,,,,,,,,,,,,,,,,,,,,,,,,,,,,,,,,,,,,,,,,,,,,,,,,,,,,,,,,,,,,,,,,,,,,,,,,,,,,,,,,,,,,,,,,,,,,,,,,,,,,,,,,,,,,,,,,,,,,,,,,,,,,,,,,,,,,,,,,,,,,,,,,,,,,,,,,,,,,,,,,,,,,,,,,,,,,,,,,,,,,
E04_RD14-0003-36_37_38_39-1;2;2;1-M3a-0.186IP-Q0.7_001.10sec.fsa,D21S11,B,23.2,179.93,5,25,186.66,3,27,194.37,21,28,198.44,344,29,202.46,338,29.2,204.2,4,30,206.45,166,30.2,208.42,8,31.2,212.38,141,33.2,220.22,6,OL,229.27,5,,,,,,,,,,,,,,,,,,,,,,,,,,,,,,,,,,,,,,,,,,,,,,,,,,,,,,,,,,,,,,,,,,,,,,,,,,,,,,,,,,,,,,,,,,,,,,,,,,,,,,,,,,,,,,,,,,,,,,,,,,,,,,,,,,,,,,,,,,,,,,,,,,,,,,,,,,,,,,,,,,,,,,,,,,,,,,,,,,,,,,,,,,,,,,,,,,,,,,,,,,,,,,,,,,,,,,,,,,,,,,,,,,,,,,,,,,,,,,,,,,,,,,,,,,,,,,,,,,,,,,,,,,,
E04_RD14-0003-36_37_38_39-1;2;2;1-M3a-0.186IP-Q0.7_001.10sec.fsa,D7S820,B,5.2,251.93,5,OL,253.27,6,7,257.86,8,8,261.89,216,9,265.84,218,10,269.95,100,11,273.93,329,12,277.92,51,OL,288.82,3,OL,290.64,4,OL,292.7,3,,,,,,,,,,,,,,,,,,,,,,,,,,,,,,,,,,,,,,,,,,,,,,,,,,,,,,,,,,,,,,,,,,,,,,,,,,,,,,,,,,,,,,,,,,,,,,,,,,,,,,,,,,,,,,,,,,,,,,,,,,,,,,,,,,,,,,,,,,,,,,,,,,,,,,,,,,,,,,,,,,,,,,,,,,,,,,,,,,,,,,,,,,,,,,,,,,,,,,,,,,,,,,,,,,,,,,,,,,,,,,,,,,,,,,,,,,,,,,,,,,,,,,,,,,,,,,,,,,,,,,,,,,,
E04_RD14-0003-36_37_38_39-1;2;2;1-M3a-0.186IP-Q0.7_001.10sec.fsa,CSF1PO,B,6,302.55,3,8,310.8,3,9,314.41,30,10,318.6,563,11,322.73,114,12,326.81,575,OL,339.84,4,,,,,,,,,,,,,,,,,,,,,,,,,,,,,,,,,,,,,,,,,,,,,,,,,,,,,,,,,,,,,,,,,,,,,,,,,,,,,,,,,,,,,,,,,,,,,,,,,,,,,,,,,,,,,,,,,,,,,,,,,,,,,,,,,,,,,,,,,,,,,,,,,,,,,,,,,,,,,,,,,,,,,,,,,,,,,,,,,,,,,,,,,,,,,,,,,,,,,,,,,,,,,,,,,,,,,,,,,,,,,,,,,,,,,,,,,,,,,,,,,,,,,,,,,,,,,,,,,,,,,,,,,,,,,,,,,,,,,,,
E04_RD14-0003-36_37_38_39-1;2;2;1-M3a-0.186IP-Q0.7_001.10sec.fsa,D3S1358,G,OL,100.99,5,13,114.27,28,14,118.27,270,OL,119.87,6,15,122.03,277,16,126.06,387,17,130.21,460,OL,137.01,4,,,,,,,,,,,,,,,,,,,,,,,,,,,,,,,,,,,,,,,,,,,,,,,,,,,,,,,,,,,,,,,,,,,,,,,,,,,,,,,,,,,,,,,,,,,,,,,,,,,,,,,,,,,,,,,,,,,,,,,,,,,,,,,,,,,,,,,,,,,,,,,,,,,,,,,,,,,,,,,,,,,,,,,,,,,,,,,,,,,,,,,,,,,,,,,,,,,,,,,,,,,,,,,,,,,,,,,,,,,,,,,,,,,,,,,,,,,,,,,,,,,,,,,,,,,,,,,,,,,,,,,,,,,,,,,,,,,,
E04_RD14-0003-36_37_38_39-1;2;2;1-M3a-0.186IP-Q0.7_001.10sec.fsa,TH01,G,OL,157.21,2,6,168.31,297,7,172.37,527,8,176.44,345,9.3,183.63,393,OL,199.04,6,,,,,,,,,,,,,,,,,,,,,,,,,,,,,,,,,,,,,,,,,,,,,,,,,,,,,,,,,,,,,,,,,,,,,,,,,,,,,,,,,,,,,,,,,,,,,,,,,,,,,,,,,,,,,,,,,,,,,,,,,,,,,,,,,,,,,,,,,,,,,,,,,,,,,,,,,,,,,,,,,,,,,,,,,,,,,,,,,,,,,,,,,,,,,,,,,,,,,,,,,,,,,,,,,,,,,,,,,,,,,,,,,,,,,,,,,,,,,,,,,,,,,,,,,,,,,,,,,,,,,,,,,,,,,,,,,,,,,,,,,,
E04_RD14-0003-36_37_38_39-1;2;2;1-M3a-0.186IP-Q0.7_001.10sec.fsa,D13S317,G,OL,204.12,7,OL,205.14,3,OL,206.89,7,OL,212.23,7,8,215.14,7,9,219.09,156,10,223.21,261,11,227.32,786,12,231.29,333,13,235.57,9,OL,236.84,7,14,239.7,5,,,,,,,,,,,,,,,,,,,,,,,,,,,,,,,,,,,,,,,,,,,,,,,,,,,,,,,,,,,,,,,,,,,,,,,,,,,,,,,,,,,,,,,,,,,,,,,,,,,,,,,,,,,,,,,,,,,,,,,,,,,,,,,,,,,,,,,,,,,,,,,,,,,,,,,,,,,,,,,,,,,,,,,,,,,,,,,,,,,,,,,,,,,,,,,,,,,,,,,,,,,,,,,,,,,,,,,,,,,,,,,,,,,,,,,,,,,,,,,,,,,,,,,,,,,,,,,,,,,,,,,,
E04_RD14-0003-36_37_38_39-1;2;2;1-M3a-0.186IP-Q0.7_001.10sec.fsa,D16S539,G,OL,254.75,7,9,267.13,109,OL,269.04,7,10,271.1,24,11,275.16,570,12,279.15,337,13,283.04,178,OL,284.64,3,OL,292.16,4,OL,293.91,2,,,,,,,,,,,,,,,,,,,,,,,,,,,,,,,,,,,,,,,,,,,,,,,,,,,,,,,,,,,,,,,,,,,,,,,,,,,,,,,,,,,,,,,,,,,,,,,,,,,,,,,,,,,,,,,,,,,,,,,,,,,,,,,,,,,,,,,,,,,,,,,,,,,,,,,,,,,,,,,,,,,,,,,,,,,,,,,,,,,,,,,,,,,,,,,,,,,,,,,,,,,,,,,,,,,,,,,,,,,,,,,,,,,,,,,,,,,,,,,,,,,,,,,,,,,,,,,,,,,,,,,,,,,,,,
E04_RD14-0003-36_37_38_39-1;2;2;1-M3a-0.186IP-Q0.7_001.10sec.fsa,D2S1338,G,14,301.12,5,OL,303.3,5,15,304.51,14,16,308.56,258,17,312.43,23,18,316.7,424,19,320.8,289,20,324.89,333,OL,339.84,5,OL,346.12,5,,,,,,,,,,,,,,,,,,,,,,,,,,,,,,,,,,,,,,,,,,,,,,,,,,,,,,,,,,,,,,,,,,,,,,,,,,,,,,,,,,,,,,,,,,,,,,,,,,,,,,,,,,,,,,,,,,,,,,,,,,,,,,,,,,,,,,,,,,,,,,,,,,,,,,,,,,,,,,,,,,,,,,,,,,,,,,,,,,,,,,,,,,,,,,,,,,,,,,,,,,,,,,,,,,,,,,,,,,,,,,,,,,,,,,,,,,,,,,,,,,,,,,,,,,,,,,,,,,,,,,,,,,,,,,
E04_RD14-0003-36_37_38_39-1;2;2;1-M3a-0.186IP-Q0.7_001.10sec.fsa,D19S433,Y,10.2,105.93,251,13,116.07,143,14,119.93,434,14.2,121.9,168,18,135.6,6,OL,140,10,,,,,,,,,,,,,,,,,,,,,,,,,,,,,,,,,,,,,,,,,,,,,,,,,,,,,,,,,,,,,,,,,,,,,,,,,,,,,,,,,,,,,,,,,,,,,,,,,,,,,,,,,,,,,,,,,,,,,,,,,,,,,,,,,,,,,,,,,,,,,,,,,,,,,,,,,,,,,,,,,,,,,,,,,,,,,,,,,,,,,,,,,,,,,,,,,,,,,,,,,,,,,,,,,,,,,,,,,,,,,,,,,,,,,,,,,,,,,,,,,,,,,,,,,,,,,,,,,,,,,,,,,,,,,,,,,,,,,,,,,,
E04_RD14-0003-36_37_38_39-1;2;2;1-M3a-0.186IP-Q0.7_001.10sec.fsa,vWA,Y,OL,150.64,8,OL,158.6,8,OL,165.56,7,15,168.09,111,16,172.08,206,17,176.07,136,18,180.15,443,OL,181.41,11,19,184.22,120,OL,191.92,10,,,,,,,,,,,,,,,,,,,,,,,,,,,,,,,,,,,,,,,,,,,,,,,,,,,,,,,,,,,,,,,,,,,,,,,,,,,,,,,,,,,,,,,,,,,,,,,,,,,,,,,,,,,,,,,,,,,,,,,,,,,,,,,,,,,,,,,,,,,,,,,,,,,,,,,,,,,,,,,,,,,,,,,,,,,,,,,,,,,,,,,,,,,,,,,,,,,,,,,,,,,,,,,,,,,,,,,,,,,,,,,,,,,,,,,,,,,,,,,,,,,,,,,,,,,,,,,,,,,,,,,,,,,,,,
E04_RD14-0003-36_37_38_39-1;2;2;1-M3a-0.186IP-Q0.7_001.10sec.fsa,TPOX,Y,5,217.03,8,6,220.52,113,OL,223.66,11,7,224.63,14,8,228.52,413,10,236.62,204,11,240.46,46,12,244.7,115,OL,246.01,7,OL,253.64,6,OL,256.01,5,,,,,,,,,,,,,,,,,,,,,,,,,,,,,,,,,,,,,,,,,,,,,,,,,,,,,,,,,,,,,,,,,,,,,,,,,,,,,,,,,,,,,,,,,,,,,,,,,,,,,,,,,,,,,,,,,,,,,,,,,,,,,,,,,,,,,,,,,,,,,,,,,,,,,,,,,,,,,,,,,,,,,,,,,,,,,,,,,,,,,,,,,,,,,,,,,,,,,,,,,,,,,,,,,,,,,,,,,,,,,,,,,,,,,,,,,,,,,,,,,,,,,,,,,,,,,,,,,,,,,,,,,,,
E04_RD14-0003-36_37_38_39-1;2;2;1-M3a-0.186IP-Q0.7_001.10sec.fsa,D18S51,Y,10.2,275.16,9,OL,277.61,9,13,284.94,87,14,289.05,31,15,292.92,407,16,297.03,27,17,300.9,400,18,304.81,108,19,308.63,19,20,312.9,112,21,317.2,8,22.2,323.69,7,OL,328.49,8,OL,329.05,9,OL,346.6,10,,,,,,,,,,,,,,,,,,,,,,,,,,,,,,,,,,,,,,,,,,,,,,,,,,,,,,,,,,,,,,,,,,,,,,,,,,,,,,,,,,,,,,,,,,,,,,,,,,,,,,,,,,,,,,,,,,,,,,,,,,,,,,,,,,,,,,,,,,,,,,,,,,,,,,,,,,,,,,,,,,,,,,,,,,,,,,,,,,,,,,,,,,,,,,,,,,,,,,,,,,,,,,,,,,,,,,,,,,,,,,,,,,,,,,,,,,,,,,,,,,,,,,,,,,,,,,,
E04_RD14-0003-36_37_38_39-1;2;2;1-M3a-0.186IP-Q0.7_001.10sec.fsa,AMEL,R,X,104.87,280,Y,110.81,485,,,,,,,,,,,,,,,,,,,,,,,,,,,,,,,,,,,,,,,,,,,,,,,,,,,,,,,,,,,,,,,,,,,,,,,,,,,,,,,,,,,,,,,,,,,,,,,,,,,,,,,,,,,,,,,,,,,,,,,,,,,,,,,,,,,,,,,,,,,,,,,,,,,,,,,,,,,,,,,,,,,,,,,,,,,,,,,,,,,,,,,,,,,,,,,,,,,,,,,,,,,,,,,,,,,,,,,,,,,,,,,,,,,,,,,,,,,,,,,,,,,,,,,,,,,,,,,,,,,,,,,,,,,,,,,,,,,,,,,,,,,,,,,,,,,,,,
E04_RD14-0003-36_37_38_39-1;2;2;1-M3a-0.186IP-Q0.7_001.10sec.fsa,D5S818,R,OL,127.51,9,OL,130.56,11,OL,139.36,9,9,140.58,8,10,144.62,111,11,148.75,351,12,152.9,421,OL,154.65,9,13,156.92,193,OL,177.6,10,,,,,,,,,,,,,,,,,,,,,,,,,,,,,,,,,,,,,,,,,,,,,,,,,,,,,,,,,,,,,,,,,,,,,,,,,,,,,,,,,,,,,,,,,,,,,,,,,,,,,,,,,,,,,,,,,,,,,,,,,,,,,,,,,,,,,,,,,,,,,,,,,,,,,,,,,,,,,,,,,,,,,,,,,,,,,,,,,,,,,,,,,,,,,,,,,,,,,,,,,,,,,,,,,,,,,,,,,,,,,,,,,,,,,,,,,,,,,,,,,,,,,,,,,,,,,,,,,,,,,,,,,,,,,,
E04_RD14-0003-36_37_38_39-1;2;2;1-M3a-0.186IP-Q0.7_001.10sec.fsa,FGA,R,16,208.57,4,OL,211.72,6,OL,217.34,10,OL,218.17,9,19,221.19,8,20,224.93,13,21,228.97,31,22,233.09,582,22.2,235.19,24,23,237.14,101,23.2,239.1,34,24,241.24,131,25,245.4,233,OL,254.97,8,27.2,255.79,6,OL,258.3,9,29.2,263.33,7,30,265.61,6,31.2,271.56,9,OL,300.75,11,OL,308.09,11,OL,310.25,12,45.2,328.01,8,OL,329.29,6,OL,347.01,3,OL,349.99,8,,,,,,,,,,,,,,,,,,,,,,,,,,,,,,,,,,,,,,,,,,,,,,,,,,,,,,,,,,,,,,,,,,,,,,,,,,,,,,,,,,,,,,,,,,,,,,,,,,,,,,,,,,,,,,,,,,,,,,,,,,,,,,,,,,,,,,,,,,,,,,,,,,,,,,,,,,,,,,,,,,,,,,,,,,,,,,,,,,,,,,,,,,,,,,,,,,,,,,,,,,,,,,,,,,,,,,,,,,,,,,
E05_RD14-0003-36_37_38_39-1;2;2;1-M2e-0.378IP-Q1.2_001.10sec.fsa,D8S1179,B,OL,113.37,5,OL,116.25,8,OL,118.23,6,9,125.34,21,10,129.42,334,11,133.46,30,12,137.54,496,13,141.83,1213,14,146.01,11,15,150.14,171,OL,160.15,7,OL,161.54,7,OL,164.47,3,OL,166.01,3,OL,172.33,6,,,,,,,,,,,,,,,,,,,,,,,,,,,,,,,,,,,,,,,,,,,,,,,,,,,,,,,,,,,,,,,,,,,,,,,,,,,,,,,,,,,,,,,,,,,,,,,,,,,,,,,,,,,,,,,,,,,,,,,,,,,,,,,,,,,,,,,,,,,,,,,,,,,,,,,,,,,,,,,,,,,,,,,,,,,,,,,,,,,,,,,,,,,,,,,,,,,,,,,,,,,,,,,,,,,,,,,,,,,,,,,,,,,,,,,,,,,,,,,,,,,,,,,,,,,,,,,
E05_RD14-0003-36_37_38_39-1;2;2;1-M2e-0.378IP-Q1.2_001.10sec.fsa,D21S11,B,28,198.49,235,29,202.5,236,29.2,204.34,3,OL,205.3,3,30,206.41,139,30.2,208.34,13,31.2,212.43,244,OL,240.16,7,,,,,,,,,,,,,,,,,,,,,,,,,,,,,,,,,,,,,,,,,,,,,,,,,,,,,,,,,,,,,,,,,,,,,,,,,,,,,,,,,,,,,,,,,,,,,,,,,,,,,,,,,,,,,,,,,,,,,,,,,,,,,,,,,,,,,,,,,,,,,,,,,,,,,,,,,,,,,,,,,,,,,,,,,,,,,,,,,,,,,,,,,,,,,,,,,,,,,,,,,,,,,,,,,,,,,,,,,,,,,,,,,,,,,,,,,,,,,,,,,,,,,,,,,,,,,,,,,,,,,,,,,,,,,,,,,,,,
E05_RD14-0003-36_37_38_39-1;2;2;1-M2e-0.378IP-Q1.2_001.10sec.fsa,D7S820,B,OL,252.49,3,6,253.92,5,7,258.05,6,8,261.85,146,9,265.87,80,10,269.91,80,11,273.96,154,OL,277.09,5,,,,,,,,,,,,,,,,,,,,,,,,,,,,,,,,,,,,,,,,,,,,,,,,,,,,,,,,,,,,,,,,,,,,,,,,,,,,,,,,,,,,,,,,,,,,,,,,,,,,,,,,,,,,,,,,,,,,,,,,,,,,,,,,,,,,,,,,,,,,,,,,,,,,,,,,,,,,,,,,,,,,,,,,,,,,,,,,,,,,,,,,,,,,,,,,,,,,,,,,,,,,,,,,,,,,,,,,,,,,,,,,,,,,,,,,,,,,,,,,,,,,,,,,,,,,,,,,,,,,,,,,,,,,,,,,,,,,
E05_RD14-0003-36_37_38_39-1;2;2;1-M2e-0.378IP-Q1.2_001.10sec.fsa,CSF1PO,B,OL,309.16,6,9,314.17,15,10,318.64,406,11,322.78,173,12,326.86,256,13,331.07,4,15,338.72,5,OL,340,7,OL,341.48,4,OL,344.02,5,,,,,,,,,,,,,,,,,,,,,,,,,,,,,,,,,,,,,,,,,,,,,,,,,,,,,,,,,,,,,,,,,,,,,,,,,,,,,,,,,,,,,,,,,,,,,,,,,,,,,,,,,,,,,,,,,,,,,,,,,,,,,,,,,,,,,,,,,,,,,,,,,,,,,,,,,,,,,,,,,,,,,,,,,,,,,,,,,,,,,,,,,,,,,,,,,,,,,,,,,,,,,,,,,,,,,,,,,,,,,,,,,,,,,,,,,,,,,,,,,,,,,,,,,,,,,,,,,,,,,,,,,,,,,,
E05_RD14-0003-36_37_38_39-1;2;2;1-M2e-0.378IP-Q1.2_001.10sec.fsa,D3S1358,G,OL,100.14,9,OL,106.96,8,OL,108.87,7,13,114.41,34,OL,116.73,3,14,118.23,616,15,122,640,16,126.04,205,17,130.27,691,OL,135.6,3,OL,137.69,5,OL,143.29,8,,,,,,,,,,,,,,,,,,,,,,,,,,,,,,,,,,,,,,,,,,,,,,,,,,,,,,,,,,,,,,,,,,,,,,,,,,,,,,,,,,,,,,,,,,,,,,,,,,,,,,,,,,,,,,,,,,,,,,,,,,,,,,,,,,,,,,,,,,,,,,,,,,,,,,,,,,,,,,,,,,,,,,,,,,,,,,,,,,,,,,,,,,,,,,,,,,,,,,,,,,,,,,,,,,,,,,,,,,,,,,,,,,,,,,,,,,,,,,,,,,,,,,,,,,,,,,,,,,,,,,,,
E05_RD14-0003-36_37_38_39-1;2;2;1-M2e-0.378IP-Q1.2_001.10sec.fsa,TH01,G,OL,154.94,8,6,168.35,881,7,172.4,1395,8,176.45,225,9.3,183.62,114,OL,189.96,7,OL,190.86,5,OL,194.71,10,OL,199.24,6,,,,,,,,,,,,,,,,,,,,,,,,,,,,,,,,,,,,,,,,,,,,,,,,,,,,,,,,,,,,,,,,,,,,,,,,,,,,,,,,,,,,,,,,,,,,,,,,,,,,,,,,,,,,,,,,,,,,,,,,,,,,,,,,,,,,,,,,,,,,,,,,,,,,,,,,,,,,,,,,,,,,,,,,,,,,,,,,,,,,,,,,,,,,,,,,,,,,,,,,,,,,,,,,,,,,,,,,,,,,,,,,,,,,,,,,,,,,,,,,,,,,,,,,,,,,,,,,,,,,,,,,,,,,,,,,,
E05_RD14-0003-36_37_38_39-1;2;2;1-M2e-0.378IP-Q1.2_001.10sec.fsa,D13S317,G,OL,203.6,7,OL,204.42,5,OL,215.99,7,9,219.15,328,10,223.19,150,11,227.22,434,12,231.26,344,OL,233.48,5,,,,,,,,,,,,,,,,,,,,,,,,,,,,,,,,,,,,,,,,,,,,,,,,,,,,,,,,,,,,,,,,,,,,,,,,,,,,,,,,,,,,,,,,,,,,,,,,,,,,,,,,,,,,,,,,,,,,,,,,,,,,,,,,,,,,,,,,,,,,,,,,,,,,,,,,,,,,,,,,,,,,,,,,,,,,,,,,,,,,,,,,,,,,,,,,,,,,,,,,,,,,,,,,,,,,,,,,,,,,,,,,,,,,,,,,,,,,,,,,,,,,,,,,,,,,,,,,,,,,,,,,,,,,,,,,,,,,
E05_RD14-0003-36_37_38_39-1;2;2;1-M2e-0.378IP-Q1.2_001.10sec.fsa,D16S539,G,OL,260.62,9,8,263.09,12,9,267.19,237,10,271.15,29,11,275.21,613,12,279.21,301,12.2,281.09,5,13,283.1,176,16,295.5,5,,,,,,,,,,,,,,,,,,,,,,,,,,,,,,,,,,,,,,,,,,,,,,,,,,,,,,,,,,,,,,,,,,,,,,,,,,,,,,,,,,,,,,,,,,,,,,,,,,,,,,,,,,,,,,,,,,,,,,,,,,,,,,,,,,,,,,,,,,,,,,,,,,,,,,,,,,,,,,,,,,,,,,,,,,,,,,,,,,,,,,,,,,,,,,,,,,,,,,,,,,,,,,,,,,,,,,,,,,,,,,,,,,,,,,,,,,,,,,,,,,,,,,,,,,,,,,,,,,,,,,,,,,,,,,,,,
E05_RD14-0003-36_37_38_39-1;2;2;1-M2e-0.378IP-Q1.2_001.10sec.fsa,D2S1338,G,15,304.5,12,OL,305.81,4,16,308.61,214,OL,311.05,8,17,312.64,21,18,316.69,304,19,320.9,177,20,324.99,148,OL,342.3,5,OL,351.26,6,27,353.24,6,OL,360.41,7,OL,363.76,6,,,,,,,,,,,,,,,,,,,,,,,,,,,,,,,,,,,,,,,,,,,,,,,,,,,,,,,,,,,,,,,,,,,,,,,,,,,,,,,,,,,,,,,,,,,,,,,,,,,,,,,,,,,,,,,,,,,,,,,,,,,,,,,,,,,,,,,,,,,,,,,,,,,,,,,,,,,,,,,,,,,,,,,,,,,,,,,,,,,,,,,,,,,,,,,,,,,,,,,,,,,,,,,,,,,,,,,,,,,,,,,,,,,,,,,,,,,,,,,,,,,,,,,,,,,,,,,,,,,,,
E05_RD14-0003-36_37_38_39-1;2;2;1-M2e-0.378IP-Q1.2_001.10sec.fsa,D19S433,Y,10.2,105.9,141,12,112.04,46,13,116.05,755,14,119.93,1560,14.2,121.94,277,OL,122.98,3,16.2,129.84,11,OL,140.66,8,,,,,,,,,,,,,,,,,,,,,,,,,,,,,,,,,,,,,,,,,,,,,,,,,,,,,,,,,,,,,,,,,,,,,,,,,,,,,,,,,,,,,,,,,,,,,,,,,,,,,,,,,,,,,,,,,,,,,,,,,,,,,,,,,,,,,,,,,,,,,,,,,,,,,,,,,,,,,,,,,,,,,,,,,,,,,,,,,,,,,,,,,,,,,,,,,,,,,,,,,,,,,,,,,,,,,,,,,,,,,,,,,,,,,,,,,,,,,,,,,,,,,,,,,,,,,,,,,,,,,,,,,,,,,,,,,,,,
E05_RD14-0003-36_37_38_39-1;2;2;1-M2e-0.378IP-Q1.2_001.10sec.fsa,vWA,Y,OL,156.73,9,15,168.13,57,16,172.03,400,17,176.09,275,18,180.15,544,19,184.22,88,OL,189.58,12,OL,190.33,8,,,,,,,,,,,,,,,,,,,,,,,,,,,,,,,,,,,,,,,,,,,,,,,,,,,,,,,,,,,,,,,,,,,,,,,,,,,,,,,,,,,,,,,,,,,,,,,,,,,,,,,,,,,,,,,,,,,,,,,,,,,,,,,,,,,,,,,,,,,,,,,,,,,,,,,,,,,,,,,,,,,,,,,,,,,,,,,,,,,,,,,,,,,,,,,,,,,,,,,,,,,,,,,,,,,,,,,,,,,,,,,,,,,,,,,,,,,,,,,,,,,,,,,,,,,,,,,,,,,,,,,,,,,,,,,,,,,,
E05_RD14-0003-36_37_38_39-1;2;2;1-M2e-0.378IP-Q1.2_001.10sec.fsa,TPOX,Y,6,220.45,24,8,228.51,598,OL,230.96,10,10,236.62,160,12,244.74,239,OL,247.26,3,,,,,,,,,,,,,,,,,,,,,,,,,,,,,,,,,,,,,,,,,,,,,,,,,,,,,,,,,,,,,,,,,,,,,,,,,,,,,,,,,,,,,,,,,,,,,,,,,,,,,,,,,,,,,,,,,,,,,,,,,,,,,,,,,,,,,,,,,,,,,,,,,,,,,,,,,,,,,,,,,,,,,,,,,,,,,,,,,,,,,,,,,,,,,,,,,,,,,,,,,,,,,,,,,,,,,,,,,,,,,,,,,,,,,,,,,,,,,,,,,,,,,,,,,,,,,,,,,,,,,,,,,,,,,,,,,,,,,,,,,,
E05_RD14-0003-36_37_38_39-1;2;2;1-M2e-0.378IP-Q1.2_001.10sec.fsa,D18S51,Y,8,264.17,4,13,284.96,98,14,288.91,30,OL,290,10,15,292.95,284,16,296.98,25,17,300.91,267,17.2,302.58,4,18,304.73,21,20,312.88,22,OL,313.68,12,OL,315.51,7,23,325.15,11,OL,331.72,9,OL,332.93,6,OL,340,8,27,341.56,7,OL,342.79,8,,,,,,,,,,,,,,,,,,,,,,,,,,,,,,,,,,,,,,,,,,,,,,,,,,,,,,,,,,,,,,,,,,,,,,,,,,,,,,,,,,,,,,,,,,,,,,,,,,,,,,,,,,,,,,,,,,,,,,,,,,,,,,,,,,,,,,,,,,,,,,,,,,,,,,,,,,,,,,,,,,,,,,,,,,,,,,,,,,,,,,,,,,,,,,,,,,,,,,,,,,,,,,,,,,,,,,,,,,,,,,,,,,,,,,,,,,,,,,,,,,,,,,
E05_RD14-0003-36_37_38_39-1;2;2;1-M2e-0.378IP-Q1.2_001.10sec.fsa,AMEL,R,X,104.91,1225,Y,110.77,893,,,,,,,,,,,,,,,,,,,,,,,,,,,,,,,,,,,,,,,,,,,,,,,,,,,,,,,,,,,,,,,,,,,,,,,,,,,,,,,,,,,,,,,,,,,,,,,,,,,,,,,,,,,,,,,,,,,,,,,,,,,,,,,,,,,,,,,,,,,,,,,,,,,,,,,,,,,,,,,,,,,,,,,,,,,,,,,,,,,,,,,,,,,,,,,,,,,,,,,,,,,,,,,,,,,,,,,,,,,,,,,,,,,,,,,,,,,,,,,,,,,,,,,,,,,,,,,,,,,,,,,,,,,,,,,,,,,,,,,,,,,,,,,,,,,,,,
E05_RD14-0003-36_37_38_39-1;2;2;1-M2e-0.378IP-Q1.2_001.10sec.fsa,D5S818,R,OL,130.76,5,8,136.32,9,10,144.69,126,11,148.81,535,12,152.87,466,13,156.95,361,OL,166.15,9,OL,170.56,14,OL,173.8,13,,,,,,,,,,,,,,,,,,,,,,,,,,,,,,,,,,,,,,,,,,,,,,,,,,,,,,,,,,,,,,,,,,,,,,,,,,,,,,,,,,,,,,,,,,,,,,,,,,,,,,,,,,,,,,,,,,,,,,,,,,,,,,,,,,,,,,,,,,,,,,,,,,,,,,,,,,,,,,,,,,,,,,,,,,,,,,,,,,,,,,,,,,,,,,,,,,,,,,,,,,,,,,,,,,,,,,,,,,,,,,,,,,,,,,,,,,,,,,,,,,,,,,,,,,,,,,,,,,,,,,,,,,,,,,,,,
E05_RD14-0003-36_37_38_39-1;2;2;1-M2e-0.378IP-Q1.2_001.10sec.fsa,FGA,R,OL,204.79,8,16.2,210.49,10,17.2,214.61,6,OL,224.25,8,21,229.05,46,22,233.1,630,23,237.16,160,24,241.27,145,25,245.45,88,OL,262.08,10,30,265.1,8,OL,266.1,7,31.2,271.47,9,32.2,275.53,9,OL,277.33,11,OL,294.03,7,OL,298.22,8,OL,302.73,8,OL,308.61,10,OL,317.88,13,OL,318.89,8,OL,319.57,6,OL,335.51,7,OL,349.2,7,OL,359.09,12,,,,,,,,,,,,,,,,,,,,,,,,,,,,,,,,,,,,,,,,,,,,,,,,,,,,,,,,,,,,,,,,,,,,,,,,,,,,,,,,,,,,,,,,,,,,,,,,,,,,,,,,,,,,,,,,,,,,,,,,,,,,,,,,,,,,,,,,,,,,,,,,,,,,,,,,,,,,,,,,,,,,,,,,,,,,,,,,,,,,,,,,,,,,,,,,,,,,,,,,,,,,,,,,,,,,,,,,,,,,,,,,,
F01_RD14-0003-40_41_42_43-1;1;1;1-M2d-0.5IP-Q1.3_002.10sec.fsa,D8S1179,B,OL,111.58,3,10,129.39,9,11,133.48,198,12,137.53,255,13,141.73,361,14,145.97,719,OL,148.81,2,15,150.08,110,19,166.94,3,OL,171.31,3,OL,175.3,1,,,,,,,,,,,,,,,,,,,,,,,,,,,,,,,,,,,,,,,,,,,,,,,,,,,,,,,,,,,,,,,,,,,,,,,,,,,,,,,,,,,,,,,,,,,,,,,,,,,,,,,,,,,,,,,,,,,,,,,,,,,,,,,,,,,,,,,,,,,,,,,,,,,,,,,,,,,,,,,,,,,,,,,,,,,,,,,,,,,,,,,,,,,,,,,,,,,,,,,,,,,,,,,,,,,,,,,,,,,,,,,,,,,,,,,,,,,,,,,,,,,,,,,,,,,,,,,,,,,,,,,,,,,
F01_RD14-0003-40_41_42_43-1;1;1;1-M2d-0.5IP-Q1.3_002.10sec.fsa,D21S11,B,23.2,179.69,2,OL,185.68,3,25.2,188.64,2,26,190.48,4,26.2,192.32,2,27,194.48,93,28,198.56,155,28.2,200.54,3,29,202.49,208,30,206.54,94,30.2,208.42,18,31,210.46,166,31.2,212.42,55,32,214.08,2,OL,215.21,1,OL,219.59,3,34,222.79,8,35,226.77,68,OL,230.05,3,36,231.25,12,36.2,232.45,2,37.2,236.7,3,38,238.63,2,39,242.99,2,,,,,,,,,,,,,,,,,,,,,,,,,,,,,,,,,,,,,,,,,,,,,,,,,,,,,,,,,,,,,,,,,,,,,,,,,,,,,,,,,,,,,,,,,,,,,,,,,,,,,,,,,,,,,,,,,,,,,,,,,,,,,,,,,,,,,,,,,,,,,,,,,,,,,,,,,,,,,,,,,,,,,,,,,,,,,,,,,,,,,,,,,,,,,,,,,,,,,,,,,,,,,,,,,,,,,,,,,,,,,,,,,,,,
F01_RD14-0003-40_41_42_43-1;1;1;1-M2d-0.5IP-Q1.3_002.10sec.fsa,D7S820,B,OL,248.93,3,8,261.93,65,9,266.02,260,10,269.89,20,11,274.01,446,OL,279.27,3,14,286.24,2,16,293.68,2,,,,,,,,,,,,,,,,,,,,,,,,,,,,,,,,,,,,,,,,,,,,,,,,,,,,,,,,,,,,,,,,,,,,,,,,,,,,,,,,,,,,,,,,,,,,,,,,,,,,,,,,,,,,,,,,,,,,,,,,,,,,,,,,,,,,,,,,,,,,,,,,,,,,,,,,,,,,,,,,,,,,,,,,,,,,,,,,,,,,,,,,,,,,,,,,,,,,,,,,,,,,,,,,,,,,,,,,,,,,,,,,,,,,,,,,,,,,,,,,,,,,,,,,,,,,,,,,,,,,,,,,,,,,,,,,,,,,
F01_RD14-0003-40_41_42_43-1;1;1;1-M2d-0.5IP-Q1.3_002.10sec.fsa,CSF1PO,B,OL,300.08,4,7,306.76,2,8,310.48,68,OL,312.36,2,9,314.43,10,10,318.71,307,11,322.77,26,12,326.79,567,OL,333.13,6,14,334.54,2,OL,340,4,,,,,,,,,,,,,,,,,,,,,,,,,,,,,,,,,,,,,,,,,,,,,,,,,,,,,,,,,,,,,,,,,,,,,,,,,,,,,,,,,,,,,,,,,,,,,,,,,,,,,,,,,,,,,,,,,,,,,,,,,,,,,,,,,,,,,,,,,,,,,,,,,,,,,,,,,,,,,,,,,,,,,,,,,,,,,,,,,,,,,,,,,,,,,,,,,,,,,,,,,,,,,,,,,,,,,,,,,,,,,,,,,,,,,,,,,,,,,,,,,,,,,,,,,,,,,,,,,,,,,,,,,,,
F01_RD14-0003-40_41_42_43-1;1;1;1-M2d-0.5IP-Q1.3_002.10sec.fsa,D3S1358,G,OL,100.23,5,13,114.07,13,14,118.1,76,15,122.07,1161,16,126.09,840,17,130.22,666,OL,132.87,1,OL,139.61,5,OL,140.24,5,,,,,,,,,,,,,,,,,,,,,,,,,,,,,,,,,,,,,,,,,,,,,,,,,,,,,,,,,,,,,,,,,,,,,,,,,,,,,,,,,,,,,,,,,,,,,,,,,,,,,,,,,,,,,,,,,,,,,,,,,,,,,,,,,,,,,,,,,,,,,,,,,,,,,,,,,,,,,,,,,,,,,,,,,,,,,,,,,,,,,,,,,,,,,,,,,,,,,,,,,,,,,,,,,,,,,,,,,,,,,,,,,,,,,,,,,,,,,,,,,,,,,,,,,,,,,,,,,,,,,,,,,,,,,,,,,
F01_RD14-0003-40_41_42_43-1;1;1;1-M2d-0.5IP-Q1.3_002.10sec.fsa,TH01,G,6,168.5,21,7,172.49,876,7.3,175.3,6,8,176.55,712,9,180.56,395,OL,182.4,3,9.3,183.76,451,OL,188.32,3,OL,190.16,2,,,,,,,,,,,,,,,,,,,,,,,,,,,,,,,,,,,,,,,,,,,,,,,,,,,,,,,,,,,,,,,,,,,,,,,,,,,,,,,,,,,,,,,,,,,,,,,,,,,,,,,,,,,,,,,,,,,,,,,,,,,,,,,,,,,,,,,,,,,,,,,,,,,,,,,,,,,,,,,,,,,,,,,,,,,,,,,,,,,,,,,,,,,,,,,,,,,,,,,,,,,,,,,,,,,,,,,,,,,,,,,,,,,,,,,,,,,,,,,,,,,,,,,,,,,,,,,,,,,,,,,,,,,,,,,,,
F01_RD14-0003-40_41_42_43-1;1;1;1-M2d-0.5IP-Q1.3_002.10sec.fsa,D13S317,G,OL,205.76,4,OL,214.4,5,8,214.89,5,10,223.18,8,11,227.17,141,12,231.17,1213,13,235.18,422,,,,,,,,,,,,,,,,,,,,,,,,,,,,,,,,,,,,,,,,,,,,,,,,,,,,,,,,,,,,,,,,,,,,,,,,,,,,,,,,,,,,,,,,,,,,,,,,,,,,,,,,,,,,,,,,,,,,,,,,,,,,,,,,,,,,,,,,,,,,,,,,,,,,,,,,,,,,,,,,,,,,,,,,,,,,,,,,,,,,,,,,,,,,,,,,,,,,,,,,,,,,,,,,,,,,,,,,,,,,,,,,,,,,,,,,,,,,,,,,,,,,,,,,,,,,,,,,,,,,,,,,,,,,,,,,,,,,,,,
F01_RD14-0003-40_41_42_43-1;1;1;1-M2d-0.5IP-Q1.3_002.10sec.fsa,D16S539,G,6,255.53,4,OL,256.08,3,OL,257.73,3,8,263.29,18,9,267.31,593,OL,269.65,3,10,271.18,420,OL,273.36,2,11,275.3,229,12,279.27,238,13,283.2,43,OL,288.64,2,OL,289.36,2,,,,,,,,,,,,,,,,,,,,,,,,,,,,,,,,,,,,,,,,,,,,,,,,,,,,,,,,,,,,,,,,,,,,,,,,,,,,,,,,,,,,,,,,,,,,,,,,,,,,,,,,,,,,,,,,,,,,,,,,,,,,,,,,,,,,,,,,,,,,,,,,,,,,,,,,,,,,,,,,,,,,,,,,,,,,,,,,,,,,,,,,,,,,,,,,,,,,,,,,,,,,,,,,,,,,,,,,,,,,,,,,,,,,,,,,,,,,,,,,,,,,,,,,,,,,,,,,,,,,,
F01_RD14-0003-40_41_42_43-1;1;1;1-M2d-0.5IP-Q1.3_002.10sec.fsa,D2S1338,G,18,316.73,16,19,320.93,140,20,324.95,123,21,328.97,37,OL,330.72,2,22,333.04,577,23,337.02,137,24,341.09,22,25,345.1,255,OL,346.52,4,OL,347.44,3,OL,352.63,2,OL,356.57,3,OL,358.91,3,OL,359.66,2,,,,,,,,,,,,,,,,,,,,,,,,,,,,,,,,,,,,,,,,,,,,,,,,,,,,,,,,,,,,,,,,,,,,,,,,,,,,,,,,,,,,,,,,,,,,,,,,,,,,,,,,,,,,,,,,,,,,,,,,,,,,,,,,,,,,,,,,,,,,,,,,,,,,,,,,,,,,,,,,,,,,,,,,,,,,,,,,,,,,,,,,,,,,,,,,,,,,,,,,,,,,,,,,,,,,,,,,,,,,,,,,,,,,,,,,,,,,,,,,,,,,,,,,,,,,,,,
F01_RD14-0003-40_41_42_43-1;1;1;1-M2d-0.5IP-Q1.3_002.10sec.fsa,D19S433,Y,OL,102.68,7,10,103.91,17,11,108.02,308,12,112.26,18,12.2,114.15,41,13,116.13,339,13.2,118.1,473,14,120.07,505,14.2,122.07,362,15.2,126.09,41,16.2,130,299,OL,139.31,7,OL,141.33,5,,,,,,,,,,,,,,,,,,,,,,,,,,,,,,,,,,,,,,,,,,,,,,,,,,,,,,,,,,,,,,,,,,,,,,,,,,,,,,,,,,,,,,,,,,,,,,,,,,,,,,,,,,,,,,,,,,,,,,,,,,,,,,,,,,,,,,,,,,,,,,,,,,,,,,,,,,,,,,,,,,,,,,,,,,,,,,,,,,,,,,,,,,,,,,,,,,,,,,,,,,,,,,,,,,,,,,,,,,,,,,,,,,,,,,,,,,,,,,,,,,,,,,,,,,,,,,,,,,,,,
F01_RD14-0003-40_41_42_43-1;1;1;1-M2d-0.5IP-Q1.3_002.10sec.fsa,vWA,Y,13,159.92,318,OL,161.4,3,14,163.97,10,OL,165.14,7,15,168.11,147,16,172.17,327,17,176.16,503,18,180.16,128,19,184.24,89,OL,203.89,9,,,,,,,,,,,,,,,,,,,,,,,,,,,,,,,,,,,,,,,,,,,,,,,,,,,,,,,,,,,,,,,,,,,,,,,,,,,,,,,,,,,,,,,,,,,,,,,,,,,,,,,,,,,,,,,,,,,,,,,,,,,,,,,,,,,,,,,,,,,,,,,,,,,,,,,,,,,,,,,,,,,,,,,,,,,,,,,,,,,,,,,,,,,,,,,,,,,,,,,,,,,,,,,,,,,,,,,,,,,,,,,,,,,,,,,,,,,,,,,,,,,,,,,,,,,,,,,,,,,,,,,,,,,,,,
F01_RD14-0003-40_41_42_43-1;1;1;1-M2d-0.5IP-Q1.3_002.10sec.fsa,TPOX,Y,7,224.54,15,8,228.61,763,OL,231.97,13,10,236.54,276,11,240.67,179,12,244.89,52,,,,,,,,,,,,,,,,,,,,,,,,,,,,,,,,,,,,,,,,,,,,,,,,,,,,,,,,,,,,,,,,,,,,,,,,,,,,,,,,,,,,,,,,,,,,,,,,,,,,,,,,,,,,,,,,,,,,,,,,,,,,,,,,,,,,,,,,,,,,,,,,,,,,,,,,,,,,,,,,,,,,,,,,,,,,,,,,,,,,,,,,,,,,,,,,,,,,,,,,,,,,,,,,,,,,,,,,,,,,,,,,,,,,,,,,,,,,,,,,,,,,,,,,,,,,,,,,,,,,,,,,,,,,,,,,,,,,,,,,,,
F01_RD14-0003-40_41_42_43-1;1;1;1-M2d-0.5IP-Q1.3_002.10sec.fsa,D18S51,Y,OL,262.49,7,OL,263.61,8,9,268.52,12,9,269.24,10,OL,269.89,10,9.2,271.02,10,10,272.88,9,OL,275.79,10,11,276.68,9,12,280.96,106,13,284.96,78,13.2,287.04,6,14,288.56,7,15,293.04,60,16,297.12,15,OL,298.08,4,17,300.94,97,18,304.83,445,19,308.94,279,19.2,311.21,6,20,312.6,5,OL,313.51,4,20.2,315.37,3,22.2,323.19,5,OL,330.88,3,,,,,,,,,,,,,,,,,,,,,,,,,,,,,,,,,,,,,,,,,,,,,,,,,,,,,,,,,,,,,,,,,,,,,,,,,,,,,,,,,,,,,,,,,,,,,,,,,,,,,,,,,,,,,,,,,,,,,,,,,,,,,,,,,,,,,,,,,,,,,,,,,,,,,,,,,,,,,,,,,,,,,,,,,,,,,,,,,,,,,,,,,,,,,,,,,,,,,,,,,,,,,,,,,,,,,,,,,,,,,,,,,
F01_RD14-0003-40_41_42_43-1;1;1;1-M2d-0.5IP-Q1.3_002.10sec.fsa,AMEL,R,X,104.82,1071,Y,110.75,515,,,,,,,,,,,,,,,,,,,,,,,,,,,,,,,,,,,,,,,,,,,,,,,,,,,,,,,,,,,,,,,,,,,,,,,,,,,,,,,,,,,,,,,,,,,,,,,,,,,,,,,,,,,,,,,,,,,,,,,,,,,,,,,,,,,,,,,,,,,,,,,,,,,,,,,,,,,,,,,,,,,,,,,,,,,,,,,,,,,,,,,,,,,,,,,,,,,,,,,,,,,,,,,,,,,,,,,,,,,,,,,,,,,,,,,,,,,,,,,,,,,,,,,,,,,,,,,,,,,,,,,,,,,,,,,,,,,,,,,,,,,,,,,,,,,,,,
F01_RD14-0003-40_41_42_43-1;1;1;1-M2d-0.5IP-Q1.3_002.10sec.fsa,D5S818,R,OL,125.79,7,6,128.79,13,OL,129.69,13,8,136.92,6,OL,138.3,6,10,144.63,34,11,148.81,858,OL,151.5,5,12,152.93,619,OL,154.27,10,13,157.05,486,17,173.5,8,OL,177.81,6,,,,,,,,,,,,,,,,,,,,,,,,,,,,,,,,,,,,,,,,,,,,,,,,,,,,,,,,,,,,,,,,,,,,,,,,,,,,,,,,,,,,,,,,,,,,,,,,,,,,,,,,,,,,,,,,,,,,,,,,,,,,,,,,,,,,,,,,,,,,,,,,,,,,,,,,,,,,,,,,,,,,,,,,,,,,,,,,,,,,,,,,,,,,,,,,,,,,,,,,,,,,,,,,,,,,,,,,,,,,,,,,,,,,,,,,,,,,,,,,,,,,,,,,,,,,,,,,,,,,,
F01_RD14-0003-40_41_42_43-1;1;1;1-M2d-0.5IP-Q1.3_002.10sec.fsa,FGA,R,16.2,210.85,8,17,212.19,6,17.2,214.89,5,18,217.16,6,19,220.8,22,20,224.86,254,21,228.93,268,22,233.01,243,OL,236.3,7,23,237.19,9,24.2,243.49,7,26,249.43,38,27,253.56,37,28,257.5,106,29,261.6,6,OL,264.17,7,34.2,284,6,OL,287.44,6,43.2,319.83,4,OL,322.77,6,OL,326.13,3,49.2,344.26,6,OL,346.52,8,OL,347.19,4,,,,,,,,,,,,,,,,,,,,,,,,,,,,,,,,,,,,,,,,,,,,,,,,,,,,,,,,,,,,,,,,,,,,,,,,,,,,,,,,,,,,,,,,,,,,,,,,,,,,,,,,,,,,,,,,,,,,,,,,,,,,,,,,,,,,,,,,,,,,,,,,,,,,,,,,,,,,,,,,,,,,,,,,,,,,,,,,,,,,,,,,,,,,,,,,,,,,,,,,,,,,,,,,,,,,,,,,,,,,,,,,,,,,
F02_RD14-0003-44_45_46_47-1;1;4;1-M2a-0.75IP-Q0.7_002.10sec.fsa,D8S1179,B,7,117.14,4,8,121.41,3,OL,123.36,4,9,125.39,17,OL,128.1,2,10,129.46,402,11,133.5,1391,OL,136.12,1,12,137.71,78,13,141.76,1155,14,145.78,1422,15,150.1,280,OL,157.71,3,OL,161.19,2,OL,161.9,2,OL,163.86,3,19,167.03,3,OL,168.29,11,OL,172.38,14,,,,,,,,,,,,,,,,,,,,,,,,,,,,,,,,,,,,,,,,,,,,,,,,,,,,,,,,,,,,,,,,,,,,,,,,,,,,,,,,,,,,,,,,,,,,,,,,,,,,,,,,,,,,,,,,,,,,,,,,,,,,,,,,,,,,,,,,,,,,,,,,,,,,,,,,,,,,,,,,,,,,,,,,,,,,,,,,,,,,,,,,,,,,,,,,,,,,,,,,,,,,,,,,,,,,,,,,,,,,,,,,,,,,,,,,,,,,,,,,,,,
F02_RD14-0003-44_45_46_47-1;1;4;1-M2a-0.75IP-Q0.7_002.10sec.fsa,D21S11,B,23.2,180.43,25,OL,183.46,6,OL,185.11,3,25,186.48,2,26,190.15,10,27,194.32,206,27.2,196.26,8,28,198.49,677,29,202.51,22,30,206.44,316,31,210.39,1327,31.2,212.37,94,32,214.51,283,32.2,216.48,1163,33.2,220.5,8,OL,229.5,2,36,231.23,56,OL,235.36,10,38,238.77,3,,,,,,,,,,,,,,,,,,,,,,,,,,,,,,,,,,,,,,,,,,,,,,,,,,,,,,,,,,,,,,,,,,,,,,,,,,,,,,,,,,,,,,,,,,,,,,,,,,,,,,,,,,,,,,,,,,,,,,,,,,,,,,,,,,,,,,,,,,,,,,,,,,,,,,,,,,,,,,,,,,,,,,,,,,,,,,,,,,,,,,,,,,,,,,,,,,,,,,,,,,,,,,,,,,,,,,,,,,,,,,,,,,,,,,,,,,,,,,,,,,,
F02_RD14-0003-44_45_46_47-1;1;4;1-M2a-0.75IP-Q0.7_002.10sec.fsa,D7S820,B,7,257.73,11,8,261.9,401,9,265.84,1374,10,269.88,616,11,273.86,77,OL,275.04,22,12,277.92,1203,13,281.76,8,OL,291.84,2,,,,,,,,,,,,,,,,,,,,,,,,,,,,,,,,,,,,,,,,,,,,,,,,,,,,,,,,,,,,,,,,,,,,,,,,,,,,,,,,,,,,,,,,,,,,,,,,,,,,,,,,,,,,,,,,,,,,,,,,,,,,,,,,,,,,,,,,,,,,,,,,,,,,,,,,,,,,,,,,,,,,,,,,,,,,,,,,,,,,,,,,,,,,,,,,,,,,,,,,,,,,,,,,,,,,,,,,,,,,,,,,,,,,,,,,,,,,,,,,,,,,,,,,,,,,,,,,,,,,,,,,,,,,,,,,,
F02_RD14-0003-44_45_46_47-1;1;4;1-M2a-0.75IP-Q0.7_002.10sec.fsa,CSF1PO,B,5,298.46,4,OL,308.46,10,9,314.39,39,10,318.65,1049,11,322.71,1673,12,326.72,1121,OL,336.86,11,OL,341.01,13,OL,343.57,3,,,,,,,,,,,,,,,,,,,,,,,,,,,,,,,,,,,,,,,,,,,,,,,,,,,,,,,,,,,,,,,,,,,,,,,,,,,,,,,,,,,,,,,,,,,,,,,,,,,,,,,,,,,,,,,,,,,,,,,,,,,,,,,,,,,,,,,,,,,,,,,,,,,,,,,,,,,,,,,,,,,,,,,,,,,,,,,,,,,,,,,,,,,,,,,,,,,,,,,,,,,,,,,,,,,,,,,,,,,,,,,,,,,,,,,,,,,,,,,,,,,,,,,,,,,,,,,,,,,,,,,,,,,,,,,,,
F02_RD14-0003-44_45_46_47-1;1;4;1-M2a-0.75IP-Q0.7_002.10sec.fsa,D3S1358,G,OL,98.28,6,OL,109.53,12,OL,112.28,5,13,114.33,175,14,118.27,2815,15,122.22,2578,16,126.34,417,17,130.08,367,18,134.05,10,OL,135.22,6,19,137.92,3,OL,140.14,5,,,,,,,,,,,,,,,,,,,,,,,,,,,,,,,,,,,,,,,,,,,,,,,,,,,,,,,,,,,,,,,,,,,,,,,,,,,,,,,,,,,,,,,,,,,,,,,,,,,,,,,,,,,,,,,,,,,,,,,,,,,,,,,,,,,,,,,,,,,,,,,,,,,,,,,,,,,,,,,,,,,,,,,,,,,,,,,,,,,,,,,,,,,,,,,,,,,,,,,,,,,,,,,,,,,,,,,,,,,,,,,,,,,,,,,,,,,,,,,,,,,,,,,,,,,,,,,,,,,,,,,,
F02_RD14-0003-44_45_46_47-1;1;4;1-M2a-0.75IP-Q0.7_002.10sec.fsa,TH01,G,OL,158.57,10,OL,162.46,10,5,164.28,15,6,168.29,1353,6.3,171.04,9,7,172.38,2464,8,176.4,108,9,180.5,3263,9.3,183.6,371,11,189,3,OL,195.62,3,,,,,,,,,,,,,,,,,,,,,,,,,,,,,,,,,,,,,,,,,,,,,,,,,,,,,,,,,,,,,,,,,,,,,,,,,,,,,,,,,,,,,,,,,,,,,,,,,,,,,,,,,,,,,,,,,,,,,,,,,,,,,,,,,,,,,,,,,,,,,,,,,,,,,,,,,,,,,,,,,,,,,,,,,,,,,,,,,,,,,,,,,,,,,,,,,,,,,,,,,,,,,,,,,,,,,,,,,,,,,,,,,,,,,,,,,,,,,,,,,,,,,,,,,,,,,,,,,,,,,,,,,,,
F02_RD14-0003-44_45_46_47-1;1;4;1-M2a-0.75IP-Q0.7_002.10sec.fsa,D13S317,G,7,210.88,17,8,215.02,1180,OL,218.53,3,10,223.16,14,11,227.19,234,12,231.23,4586,13,235.29,726,14,239.35,11,OL,244.34,5,16,247.32,5,,,,,,,,,,,,,,,,,,,,,,,,,,,,,,,,,,,,,,,,,,,,,,,,,,,,,,,,,,,,,,,,,,,,,,,,,,,,,,,,,,,,,,,,,,,,,,,,,,,,,,,,,,,,,,,,,,,,,,,,,,,,,,,,,,,,,,,,,,,,,,,,,,,,,,,,,,,,,,,,,,,,,,,,,,,,,,,,,,,,,,,,,,,,,,,,,,,,,,,,,,,,,,,,,,,,,,,,,,,,,,,,,,,,,,,,,,,,,,,,,,,,,,,,,,,,,,,,,,,,,,,,,,,,,,
F02_RD14-0003-44_45_46_47-1;1;4;1-M2a-0.75IP-Q0.7_002.10sec.fsa,D16S539,G,OL,249.93,6,5,251.01,5,OL,253.08,4,OL,256.01,5,OL,260.29,13,OL,264.6,8,9,267.16,47,10,271.2,1136,11,275.11,1555,12,279.11,3593,13,283.09,32,OL,284.92,4,,,,,,,,,,,,,,,,,,,,,,,,,,,,,,,,,,,,,,,,,,,,,,,,,,,,,,,,,,,,,,,,,,,,,,,,,,,,,,,,,,,,,,,,,,,,,,,,,,,,,,,,,,,,,,,,,,,,,,,,,,,,,,,,,,,,,,,,,,,,,,,,,,,,,,,,,,,,,,,,,,,,,,,,,,,,,,,,,,,,,,,,,,,,,,,,,,,,,,,,,,,,,,,,,,,,,,,,,,,,,,,,,,,,,,,,,,,,,,,,,,,,,,,,,,,,,,,,,,,,,,,,
F02_RD14-0003-44_45_46_47-1;1;4;1-M2a-0.75IP-Q0.7_002.10sec.fsa,D2S1338,G,14,300.94,7,15,304.49,24,16,308.61,473,18,316.67,57,19,320.77,775,OL,324.49,10,21,328.88,5,22,332.96,47,23,336.94,600,24,340.93,693,25,344.97,3094,OL,364.5,3,,,,,,,,,,,,,,,,,,,,,,,,,,,,,,,,,,,,,,,,,,,,,,,,,,,,,,,,,,,,,,,,,,,,,,,,,,,,,,,,,,,,,,,,,,,,,,,,,,,,,,,,,,,,,,,,,,,,,,,,,,,,,,,,,,,,,,,,,,,,,,,,,,,,,,,,,,,,,,,,,,,,,,,,,,,,,,,,,,,,,,,,,,,,,,,,,,,,,,,,,,,,,,,,,,,,,,,,,,,,,,,,,,,,,,,,,,,,,,,,,,,,,,,,,,,,,,,,,,,,,,,,
F02_RD14-0003-44_45_46_47-1;1;4;1-M2a-0.75IP-Q0.7_002.10sec.fsa,D19S433,Y,9,99.59,45,10,103.77,1362,OL,106.48,4,11,107.94,474,12,112.01,110,12.2,114.4,14,13,116.07,1850,14,120,592,14.2,121.95,306,15,123.9,269,OL,134.46,9,,,,,,,,,,,,,,,,,,,,,,,,,,,,,,,,,,,,,,,,,,,,,,,,,,,,,,,,,,,,,,,,,,,,,,,,,,,,,,,,,,,,,,,,,,,,,,,,,,,,,,,,,,,,,,,,,,,,,,,,,,,,,,,,,,,,,,,,,,,,,,,,,,,,,,,,,,,,,,,,,,,,,,,,,,,,,,,,,,,,,,,,,,,,,,,,,,,,,,,,,,,,,,,,,,,,,,,,,,,,,,,,,,,,,,,,,,,,,,,,,,,,,,,,,,,,,,,,,,,,,,,,,,,
F02_RD14-0003-44_45_46_47-1;1;4;1-M2a-0.75IP-Q0.7_002.10sec.fsa,vWA,Y,OL,148.47,26,OL,153.51,7,12,155.72,11,OL,157.71,6,13,159.86,283,14,163.86,14,15,167.94,193,16,172.02,3021,17,176.04,51,18,180.07,510,19,184.18,81,20,188.35,894,,,,,,,,,,,,,,,,,,,,,,,,,,,,,,,,,,,,,,,,,,,,,,,,,,,,,,,,,,,,,,,,,,,,,,,,,,,,,,,,,,,,,,,,,,,,,,,,,,,,,,,,,,,,,,,,,,,,,,,,,,,,,,,,,,,,,,,,,,,,,,,,,,,,,,,,,,,,,,,,,,,,,,,,,,,,,,,,,,,,,,,,,,,,,,,,,,,,,,,,,,,,,,,,,,,,,,,,,,,,,,,,,,,,,,,,,,,,,,,,,,,,,,,,,,,,,,,,,,,,,,,,
F02_RD14-0003-44_45_46_47-1;1;4;1-M2a-0.75IP-Q0.7_002.10sec.fsa,TPOX,Y,OL,217.65,9,OL,218.75,5,6,220.86,6,7,224.38,43,8,228.49,2825,9,232.39,28,10,236.52,493,OL,238.18,9,11,240.53,947,OL,244.04,6,OL,255.16,5,,,,,,,,,,,,,,,,,,,,,,,,,,,,,,,,,,,,,,,,,,,,,,,,,,,,,,,,,,,,,,,,,,,,,,,,,,,,,,,,,,,,,,,,,,,,,,,,,,,,,,,,,,,,,,,,,,,,,,,,,,,,,,,,,,,,,,,,,,,,,,,,,,,,,,,,,,,,,,,,,,,,,,,,,,,,,,,,,,,,,,,,,,,,,,,,,,,,,,,,,,,,,,,,,,,,,,,,,,,,,,,,,,,,,,,,,,,,,,,,,,,,,,,,,,,,,,,,,,,,,,,,,,,
F02_RD14-0003-44_45_46_47-1;1;4;1-M2a-0.75IP-Q0.7_002.10sec.fsa,D18S51,Y,7,260.73,9,OL,261.24,9,OL,269.95,11,10,272.97,19,OL,273.93,18,11,276.81,51,12,280.88,341,13,284.92,1348,14,288.89,350,15,292.94,429,16,296.91,311,17,300.94,556,18,304.86,1121,OL,309.8,11,20.2,314.78,6,21,316.91,8,OL,322.25,14,OL,328.42,9,,,,,,,,,,,,,,,,,,,,,,,,,,,,,,,,,,,,,,,,,,,,,,,,,,,,,,,,,,,,,,,,,,,,,,,,,,,,,,,,,,,,,,,,,,,,,,,,,,,,,,,,,,,,,,,,,,,,,,,,,,,,,,,,,,,,,,,,,,,,,,,,,,,,,,,,,,,,,,,,,,,,,,,,,,,,,,,,,,,,,,,,,,,,,,,,,,,,,,,,,,,,,,,,,,,,,,,,,,,,,,,,,,,,,,,,,,,,,,,,,,,,,,
F02_RD14-0003-44_45_46_47-1;1;4;1-M2a-0.75IP-Q0.7_002.10sec.fsa,AMEL,R,X,104.89,1690,Y,110.77,1584,,,,,,,,,,,,,,,,,,,,,,,,,,,,,,,,,,,,,,,,,,,,,,,,,,,,,,,,,,,,,,,,,,,,,,,,,,,,,,,,,,,,,,,,,,,,,,,,,,,,,,,,,,,,,,,,,,,,,,,,,,,,,,,,,,,,,,,,,,,,,,,,,,,,,,,,,,,,,,,,,,,,,,,,,,,,,,,,,,,,,,,,,,,,,,,,,,,,,,,,,,,,,,,,,,,,,,,,,,,,,,,,,,,,,,,,,,,,,,,,,,,,,,,,,,,,,,,,,,,,,,,,,,,,,,,,,,,,,,,,,,,,,,,,,,,,,,
F02_RD14-0003-44_45_46_47-1;1;4;1-M2a-0.75IP-Q0.7_002.10sec.fsa,D5S818,R,6,128.24,7,OL,137.99,21,9,140.63,21,OL,141.13,17,10,144.65,177,11,148.76,3257,12,152.87,505,13,157,184,OL,167.31,5,16,169.21,14,17,173.43,7,OL,175.48,8,,,,,,,,,,,,,,,,,,,,,,,,,,,,,,,,,,,,,,,,,,,,,,,,,,,,,,,,,,,,,,,,,,,,,,,,,,,,,,,,,,,,,,,,,,,,,,,,,,,,,,,,,,,,,,,,,,,,,,,,,,,,,,,,,,,,,,,,,,,,,,,,,,,,,,,,,,,,,,,,,,,,,,,,,,,,,,,,,,,,,,,,,,,,,,,,,,,,,,,,,,,,,,,,,,,,,,,,,,,,,,,,,,,,,,,,,,,,,,,,,,,,,,,,,,,,,,,,,,,,,,,,
F02_RD14-0003-44_45_46_47-1;1;4;1-M2a-0.75IP-Q0.7_002.10sec.fsa,FGA,R,OL,211.73,10,20,224.89,38,OL,226.11,6,21,229,695,22,233.04,298,23,237.1,246,24,241.27,336,25,245.39,1329,26,249.55,1015,29,261.02,8,OL,262.19,13,30,265.4,9,31.2,271.2,21,OL,272.09,10,32.2,275.19,22,33.2,279.11,39,OL,281.47,9,OL,284.26,9,OL,285.88,2,OL,294.48,7,OL,295.59,6,OL,296.54,7,OL,298.97,7,OL,301.44,7,OL,306.62,8,OL,308.54,16,OL,310.17,6,OL,320.93,18,44.2,323.79,7,OL,337.32,9,OL,341.01,15,OL,342.25,6,49.2,344.81,49,OL,346.99,7,OL,347.54,7,,,,,,,,,,,,,,,,,,,,,,,,,,,,,,,,,,,,,,,,,,,,,,,,,,,,,,,,,,,,,,,,,,,,,,,,,,,,,,,,,,,,,,,,,,,,,,,,,,,,,,,,,,,,,,,,,,,,,,,,,,,,,,,,,,,,,,,,,,,,,,,,,,,,,,,,,,,,,,,,,,,,,,,,,,,,,,,,,,,,,,,,,,,,,,,,,,,
F03_RD14-0003-44_45_46_47-1;1;4;1-M3d-0.105IP-Q0.8_002.10sec.fsa,D8S1179,B,OL,112.63,5,OL,116.54,5,7,117.61,4,8,121.74,4,9,125.37,7,OL,127.87,3,10,129.43,95,11,133.46,63,13,141.76,78,14,145.79,215,15,150.04,49,OL,153.59,2,OL,156.51,2,OL,163,4,OL,169.44,3,,,,,,,,,,,,,,,,,,,,,,,,,,,,,,,,,,,,,,,,,,,,,,,,,,,,,,,,,,,,,,,,,,,,,,,,,,,,,,,,,,,,,,,,,,,,,,,,,,,,,,,,,,,,,,,,,,,,,,,,,,,,,,,,,,,,,,,,,,,,,,,,,,,,,,,,,,,,,,,,,,,,,,,,,,,,,,,,,,,,,,,,,,,,,,,,,,,,,,,,,,,,,,,,,,,,,,,,,,,,,,,,,,,,,,,,,,,,,,,,,,,,,,,,,,,,,,,
F03_RD14-0003-44_45_46_47-1;1;4;1-M3d-0.105IP-Q0.8_002.10sec.fsa,D21S11,B,23.2,179.86,6,23.2,180.5,4,OL,183.5,4,OL,185.07,3,27,194.46,4,28,198.23,18,29.2,204.13,4,30,206.55,43,31,210.37,52,32,214.43,51,32.2,216.45,91,33.2,220.42,1,OL,227.7,2,OL,232.09,2,OL,234.35,2,37.2,236.75,2,38,238.8,3,OL,239.86,2,,,,,,,,,,,,,,,,,,,,,,,,,,,,,,,,,,,,,,,,,,,,,,,,,,,,,,,,,,,,,,,,,,,,,,,,,,,,,,,,,,,,,,,,,,,,,,,,,,,,,,,,,,,,,,,,,,,,,,,,,,,,,,,,,,,,,,,,,,,,,,,,,,,,,,,,,,,,,,,,,,,,,,,,,,,,,,,,,,,,,,,,,,,,,,,,,,,,,,,,,,,,,,,,,,,,,,,,,,,,,,,,,,,,,,,,,,,,,,,,,,,,,,
F03_RD14-0003-44_45_46_47-1;1;4;1-M3d-0.105IP-Q0.8_002.10sec.fsa,D7S820,B,OL,248.92,3,7,257.93,4,8,261.9,36,9,265.86,87,10,269.83,8,OL,272.6,2,OL,277.08,4,OL,278.93,8,OL,282.62,4,,,,,,,,,,,,,,,,,,,,,,,,,,,,,,,,,,,,,,,,,,,,,,,,,,,,,,,,,,,,,,,,,,,,,,,,,,,,,,,,,,,,,,,,,,,,,,,,,,,,,,,,,,,,,,,,,,,,,,,,,,,,,,,,,,,,,,,,,,,,,,,,,,,,,,,,,,,,,,,,,,,,,,,,,,,,,,,,,,,,,,,,,,,,,,,,,,,,,,,,,,,,,,,,,,,,,,,,,,,,,,,,,,,,,,,,,,,,,,,,,,,,,,,,,,,,,,,,,,,,,,,,,,,,,,,,,
F03_RD14-0003-44_45_46_47-1;1;4;1-M3d-0.105IP-Q0.8_002.10sec.fsa,CSF1PO,B,6,303.17,2,10,318.63,45,11,322.66,58,12,326.78,98,OL,328.09,2,,,,,,,,,,,,,,,,,,,,,,,,,,,,,,,,,,,,,,,,,,,,,,,,,,,,,,,,,,,,,,,,,,,,,,,,,,,,,,,,,,,,,,,,,,,,,,,,,,,,,,,,,,,,,,,,,,,,,,,,,,,,,,,,,,,,,,,,,,,,,,,,,,,,,,,,,,,,,,,,,,,,,,,,,,,,,,,,,,,,,,,,,,,,,,,,,,,,,,,,,,,,,,,,,,,,,,,,,,,,,,,,,,,,,,,,,,,,,,,,,,,,,,,,,,,,,,,,,,,,,,,,,,,,,,,,,,,,,,,,,,,,,
F03_RD14-0003-44_45_46_47-1;1;4;1-M3d-0.105IP-Q0.8_002.10sec.fsa,D3S1358,G,12,110.29,7,OL,112.76,5,13,114.33,20,14,118.27,262,15,122.21,164,16,126.32,50,17,130.04,120,OL,137.65,5,,,,,,,,,,,,,,,,,,,,,,,,,,,,,,,,,,,,,,,,,,,,,,,,,,,,,,,,,,,,,,,,,,,,,,,,,,,,,,,,,,,,,,,,,,,,,,,,,,,,,,,,,,,,,,,,,,,,,,,,,,,,,,,,,,,,,,,,,,,,,,,,,,,,,,,,,,,,,,,,,,,,,,,,,,,,,,,,,,,,,,,,,,,,,,,,,,,,,,,,,,,,,,,,,,,,,,,,,,,,,,,,,,,,,,,,,,,,,,,,,,,,,,,,,,,,,,,,,,,,,,,,,,,,,,,,,,,,
F03_RD14-0003-44_45_46_47-1;1;4;1-M3d-0.105IP-Q0.8_002.10sec.fsa,TH01,G,OL,154.58,8,5,164.54,5,6,168.32,217,7,172.37,279,8,176.29,14,9,180.5,318,9.3,183.71,23,OL,189.91,5,OL,190.76,7,12,193.11,5,OL,194.25,7,OL,195.1,5,OL,196.24,7,,,,,,,,,,,,,,,,,,,,,,,,,,,,,,,,,,,,,,,,,,,,,,,,,,,,,,,,,,,,,,,,,,,,,,,,,,,,,,,,,,,,,,,,,,,,,,,,,,,,,,,,,,,,,,,,,,,,,,,,,,,,,,,,,,,,,,,,,,,,,,,,,,,,,,,,,,,,,,,,,,,,,,,,,,,,,,,,,,,,,,,,,,,,,,,,,,,,,,,,,,,,,,,,,,,,,,,,,,,,,,,,,,,,,,,,,,,,,,,,,,,,,,,,,,,,,,,,,,,,,
F03_RD14-0003-44_45_46_47-1;1;4;1-M3d-0.105IP-Q0.8_002.10sec.fsa,D13S317,G,OL,203.86,4,8,215.08,159,OL,223.96,7,11,227.21,14,12,231.24,348,OL,233.57,2,13,235.34,78,OL,240.58,4,,,,,,,,,,,,,,,,,,,,,,,,,,,,,,,,,,,,,,,,,,,,,,,,,,,,,,,,,,,,,,,,,,,,,,,,,,,,,,,,,,,,,,,,,,,,,,,,,,,,,,,,,,,,,,,,,,,,,,,,,,,,,,,,,,,,,,,,,,,,,,,,,,,,,,,,,,,,,,,,,,,,,,,,,,,,,,,,,,,,,,,,,,,,,,,,,,,,,,,,,,,,,,,,,,,,,,,,,,,,,,,,,,,,,,,,,,,,,,,,,,,,,,,,,,,,,,,,,,,,,,,,,,,,,,,,,,,,
F03_RD14-0003-44_45_46_47-1;1;4;1-M3d-0.105IP-Q0.8_002.10sec.fsa,D16S539,G,5,251.68,6,OL,253.07,6,OL,254.11,5,OL,256.61,4,9,267.06,4,10,271.18,51,11,275.15,106,12,279.07,318,15,291.11,6,,,,,,,,,,,,,,,,,,,,,,,,,,,,,,,,,,,,,,,,,,,,,,,,,,,,,,,,,,,,,,,,,,,,,,,,,,,,,,,,,,,,,,,,,,,,,,,,,,,,,,,,,,,,,,,,,,,,,,,,,,,,,,,,,,,,,,,,,,,,,,,,,,,,,,,,,,,,,,,,,,,,,,,,,,,,,,,,,,,,,,,,,,,,,,,,,,,,,,,,,,,,,,,,,,,,,,,,,,,,,,,,,,,,,,,,,,,,,,,,,,,,,,,,,,,,,,,,,,,,,,,,,,,,,,,,,
F03_RD14-0003-44_45_46_47-1;1;4;1-M3d-0.105IP-Q0.8_002.10sec.fsa,D2S1338,G,OL,301.58,3,OL,303.52,4,OL,307.65,4,OL,315.66,4,19,320.89,22,OL,322.29,3,OL,330.58,4,23,337.11,8,OL,338.05,3,24,340.96,70,OL,343.38,1,25,345,206,OL,351.18,5,27,353.31,3,OL,354.26,4,,,,,,,,,,,,,,,,,,,,,,,,,,,,,,,,,,,,,,,,,,,,,,,,,,,,,,,,,,,,,,,,,,,,,,,,,,,,,,,,,,,,,,,,,,,,,,,,,,,,,,,,,,,,,,,,,,,,,,,,,,,,,,,,,,,,,,,,,,,,,,,,,,,,,,,,,,,,,,,,,,,,,,,,,,,,,,,,,,,,,,,,,,,,,,,,,,,,,,,,,,,,,,,,,,,,,,,,,,,,,,,,,,,,,,,,,,,,,,,,,,,,,,,,,,,,,,,
F03_RD14-0003-44_45_46_47-1;1;4;1-M3d-0.105IP-Q0.8_002.10sec.fsa,D19S433,Y,9,100.14,10,10,103.77,127,11,108.01,80,12,112.15,15,12.2,114.13,5,13,116.07,207,14,120.07,46,15,123.96,61,OL,132.43,6,OL,134.55,4,,,,,,,,,,,,,,,,,,,,,,,,,,,,,,,,,,,,,,,,,,,,,,,,,,,,,,,,,,,,,,,,,,,,,,,,,,,,,,,,,,,,,,,,,,,,,,,,,,,,,,,,,,,,,,,,,,,,,,,,,,,,,,,,,,,,,,,,,,,,,,,,,,,,,,,,,,,,,,,,,,,,,,,,,,,,,,,,,,,,,,,,,,,,,,,,,,,,,,,,,,,,,,,,,,,,,,,,,,,,,,,,,,,,,,,,,,,,,,,,,,,,,,,,,,,,,,,,,,,,,,,,,,,,,,
F03_RD14-0003-44_45_46_47-1;1;4;1-M3d-0.105IP-Q0.8_002.10sec.fsa,vWA,Y,OL,148.34,9,OL,153.8,10,12,155.44,10,13,159.79,60,14,164.26,12,16,172.02,141,OL,173.28,4,18,180.07,37,20,188.42,62,OL,191.26,9,OL,201.65,8,,,,,,,,,,,,,,,,,,,,,,,,,,,,,,,,,,,,,,,,,,,,,,,,,,,,,,,,,,,,,,,,,,,,,,,,,,,,,,,,,,,,,,,,,,,,,,,,,,,,,,,,,,,,,,,,,,,,,,,,,,,,,,,,,,,,,,,,,,,,,,,,,,,,,,,,,,,,,,,,,,,,,,,,,,,,,,,,,,,,,,,,,,,,,,,,,,,,,,,,,,,,,,,,,,,,,,,,,,,,,,,,,,,,,,,,,,,,,,,,,,,,,,,,,,,,,,,,,,,,,,,,,,,
F03_RD14-0003-44_45_46_47-1;1;4;1-M3d-0.105IP-Q0.8_002.10sec.fsa,TPOX,Y,OL,217.39,6,OL,218.7,7,7,224.24,9,OL,226.86,7,8,228.62,188,OL,235.27,4,10,236.54,85,11,240.51,89,OL,243.49,10,OL,244.07,5,,,,,,,,,,,,,,,,,,,,,,,,,,,,,,,,,,,,,,,,,,,,,,,,,,,,,,,,,,,,,,,,,,,,,,,,,,,,,,,,,,,,,,,,,,,,,,,,,,,,,,,,,,,,,,,,,,,,,,,,,,,,,,,,,,,,,,,,,,,,,,,,,,,,,,,,,,,,,,,,,,,,,,,,,,,,,,,,,,,,,,,,,,,,,,,,,,,,,,,,,,,,,,,,,,,,,,,,,,,,,,,,,,,,,,,,,,,,,,,,,,,,,,,,,,,,,,,,,,,,,,,,,,,,,,
F03_RD14-0003-44_45_46_47-1;1;4;1-M3d-0.105IP-Q0.8_002.10sec.fsa,D18S51,Y,7,260.49,8,OL,277.58,10,12,280.85,47,13,284.81,66,14,288.84,72,16.2,299.15,6,17,300.69,11,18,304.98,66,20,313.35,7,24,329.85,6,26,338.2,5,OL,346.1,4,,,,,,,,,,,,,,,,,,,,,,,,,,,,,,,,,,,,,,,,,,,,,,,,,,,,,,,,,,,,,,,,,,,,,,,,,,,,,,,,,,,,,,,,,,,,,,,,,,,,,,,,,,,,,,,,,,,,,,,,,,,,,,,,,,,,,,,,,,,,,,,,,,,,,,,,,,,,,,,,,,,,,,,,,,,,,,,,,,,,,,,,,,,,,,,,,,,,,,,,,,,,,,,,,,,,,,,,,,,,,,,,,,,,,,,,,,,,,,,,,,,,,,,,,,,,,,,,,,,,,,,,
F03_RD14-0003-44_45_46_47-1;1;4;1-M3d-0.105IP-Q0.8_002.10sec.fsa,AMEL,R,X,104.89,203,Y,110.77,233,,,,,,,,,,,,,,,,,,,,,,,,,,,,,,,,,,,,,,,,,,,,,,,,,,,,,,,,,,,,,,,,,,,,,,,,,,,,,,,,,,,,,,,,,,,,,,,,,,,,,,,,,,,,,,,,,,,,,,,,,,,,,,,,,,,,,,,,,,,,,,,,,,,,,,,,,,,,,,,,,,,,,,,,,,,,,,,,,,,,,,,,,,,,,,,,,,,,,,,,,,,,,,,,,,,,,,,,,,,,,,,,,,,,,,,,,,,,,,,,,,,,,,,,,,,,,,,,,,,,,,,,,,,,,,,,,,,,,,,,,,,,,,,,,,,,,,
F03_RD14-0003-44_45_46_47-1;1;4;1-M3d-0.105IP-Q0.8_002.10sec.fsa,D5S818,R,6,128.41,7,OL,131.34,4,OL,137.93,10,OL,139.38,12,10,144.59,18,11,148.69,316,12,152.81,51,13,157,70,14,161.26,10,OL,164.61,12,,,,,,,,,,,,,,,,,,,,,,,,,,,,,,,,,,,,,,,,,,,,,,,,,,,,,,,,,,,,,,,,,,,,,,,,,,,,,,,,,,,,,,,,,,,,,,,,,,,,,,,,,,,,,,,,,,,,,,,,,,,,,,,,,,,,,,,,,,,,,,,,,,,,,,,,,,,,,,,,,,,,,,,,,,,,,,,,,,,,,,,,,,,,,,,,,,,,,,,,,,,,,,,,,,,,,,,,,,,,,,,,,,,,,,,,,,,,,,,,,,,,,,,,,,,,,,,,,,,,,,,,,,,,,,
F03_RD14-0003-44_45_46_47-1;1;4;1-M3d-0.105IP-Q0.8_002.10sec.fsa,FGA,R,17,212.53,4,18.2,218.26,8,20,224.95,11,21,229.19,38,OL,231.59,10,23,237.17,19,24,241.24,105,OL,242.77,10,25,245.45,87,26,249.42,47,OL,254.11,4,OL,262.4,6,OL,266.43,10,31,269.69,5,OL,282.05,10,OL,290.05,11,OL,292.59,7,OL,315.21,5,OL,351.76,7,,,,,,,,,,,,,,,,,,,,,,,,,,,,,,,,,,,,,,,,,,,,,,,,,,,,,,,,,,,,,,,,,,,,,,,,,,,,,,,,,,,,,,,,,,,,,,,,,,,,,,,,,,,,,,,,,,,,,,,,,,,,,,,,,,,,,,,,,,,,,,,,,,,,,,,,,,,,,,,,,,,,,,,,,,,,,,,,,,,,,,,,,,,,,,,,,,,,,,,,,,,,,,,,,,,,,,,,,,,,,,,,,,,,,,,,,,,,,,,,,,,
F04_RD14-0003-36_37_38_39-1;2;2;1-M3a-0.09IP-Q0.7_002.10sec.fsa,D8S1179,B,OL,119.93,7,OL,123.51,3,OL,128.02,1,10,129.46,35,11,133.48,8,12,137.53,40,13,141.72,306,OL,145.23,3,15,149.98,30,18,162.08,5,OL,168.9,3,,,,,,,,,,,,,,,,,,,,,,,,,,,,,,,,,,,,,,,,,,,,,,,,,,,,,,,,,,,,,,,,,,,,,,,,,,,,,,,,,,,,,,,,,,,,,,,,,,,,,,,,,,,,,,,,,,,,,,,,,,,,,,,,,,,,,,,,,,,,,,,,,,,,,,,,,,,,,,,,,,,,,,,,,,,,,,,,,,,,,,,,,,,,,,,,,,,,,,,,,,,,,,,,,,,,,,,,,,,,,,,,,,,,,,,,,,,,,,,,,,,,,,,,,,,,,,,,,,,,,,,,,,,
F04_RD14-0003-36_37_38_39-1;2;2;1-M3a-0.09IP-Q0.7_002.10sec.fsa,D21S11,B,OL,181.54,5,OL,183.38,4,OL,189.11,3,27,194.33,12,28,198.45,175,29,202.45,71,30,206.5,164,30.2,208.53,4,31.2,212.39,123,32.2,216.39,30,36,231.19,6,OL,237.98,4,38,238.5,4,OL,240.15,4,,,,,,,,,,,,,,,,,,,,,,,,,,,,,,,,,,,,,,,,,,,,,,,,,,,,,,,,,,,,,,,,,,,,,,,,,,,,,,,,,,,,,,,,,,,,,,,,,,,,,,,,,,,,,,,,,,,,,,,,,,,,,,,,,,,,,,,,,,,,,,,,,,,,,,,,,,,,,,,,,,,,,,,,,,,,,,,,,,,,,,,,,,,,,,,,,,,,,,,,,,,,,,,,,,,,,,,,,,,,,,,,,,,,,,,,,,,,,,,,,,,,,,,,,,,,,,,,,,
F04_RD14-0003-36_37_38_39-1;2;2;1-M3a-0.09IP-Q0.7_002.10sec.fsa,D7S820,B,8,261.95,89,9,265.79,54,10,269.95,85,11,273.97,167,12,277.94,27,OL,283.11,6,OL,284.77,2,,,,,,,,,,,,,,,,,,,,,,,,,,,,,,,,,,,,,,,,,,,,,,,,,,,,,,,,,,,,,,,,,,,,,,,,,,,,,,,,,,,,,,,,,,,,,,,,,,,,,,,,,,,,,,,,,,,,,,,,,,,,,,,,,,,,,,,,,,,,,,,,,,,,,,,,,,,,,,,,,,,,,,,,,,,,,,,,,,,,,,,,,,,,,,,,,,,,,,,,,,,,,,,,,,,,,,,,,,,,,,,,,,,,,,,,,,,,,,,,,,,,,,,,,,,,,,,,,,,,,,,,,,,,,,,,,,,,,,,
F04_RD14-0003-36_37_38_39-1;2;2;1-M3a-0.09IP-Q0.7_002.10sec.fsa,CSF1PO,B,OL,299.92,5,10,318.51,39,11,322.72,165,12,326.79,125,OL,337.25,5,OL,338.03,3,,,,,,,,,,,,,,,,,,,,,,,,,,,,,,,,,,,,,,,,,,,,,,,,,,,,,,,,,,,,,,,,,,,,,,,,,,,,,,,,,,,,,,,,,,,,,,,,,,,,,,,,,,,,,,,,,,,,,,,,,,,,,,,,,,,,,,,,,,,,,,,,,,,,,,,,,,,,,,,,,,,,,,,,,,,,,,,,,,,,,,,,,,,,,,,,,,,,,,,,,,,,,,,,,,,,,,,,,,,,,,,,,,,,,,,,,,,,,,,,,,,,,,,,,,,,,,,,,,,,,,,,,,,,,,,,,,,,,,,,,,
F04_RD14-0003-36_37_38_39-1;2;2;1-M3a-0.09IP-Q0.7_002.10sec.fsa,D3S1358,G,OL,97.52,9,OL,105.61,7,11,106.1,6,OL,110.82,6,OL,111.86,6,OL,113.52,11,13,114.2,15,14,118.2,82,15,122.02,221,16,126.31,101,17,130.15,136,19,137.96,6,,,,,,,,,,,,,,,,,,,,,,,,,,,,,,,,,,,,,,,,,,,,,,,,,,,,,,,,,,,,,,,,,,,,,,,,,,,,,,,,,,,,,,,,,,,,,,,,,,,,,,,,,,,,,,,,,,,,,,,,,,,,,,,,,,,,,,,,,,,,,,,,,,,,,,,,,,,,,,,,,,,,,,,,,,,,,,,,,,,,,,,,,,,,,,,,,,,,,,,,,,,,,,,,,,,,,,,,,,,,,,,,,,,,,,,,,,,,,,,,,,,,,,,,,,,,,,,,,,,,,,,,
F04_RD14-0003-36_37_38_39-1;2;2;1-M3a-0.09IP-Q0.7_002.10sec.fsa,TH01,G,OL,156.87,7,5,164.23,6,6,168.32,256,OL,169.62,10,7,172.42,428,OL,173.79,4,8,176.39,53,OL,178.56,5,9.3,183.67,175,,,,,,,,,,,,,,,,,,,,,,,,,,,,,,,,,,,,,,,,,,,,,,,,,,,,,,,,,,,,,,,,,,,,,,,,,,,,,,,,,,,,,,,,,,,,,,,,,,,,,,,,,,,,,,,,,,,,,,,,,,,,,,,,,,,,,,,,,,,,,,,,,,,,,,,,,,,,,,,,,,,,,,,,,,,,,,,,,,,,,,,,,,,,,,,,,,,,,,,,,,,,,,,,,,,,,,,,,,,,,,,,,,,,,,,,,,,,,,,,,,,,,,,,,,,,,,,,,,,,,,,,,,,,,,,,,
F04_RD14-0003-36_37_38_39-1;2;2;1-M3a-0.09IP-Q0.7_002.10sec.fsa,D13S317,G,9,219.1,101,10,223.18,91,11,227.17,366,12,231.19,255,,,,,,,,,,,,,,,,,,,,,,,,,,,,,,,,,,,,,,,,,,,,,,,,,,,,,,,,,,,,,,,,,,,,,,,,,,,,,,,,,,,,,,,,,,,,,,,,,,,,,,,,,,,,,,,,,,,,,,,,,,,,,,,,,,,,,,,,,,,,,,,,,,,,,,,,,,,,,,,,,,,,,,,,,,,,,,,,,,,,,,,,,,,,,,,,,,,,,,,,,,,,,,,,,,,,,,,,,,,,,,,,,,,,,,,,,,,,,,,,,,,,,,,,,,,,,,,,,,,,,,,,,,,,,,,,,,,,,,,,,,,,,,,,
F04_RD14-0003-36_37_38_39-1;2;2;1-M3a-0.09IP-Q0.7_002.10sec.fsa,D16S539,G,OL,254.94,7,OL,257.07,3,OL,265.57,7,9,267.15,68,10,271.01,16,11,275.11,272,12,279.16,170,13,283.11,238,,,,,,,,,,,,,,,,,,,,,,,,,,,,,,,,,,,,,,,,,,,,,,,,,,,,,,,,,,,,,,,,,,,,,,,,,,,,,,,,,,,,,,,,,,,,,,,,,,,,,,,,,,,,,,,,,,,,,,,,,,,,,,,,,,,,,,,,,,,,,,,,,,,,,,,,,,,,,,,,,,,,,,,,,,,,,,,,,,,,,,,,,,,,,,,,,,,,,,,,,,,,,,,,,,,,,,,,,,,,,,,,,,,,,,,,,,,,,,,,,,,,,,,,,,,,,,,,,,,,,,,,,,,,,,,,,,,,
F04_RD14-0003-36_37_38_39-1;2;2;1-M3a-0.09IP-Q0.7_002.10sec.fsa,D2S1338,G,16,308.61,105,17,312.52,9,OL,315.06,1,18,316.62,165,19,320.88,186,20,324.96,21,24,341.04,6,OL,346.1,4,OL,354.53,6,OL,360,5,OL,363.27,8,,,,,,,,,,,,,,,,,,,,,,,,,,,,,,,,,,,,,,,,,,,,,,,,,,,,,,,,,,,,,,,,,,,,,,,,,,,,,,,,,,,,,,,,,,,,,,,,,,,,,,,,,,,,,,,,,,,,,,,,,,,,,,,,,,,,,,,,,,,,,,,,,,,,,,,,,,,,,,,,,,,,,,,,,,,,,,,,,,,,,,,,,,,,,,,,,,,,,,,,,,,,,,,,,,,,,,,,,,,,,,,,,,,,,,,,,,,,,,,,,,,,,,,,,,,,,,,,,,,,,,,,,,,
F04_RD14-0003-36_37_38_39-1;2;2;1-M3a-0.09IP-Q0.7_002.10sec.fsa,D19S433,Y,OL,95.45,8,9.2,101.2,5,10.2,105.96,83,OL,109.02,6,OL,111.45,8,13,116.07,73,OL,117.2,3,13.2,118,32,14,119.93,120,14.2,122.02,33,17.2,134.24,9,,,,,,,,,,,,,,,,,,,,,,,,,,,,,,,,,,,,,,,,,,,,,,,,,,,,,,,,,,,,,,,,,,,,,,,,,,,,,,,,,,,,,,,,,,,,,,,,,,,,,,,,,,,,,,,,,,,,,,,,,,,,,,,,,,,,,,,,,,,,,,,,,,,,,,,,,,,,,,,,,,,,,,,,,,,,,,,,,,,,,,,,,,,,,,,,,,,,,,,,,,,,,,,,,,,,,,,,,,,,,,,,,,,,,,,,,,,,,,,,,,,,,,,,,,,,,,,,,,,,,,,,,,,
F04_RD14-0003-36_37_38_39-1;2;2;1-M3a-0.09IP-Q0.7_002.10sec.fsa,vWA,Y,OL,154.76,7,13,160.21,9,16,172.06,138,OL,174.8,4,18,180.07,71,19,184.26,65,OL,187.35,7,OL,197.42,8,OL,199.26,12,23,200.07,5,,,,,,,,,,,,,,,,,,,,,,,,,,,,,,,,,,,,,,,,,,,,,,,,,,,,,,,,,,,,,,,,,,,,,,,,,,,,,,,,,,,,,,,,,,,,,,,,,,,,,,,,,,,,,,,,,,,,,,,,,,,,,,,,,,,,,,,,,,,,,,,,,,,,,,,,,,,,,,,,,,,,,,,,,,,,,,,,,,,,,,,,,,,,,,,,,,,,,,,,,,,,,,,,,,,,,,,,,,,,,,,,,,,,,,,,,,,,,,,,,,,,,,,,,,,,,,,,,,,,,,,,,,,,,,
F04_RD14-0003-36_37_38_39-1;2;2;1-M3a-0.09IP-Q0.7_002.10sec.fsa,TPOX,Y,6,220.44,121,8,228.44,151,OL,231.93,12,10,236.48,34,OL,237.83,9,OL,243.86,9,12,244.63,17,,,,,,,,,,,,,,,,,,,,,,,,,,,,,,,,,,,,,,,,,,,,,,,,,,,,,,,,,,,,,,,,,,,,,,,,,,,,,,,,,,,,,,,,,,,,,,,,,,,,,,,,,,,,,,,,,,,,,,,,,,,,,,,,,,,,,,,,,,,,,,,,,,,,,,,,,,,,,,,,,,,,,,,,,,,,,,,,,,,,,,,,,,,,,,,,,,,,,,,,,,,,,,,,,,,,,,,,,,,,,,,,,,,,,,,,,,,,,,,,,,,,,,,,,,,,,,,,,,,,,,,,,,,,,,,,,,,,,,,
F04_RD14-0003-36_37_38_39-1;2;2;1-M3a-0.09IP-Q0.7_002.10sec.fsa,D18S51,Y,OL,261.43,8,OL,263.01,9,OL,273.67,6,OL,275.57,6,11.2,278.85,5,OL,280.15,13,12,281.06,11,OL,282.27,9,13,284.93,18,13.2,286.97,6,14,289.02,8,15,293.03,64,16,297.12,23,17,300.88,213,18,304.9,73,19,308.99,9,20,312.91,31,26,337.48,8,,,,,,,,,,,,,,,,,,,,,,,,,,,,,,,,,,,,,,,,,,,,,,,,,,,,,,,,,,,,,,,,,,,,,,,,,,,,,,,,,,,,,,,,,,,,,,,,,,,,,,,,,,,,,,,,,,,,,,,,,,,,,,,,,,,,,,,,,,,,,,,,,,,,,,,,,,,,,,,,,,,,,,,,,,,,,,,,,,,,,,,,,,,,,,,,,,,,,,,,,,,,,,,,,,,,,,,,,,,,,,,,,,,,,,,,,,,,,,,,,,,,,,
F04_RD14-0003-36_37_38_39-1;2;2;1-M3a-0.09IP-Q0.7_002.10sec.fsa,AMEL,R,X,104.84,109,Y,110.75,119,,,,,,,,,,,,,,,,,,,,,,,,,,,,,,,,,,,,,,,,,,,,,,,,,,,,,,,,,,,,,,,,,,,,,,,,,,,,,,,,,,,,,,,,,,,,,,,,,,,,,,,,,,,,,,,,,,,,,,,,,,,,,,,,,,,,,,,,,,,,,,,,,,,,,,,,,,,,,,,,,,,,,,,,,,,,,,,,,,,,,,,,,,,,,,,,,,,,,,,,,,,,,,,,,,,,,,,,,,,,,,,,,,,,,,,,,,,,,,,,,,,,,,,,,,,,,,,,,,,,,,,,,,,,,,,,,,,,,,,,,,,,,,,,,,,,,,
F04_RD14-0003-36_37_38_39-1;2;2;1-M3a-0.09IP-Q0.7_002.10sec.fsa,D5S818,R,OL,126.03,10,6,128.5,9,OL,135.29,10,10,144.66,28,11,148.76,123,12,152.8,52,13,156.94,47,OL,166.89,4,OL,167.53,6,OL,171.7,7,,,,,,,,,,,,,,,,,,,,,,,,,,,,,,,,,,,,,,,,,,,,,,,,,,,,,,,,,,,,,,,,,,,,,,,,,,,,,,,,,,,,,,,,,,,,,,,,,,,,,,,,,,,,,,,,,,,,,,,,,,,,,,,,,,,,,,,,,,,,,,,,,,,,,,,,,,,,,,,,,,,,,,,,,,,,,,,,,,,,,,,,,,,,,,,,,,,,,,,,,,,,,,,,,,,,,,,,,,,,,,,,,,,,,,,,,,,,,,,,,,,,,,,,,,,,,,,,,,,,,,,,,,,,,,
F04_RD14-0003-36_37_38_39-1;2;2;1-M3a-0.09IP-Q0.7_002.10sec.fsa,FGA,R,17,212.39,6,21,228.96,13,21.2,231.19,17,22,233.12,118,22.2,235.06,48,23,237.08,27,24,241.24,74,25,245.4,42,26,249.08,8,26.2,251.18,5,OL,262.7,5,32.2,275.72,7,OL,277.02,6,OL,289.02,4,OL,291.82,6,OL,300.07,8,OL,325.6,5,OL,350.51,7,OL,357.59,9,,,,,,,,,,,,,,,,,,,,,,,,,,,,,,,,,,,,,,,,,,,,,,,,,,,,,,,,,,,,,,,,,,,,,,,,,,,,,,,,,,,,,,,,,,,,,,,,,,,,,,,,,,,,,,,,,,,,,,,,,,,,,,,,,,,,,,,,,,,,,,,,,,,,,,,,,,,,,,,,,,,,,,,,,,,,,,,,,,,,,,,,,,,,,,,,,,,,,,,,,,,,,,,,,,,,,,,,,,,,,,,,,,,,,,,,,,,,,,,,,,,
F05_RD14-0003-36_37_38_39-1;2;2;1-M2e-0.186IP-Q1.2_002.10sec.fsa,D8S1179,B,7,117.34,4,OL,118.23,6,OL,123.91,6,9,125.44,9,10,129.4,202,11,133.47,7,12,137.5,136,13,141.75,472,OL,143.72,8,14,145.98,13,OL,148.33,4,15,150.02,118,OL,171.55,4,OL,176.62,5,,,,,,,,,,,,,,,,,,,,,,,,,,,,,,,,,,,,,,,,,,,,,,,,,,,,,,,,,,,,,,,,,,,,,,,,,,,,,,,,,,,,,,,,,,,,,,,,,,,,,,,,,,,,,,,,,,,,,,,,,,,,,,,,,,,,,,,,,,,,,,,,,,,,,,,,,,,,,,,,,,,,,,,,,,,,,,,,,,,,,,,,,,,,,,,,,,,,,,,,,,,,,,,,,,,,,,,,,,,,,,,,,,,,,,,,,,,,,,,,,,,,,,,,,,,,,,,,,,
F05_RD14-0003-36_37_38_39-1;2;2;1-M2e-0.186IP-Q1.2_002.10sec.fsa,D21S11,B,25,186.59,3,OL,193.33,6,28,198.43,70,29,202.48,83,30,206.44,91,31.2,212.36,30,33,219,5,,,,,,,,,,,,,,,,,,,,,,,,,,,,,,,,,,,,,,,,,,,,,,,,,,,,,,,,,,,,,,,,,,,,,,,,,,,,,,,,,,,,,,,,,,,,,,,,,,,,,,,,,,,,,,,,,,,,,,,,,,,,,,,,,,,,,,,,,,,,,,,,,,,,,,,,,,,,,,,,,,,,,,,,,,,,,,,,,,,,,,,,,,,,,,,,,,,,,,,,,,,,,,,,,,,,,,,,,,,,,,,,,,,,,,,,,,,,,,,,,,,,,,,,,,,,,,,,,,,,,,,,,,,,,,,,,,,,,,,
F05_RD14-0003-36_37_38_39-1;2;2;1-M2e-0.186IP-Q1.2_002.10sec.fsa,D7S820,B,6,254.44,4,OL,256.47,5,8,261.85,48,9,265.78,62,10,269.96,61,11,273.92,108,OL,279.84,4,OL,292.31,4,,,,,,,,,,,,,,,,,,,,,,,,,,,,,,,,,,,,,,,,,,,,,,,,,,,,,,,,,,,,,,,,,,,,,,,,,,,,,,,,,,,,,,,,,,,,,,,,,,,,,,,,,,,,,,,,,,,,,,,,,,,,,,,,,,,,,,,,,,,,,,,,,,,,,,,,,,,,,,,,,,,,,,,,,,,,,,,,,,,,,,,,,,,,,,,,,,,,,,,,,,,,,,,,,,,,,,,,,,,,,,,,,,,,,,,,,,,,,,,,,,,,,,,,,,,,,,,,,,,,,,,,,,,,,,,,,,,,
F05_RD14-0003-36_37_38_39-1;2;2;1-M2e-0.186IP-Q1.2_002.10sec.fsa,CSF1PO,B,5,298.62,4,OL,305.61,4,OL,309.34,3,9,314.42,9,10,318.64,194,11,322.62,10,12,326.87,68,OL,328.57,3,13,331.08,6,,,,,,,,,,,,,,,,,,,,,,,,,,,,,,,,,,,,,,,,,,,,,,,,,,,,,,,,,,,,,,,,,,,,,,,,,,,,,,,,,,,,,,,,,,,,,,,,,,,,,,,,,,,,,,,,,,,,,,,,,,,,,,,,,,,,,,,,,,,,,,,,,,,,,,,,,,,,,,,,,,,,,,,,,,,,,,,,,,,,,,,,,,,,,,,,,,,,,,,,,,,,,,,,,,,,,,,,,,,,,,,,,,,,,,,,,,,,,,,,,,,,,,,,,,,,,,,,,,,,,,,,,,,,,,,,,
F05_RD14-0003-36_37_38_39-1;2;2;1-M2e-0.186IP-Q1.2_002.10sec.fsa,D3S1358,G,OL,94.98,5,OL,104.46,7,13,114.27,18,14,118.23,201,15,122.06,324,16,126.13,214,17,130.17,288,OL,135.52,4,,,,,,,,,,,,,,,,,,,,,,,,,,,,,,,,,,,,,,,,,,,,,,,,,,,,,,,,,,,,,,,,,,,,,,,,,,,,,,,,,,,,,,,,,,,,,,,,,,,,,,,,,,,,,,,,,,,,,,,,,,,,,,,,,,,,,,,,,,,,,,,,,,,,,,,,,,,,,,,,,,,,,,,,,,,,,,,,,,,,,,,,,,,,,,,,,,,,,,,,,,,,,,,,,,,,,,,,,,,,,,,,,,,,,,,,,,,,,,,,,,,,,,,,,,,,,,,,,,,,,,,,,,,,,,,,,,,,
F05_RD14-0003-36_37_38_39-1;2;2;1-M2e-0.186IP-Q1.2_002.10sec.fsa,TH01,G,OL,157.18,7,OL,161.46,4,5,164.67,7,5.3,167.23,9,6,168.33,278,7,172.36,332,OL,174.56,3,8,176.47,147,9.3,183.74,125,OL,190.03,5,,,,,,,,,,,,,,,,,,,,,,,,,,,,,,,,,,,,,,,,,,,,,,,,,,,,,,,,,,,,,,,,,,,,,,,,,,,,,,,,,,,,,,,,,,,,,,,,,,,,,,,,,,,,,,,,,,,,,,,,,,,,,,,,,,,,,,,,,,,,,,,,,,,,,,,,,,,,,,,,,,,,,,,,,,,,,,,,,,,,,,,,,,,,,,,,,,,,,,,,,,,,,,,,,,,,,,,,,,,,,,,,,,,,,,,,,,,,,,,,,,,,,,,,,,,,,,,,,,,,,,,,,,,,,,
F05_RD14-0003-36_37_38_39-1;2;2;1-M2e-0.186IP-Q1.2_002.10sec.fsa,D13S317,G,9,219.15,200,10,223.25,111,11,227.34,282,12,231.28,257,13,235.22,6,14,239.39,7,OL,240.31,10,OL,246.37,6,,,,,,,,,,,,,,,,,,,,,,,,,,,,,,,,,,,,,,,,,,,,,,,,,,,,,,,,,,,,,,,,,,,,,,,,,,,,,,,,,,,,,,,,,,,,,,,,,,,,,,,,,,,,,,,,,,,,,,,,,,,,,,,,,,,,,,,,,,,,,,,,,,,,,,,,,,,,,,,,,,,,,,,,,,,,,,,,,,,,,,,,,,,,,,,,,,,,,,,,,,,,,,,,,,,,,,,,,,,,,,,,,,,,,,,,,,,,,,,,,,,,,,,,,,,,,,,,,,,,,,,,,,,,,,,,,,,,
F05_RD14-0003-36_37_38_39-1;2;2;1-M2e-0.186IP-Q1.2_002.10sec.fsa,D16S539,G,OL,253.92,4,6,255.27,6,OL,256.02,7,OL,258.65,2,8,263.08,10,OL,265.78,6,9,267.25,88,11,275.24,113,12,279.22,90,13,283.23,40,,,,,,,,,,,,,,,,,,,,,,,,,,,,,,,,,,,,,,,,,,,,,,,,,,,,,,,,,,,,,,,,,,,,,,,,,,,,,,,,,,,,,,,,,,,,,,,,,,,,,,,,,,,,,,,,,,,,,,,,,,,,,,,,,,,,,,,,,,,,,,,,,,,,,,,,,,,,,,,,,,,,,,,,,,,,,,,,,,,,,,,,,,,,,,,,,,,,,,,,,,,,,,,,,,,,,,,,,,,,,,,,,,,,,,,,,,,,,,,,,,,,,,,,,,,,,,,,,,,,,,,,,,,,,,
F05_RD14-0003-36_37_38_39-1;2;2;1-M2e-0.186IP-Q1.2_002.10sec.fsa,D2S1338,G,16,308.55,149,OL,312.09,7,18,316.69,51,19,320.9,147,20,324.99,122,21,328.9,10,24,341.14,5,OL,346.6,5,26,349.29,3,27,352.88,5,OL,364.16,3,,,,,,,,,,,,,,,,,,,,,,,,,,,,,,,,,,,,,,,,,,,,,,,,,,,,,,,,,,,,,,,,,,,,,,,,,,,,,,,,,,,,,,,,,,,,,,,,,,,,,,,,,,,,,,,,,,,,,,,,,,,,,,,,,,,,,,,,,,,,,,,,,,,,,,,,,,,,,,,,,,,,,,,,,,,,,,,,,,,,,,,,,,,,,,,,,,,,,,,,,,,,,,,,,,,,,,,,,,,,,,,,,,,,,,,,,,,,,,,,,,,,,,,,,,,,,,,,,,,,,,,,,,,
F05_RD14-0003-36_37_38_39-1;2;2;1-M2e-0.186IP-Q1.2_002.10sec.fsa,D19S433,Y,9,100.14,11,OL,104.67,6,10.2,105.94,77,12,112.04,18,OL,112.88,9,13,116.05,243,13.2,118.16,20,14,119.93,479,14.2,121.99,207,15.2,126.34,6,OL,127.38,13,18.2,137.86,7,OL,141.6,11,,,,,,,,,,,,,,,,,,,,,,,,,,,,,,,,,,,,,,,,,,,,,,,,,,,,,,,,,,,,,,,,,,,,,,,,,,,,,,,,,,,,,,,,,,,,,,,,,,,,,,,,,,,,,,,,,,,,,,,,,,,,,,,,,,,,,,,,,,,,,,,,,,,,,,,,,,,,,,,,,,,,,,,,,,,,,,,,,,,,,,,,,,,,,,,,,,,,,,,,,,,,,,,,,,,,,,,,,,,,,,,,,,,,,,,,,,,,,,,,,,,,,,,,,,,,,,,,,,,,,
F05_RD14-0003-36_37_38_39-1;2;2;1-M2e-0.186IP-Q1.2_002.10sec.fsa,vWA,Y,15,168.04,116,16,172.07,272,OL,174.19,8,17,176.1,86,18,180.15,180,19,184.04,20,,,,,,,,,,,,,,,,,,,,,,,,,,,,,,,,,,,,,,,,,,,,,,,,,,,,,,,,,,,,,,,,,,,,,,,,,,,,,,,,,,,,,,,,,,,,,,,,,,,,,,,,,,,,,,,,,,,,,,,,,,,,,,,,,,,,,,,,,,,,,,,,,,,,,,,,,,,,,,,,,,,,,,,,,,,,,,,,,,,,,,,,,,,,,,,,,,,,,,,,,,,,,,,,,,,,,,,,,,,,,,,,,,,,,,,,,,,,,,,,,,,,,,,,,,,,,,,,,,,,,,,,,,,,,,,,,,,,,,,,,,
F05_RD14-0003-36_37_38_39-1;2;2;1-M2e-0.186IP-Q1.2_002.10sec.fsa,TPOX,Y,6,220.53,82,8,228.55,128,OL,238.03,8,11,240.62,107,12,244.74,40,,,,,,,,,,,,,,,,,,,,,,,,,,,,,,,,,,,,,,,,,,,,,,,,,,,,,,,,,,,,,,,,,,,,,,,,,,,,,,,,,,,,,,,,,,,,,,,,,,,,,,,,,,,,,,,,,,,,,,,,,,,,,,,,,,,,,,,,,,,,,,,,,,,,,,,,,,,,,,,,,,,,,,,,,,,,,,,,,,,,,,,,,,,,,,,,,,,,,,,,,,,,,,,,,,,,,,,,,,,,,,,,,,,,,,,,,,,,,,,,,,,,,,,,,,,,,,,,,,,,,,,,,,,,,,,,,,,,,,,,,,,,,
F05_RD14-0003-36_37_38_39-1;2;2;1-M2e-0.186IP-Q1.2_002.10sec.fsa,D18S51,Y,11.2,278.52,7,15,292.92,72,15.2,295.31,6,17,300.9,136,19,308.63,10,20,312.88,40,OL,314.42,9,OL,318.38,6,23,325.48,9,OL,336.88,8,OL,342.44,13,,,,,,,,,,,,,,,,,,,,,,,,,,,,,,,,,,,,,,,,,,,,,,,,,,,,,,,,,,,,,,,,,,,,,,,,,,,,,,,,,,,,,,,,,,,,,,,,,,,,,,,,,,,,,,,,,,,,,,,,,,,,,,,,,,,,,,,,,,,,,,,,,,,,,,,,,,,,,,,,,,,,,,,,,,,,,,,,,,,,,,,,,,,,,,,,,,,,,,,,,,,,,,,,,,,,,,,,,,,,,,,,,,,,,,,,,,,,,,,,,,,,,,,,,,,,,,,,,,,,,,,,,,,
F05_RD14-0003-36_37_38_39-1;2;2;1-M2e-0.186IP-Q1.2_002.10sec.fsa,AMEL,R,X,104.88,415,OL,106.29,7,Y,110.78,397,,,,,,,,,,,,,,,,,,,,,,,,,,,,,,,,,,,,,,,,,,,,,,,,,,,,,,,,,,,,,,,,,,,,,,,,,,,,,,,,,,,,,,,,,,,,,,,,,,,,,,,,,,,,,,,,,,,,,,,,,,,,,,,,,,,,,,,,,,,,,,,,,,,,,,,,,,,,,,,,,,,,,,,,,,,,,,,,,,,,,,,,,,,,,,,,,,,,,,,,,,,,,,,,,,,,,,,,,,,,,,,,,,,,,,,,,,,,,,,,,,,,,,,,,,,,,,,,,,,,,,,,,,,,,,,,,,,,,,,,,,,,,,,,,,,
F05_RD14-0003-36_37_38_39-1;2;2;1-M2e-0.186IP-Q1.2_002.10sec.fsa,D5S818,R,6,128.56,9,OL,134.6,8,10,144.59,38,11,148.69,214,12,152.89,249,13,156.88,109,OL,171.63,10,OL,173.83,9,OL,176.32,10,,,,,,,,,,,,,,,,,,,,,,,,,,,,,,,,,,,,,,,,,,,,,,,,,,,,,,,,,,,,,,,,,,,,,,,,,,,,,,,,,,,,,,,,,,,,,,,,,,,,,,,,,,,,,,,,,,,,,,,,,,,,,,,,,,,,,,,,,,,,,,,,,,,,,,,,,,,,,,,,,,,,,,,,,,,,,,,,,,,,,,,,,,,,,,,,,,,,,,,,,,,,,,,,,,,,,,,,,,,,,,,,,,,,,,,,,,,,,,,,,,,,,,,,,,,,,,,,,,,,,,,,,,,,,,,,,
F05_RD14-0003-36_37_38_39-1;2;2;1-M2e-0.186IP-Q1.2_002.10sec.fsa,FGA,R,17,213.03,5,OL,225.67,5,22,233.1,211,OL,234.39,5,23,237.19,10,23.2,239.39,4,24,241.24,40,25,245.44,46,26,249.38,17,OL,258.8,9,29.2,263.08,9,30.2,267.4,8,31,269.88,7,OL,282.08,8,OL,292.31,7,OL,293.54,8,OL,297.31,6,OL,308.4,10,OL,311.77,8,OL,314,12,OL,317.88,8,OL,320.82,11,OL,347.58,10,OL,349.94,8,OL,352.07,8,,,,,,,,,,,,,,,,,,,,,,,,,,,,,,,,,,,,,,,,,,,,,,,,,,,,,,,,,,,,,,,,,,,,,,,,,,,,,,,,,,,,,,,,,,,,,,,,,,,,,,,,,,,,,,,,,,,,,,,,,,,,,,,,,,,,,,,,,,,,,,,,,,,,,,,,,,,,,,,,,,,,,,,,,,,,,,,,,,,,,,,,,,,,,,,,,,,,,,,,,,,,,,,,,,,,,,,,,,,,,,,,,
G01_RD14-0003-40_41_42_43-1;1;1;1-M2d-0.252IP-Q1.3_003.10sec.fsa,D8S1179,B,7,117.08,6,OL,123.1,2,OL,126.3,2,OL,127.57,2,10,129.37,9,11,133.44,183,12,137.55,193,OL,140.08,2,13,141.71,176,14,145.92,203,15,150.07,116,16,154.39,2,OL,160.47,6,OL,174.44,2,,,,,,,,,,,,,,,,,,,,,,,,,,,,,,,,,,,,,,,,,,,,,,,,,,,,,,,,,,,,,,,,,,,,,,,,,,,,,,,,,,,,,,,,,,,,,,,,,,,,,,,,,,,,,,,,,,,,,,,,,,,,,,,,,,,,,,,,,,,,,,,,,,,,,,,,,,,,,,,,,,,,,,,,,,,,,,,,,,,,,,,,,,,,,,,,,,,,,,,,,,,,,,,,,,,,,,,,,,,,,,,,,,,,,,,,,,,,,,,,,,,,,,,,,,,,,,,,,,
G01_RD14-0003-40_41_42_43-1;1;1;1-M2d-0.252IP-Q1.3_003.10sec.fsa,D21S11,B,24,182.46,2,OL,187.54,2,27,194.53,19,28,198.49,76,OL,199.84,2,29,202.57,131,30,206.55,76,31,210.55,115,31.2,212.51,23,32,214.24,3,34,222.78,5,35,226.75,18,36,231.05,4,OL,239.84,3,,,,,,,,,,,,,,,,,,,,,,,,,,,,,,,,,,,,,,,,,,,,,,,,,,,,,,,,,,,,,,,,,,,,,,,,,,,,,,,,,,,,,,,,,,,,,,,,,,,,,,,,,,,,,,,,,,,,,,,,,,,,,,,,,,,,,,,,,,,,,,,,,,,,,,,,,,,,,,,,,,,,,,,,,,,,,,,,,,,,,,,,,,,,,,,,,,,,,,,,,,,,,,,,,,,,,,,,,,,,,,,,,,,,,,,,,,,,,,,,,,,,,,,,,,,,,,,,,,
G01_RD14-0003-40_41_42_43-1;1;1;1-M2d-0.252IP-Q1.3_003.10sec.fsa,D7S820,B,OL,248.14,2,8,261.84,17,9,265.94,99,10,269.89,16,11,274,191,OL,277.08,2,OL,280.32,2,OL,283.18,4,,,,,,,,,,,,,,,,,,,,,,,,,,,,,,,,,,,,,,,,,,,,,,,,,,,,,,,,,,,,,,,,,,,,,,,,,,,,,,,,,,,,,,,,,,,,,,,,,,,,,,,,,,,,,,,,,,,,,,,,,,,,,,,,,,,,,,,,,,,,,,,,,,,,,,,,,,,,,,,,,,,,,,,,,,,,,,,,,,,,,,,,,,,,,,,,,,,,,,,,,,,,,,,,,,,,,,,,,,,,,,,,,,,,,,,,,,,,,,,,,,,,,,,,,,,,,,,,,,,,,,,,,,,,,,,,,,,,
G01_RD14-0003-40_41_42_43-1;1;1;1-M2d-0.252IP-Q1.3_003.10sec.fsa,CSF1PO,B,OL,302.18,2,7,306.51,5,8,310.43,93,10,318.62,43,11,322.76,15,12,326.83,239,OL,329.07,2,,,,,,,,,,,,,,,,,,,,,,,,,,,,,,,,,,,,,,,,,,,,,,,,,,,,,,,,,,,,,,,,,,,,,,,,,,,,,,,,,,,,,,,,,,,,,,,,,,,,,,,,,,,,,,,,,,,,,,,,,,,,,,,,,,,,,,,,,,,,,,,,,,,,,,,,,,,,,,,,,,,,,,,,,,,,,,,,,,,,,,,,,,,,,,,,,,,,,,,,,,,,,,,,,,,,,,,,,,,,,,,,,,,,,,,,,,,,,,,,,,,,,,,,,,,,,,,,,,,,,,,,,,,,,,,,,,,,,,,
G01_RD14-0003-40_41_42_43-1;1;1;1-M2d-0.252IP-Q1.3_003.10sec.fsa,D3S1358,G,OL,95.95,2,OL,113.7,8,OL,115.98,4,14,118.1,35,15,122.07,470,15.2,124.51,3,16,126.08,439,17,130.27,534,18,134.43,4,19,138.77,3,,,,,,,,,,,,,,,,,,,,,,,,,,,,,,,,,,,,,,,,,,,,,,,,,,,,,,,,,,,,,,,,,,,,,,,,,,,,,,,,,,,,,,,,,,,,,,,,,,,,,,,,,,,,,,,,,,,,,,,,,,,,,,,,,,,,,,,,,,,,,,,,,,,,,,,,,,,,,,,,,,,,,,,,,,,,,,,,,,,,,,,,,,,,,,,,,,,,,,,,,,,,,,,,,,,,,,,,,,,,,,,,,,,,,,,,,,,,,,,,,,,,,,,,,,,,,,,,,,,,,,,,,,,,,,
G01_RD14-0003-40_41_42_43-1;1;1;1-M2d-0.252IP-Q1.3_003.10sec.fsa,TH01,G,OL,166.47,4,6,168.42,8,7,172.49,172,8,176.55,738,9,180.64,292,9.3,183.73,519,OL,195.08,5,13,196.35,3,,,,,,,,,,,,,,,,,,,,,,,,,,,,,,,,,,,,,,,,,,,,,,,,,,,,,,,,,,,,,,,,,,,,,,,,,,,,,,,,,,,,,,,,,,,,,,,,,,,,,,,,,,,,,,,,,,,,,,,,,,,,,,,,,,,,,,,,,,,,,,,,,,,,,,,,,,,,,,,,,,,,,,,,,,,,,,,,,,,,,,,,,,,,,,,,,,,,,,,,,,,,,,,,,,,,,,,,,,,,,,,,,,,,,,,,,,,,,,,,,,,,,,,,,,,,,,,,,,,,,,,,,,,,,,,,,,,,
G01_RD14-0003-40_41_42_43-1;1;1;1-M2d-0.252IP-Q1.3_003.10sec.fsa,D13S317,G,OL,208.82,2,OL,221.27,2,10,223.01,9,11,227.15,239,12,231.21,330,13,235.2,242,14,239.52,4,16,246.92,2,,,,,,,,,,,,,,,,,,,,,,,,,,,,,,,,,,,,,,,,,,,,,,,,,,,,,,,,,,,,,,,,,,,,,,,,,,,,,,,,,,,,,,,,,,,,,,,,,,,,,,,,,,,,,,,,,,,,,,,,,,,,,,,,,,,,,,,,,,,,,,,,,,,,,,,,,,,,,,,,,,,,,,,,,,,,,,,,,,,,,,,,,,,,,,,,,,,,,,,,,,,,,,,,,,,,,,,,,,,,,,,,,,,,,,,,,,,,,,,,,,,,,,,,,,,,,,,,,,,,,,,,,,,,,,,,,,,,
G01_RD14-0003-40_41_42_43-1;1;1;1-M2d-0.252IP-Q1.3_003.10sec.fsa,D16S539,G,OL,254.07,4,OL,256.42,4,7,259.92,4,8,263.53,3,9,267.23,42,10,271.18,50,11,275.22,70,12,279.27,115,12.2,281.35,3,13,283.18,159,OL,288.19,3,,,,,,,,,,,,,,,,,,,,,,,,,,,,,,,,,,,,,,,,,,,,,,,,,,,,,,,,,,,,,,,,,,,,,,,,,,,,,,,,,,,,,,,,,,,,,,,,,,,,,,,,,,,,,,,,,,,,,,,,,,,,,,,,,,,,,,,,,,,,,,,,,,,,,,,,,,,,,,,,,,,,,,,,,,,,,,,,,,,,,,,,,,,,,,,,,,,,,,,,,,,,,,,,,,,,,,,,,,,,,,,,,,,,,,,,,,,,,,,,,,,,,,,,,,,,,,,,,,,,,,,,,,,
G01_RD14-0003-40_41_42_43-1;1;1;1-M2d-0.252IP-Q1.3_003.10sec.fsa,D2S1338,G,OL,301.71,3,15,305.08,2,19,320.92,70,20,324.92,41,21,329.07,19,OL,330.23,2,22,333.03,292,23,336.97,58,OL,338.94,3,25,345.08,72,OL,350.24,3,27,353.58,1,OL,358.83,4,,,,,,,,,,,,,,,,,,,,,,,,,,,,,,,,,,,,,,,,,,,,,,,,,,,,,,,,,,,,,,,,,,,,,,,,,,,,,,,,,,,,,,,,,,,,,,,,,,,,,,,,,,,,,,,,,,,,,,,,,,,,,,,,,,,,,,,,,,,,,,,,,,,,,,,,,,,,,,,,,,,,,,,,,,,,,,,,,,,,,,,,,,,,,,,,,,,,,,,,,,,,,,,,,,,,,,,,,,,,,,,,,,,,,,,,,,,,,,,,,,,,,,,,,,,,,,,,,,,,,
G01_RD14-0003-40_41_42_43-1;1;1;1-M2d-0.252IP-Q1.3_003.10sec.fsa,D19S433,Y,OL,97,7,OL,98.05,5,OL,102.67,6,10,103.88,13,11,107.97,143,12,112.12,26,12.2,114.07,17,13,116.12,314,13.2,118.1,248,14,120.07,275,14.2,122.07,290,15.2,126.08,34,16.2,130.04,301,17.2,134.05,5,,,,,,,,,,,,,,,,,,,,,,,,,,,,,,,,,,,,,,,,,,,,,,,,,,,,,,,,,,,,,,,,,,,,,,,,,,,,,,,,,,,,,,,,,,,,,,,,,,,,,,,,,,,,,,,,,,,,,,,,,,,,,,,,,,,,,,,,,,,,,,,,,,,,,,,,,,,,,,,,,,,,,,,,,,,,,,,,,,,,,,,,,,,,,,,,,,,,,,,,,,,,,,,,,,,,,,,,,,,,,,,,,,,,,,,,,,,,,,,,,,,,,,,,,,,,,,,,,,
G01_RD14-0003-40_41_42_43-1;1;1;1-M2d-0.252IP-Q1.3_003.10sec.fsa,vWA,Y,13,159.84,159,15,167.95,50,16,172.1,131,OL,174.91,7,17,176.16,351,18,180.24,96,19,184.37,96,OL,185.64,4,OL,197.94,4,,,,,,,,,,,,,,,,,,,,,,,,,,,,,,,,,,,,,,,,,,,,,,,,,,,,,,,,,,,,,,,,,,,,,,,,,,,,,,,,,,,,,,,,,,,,,,,,,,,,,,,,,,,,,,,,,,,,,,,,,,,,,,,,,,,,,,,,,,,,,,,,,,,,,,,,,,,,,,,,,,,,,,,,,,,,,,,,,,,,,,,,,,,,,,,,,,,,,,,,,,,,,,,,,,,,,,,,,,,,,,,,,,,,,,,,,,,,,,,,,,,,,,,,,,,,,,,,,,,,,,,,,,,,,,,,,
G01_RD14-0003-40_41_42_43-1;1;1;1-M2d-0.252IP-Q1.3_003.10sec.fsa,TPOX,Y,OL,218.24,4,OL,219.28,5,6,220.48,9,7,224.68,14,8,228.58,579,9,232.72,7,10,236.64,53,11,240.74,37,OL,242.45,4,12,244.81,73,13,248.54,5,,,,,,,,,,,,,,,,,,,,,,,,,,,,,,,,,,,,,,,,,,,,,,,,,,,,,,,,,,,,,,,,,,,,,,,,,,,,,,,,,,,,,,,,,,,,,,,,,,,,,,,,,,,,,,,,,,,,,,,,,,,,,,,,,,,,,,,,,,,,,,,,,,,,,,,,,,,,,,,,,,,,,,,,,,,,,,,,,,,,,,,,,,,,,,,,,,,,,,,,,,,,,,,,,,,,,,,,,,,,,,,,,,,,,,,,,,,,,,,,,,,,,,,,,,,,,,,,,,,,,,,,,,,
G01_RD14-0003-40_41_42_43-1;1;1;1-M2d-0.252IP-Q1.3_003.10sec.fsa,D18S51,Y,OL,262,7,OL,278.22,5,12,280.96,22,13,285.01,112,OL,287.79,4,15,292.95,41,17,300.93,62,18,304.93,189,19,308.9,110,OL,310.27,6,20.2,315.36,8,OL,330.64,5,OL,340,7,,,,,,,,,,,,,,,,,,,,,,,,,,,,,,,,,,,,,,,,,,,,,,,,,,,,,,,,,,,,,,,,,,,,,,,,,,,,,,,,,,,,,,,,,,,,,,,,,,,,,,,,,,,,,,,,,,,,,,,,,,,,,,,,,,,,,,,,,,,,,,,,,,,,,,,,,,,,,,,,,,,,,,,,,,,,,,,,,,,,,,,,,,,,,,,,,,,,,,,,,,,,,,,,,,,,,,,,,,,,,,,,,,,,,,,,,,,,,,,,,,,,,,,,,,,,,,,,,,,,,
G01_RD14-0003-40_41_42_43-1;1;1;1-M2d-0.252IP-Q1.3_003.10sec.fsa,AMEL,R,X,104.79,744,Y,110.77,325,,,,,,,,,,,,,,,,,,,,,,,,,,,,,,,,,,,,,,,,,,,,,,,,,,,,,,,,,,,,,,,,,,,,,,,,,,,,,,,,,,,,,,,,,,,,,,,,,,,,,,,,,,,,,,,,,,,,,,,,,,,,,,,,,,,,,,,,,,,,,,,,,,,,,,,,,,,,,,,,,,,,,,,,,,,,,,,,,,,,,,,,,,,,,,,,,,,,,,,,,,,,,,,,,,,,,,,,,,,,,,,,,,,,,,,,,,,,,,,,,,,,,,,,,,,,,,,,,,,,,,,,,,,,,,,,,,,,,,,,,,,,,,,,,,,,,,
G01_RD14-0003-40_41_42_43-1;1;1;1-M2d-0.252IP-Q1.3_003.10sec.fsa,D5S818,R,OL,143.74,5,10,144.59,18,11,148.82,273,12,152.9,239,OL,154.79,4,13,157,159,OL,160.39,9,OL,168.34,6,,,,,,,,,,,,,,,,,,,,,,,,,,,,,,,,,,,,,,,,,,,,,,,,,,,,,,,,,,,,,,,,,,,,,,,,,,,,,,,,,,,,,,,,,,,,,,,,,,,,,,,,,,,,,,,,,,,,,,,,,,,,,,,,,,,,,,,,,,,,,,,,,,,,,,,,,,,,,,,,,,,,,,,,,,,,,,,,,,,,,,,,,,,,,,,,,,,,,,,,,,,,,,,,,,,,,,,,,,,,,,,,,,,,,,,,,,,,,,,,,,,,,,,,,,,,,,,,,,,,,,,,,,,,,,,,,,,,
G01_RD14-0003-40_41_42_43-1;1;1;1-M2d-0.252IP-Q1.3_003.10sec.fsa,FGA,R,OL,211.17,6,20,224.92,116,21,228.98,84,22,233.04,120,25,245.14,11,26,249.43,137,27,253.6,66,28,257.43,99,32.2,275.54,5,33.2,280,3,OL,289.38,6,OL,314.85,10,42.2,315.62,7,OL,318.97,4,OL,338.77,8,OL,343.66,7,OL,346.5,6,51.2,352.41,7,,,,,,,,,,,,,,,,,,,,,,,,,,,,,,,,,,,,,,,,,,,,,,,,,,,,,,,,,,,,,,,,,,,,,,,,,,,,,,,,,,,,,,,,,,,,,,,,,,,,,,,,,,,,,,,,,,,,,,,,,,,,,,,,,,,,,,,,,,,,,,,,,,,,,,,,,,,,,,,,,,,,,,,,,,,,,,,,,,,,,,,,,,,,,,,,,,,,,,,,,,,,,,,,,,,,,,,,,,,,,,,,,,,,,,,,,,,,,,,,,,,,,,
G02_RD14-0003-44_45_46_47-1;1;4;1-M2a-0.441IP-Q0.7_003.10sec.fsa,D8S1179,B,OL,116.41,2,7,117.14,5,7,117.74,11,OL,118.34,10,OL,122.22,6,9,125.4,15,10,129.42,331,11,133.47,813,12,137.63,47,13,141.77,791,14,145.88,1311,15,150.07,169,OL,156.63,3,17,158.71,3,OL,161.2,6,OL,172.36,16,OL,173.84,4,,,,,,,,,,,,,,,,,,,,,,,,,,,,,,,,,,,,,,,,,,,,,,,,,,,,,,,,,,,,,,,,,,,,,,,,,,,,,,,,,,,,,,,,,,,,,,,,,,,,,,,,,,,,,,,,,,,,,,,,,,,,,,,,,,,,,,,,,,,,,,,,,,,,,,,,,,,,,,,,,,,,,,,,,,,,,,,,,,,,,,,,,,,,,,,,,,,,,,,,,,,,,,,,,,,,,,,,,,,,,,,,,,,,,,,,,,,,,,,,,,,,,,,,,
G02_RD14-0003-44_45_46_47-1;1;4;1-M2a-0.441IP-Q0.7_003.10sec.fsa,D21S11,B,23.2,180.43,16,OL,183.59,4,OL,186.74,2,26,189.97,6,27,194.34,155,28,198.42,223,28.2,200.07,4,29,202.46,19,30,206.47,230,30.2,208.38,9,31,210.44,932,31.2,212.36,34,32,214.51,291,32.2,216.48,499,33.2,220.29,4,36,231.23,45,OL,233.55,1,37,235.14,7,37.2,237.02,2,OL,240.08,4,,,,,,,,,,,,,,,,,,,,,,,,,,,,,,,,,,,,,,,,,,,,,,,,,,,,,,,,,,,,,,,,,,,,,,,,,,,,,,,,,,,,,,,,,,,,,,,,,,,,,,,,,,,,,,,,,,,,,,,,,,,,,,,,,,,,,,,,,,,,,,,,,,,,,,,,,,,,,,,,,,,,,,,,,,,,,,,,,,,,,,,,,,,,,,,,,,,,,,,,,,,,,,,,,,,,,,,,,,,,,,,,,,,,,,,,,,,,,,,,
G02_RD14-0003-44_45_46_47-1;1;4;1-M2a-0.441IP-Q0.7_003.10sec.fsa,D7S820,B,5,250.29,3,7,258.01,5,8,261.9,229,9,265.92,869,10,269.96,469,11,273.93,38,OL,275.11,13,12,277.92,597,13,281.98,7,14,285.93,3,,,,,,,,,,,,,,,,,,,,,,,,,,,,,,,,,,,,,,,,,,,,,,,,,,,,,,,,,,,,,,,,,,,,,,,,,,,,,,,,,,,,,,,,,,,,,,,,,,,,,,,,,,,,,,,,,,,,,,,,,,,,,,,,,,,,,,,,,,,,,,,,,,,,,,,,,,,,,,,,,,,,,,,,,,,,,,,,,,,,,,,,,,,,,,,,,,,,,,,,,,,,,,,,,,,,,,,,,,,,,,,,,,,,,,,,,,,,,,,,,,,,,,,,,,,,,,,,,,,,,,,,,,,,,,
G02_RD14-0003-44_45_46_47-1;1;4;1-M2a-0.441IP-Q0.7_003.10sec.fsa,CSF1PO,B,OL,303.97,3,8,310.23,2,9,314.32,22,10,318.63,565,11,322.79,975,12,326.8,924,13,330.56,5,OL,336.97,9,OL,340.7,7,,,,,,,,,,,,,,,,,,,,,,,,,,,,,,,,,,,,,,,,,,,,,,,,,,,,,,,,,,,,,,,,,,,,,,,,,,,,,,,,,,,,,,,,,,,,,,,,,,,,,,,,,,,,,,,,,,,,,,,,,,,,,,,,,,,,,,,,,,,,,,,,,,,,,,,,,,,,,,,,,,,,,,,,,,,,,,,,,,,,,,,,,,,,,,,,,,,,,,,,,,,,,,,,,,,,,,,,,,,,,,,,,,,,,,,,,,,,,,,,,,,,,,,,,,,,,,,,,,,,,,,,,,,,,,,,,
G02_RD14-0003-44_45_46_47-1;1;4;1-M2a-0.441IP-Q0.7_003.10sec.fsa,D3S1358,G,OL,95.03,9,OL,96.55,11,OL,101.62,5,OL,109.02,4,OL,109.58,6,12,110.27,5,13,114.33,95,OL,115.54,9,14,118.27,1718,15,122.15,1220,16,126.22,152,17,130.04,458,OL,131.41,13,18,134.03,9,OL,137.7,6,OL,140,3,OL,143.54,5,,,,,,,,,,,,,,,,,,,,,,,,,,,,,,,,,,,,,,,,,,,,,,,,,,,,,,,,,,,,,,,,,,,,,,,,,,,,,,,,,,,,,,,,,,,,,,,,,,,,,,,,,,,,,,,,,,,,,,,,,,,,,,,,,,,,,,,,,,,,,,,,,,,,,,,,,,,,,,,,,,,,,,,,,,,,,,,,,,,,,,,,,,,,,,,,,,,,,,,,,,,,,,,,,,,,,,,,,,,,,,,,,,,,,,,,,,,,,,,,,,,,,,,,,
G02_RD14-0003-44_45_46_47-1;1;4;1-M2a-0.441IP-Q0.7_003.10sec.fsa,TH01,G,OL,154.85,7,3,156.2,5,OL,156.99,8,OL,159.57,7,5,164.38,10,6,168.33,636,7,172.43,1629,8,176.46,74,9,180.5,2099,9.3,183.66,253,OL,186.53,4,OL,192.05,5,OL,195.77,4,,,,,,,,,,,,,,,,,,,,,,,,,,,,,,,,,,,,,,,,,,,,,,,,,,,,,,,,,,,,,,,,,,,,,,,,,,,,,,,,,,,,,,,,,,,,,,,,,,,,,,,,,,,,,,,,,,,,,,,,,,,,,,,,,,,,,,,,,,,,,,,,,,,,,,,,,,,,,,,,,,,,,,,,,,,,,,,,,,,,,,,,,,,,,,,,,,,,,,,,,,,,,,,,,,,,,,,,,,,,,,,,,,,,,,,,,,,,,,,,,,,,,,,,,,,,,,,,,,,,,
G02_RD14-0003-44_45_46_47-1;1;4;1-M2a-0.441IP-Q0.7_003.10sec.fsa,D13S317,G,OL,203.65,5,7,210.8,9,7,211.51,10,8,215.02,362,OL,225.18,4,11,227.19,159,12,231.23,3193,13,235.29,559,,,,,,,,,,,,,,,,,,,,,,,,,,,,,,,,,,,,,,,,,,,,,,,,,,,,,,,,,,,,,,,,,,,,,,,,,,,,,,,,,,,,,,,,,,,,,,,,,,,,,,,,,,,,,,,,,,,,,,,,,,,,,,,,,,,,,,,,,,,,,,,,,,,,,,,,,,,,,,,,,,,,,,,,,,,,,,,,,,,,,,,,,,,,,,,,,,,,,,,,,,,,,,,,,,,,,,,,,,,,,,,,,,,,,,,,,,,,,,,,,,,,,,,,,,,,,,,,,,,,,,,,,,,,,,,,,,,,
G02_RD14-0003-44_45_46_47-1;1;4;1-M2a-0.441IP-Q0.7_003.10sec.fsa,D16S539,G,5,251.65,4,OL,253.66,3,6,255.44,3,OL,264.67,8,9,267.24,36,10,271.21,674,11,275.19,918,12,279.11,2201,13,283.22,12,,,,,,,,,,,,,,,,,,,,,,,,,,,,,,,,,,,,,,,,,,,,,,,,,,,,,,,,,,,,,,,,,,,,,,,,,,,,,,,,,,,,,,,,,,,,,,,,,,,,,,,,,,,,,,,,,,,,,,,,,,,,,,,,,,,,,,,,,,,,,,,,,,,,,,,,,,,,,,,,,,,,,,,,,,,,,,,,,,,,,,,,,,,,,,,,,,,,,,,,,,,,,,,,,,,,,,,,,,,,,,,,,,,,,,,,,,,,,,,,,,,,,,,,,,,,,,,,,,,,,,,,,,,,,,,,,
G02_RD14-0003-44_45_46_47-1;1;4;1-M2a-0.441IP-Q0.7_003.10sec.fsa,D2S1338,G,15,304.48,11,16,308.59,153,18,316.55,45,19,320.85,559,22,332.93,32,23,336.97,413,OL,339.24,1,24,341.01,362,25,344.97,1965,OL,355.55,2,OL,356.49,5,OL,360,3,29,361.47,3,,,,,,,,,,,,,,,,,,,,,,,,,,,,,,,,,,,,,,,,,,,,,,,,,,,,,,,,,,,,,,,,,,,,,,,,,,,,,,,,,,,,,,,,,,,,,,,,,,,,,,,,,,,,,,,,,,,,,,,,,,,,,,,,,,,,,,,,,,,,,,,,,,,,,,,,,,,,,,,,,,,,,,,,,,,,,,,,,,,,,,,,,,,,,,,,,,,,,,,,,,,,,,,,,,,,,,,,,,,,,,,,,,,,,,,,,,,,,,,,,,,,,,,,,,,,,,,,,,,,,
G02_RD14-0003-44_45_46_47-1;1;4;1-M2a-0.441IP-Q0.7_003.10sec.fsa,D19S433,Y,9,99.59,40,10,103.79,936,11,107.91,317,12,112.07,95,13,116,1438,14,119.93,290,14.2,121.95,202,15,123.91,101,OL,125.06,4,OL,139.23,8,OL,141.34,9,,,,,,,,,,,,,,,,,,,,,,,,,,,,,,,,,,,,,,,,,,,,,,,,,,,,,,,,,,,,,,,,,,,,,,,,,,,,,,,,,,,,,,,,,,,,,,,,,,,,,,,,,,,,,,,,,,,,,,,,,,,,,,,,,,,,,,,,,,,,,,,,,,,,,,,,,,,,,,,,,,,,,,,,,,,,,,,,,,,,,,,,,,,,,,,,,,,,,,,,,,,,,,,,,,,,,,,,,,,,,,,,,,,,,,,,,,,,,,,,,,,,,,,,,,,,,,,,,,,,,,,,,,,
G02_RD14-0003-44_45_46_47-1;1;4;1-M2a-0.441IP-Q0.7_003.10sec.fsa,vWA,Y,OL,146.37,8,OL,148.57,33,OL,152.85,11,13,159.86,343,15,167.98,137,16,172.08,2188,17,176.04,31,18,180.14,277,19,184.16,46,20,188.32,390,22,196.56,7,OL,197.21,6,OL,198.21,8,OL,201.68,8,,,,,,,,,,,,,,,,,,,,,,,,,,,,,,,,,,,,,,,,,,,,,,,,,,,,,,,,,,,,,,,,,,,,,,,,,,,,,,,,,,,,,,,,,,,,,,,,,,,,,,,,,,,,,,,,,,,,,,,,,,,,,,,,,,,,,,,,,,,,,,,,,,,,,,,,,,,,,,,,,,,,,,,,,,,,,,,,,,,,,,,,,,,,,,,,,,,,,,,,,,,,,,,,,,,,,,,,,,,,,,,,,,,,,,,,,,,,,,,,,,,,,,,,,,,,,,,,,,
G02_RD14-0003-44_45_46_47-1;1;4;1-M2a-0.441IP-Q0.7_003.10sec.fsa,TPOX,Y,5,216.99,9,7,224.6,32,8,228.56,1758,9,232.61,18,10,236.59,180,11,240.6,486,,,,,,,,,,,,,,,,,,,,,,,,,,,,,,,,,,,,,,,,,,,,,,,,,,,,,,,,,,,,,,,,,,,,,,,,,,,,,,,,,,,,,,,,,,,,,,,,,,,,,,,,,,,,,,,,,,,,,,,,,,,,,,,,,,,,,,,,,,,,,,,,,,,,,,,,,,,,,,,,,,,,,,,,,,,,,,,,,,,,,,,,,,,,,,,,,,,,,,,,,,,,,,,,,,,,,,,,,,,,,,,,,,,,,,,,,,,,,,,,,,,,,,,,,,,,,,,,,,,,,,,,,,,,,,,,,,,,,,,,,,
G02_RD14-0003-44_45_46_47-1;1;4;1-M2a-0.441IP-Q0.7_003.10sec.fsa,D18S51,Y,8,264.46,8,9,268.85,8,OL,272.09,13,OL,273.71,10,11,276.59,25,12,280.88,329,13,284.91,923,14,288.93,123,15,292.89,166,16,296.92,177,17,300.86,332,18,304.84,364,19.2,310.98,6,OL,311.43,7,20,312.64,8,OL,318.63,10,OL,319.92,10,OL,326.49,12,23.2,327.19,11,OL,334.23,6,27,342.09,12,OL,342.79,9,,,,,,,,,,,,,,,,,,,,,,,,,,,,,,,,,,,,,,,,,,,,,,,,,,,,,,,,,,,,,,,,,,,,,,,,,,,,,,,,,,,,,,,,,,,,,,,,,,,,,,,,,,,,,,,,,,,,,,,,,,,,,,,,,,,,,,,,,,,,,,,,,,,,,,,,,,,,,,,,,,,,,,,,,,,,,,,,,,,,,,,,,,,,,,,,,,,,,,,,,,,,,,,,,,,,,,,,,,,,,,,,,,,,,,,,,,
G02_RD14-0003-44_45_46_47-1;1;4;1-M2a-0.441IP-Q0.7_003.10sec.fsa,AMEL,R,X,104.84,1713,Y,110.76,1407,,,,,,,,,,,,,,,,,,,,,,,,,,,,,,,,,,,,,,,,,,,,,,,,,,,,,,,,,,,,,,,,,,,,,,,,,,,,,,,,,,,,,,,,,,,,,,,,,,,,,,,,,,,,,,,,,,,,,,,,,,,,,,,,,,,,,,,,,,,,,,,,,,,,,,,,,,,,,,,,,,,,,,,,,,,,,,,,,,,,,,,,,,,,,,,,,,,,,,,,,,,,,,,,,,,,,,,,,,,,,,,,,,,,,,,,,,,,,,,,,,,,,,,,,,,,,,,,,,,,,,,,,,,,,,,,,,,,,,,,,,,,,,,,,,,,,,
G02_RD14-0003-44_45_46_47-1;1;4;1-M2a-0.441IP-Q0.7_003.10sec.fsa,D5S818,R,OL,127.24,8,OL,134.37,8,OL,135.82,5,OL,137.91,17,OL,139.58,4,9,140.78,12,10,144.67,115,11,148.72,2034,12,152.85,352,13,156.92,295,OL,158.92,8,15,165.08,9,OL,170.59,12,17,173.35,13,OL,174.55,14,,,,,,,,,,,,,,,,,,,,,,,,,,,,,,,,,,,,,,,,,,,,,,,,,,,,,,,,,,,,,,,,,,,,,,,,,,,,,,,,,,,,,,,,,,,,,,,,,,,,,,,,,,,,,,,,,,,,,,,,,,,,,,,,,,,,,,,,,,,,,,,,,,,,,,,,,,,,,,,,,,,,,,,,,,,,,,,,,,,,,,,,,,,,,,,,,,,,,,,,,,,,,,,,,,,,,,,,,,,,,,,,,,,,,,,,,,,,,,,,,,,,,,,,,,,,,,,
G02_RD14-0003-44_45_46_47-1;1;4;1-M2a-0.441IP-Q0.7_003.10sec.fsa,FGA,R,OL,207.46,6,OL,213.36,10,OL,215.75,9,19,220.93,13,OL,222.23,9,20,224.96,23,OL,226.33,6,21,229,329,22,233.11,232,23,237.17,62,24,241.27,181,24.2,243.22,7,25,245.46,918,26,249.55,376,26.2,252.01,6,OL,258.58,5,OL,280.44,5,OL,282.78,10,34.2,283.81,13,OL,285.86,8,OL,297.73,10,OL,299.41,11,OL,301.87,9,OL,316.55,9,OL,321.32,12,OL,323.64,13,OL,329.03,7,OL,330.94,6,OL,331.71,5,OL,341.09,14,OL,346.21,4,50.2,348.23,5,OL,354.69,6,,,,,,,,,,,,,,,,,,,,,,,,,,,,,,,,,,,,,,,,,,,,,,,,,,,,,,,,,,,,,,,,,,,,,,,,,,,,,,,,,,,,,,,,,,,,,,,,,,,,,,,,,,,,,,,,,,,,,,,,,,,,,,,,,,,,,,,,,,,,,,,,,,,,,,,,,,,,,,,,,,,,,,,,,,,,,,,,,,,,,,,,,,,,,,,,,,,,,,,,,
G03_RD14-0003-44_45_46_47-1;1;4;1-M2e-0.75IP-Q1.5_003.10sec.fsa,D8S1179,B,OL,122.21,7,9,125.31,7,10,129.45,150,11,133.49,701,12,137.63,41,13,141.83,779,14,145.84,1001,15,150.08,143,OL,167.24,3,OL,168.22,7,,,,,,,,,,,,,,,,,,,,,,,,,,,,,,,,,,,,,,,,,,,,,,,,,,,,,,,,,,,,,,,,,,,,,,,,,,,,,,,,,,,,,,,,,,,,,,,,,,,,,,,,,,,,,,,,,,,,,,,,,,,,,,,,,,,,,,,,,,,,,,,,,,,,,,,,,,,,,,,,,,,,,,,,,,,,,,,,,,,,,,,,,,,,,,,,,,,,,,,,,,,,,,,,,,,,,,,,,,,,,,,,,,,,,,,,,,,,,,,,,,,,,,,,,,,,,,,,,,,,,,,,,,,,,,
G03_RD14-0003-44_45_46_47-1;1;4;1-M2e-0.75IP-Q1.5_003.10sec.fsa,D21S11,B,23.2,180.36,13,24.2,184.62,1,27,194.34,89,28,198.44,234,29,202.41,11,30,206.49,193,31,210.45,341,31.2,212.4,19,32,214.43,76,32.2,216.5,311,33.2,220.49,6,OL,231.33,24,37,234.78,3,37.2,236.54,2,37.2,237.11,2,,,,,,,,,,,,,,,,,,,,,,,,,,,,,,,,,,,,,,,,,,,,,,,,,,,,,,,,,,,,,,,,,,,,,,,,,,,,,,,,,,,,,,,,,,,,,,,,,,,,,,,,,,,,,,,,,,,,,,,,,,,,,,,,,,,,,,,,,,,,,,,,,,,,,,,,,,,,,,,,,,,,,,,,,,,,,,,,,,,,,,,,,,,,,,,,,,,,,,,,,,,,,,,,,,,,,,,,,,,,,,,,,,,,,,,,,,,,,,,,,,,,,,,,,,,,,,,
G03_RD14-0003-44_45_46_47-1;1;4;1-M2e-0.75IP-Q1.5_003.10sec.fsa,D7S820,B,6,253.76,3,8,261.91,44,9,265.94,289,10,269.98,257,OL,272.89,3,11,273.96,15,12,278.01,223,OL,283.3,3,OL,288.34,3,OL,291,4,,,,,,,,,,,,,,,,,,,,,,,,,,,,,,,,,,,,,,,,,,,,,,,,,,,,,,,,,,,,,,,,,,,,,,,,,,,,,,,,,,,,,,,,,,,,,,,,,,,,,,,,,,,,,,,,,,,,,,,,,,,,,,,,,,,,,,,,,,,,,,,,,,,,,,,,,,,,,,,,,,,,,,,,,,,,,,,,,,,,,,,,,,,,,,,,,,,,,,,,,,,,,,,,,,,,,,,,,,,,,,,,,,,,,,,,,,,,,,,,,,,,,,,,,,,,,,,,,,,,,,,,,,,,,,
G03_RD14-0003-44_45_46_47-1;1;4;1-M2e-0.75IP-Q1.5_003.10sec.fsa,CSF1PO,B,OL,299.44,2,6,302.46,2,OL,303.7,3,OL,304.39,4,OL,307.46,3,OL,311.2,3,9,314.23,12,10,318.63,190,11,322.72,349,12,326.74,250,OL,333.04,3,OL,336.49,4,,,,,,,,,,,,,,,,,,,,,,,,,,,,,,,,,,,,,,,,,,,,,,,,,,,,,,,,,,,,,,,,,,,,,,,,,,,,,,,,,,,,,,,,,,,,,,,,,,,,,,,,,,,,,,,,,,,,,,,,,,,,,,,,,,,,,,,,,,,,,,,,,,,,,,,,,,,,,,,,,,,,,,,,,,,,,,,,,,,,,,,,,,,,,,,,,,,,,,,,,,,,,,,,,,,,,,,,,,,,,,,,,,,,,,,,,,,,,,,,,,,,,,,,,,,,,,,,,,,,,,,,
G03_RD14-0003-44_45_46_47-1;1;4;1-M2e-0.75IP-Q1.5_003.10sec.fsa,D3S1358,G,OL,94.49,6,OL,95.04,9,OL,102.46,6,OL,103.02,7,OL,111.88,3,13,114.33,115,14,118.29,1813,15,122.14,1650,16,126.25,172,17,129.99,376,18,134.04,7,19,138.75,5,20,142.39,6,OL,143.24,7,,,,,,,,,,,,,,,,,,,,,,,,,,,,,,,,,,,,,,,,,,,,,,,,,,,,,,,,,,,,,,,,,,,,,,,,,,,,,,,,,,,,,,,,,,,,,,,,,,,,,,,,,,,,,,,,,,,,,,,,,,,,,,,,,,,,,,,,,,,,,,,,,,,,,,,,,,,,,,,,,,,,,,,,,,,,,,,,,,,,,,,,,,,,,,,,,,,,,,,,,,,,,,,,,,,,,,,,,,,,,,,,,,,,,,,,,,,,,,,,,,,,,,,,,,,,,,,,,,
G03_RD14-0003-44_45_46_47-1;1;4;1-M2e-0.75IP-Q1.5_003.10sec.fsa,TH01,G,5,164.25,10,6,168.36,623,6.3,171.22,9,7,172.4,1170,8,176.44,55,9,180.5,1750,9.3,183.62,82,OL,189.59,8,,,,,,,,,,,,,,,,,,,,,,,,,,,,,,,,,,,,,,,,,,,,,,,,,,,,,,,,,,,,,,,,,,,,,,,,,,,,,,,,,,,,,,,,,,,,,,,,,,,,,,,,,,,,,,,,,,,,,,,,,,,,,,,,,,,,,,,,,,,,,,,,,,,,,,,,,,,,,,,,,,,,,,,,,,,,,,,,,,,,,,,,,,,,,,,,,,,,,,,,,,,,,,,,,,,,,,,,,,,,,,,,,,,,,,,,,,,,,,,,,,,,,,,,,,,,,,,,,,,,,,,,,,,,,,,,,,,,
G03_RD14-0003-44_45_46_47-1;1;4;1-M2e-0.75IP-Q1.5_003.10sec.fsa,D13S317,G,7,210.94,10,8,215.07,296,9,218.93,8,OL,220.91,4,11,227.25,73,12,231.26,1461,13,235.28,115,OL,240.36,5,,,,,,,,,,,,,,,,,,,,,,,,,,,,,,,,,,,,,,,,,,,,,,,,,,,,,,,,,,,,,,,,,,,,,,,,,,,,,,,,,,,,,,,,,,,,,,,,,,,,,,,,,,,,,,,,,,,,,,,,,,,,,,,,,,,,,,,,,,,,,,,,,,,,,,,,,,,,,,,,,,,,,,,,,,,,,,,,,,,,,,,,,,,,,,,,,,,,,,,,,,,,,,,,,,,,,,,,,,,,,,,,,,,,,,,,,,,,,,,,,,,,,,,,,,,,,,,,,,,,,,,,,,,,,,,,,,,,
G03_RD14-0003-44_45_46_47-1;1;4;1-M2e-0.75IP-Q1.5_003.10sec.fsa,D16S539,G,OL,254.46,5,6,255.36,5,OL,257.72,3,9,267.36,24,10,271.26,261,11,275.24,350,12,279.22,756,OL,292.53,5,OL,293.79,4,16,295.05,6,,,,,,,,,,,,,,,,,,,,,,,,,,,,,,,,,,,,,,,,,,,,,,,,,,,,,,,,,,,,,,,,,,,,,,,,,,,,,,,,,,,,,,,,,,,,,,,,,,,,,,,,,,,,,,,,,,,,,,,,,,,,,,,,,,,,,,,,,,,,,,,,,,,,,,,,,,,,,,,,,,,,,,,,,,,,,,,,,,,,,,,,,,,,,,,,,,,,,,,,,,,,,,,,,,,,,,,,,,,,,,,,,,,,,,,,,,,,,,,,,,,,,,,,,,,,,,,,,,,,,,,,,,,,,,
G03_RD14-0003-44_45_46_47-1;1;4;1-M2e-0.75IP-Q1.5_003.10sec.fsa,D2S1338,G,OL,301.5,3,16,308.51,138,OL,311.49,6,19,320.88,129,OL,328.12,5,21,329.28,3,22,332.97,7,23,336.92,102,24,340.95,109,OL,343.07,2,25,344.91,597,OL,349.89,2,27,353.26,5,28,357.36,5,OL,360.8,5,,,,,,,,,,,,,,,,,,,,,,,,,,,,,,,,,,,,,,,,,,,,,,,,,,,,,,,,,,,,,,,,,,,,,,,,,,,,,,,,,,,,,,,,,,,,,,,,,,,,,,,,,,,,,,,,,,,,,,,,,,,,,,,,,,,,,,,,,,,,,,,,,,,,,,,,,,,,,,,,,,,,,,,,,,,,,,,,,,,,,,,,,,,,,,,,,,,,,,,,,,,,,,,,,,,,,,,,,,,,,,,,,,,,,,,,,,,,,,,,,,,,,,,,,,,,,,,
G03_RD14-0003-44_45_46_47-1;1;4;1-M2e-0.75IP-Q1.5_003.10sec.fsa,D19S433,Y,9,99.52,26,10,103.85,853,11,108.02,511,12,112.15,72,13,116.05,1258,13.2,118.16,46,14,119.93,298,14.2,121.94,452,15,123.89,116,OL,128.9,7,OL,134.87,6,OL,138.61,7,,,,,,,,,,,,,,,,,,,,,,,,,,,,,,,,,,,,,,,,,,,,,,,,,,,,,,,,,,,,,,,,,,,,,,,,,,,,,,,,,,,,,,,,,,,,,,,,,,,,,,,,,,,,,,,,,,,,,,,,,,,,,,,,,,,,,,,,,,,,,,,,,,,,,,,,,,,,,,,,,,,,,,,,,,,,,,,,,,,,,,,,,,,,,,,,,,,,,,,,,,,,,,,,,,,,,,,,,,,,,,,,,,,,,,,,,,,,,,,,,,,,,,,,,,,,,,,,,,,,,,,,
G03_RD14-0003-44_45_46_47-1;1;4;1-M2e-0.75IP-Q1.5_003.10sec.fsa,vWA,Y,OL,155.25,6,13,159.86,144,OL,163.69,7,15,168.01,53,16,172.05,1009,17,176.09,15,18,180.07,143,19,184.19,30,20,188.38,206,,,,,,,,,,,,,,,,,,,,,,,,,,,,,,,,,,,,,,,,,,,,,,,,,,,,,,,,,,,,,,,,,,,,,,,,,,,,,,,,,,,,,,,,,,,,,,,,,,,,,,,,,,,,,,,,,,,,,,,,,,,,,,,,,,,,,,,,,,,,,,,,,,,,,,,,,,,,,,,,,,,,,,,,,,,,,,,,,,,,,,,,,,,,,,,,,,,,,,,,,,,,,,,,,,,,,,,,,,,,,,,,,,,,,,,,,,,,,,,,,,,,,,,,,,,,,,,,,,,,,,,,,,,,,,,,,
G03_RD14-0003-44_45_46_47-1;1;4;1-M2e-0.75IP-Q1.5_003.10sec.fsa,TPOX,Y,OL,214.5,10,5,216.5,9,OL,223.24,8,7,224.57,21,8,228.58,1011,OL,234.85,6,10,236.54,36,11,240.65,232,,,,,,,,,,,,,,,,,,,,,,,,,,,,,,,,,,,,,,,,,,,,,,,,,,,,,,,,,,,,,,,,,,,,,,,,,,,,,,,,,,,,,,,,,,,,,,,,,,,,,,,,,,,,,,,,,,,,,,,,,,,,,,,,,,,,,,,,,,,,,,,,,,,,,,,,,,,,,,,,,,,,,,,,,,,,,,,,,,,,,,,,,,,,,,,,,,,,,,,,,,,,,,,,,,,,,,,,,,,,,,,,,,,,,,,,,,,,,,,,,,,,,,,,,,,,,,,,,,,,,,,,,,,,,,,,,,,,
G03_RD14-0003-44_45_46_47-1;1;4;1-M2e-0.75IP-Q1.5_003.10sec.fsa,D18S51,Y,OL,266.51,5,OL,269.84,4,11,276.73,16,12,280.91,165,12.2,283.02,5,13,284.91,251,14,288.9,42,15,292.95,167,15.2,294.98,6,16,297,144,16.2,298.95,4,17,300.89,151,18,304.81,341,22,321.69,8,OL,322.86,9,OL,336.21,6,OL,343.66,9,,,,,,,,,,,,,,,,,,,,,,,,,,,,,,,,,,,,,,,,,,,,,,,,,,,,,,,,,,,,,,,,,,,,,,,,,,,,,,,,,,,,,,,,,,,,,,,,,,,,,,,,,,,,,,,,,,,,,,,,,,,,,,,,,,,,,,,,,,,,,,,,,,,,,,,,,,,,,,,,,,,,,,,,,,,,,,,,,,,,,,,,,,,,,,,,,,,,,,,,,,,,,,,,,,,,,,,,,,,,,,,,,,,,,,,,,,,,,,,,,,,,,,,,,
G03_RD14-0003-44_45_46_47-1;1;4;1-M2e-0.75IP-Q1.5_003.10sec.fsa,AMEL,R,X,104.9,1638,Y,110.78,1483,,,,,,,,,,,,,,,,,,,,,,,,,,,,,,,,,,,,,,,,,,,,,,,,,,,,,,,,,,,,,,,,,,,,,,,,,,,,,,,,,,,,,,,,,,,,,,,,,,,,,,,,,,,,,,,,,,,,,,,,,,,,,,,,,,,,,,,,,,,,,,,,,,,,,,,,,,,,,,,,,,,,,,,,,,,,,,,,,,,,,,,,,,,,,,,,,,,,,,,,,,,,,,,,,,,,,,,,,,,,,,,,,,,,,,,,,,,,,,,,,,,,,,,,,,,,,,,,,,,,,,,,,,,,,,,,,,,,,,,,,,,,,,,,,,,,,,
G03_RD14-0003-44_45_46_47-1;1;4;1-M2e-0.75IP-Q1.5_003.10sec.fsa,D5S818,R,OL,135.14,6,OL,137.91,11,OL,139.58,9,9,140.77,12,OL,143.31,10,10,144.65,70,11,148.81,1576,OL,151.35,3,12,152.84,242,13,157.02,203,14,161.04,10,OL,164.11,6,16,169.12,11,OL,176.86,6,OL,177.63,6,,,,,,,,,,,,,,,,,,,,,,,,,,,,,,,,,,,,,,,,,,,,,,,,,,,,,,,,,,,,,,,,,,,,,,,,,,,,,,,,,,,,,,,,,,,,,,,,,,,,,,,,,,,,,,,,,,,,,,,,,,,,,,,,,,,,,,,,,,,,,,,,,,,,,,,,,,,,,,,,,,,,,,,,,,,,,,,,,,,,,,,,,,,,,,,,,,,,,,,,,,,,,,,,,,,,,,,,,,,,,,,,,,,,,,,,,,,,,,,,,,,,,,,,,,,,,,,
G03_RD14-0003-44_45_46_47-1;1;4;1-M2e-0.75IP-Q1.5_003.10sec.fsa,FGA,R,OL,210.03,7,20,224.92,31,21,229.08,396,22,233.09,139,OL,234.5,9,23,237.11,87,24,241.23,121,25,245.41,398,26,249.57,260,OL,252.44,5,27,253.21,10,OL,254.04,6,OL,260.71,4,OL,272.39,8,OL,282.17,6,OL,290.44,7,OL,300,8,OL,322.57,8,OL,331.67,8,47.2,336.71,5,OL,338,7,OL,339,7,OL,347.32,8,,,,,,,,,,,,,,,,,,,,,,,,,,,,,,,,,,,,,,,,,,,,,,,,,,,,,,,,,,,,,,,,,,,,,,,,,,,,,,,,,,,,,,,,,,,,,,,,,,,,,,,,,,,,,,,,,,,,,,,,,,,,,,,,,,,,,,,,,,,,,,,,,,,,,,,,,,,,,,,,,,,,,,,,,,,,,,,,,,,,,,,,,,,,,,,,,,,,,,,,,,,,,,,,,,,,,,,,,,,,,,,,,,,,,,,
G04_RD14-0003-36_37_38_39-1;2;2;1-M2d-0.75IP-Q0.8_003.10sec.fsa,D8S1179,B,OL,122.02,8,9,125.35,33,OL,127.75,2,10,129.39,670,11,133.48,42,OL,134.73,2,OL,135.71,3,12,137.53,633,13,141.79,1628,14,145.81,25,15,150.06,411,OL,156.58,4,17,158.47,3,OL,161.79,4,OL,165.08,3,19,166.94,2,OL,168.15,6,20,170.73,5,OL,172.46,15,,,,,,,,,,,,,,,,,,,,,,,,,,,,,,,,,,,,,,,,,,,,,,,,,,,,,,,,,,,,,,,,,,,,,,,,,,,,,,,,,,,,,,,,,,,,,,,,,,,,,,,,,,,,,,,,,,,,,,,,,,,,,,,,,,,,,,,,,,,,,,,,,,,,,,,,,,,,,,,,,,,,,,,,,,,,,,,,,,,,,,,,,,,,,,,,,,,,,,,,,,,,,,,,,,,,,,,,,,,,,,,,,,,,,,,,,,,,,,,,,,,
G04_RD14-0003-36_37_38_39-1;2;2;1-M2d-0.75IP-Q0.8_003.10sec.fsa,D21S11,B,OL,183.66,10,27,194.42,47,28,198.46,846,29,202.46,297,29.2,204.55,9,30,206.51,499,30.2,208.4,24,31,210.36,3,31.2,212.47,335,OL,219.18,9,33.2,221.1,6,34,222.94,6,OL,227.29,17,36,231.14,18,36.2,233.21,3,38.2,241.3,4,,,,,,,,,,,,,,,,,,,,,,,,,,,,,,,,,,,,,,,,,,,,,,,,,,,,,,,,,,,,,,,,,,,,,,,,,,,,,,,,,,,,,,,,,,,,,,,,,,,,,,,,,,,,,,,,,,,,,,,,,,,,,,,,,,,,,,,,,,,,,,,,,,,,,,,,,,,,,,,,,,,,,,,,,,,,,,,,,,,,,,,,,,,,,,,,,,,,,,,,,,,,,,,,,,,,,,,,,,,,,,,,,,,,,,,,,,,,,,,,,,,,,,,,,,,,
G04_RD14-0003-36_37_38_39-1;2;2;1-M2d-0.75IP-Q0.8_003.10sec.fsa,D7S820,B,OL,249.01,5,8,261.88,410,9,265.88,126,OL,267.01,11,10,269.96,106,11,273.98,561,12,278.02,66,OL,283.23,9,,,,,,,,,,,,,,,,,,,,,,,,,,,,,,,,,,,,,,,,,,,,,,,,,,,,,,,,,,,,,,,,,,,,,,,,,,,,,,,,,,,,,,,,,,,,,,,,,,,,,,,,,,,,,,,,,,,,,,,,,,,,,,,,,,,,,,,,,,,,,,,,,,,,,,,,,,,,,,,,,,,,,,,,,,,,,,,,,,,,,,,,,,,,,,,,,,,,,,,,,,,,,,,,,,,,,,,,,,,,,,,,,,,,,,,,,,,,,,,,,,,,,,,,,,,,,,,,,,,,,,,,,,,,,,,,,,,,
G04_RD14-0003-36_37_38_39-1;2;2;1-M2d-0.75IP-Q0.8_003.10sec.fsa,CSF1PO,B,OL,300.15,4,6,302.66,3,OL,311.44,2,9,314.41,31,10,318.68,893,11,322.79,373,12,326.83,558,13,330.93,7,OL,340,4,,,,,,,,,,,,,,,,,,,,,,,,,,,,,,,,,,,,,,,,,,,,,,,,,,,,,,,,,,,,,,,,,,,,,,,,,,,,,,,,,,,,,,,,,,,,,,,,,,,,,,,,,,,,,,,,,,,,,,,,,,,,,,,,,,,,,,,,,,,,,,,,,,,,,,,,,,,,,,,,,,,,,,,,,,,,,,,,,,,,,,,,,,,,,,,,,,,,,,,,,,,,,,,,,,,,,,,,,,,,,,,,,,,,,,,,,,,,,,,,,,,,,,,,,,,,,,,,,,,,,,,,,,,,,,,,,
G04_RD14-0003-36_37_38_39-1;2;2;1-M2d-0.75IP-Q0.8_003.10sec.fsa,D3S1358,G,OL,95.39,4,OL,102.38,9,OL,108.22,5,13,114.33,47,14,118.2,635,15,122.02,1214,16,126.17,606,17,130.29,1769,17.2,131.95,5,19,138.8,7,OL,143.3,6,,,,,,,,,,,,,,,,,,,,,,,,,,,,,,,,,,,,,,,,,,,,,,,,,,,,,,,,,,,,,,,,,,,,,,,,,,,,,,,,,,,,,,,,,,,,,,,,,,,,,,,,,,,,,,,,,,,,,,,,,,,,,,,,,,,,,,,,,,,,,,,,,,,,,,,,,,,,,,,,,,,,,,,,,,,,,,,,,,,,,,,,,,,,,,,,,,,,,,,,,,,,,,,,,,,,,,,,,,,,,,,,,,,,,,,,,,,,,,,,,,,,,,,,,,,,,,,,,,,,,,,,,,,
G04_RD14-0003-36_37_38_39-1;2;2;1-M2d-0.75IP-Q0.8_003.10sec.fsa,TH01,G,OL,155.27,4,OL,158.47,13,5,164.36,16,OL,165.65,4,6,168.37,1152,OL,170.02,1,6.3,171.16,10,7,172.46,2797,8,176.48,268,8.3,179.71,13,9.3,183.66,920,10.3,187.83,3,OL,194.2,8,13.3,200.29,8,,,,,,,,,,,,,,,,,,,,,,,,,,,,,,,,,,,,,,,,,,,,,,,,,,,,,,,,,,,,,,,,,,,,,,,,,,,,,,,,,,,,,,,,,,,,,,,,,,,,,,,,,,,,,,,,,,,,,,,,,,,,,,,,,,,,,,,,,,,,,,,,,,,,,,,,,,,,,,,,,,,,,,,,,,,,,,,,,,,,,,,,,,,,,,,,,,,,,,,,,,,,,,,,,,,,,,,,,,,,,,,,,,,,,,,,,,,,,,,,,,,,,,,,,,,,,,,,,,
G04_RD14-0003-36_37_38_39-1;2;2;1-M2d-0.75IP-Q0.8_003.10sec.fsa,D13S317,G,8,215.26,15,OL,217.33,4,9,219.11,594,10,223.16,383,11,227.21,1094,12,231.21,1317,OL,233.44,6,13,235.3,13,,,,,,,,,,,,,,,,,,,,,,,,,,,,,,,,,,,,,,,,,,,,,,,,,,,,,,,,,,,,,,,,,,,,,,,,,,,,,,,,,,,,,,,,,,,,,,,,,,,,,,,,,,,,,,,,,,,,,,,,,,,,,,,,,,,,,,,,,,,,,,,,,,,,,,,,,,,,,,,,,,,,,,,,,,,,,,,,,,,,,,,,,,,,,,,,,,,,,,,,,,,,,,,,,,,,,,,,,,,,,,,,,,,,,,,,,,,,,,,,,,,,,,,,,,,,,,,,,,,,,,,,,,,,,,,,,,,,
G04_RD14-0003-36_37_38_39-1;2;2;1-M2d-0.75IP-Q0.8_003.10sec.fsa,D16S539,G,OL,252.07,6,6,255.16,7,OL,258.83,7,7,259.78,10,8,263.01,14,9,267.16,505,10,271.17,63,11,275.2,1148,12,279.24,438,13,283.16,509,16,294.96,6,,,,,,,,,,,,,,,,,,,,,,,,,,,,,,,,,,,,,,,,,,,,,,,,,,,,,,,,,,,,,,,,,,,,,,,,,,,,,,,,,,,,,,,,,,,,,,,,,,,,,,,,,,,,,,,,,,,,,,,,,,,,,,,,,,,,,,,,,,,,,,,,,,,,,,,,,,,,,,,,,,,,,,,,,,,,,,,,,,,,,,,,,,,,,,,,,,,,,,,,,,,,,,,,,,,,,,,,,,,,,,,,,,,,,,,,,,,,,,,,,,,,,,,,,,,,,,,,,,,,,,,,,,,
G04_RD14-0003-36_37_38_39-1;2;2;1-M2d-0.75IP-Q0.8_003.10sec.fsa,D2S1338,G,15,304.52,19,16,308.6,362,17,312.6,36,18,316.7,630,19,320.88,656,20,325.01,346,OL,327.38,7,OL,328.25,7,OL,331.95,5,OL,336.41,5,OL,338.29,5,24,341.44,6,OL,342.87,5,OL,346.71,7,OL,348.39,6,OL,354.95,3,,,,,,,,,,,,,,,,,,,,,,,,,,,,,,,,,,,,,,,,,,,,,,,,,,,,,,,,,,,,,,,,,,,,,,,,,,,,,,,,,,,,,,,,,,,,,,,,,,,,,,,,,,,,,,,,,,,,,,,,,,,,,,,,,,,,,,,,,,,,,,,,,,,,,,,,,,,,,,,,,,,,,,,,,,,,,,,,,,,,,,,,,,,,,,,,,,,,,,,,,,,,,,,,,,,,,,,,,,,,,,,,,,,,,,,,,,,,,,,,,,,,,,,,,,,,
G04_RD14-0003-36_37_38_39-1;2;2;1-M2d-0.75IP-Q0.8_003.10sec.fsa,D19S433,Y,OL,98.55,9,9.2,101.61,22,10.2,105.93,494,OL,110.63,17,12,112.01,70,13,116,1168,13.2,118.07,42,14,119.93,1417,14.2,121.96,681,16,127.61,8,OL,128.78,9,OL,130.84,14,18.2,137.53,7,18.2,138.38,9,OL,140.29,10,,,,,,,,,,,,,,,,,,,,,,,,,,,,,,,,,,,,,,,,,,,,,,,,,,,,,,,,,,,,,,,,,,,,,,,,,,,,,,,,,,,,,,,,,,,,,,,,,,,,,,,,,,,,,,,,,,,,,,,,,,,,,,,,,,,,,,,,,,,,,,,,,,,,,,,,,,,,,,,,,,,,,,,,,,,,,,,,,,,,,,,,,,,,,,,,,,,,,,,,,,,,,,,,,,,,,,,,,,,,,,,,,,,,,,,,,,,,,,,,,,,,,,,,,,,,,,,
G04_RD14-0003-36_37_38_39-1;2;2;1-M2d-0.75IP-Q0.8_003.10sec.fsa,vWA,Y,OL,152.74,17,14,163.93,16,15,168.08,190,16,172.1,628,OL,174.61,5,17,176.12,445,18,180.15,759,19,184.24,34,OL,193.69,4,23,200.22,7,24,205.06,8,25,208.47,10,,,,,,,,,,,,,,,,,,,,,,,,,,,,,,,,,,,,,,,,,,,,,,,,,,,,,,,,,,,,,,,,,,,,,,,,,,,,,,,,,,,,,,,,,,,,,,,,,,,,,,,,,,,,,,,,,,,,,,,,,,,,,,,,,,,,,,,,,,,,,,,,,,,,,,,,,,,,,,,,,,,,,,,,,,,,,,,,,,,,,,,,,,,,,,,,,,,,,,,,,,,,,,,,,,,,,,,,,,,,,,,,,,,,,,,,,,,,,,,,,,,,,,,,,,,,,,,,,,,,,,,,
G04_RD14-0003-36_37_38_39-1;2;2;1-M2d-0.75IP-Q0.8_003.10sec.fsa,TPOX,Y,6,220.51,165,7,224.48,23,8,228.47,879,10,236.49,297,11,240.54,182,12,244.67,493,OL,249.77,4,OL,252.43,7,,,,,,,,,,,,,,,,,,,,,,,,,,,,,,,,,,,,,,,,,,,,,,,,,,,,,,,,,,,,,,,,,,,,,,,,,,,,,,,,,,,,,,,,,,,,,,,,,,,,,,,,,,,,,,,,,,,,,,,,,,,,,,,,,,,,,,,,,,,,,,,,,,,,,,,,,,,,,,,,,,,,,,,,,,,,,,,,,,,,,,,,,,,,,,,,,,,,,,,,,,,,,,,,,,,,,,,,,,,,,,,,,,,,,,,,,,,,,,,,,,,,,,,,,,,,,,,,,,,,,,,,,,,,,,,,,,,,
G04_RD14-0003-36_37_38_39-1;2;2;1-M2d-0.75IP-Q0.8_003.10sec.fsa,D18S51,Y,8,264.97,10,OL,272.01,7,OL,276.34,7,13,284.96,95,14,289.02,35,15,292.93,511,16,296.92,89,17,300.96,670,18,304.82,92,OL,309.67,8,20,312.83,53,OL,315.64,5,21,317.61,10,OL,320.16,10,OL,326.91,12,OL,330.93,7,OL,332.74,11,OL,340.8,10,,,,,,,,,,,,,,,,,,,,,,,,,,,,,,,,,,,,,,,,,,,,,,,,,,,,,,,,,,,,,,,,,,,,,,,,,,,,,,,,,,,,,,,,,,,,,,,,,,,,,,,,,,,,,,,,,,,,,,,,,,,,,,,,,,,,,,,,,,,,,,,,,,,,,,,,,,,,,,,,,,,,,,,,,,,,,,,,,,,,,,,,,,,,,,,,,,,,,,,,,,,,,,,,,,,,,,,,,,,,,,,,,,,,,,,,,,,,,,,,,,,,,,
G04_RD14-0003-36_37_38_39-1;2;2;1-M2d-0.75IP-Q0.8_003.10sec.fsa,AMEL,R,X,104.89,1610,Y,110.77,1509,,,,,,,,,,,,,,,,,,,,,,,,,,,,,,,,,,,,,,,,,,,,,,,,,,,,,,,,,,,,,,,,,,,,,,,,,,,,,,,,,,,,,,,,,,,,,,,,,,,,,,,,,,,,,,,,,,,,,,,,,,,,,,,,,,,,,,,,,,,,,,,,,,,,,,,,,,,,,,,,,,,,,,,,,,,,,,,,,,,,,,,,,,,,,,,,,,,,,,,,,,,,,,,,,,,,,,,,,,,,,,,,,,,,,,,,,,,,,,,,,,,,,,,,,,,,,,,,,,,,,,,,,,,,,,,,,,,,,,,,,,,,,,,,,,,,,,
G04_RD14-0003-36_37_38_39-1;2;2;1-M2d-0.75IP-Q0.8_003.10sec.fsa,D5S818,R,6,128.09,8,6,128.98,12,OL,134.31,8,OL,139.58,10,9,140.5,12,10,144.66,235,11,148.76,922,12,152.95,844,13,156.94,414,14,160.86,9,OL,167.08,9,OL,169.95,21,OL,171.24,19,OL,173.89,15,OL,175.04,16,,,,,,,,,,,,,,,,,,,,,,,,,,,,,,,,,,,,,,,,,,,,,,,,,,,,,,,,,,,,,,,,,,,,,,,,,,,,,,,,,,,,,,,,,,,,,,,,,,,,,,,,,,,,,,,,,,,,,,,,,,,,,,,,,,,,,,,,,,,,,,,,,,,,,,,,,,,,,,,,,,,,,,,,,,,,,,,,,,,,,,,,,,,,,,,,,,,,,,,,,,,,,,,,,,,,,,,,,,,,,,,,,,,,,,,,,,,,,,,,,,,,,,,,,,,,,,,
G04_RD14-0003-36_37_38_39-1;2;2;1-M2d-0.75IP-Q0.8_003.10sec.fsa,FGA,R,OL,211.74,10,OL,221.69,15,20,225.15,12,21,229.06,68,22,232.99,969,22.2,235,64,23,237.09,219,24,241.23,184,25,245.35,424,25.2,247.41,10,26,249.32,8,OL,276.8,7,OL,288.72,4,OL,290.23,7,OL,302.88,4,OL,345.11,6,OL,358.8,6,,,,,,,,,,,,,,,,,,,,,,,,,,,,,,,,,,,,,,,,,,,,,,,,,,,,,,,,,,,,,,,,,,,,,,,,,,,,,,,,,,,,,,,,,,,,,,,,,,,,,,,,,,,,,,,,,,,,,,,,,,,,,,,,,,,,,,,,,,,,,,,,,,,,,,,,,,,,,,,,,,,,,,,,,,,,,,,,,,,,,,,,,,,,,,,,,,,,,,,,,,,,,,,,,,,,,,,,,,,,,,,,,,,,,,,,,,,,,,,,,,,,,,,,,
G05_RD14-0003-36_37_38_39-1;2;2;1-M3e-0.09IP-Q1.2_003.10sec.fsa,D8S1179,B,OL,113.79,3,7,117.34,6,10,129.4,59,11,133.47,9,12,137.51,74,OL,138.93,1,OL,139.79,4,13,141.81,70,OL,152.77,2,17,157.93,5,OL,165.02,5,OL,171.14,3,,,,,,,,,,,,,,,,,,,,,,,,,,,,,,,,,,,,,,,,,,,,,,,,,,,,,,,,,,,,,,,,,,,,,,,,,,,,,,,,,,,,,,,,,,,,,,,,,,,,,,,,,,,,,,,,,,,,,,,,,,,,,,,,,,,,,,,,,,,,,,,,,,,,,,,,,,,,,,,,,,,,,,,,,,,,,,,,,,,,,,,,,,,,,,,,,,,,,,,,,,,,,,,,,,,,,,,,,,,,,,,,,,,,,,,,,,,,,,,,,,,,,,,,,,,,,,,,,,,,,,,,
G05_RD14-0003-36_37_38_39-1;2;2;1-M3e-0.09IP-Q1.2_003.10sec.fsa,D21S11,B,23.2,180,8,OL,180.67,6,24.2,184.62,2,OL,185.29,4,25,186.04,5,OL,187.01,4,OL,189.39,4,26,190.81,4,26.2,192.08,5,27,194.55,10,28,198.43,85,29,202.49,36,OL,205.28,2,30,206.46,32,31.2,212.44,34,32.2,216.35,3,OL,238.17,2,,,,,,,,,,,,,,,,,,,,,,,,,,,,,,,,,,,,,,,,,,,,,,,,,,,,,,,,,,,,,,,,,,,,,,,,,,,,,,,,,,,,,,,,,,,,,,,,,,,,,,,,,,,,,,,,,,,,,,,,,,,,,,,,,,,,,,,,,,,,,,,,,,,,,,,,,,,,,,,,,,,,,,,,,,,,,,,,,,,,,,,,,,,,,,,,,,,,,,,,,,,,,,,,,,,,,,,,,,,,,,,,,,,,,,,,,,,,,,,,,,,,,,,,,
G05_RD14-0003-36_37_38_39-1;2;2;1-M3e-0.09IP-Q1.2_003.10sec.fsa,D7S820,B,OL,252.85,4,8,261.91,87,OL,272.96,8,11,273.65,15,OL,274.89,3,,,,,,,,,,,,,,,,,,,,,,,,,,,,,,,,,,,,,,,,,,,,,,,,,,,,,,,,,,,,,,,,,,,,,,,,,,,,,,,,,,,,,,,,,,,,,,,,,,,,,,,,,,,,,,,,,,,,,,,,,,,,,,,,,,,,,,,,,,,,,,,,,,,,,,,,,,,,,,,,,,,,,,,,,,,,,,,,,,,,,,,,,,,,,,,,,,,,,,,,,,,,,,,,,,,,,,,,,,,,,,,,,,,,,,,,,,,,,,,,,,,,,,,,,,,,,,,,,,,,,,,,,,,,,,,,,,,,,,,,,,,,,
G05_RD14-0003-36_37_38_39-1;2;2;1-M3e-0.09IP-Q1.2_003.10sec.fsa,CSF1PO,B,5,299.16,3,OL,299.69,5,OL,300.38,7,9,314.25,5,10,318.58,48,11,322.67,51,12,326.71,17,15,338.41,4,OL,340,4,,,,,,,,,,,,,,,,,,,,,,,,,,,,,,,,,,,,,,,,,,,,,,,,,,,,,,,,,,,,,,,,,,,,,,,,,,,,,,,,,,,,,,,,,,,,,,,,,,,,,,,,,,,,,,,,,,,,,,,,,,,,,,,,,,,,,,,,,,,,,,,,,,,,,,,,,,,,,,,,,,,,,,,,,,,,,,,,,,,,,,,,,,,,,,,,,,,,,,,,,,,,,,,,,,,,,,,,,,,,,,,,,,,,,,,,,,,,,,,,,,,,,,,,,,,,,,,,,,,,,,,,,,,,,,,,,
G05_RD14-0003-36_37_38_39-1;2;2;1-M3e-0.09IP-Q1.2_003.10sec.fsa,D3S1358,G,OL,95.12,6,OL,103.82,7,13,114.48,14,14,118.3,87,15,122.06,51,16,126.06,63,17,130.31,209,20,142.1,6,,,,,,,,,,,,,,,,,,,,,,,,,,,,,,,,,,,,,,,,,,,,,,,,,,,,,,,,,,,,,,,,,,,,,,,,,,,,,,,,,,,,,,,,,,,,,,,,,,,,,,,,,,,,,,,,,,,,,,,,,,,,,,,,,,,,,,,,,,,,,,,,,,,,,,,,,,,,,,,,,,,,,,,,,,,,,,,,,,,,,,,,,,,,,,,,,,,,,,,,,,,,,,,,,,,,,,,,,,,,,,,,,,,,,,,,,,,,,,,,,,,,,,,,,,,,,,,,,,,,,,,,,,,,,,,,,,,,
G05_RD14-0003-36_37_38_39-1;2;2;1-M3e-0.09IP-Q1.2_003.10sec.fsa,TH01,G,OL,158.89,8,6,168.37,120,OL,170.34,6,8,176.48,170,9.3,183.65,115,12,193.2,6,13,197.23,7,13.3,200.15,8,,,,,,,,,,,,,,,,,,,,,,,,,,,,,,,,,,,,,,,,,,,,,,,,,,,,,,,,,,,,,,,,,,,,,,,,,,,,,,,,,,,,,,,,,,,,,,,,,,,,,,,,,,,,,,,,,,,,,,,,,,,,,,,,,,,,,,,,,,,,,,,,,,,,,,,,,,,,,,,,,,,,,,,,,,,,,,,,,,,,,,,,,,,,,,,,,,,,,,,,,,,,,,,,,,,,,,,,,,,,,,,,,,,,,,,,,,,,,,,,,,,,,,,,,,,,,,,,,,,,,,,,,,,,,,,,,,,,
G05_RD14-0003-36_37_38_39-1;2;2;1-M3e-0.09IP-Q1.2_003.10sec.fsa,D13S317,G,OL,209.33,6,9,218.93,25,11,227.2,116,12,231.2,161,16,247.82,5,,,,,,,,,,,,,,,,,,,,,,,,,,,,,,,,,,,,,,,,,,,,,,,,,,,,,,,,,,,,,,,,,,,,,,,,,,,,,,,,,,,,,,,,,,,,,,,,,,,,,,,,,,,,,,,,,,,,,,,,,,,,,,,,,,,,,,,,,,,,,,,,,,,,,,,,,,,,,,,,,,,,,,,,,,,,,,,,,,,,,,,,,,,,,,,,,,,,,,,,,,,,,,,,,,,,,,,,,,,,,,,,,,,,,,,,,,,,,,,,,,,,,,,,,,,,,,,,,,,,,,,,,,,,,,,,,,,,,,,,,,,,,
G05_RD14-0003-36_37_38_39-1;2;2;1-M3e-0.09IP-Q1.2_003.10sec.fsa,D16S539,G,5,251.05,6,OL,252.92,8,6,255.99,5,8,263.67,10,9,267.11,46,10,271.34,9,OL,272.19,6,OL,273.27,8,11,275.04,28,12,279.15,56,13,283.14,74,,,,,,,,,,,,,,,,,,,,,,,,,,,,,,,,,,,,,,,,,,,,,,,,,,,,,,,,,,,,,,,,,,,,,,,,,,,,,,,,,,,,,,,,,,,,,,,,,,,,,,,,,,,,,,,,,,,,,,,,,,,,,,,,,,,,,,,,,,,,,,,,,,,,,,,,,,,,,,,,,,,,,,,,,,,,,,,,,,,,,,,,,,,,,,,,,,,,,,,,,,,,,,,,,,,,,,,,,,,,,,,,,,,,,,,,,,,,,,,,,,,,,,,,,,,,,,,,,,,,,,,,,,,
G05_RD14-0003-36_37_38_39-1;2;2;1-M3e-0.09IP-Q1.2_003.10sec.fsa,D2S1338,G,OL,314.08,6,18,316.57,32,19,320.89,114,OL,338.17,8,26,349.13,9,28,357.05,8,OL,359.92,8,OL,363.08,8,OL,365.43,7,,,,,,,,,,,,,,,,,,,,,,,,,,,,,,,,,,,,,,,,,,,,,,,,,,,,,,,,,,,,,,,,,,,,,,,,,,,,,,,,,,,,,,,,,,,,,,,,,,,,,,,,,,,,,,,,,,,,,,,,,,,,,,,,,,,,,,,,,,,,,,,,,,,,,,,,,,,,,,,,,,,,,,,,,,,,,,,,,,,,,,,,,,,,,,,,,,,,,,,,,,,,,,,,,,,,,,,,,,,,,,,,,,,,,,,,,,,,,,,,,,,,,,,,,,,,,,,,,,,,,,,,,,,,,,,,,
G05_RD14-0003-36_37_38_39-1;2;2;1-M3e-0.09IP-Q1.2_003.10sec.fsa,D19S433,Y,OL,96.65,4,OL,98.53,7,9,99.37,7,OL,100.28,9,10.2,105.86,45,12,111.76,8,13,116.05,108,13.2,117.82,8,14,120,77,14.2,121.99,76,OL,129.05,7,OL,132.98,9,17.2,134.11,6,,,,,,,,,,,,,,,,,,,,,,,,,,,,,,,,,,,,,,,,,,,,,,,,,,,,,,,,,,,,,,,,,,,,,,,,,,,,,,,,,,,,,,,,,,,,,,,,,,,,,,,,,,,,,,,,,,,,,,,,,,,,,,,,,,,,,,,,,,,,,,,,,,,,,,,,,,,,,,,,,,,,,,,,,,,,,,,,,,,,,,,,,,,,,,,,,,,,,,,,,,,,,,,,,,,,,,,,,,,,,,,,,,,,,,,,,,,,,,,,,,,,,,,,,,,,,,,,,,,,,
G05_RD14-0003-36_37_38_39-1;2;2;1-M3e-0.09IP-Q1.2_003.10sec.fsa,vWA,Y,OL,149.62,5,OL,152.7,6,OL,153.29,11,14,164.36,9,15,167.93,18,16,172.02,33,18,180.15,72,20,187.98,10,OL,203.37,8,,,,,,,,,,,,,,,,,,,,,,,,,,,,,,,,,,,,,,,,,,,,,,,,,,,,,,,,,,,,,,,,,,,,,,,,,,,,,,,,,,,,,,,,,,,,,,,,,,,,,,,,,,,,,,,,,,,,,,,,,,,,,,,,,,,,,,,,,,,,,,,,,,,,,,,,,,,,,,,,,,,,,,,,,,,,,,,,,,,,,,,,,,,,,,,,,,,,,,,,,,,,,,,,,,,,,,,,,,,,,,,,,,,,,,,,,,,,,,,,,,,,,,,,,,,,,,,,,,,,,,,,,,,,,,,,,
G05_RD14-0003-36_37_38_39-1;2;2;1-M3e-0.09IP-Q1.2_003.10sec.fsa,TPOX,Y,OL,213.93,9,6,220.45,36,8,228.56,36,10,236.43,62,12,244.78,50,OL,250.53,10,OL,255.46,9,,,,,,,,,,,,,,,,,,,,,,,,,,,,,,,,,,,,,,,,,,,,,,,,,,,,,,,,,,,,,,,,,,,,,,,,,,,,,,,,,,,,,,,,,,,,,,,,,,,,,,,,,,,,,,,,,,,,,,,,,,,,,,,,,,,,,,,,,,,,,,,,,,,,,,,,,,,,,,,,,,,,,,,,,,,,,,,,,,,,,,,,,,,,,,,,,,,,,,,,,,,,,,,,,,,,,,,,,,,,,,,,,,,,,,,,,,,,,,,,,,,,,,,,,,,,,,,,,,,,,,,,,,,,,,,,,,,,,,,
G05_RD14-0003-36_37_38_39-1;2;2;1-M3e-0.09IP-Q1.2_003.10sec.fsa,D18S51,Y,OL,267.11,9,9,268.8,8,9.2,271.11,8,OL,273.73,8,13,285.36,7,15,292.87,35,OL,298.23,5,OL,300.15,12,17,300.75,10,OL,304.17,7,20,313.05,20,22.2,323.89,5,OL,342.36,6,OL,344.64,4,,,,,,,,,,,,,,,,,,,,,,,,,,,,,,,,,,,,,,,,,,,,,,,,,,,,,,,,,,,,,,,,,,,,,,,,,,,,,,,,,,,,,,,,,,,,,,,,,,,,,,,,,,,,,,,,,,,,,,,,,,,,,,,,,,,,,,,,,,,,,,,,,,,,,,,,,,,,,,,,,,,,,,,,,,,,,,,,,,,,,,,,,,,,,,,,,,,,,,,,,,,,,,,,,,,,,,,,,,,,,,,,,,,,,,,,,,,,,,,,,,,,,,,,,,,,,,,,,,
G05_RD14-0003-36_37_38_39-1;2;2;1-M3e-0.09IP-Q1.2_003.10sec.fsa,AMEL,R,X,104.81,137,OL,106.5,13,OL,108.47,3,OL,109.38,7,Y,110.71,74,,,,,,,,,,,,,,,,,,,,,,,,,,,,,,,,,,,,,,,,,,,,,,,,,,,,,,,,,,,,,,,,,,,,,,,,,,,,,,,,,,,,,,,,,,,,,,,,,,,,,,,,,,,,,,,,,,,,,,,,,,,,,,,,,,,,,,,,,,,,,,,,,,,,,,,,,,,,,,,,,,,,,,,,,,,,,,,,,,,,,,,,,,,,,,,,,,,,,,,,,,,,,,,,,,,,,,,,,,,,,,,,,,,,,,,,,,,,,,,,,,,,,,,,,,,,,,,,,,,,,,,,,,,,,,,,,,,,,,,,,,,,,
G05_RD14-0003-36_37_38_39-1;2;2;1-M3e-0.09IP-Q1.2_003.10sec.fsa,D5S818,R,OL,137.58,10,OL,142.47,5,10,144.65,62,OL,145.96,6,11,148.81,88,OL,150.79,8,12,152.92,67,13,156.9,38,16,169.61,9,17,172.83,7,,,,,,,,,,,,,,,,,,,,,,,,,,,,,,,,,,,,,,,,,,,,,,,,,,,,,,,,,,,,,,,,,,,,,,,,,,,,,,,,,,,,,,,,,,,,,,,,,,,,,,,,,,,,,,,,,,,,,,,,,,,,,,,,,,,,,,,,,,,,,,,,,,,,,,,,,,,,,,,,,,,,,,,,,,,,,,,,,,,,,,,,,,,,,,,,,,,,,,,,,,,,,,,,,,,,,,,,,,,,,,,,,,,,,,,,,,,,,,,,,,,,,,,,,,,,,,,,,,,,,,,,,,,,,,
G05_RD14-0003-36_37_38_39-1;2;2;1-M3e-0.09IP-Q1.2_003.10sec.fsa,FGA,R,16.2,210.52,9,OL,216.05,6,OL,219.54,6,19,220.97,8,22,233.09,60,22.2,235.14,16,24,241.26,18,27,253.45,10,OL,254.27,7,27.2,255.17,6,OL,278.76,7,OL,282.52,7,OL,284.29,8,OL,286.89,4,OL,290.57,6,OL,297.77,4,OL,299.62,10,OL,307.02,11,OL,309.58,5,OL,314.66,8,OL,320.81,11,OL,322.03,11,OL,339.44,7,OL,350.03,6,,,,,,,,,,,,,,,,,,,,,,,,,,,,,,,,,,,,,,,,,,,,,,,,,,,,,,,,,,,,,,,,,,,,,,,,,,,,,,,,,,,,,,,,,,,,,,,,,,,,,,,,,,,,,,,,,,,,,,,,,,,,,,,,,,,,,,,,,,,,,,,,,,,,,,,,,,,,,,,,,,,,,,,,,,,,,,,,,,,,,,,,,,,,,,,,,,,,,,,,,,,,,,,,,,,,,,,,,,,,,,,,,,,,
H01_RD14-0003-40_41_42_43-1;1;1;1-M4d-0.124IP-Q1.7_004.10sec.fsa,D8S1179,B,7,117.04,7,7,117.62,4,OL,118.85,4,OL,122.49,2,10,129.28,4,11,133.4,50,12,137.49,65,13,141.63,171,14,145.9,106,15,150.04,22,16,154.03,2,OL,155.99,2,OL,157.32,2,17,158.11,3,18,162,2,19,166.63,3,OL,176.83,1,,,,,,,,,,,,,,,,,,,,,,,,,,,,,,,,,,,,,,,,,,,,,,,,,,,,,,,,,,,,,,,,,,,,,,,,,,,,,,,,,,,,,,,,,,,,,,,,,,,,,,,,,,,,,,,,,,,,,,,,,,,,,,,,,,,,,,,,,,,,,,,,,,,,,,,,,,,,,,,,,,,,,,,,,,,,,,,,,,,,,,,,,,,,,,,,,,,,,,,,,,,,,,,,,,,,,,,,,,,,,,,,,,,,,,,,,,,,,,,,,,,,,,,,,
H01_RD14-0003-40_41_42_43-1;1;1;1-M4d-0.124IP-Q1.7_004.10sec.fsa,D21S11,B,23.2,179.85,4,27,194.47,41,OL,197.23,2,28,198.5,45,OL,199.84,3,29,202.54,133,29.2,204.7,2,30,206.55,65,30.2,208.33,2,31,210.5,59,OL,213.84,4,35,226.84,20,OL,231.33,2,OL,232.2,2,,,,,,,,,,,,,,,,,,,,,,,,,,,,,,,,,,,,,,,,,,,,,,,,,,,,,,,,,,,,,,,,,,,,,,,,,,,,,,,,,,,,,,,,,,,,,,,,,,,,,,,,,,,,,,,,,,,,,,,,,,,,,,,,,,,,,,,,,,,,,,,,,,,,,,,,,,,,,,,,,,,,,,,,,,,,,,,,,,,,,,,,,,,,,,,,,,,,,,,,,,,,,,,,,,,,,,,,,,,,,,,,,,,,,,,,,,,,,,,,,,,,,,,,,,,,,,,,,,
H01_RD14-0003-40_41_42_43-1;1;1;1-M4d-0.124IP-Q1.7_004.10sec.fsa,D7S820,B,OL,250.93,2,OL,252.88,3,OL,258.53,3,8,261.9,34,10,270.01,3,11,273.92,69,,,,,,,,,,,,,,,,,,,,,,,,,,,,,,,,,,,,,,,,,,,,,,,,,,,,,,,,,,,,,,,,,,,,,,,,,,,,,,,,,,,,,,,,,,,,,,,,,,,,,,,,,,,,,,,,,,,,,,,,,,,,,,,,,,,,,,,,,,,,,,,,,,,,,,,,,,,,,,,,,,,,,,,,,,,,,,,,,,,,,,,,,,,,,,,,,,,,,,,,,,,,,,,,,,,,,,,,,,,,,,,,,,,,,,,,,,,,,,,,,,,,,,,,,,,,,,,,,,,,,,,,,,,,,,,,,,,,,,,,,,
H01_RD14-0003-40_41_42_43-1;1;1;1-M4d-0.124IP-Q1.7_004.10sec.fsa,CSF1PO,B,7,307.09,2,OL,307.73,1,8,310.52,12,9,314.09,4,10,318.71,34,11,322.65,4,12,326.85,110,OL,329.3,2,OL,332.89,2,OL,339.84,2,,,,,,,,,,,,,,,,,,,,,,,,,,,,,,,,,,,,,,,,,,,,,,,,,,,,,,,,,,,,,,,,,,,,,,,,,,,,,,,,,,,,,,,,,,,,,,,,,,,,,,,,,,,,,,,,,,,,,,,,,,,,,,,,,,,,,,,,,,,,,,,,,,,,,,,,,,,,,,,,,,,,,,,,,,,,,,,,,,,,,,,,,,,,,,,,,,,,,,,,,,,,,,,,,,,,,,,,,,,,,,,,,,,,,,,,,,,,,,,,,,,,,,,,,,,,,,,,,,,,,,,,,,,,,,
H01_RD14-0003-40_41_42_43-1;1;1;1-M4d-0.124IP-Q1.7_004.10sec.fsa,D3S1358,G,OL,94.26,4,OL,100.53,4,OL,102.73,3,13,114,10,14,118.12,20,15,122.12,257,15.2,124.17,2,16,126.09,172,17,130.25,377,18.2,136.73,2,,,,,,,,,,,,,,,,,,,,,,,,,,,,,,,,,,,,,,,,,,,,,,,,,,,,,,,,,,,,,,,,,,,,,,,,,,,,,,,,,,,,,,,,,,,,,,,,,,,,,,,,,,,,,,,,,,,,,,,,,,,,,,,,,,,,,,,,,,,,,,,,,,,,,,,,,,,,,,,,,,,,,,,,,,,,,,,,,,,,,,,,,,,,,,,,,,,,,,,,,,,,,,,,,,,,,,,,,,,,,,,,,,,,,,,,,,,,,,,,,,,,,,,,,,,,,,,,,,,,,,,,,,,,,,
H01_RD14-0003-40_41_42_43-1;1;1;1-M4d-0.124IP-Q1.7_004.10sec.fsa,TH01,G,OL,154.58,3,6,168.4,9,6.3,171.03,2,7,172.5,339,7.3,175.2,3,8,176.52,182,OL,182.37,4,9.3,183.72,111,OL,191.39,6,,,,,,,,,,,,,,,,,,,,,,,,,,,,,,,,,,,,,,,,,,,,,,,,,,,,,,,,,,,,,,,,,,,,,,,,,,,,,,,,,,,,,,,,,,,,,,,,,,,,,,,,,,,,,,,,,,,,,,,,,,,,,,,,,,,,,,,,,,,,,,,,,,,,,,,,,,,,,,,,,,,,,,,,,,,,,,,,,,,,,,,,,,,,,,,,,,,,,,,,,,,,,,,,,,,,,,,,,,,,,,,,,,,,,,,,,,,,,,,,,,,,,,,,,,,,,,,,,,,,,,,,,,,,,,,,,
H01_RD14-0003-40_41_42_43-1;1;1;1-M4d-0.124IP-Q1.7_004.10sec.fsa,D13S317,G,11,227.24,47,12,231.25,170,13,235.27,76,16,247.11,3,,,,,,,,,,,,,,,,,,,,,,,,,,,,,,,,,,,,,,,,,,,,,,,,,,,,,,,,,,,,,,,,,,,,,,,,,,,,,,,,,,,,,,,,,,,,,,,,,,,,,,,,,,,,,,,,,,,,,,,,,,,,,,,,,,,,,,,,,,,,,,,,,,,,,,,,,,,,,,,,,,,,,,,,,,,,,,,,,,,,,,,,,,,,,,,,,,,,,,,,,,,,,,,,,,,,,,,,,,,,,,,,,,,,,,,,,,,,,,,,,,,,,,,,,,,,,,,,,,,,,,,,,,,,,,,,,,,,,,,,,,,,,,,,
H01_RD14-0003-40_41_42_43-1;1;1;1-M4d-0.124IP-Q1.7_004.10sec.fsa,D16S539,G,OL,254.9,3,OL,257.22,2,OL,258.22,4,OL,260.48,3,OL,261.03,3,9,267.14,23,10,271.2,35,11,275.2,55,12,279.2,42,OL,280.71,1,13,283.08,45,14,287.33,4,,,,,,,,,,,,,,,,,,,,,,,,,,,,,,,,,,,,,,,,,,,,,,,,,,,,,,,,,,,,,,,,,,,,,,,,,,,,,,,,,,,,,,,,,,,,,,,,,,,,,,,,,,,,,,,,,,,,,,,,,,,,,,,,,,,,,,,,,,,,,,,,,,,,,,,,,,,,,,,,,,,,,,,,,,,,,,,,,,,,,,,,,,,,,,,,,,,,,,,,,,,,,,,,,,,,,,,,,,,,,,,,,,,,,,,,,,,,,,,,,,,,,,,,,,,,,,,,,,,,,,,,
H01_RD14-0003-40_41_42_43-1;1;1;1-M4d-0.124IP-Q1.7_004.10sec.fsa,D2S1338,G,OL,301.46,1,OL,303.87,2,OL,311.65,4,OL,313.92,2,18,316.56,8,19,320.91,97,OL,323.31,3,20,325.04,94,21,328.98,10,22,333.05,112,OL,334.67,3,23,337.02,21,OL,339.2,4,24,341.4,4,OL,343.06,1,OL,350.49,3,OL,354.71,3,28,357.02,3,,,,,,,,,,,,,,,,,,,,,,,,,,,,,,,,,,,,,,,,,,,,,,,,,,,,,,,,,,,,,,,,,,,,,,,,,,,,,,,,,,,,,,,,,,,,,,,,,,,,,,,,,,,,,,,,,,,,,,,,,,,,,,,,,,,,,,,,,,,,,,,,,,,,,,,,,,,,,,,,,,,,,,,,,,,,,,,,,,,,,,,,,,,,,,,,,,,,,,,,,,,,,,,,,,,,,,,,,,,,,,,,,,,,,,,,,,,,,,,,,,,,,,
H01_RD14-0003-40_41_42_43-1;1;1;1-M4d-0.124IP-Q1.7_004.10sec.fsa,D19S433,Y,10,103.87,16,OL,105.15,5,11,108.02,99,12.2,113.78,5,13,116.1,172,14,120,164,14.2,121.97,99,OL,123.22,2,15.2,125.87,21,16.2,129.96,171,,,,,,,,,,,,,,,,,,,,,,,,,,,,,,,,,,,,,,,,,,,,,,,,,,,,,,,,,,,,,,,,,,,,,,,,,,,,,,,,,,,,,,,,,,,,,,,,,,,,,,,,,,,,,,,,,,,,,,,,,,,,,,,,,,,,,,,,,,,,,,,,,,,,,,,,,,,,,,,,,,,,,,,,,,,,,,,,,,,,,,,,,,,,,,,,,,,,,,,,,,,,,,,,,,,,,,,,,,,,,,,,,,,,,,,,,,,,,,,,,,,,,,,,,,,,,,,,,,,,,,,,,,,,,,
H01_RD14-0003-40_41_42_43-1;1;1;1-M4d-0.124IP-Q1.7_004.10sec.fsa,vWA,Y,13,159.92,38,OL,161.08,5,15,168.48,6,16,172.11,28,OL,173.11,3,17,176.13,143,18,180.16,63,OL,190.91,8,22,196.76,5,OL,202.85,7,,,,,,,,,,,,,,,,,,,,,,,,,,,,,,,,,,,,,,,,,,,,,,,,,,,,,,,,,,,,,,,,,,,,,,,,,,,,,,,,,,,,,,,,,,,,,,,,,,,,,,,,,,,,,,,,,,,,,,,,,,,,,,,,,,,,,,,,,,,,,,,,,,,,,,,,,,,,,,,,,,,,,,,,,,,,,,,,,,,,,,,,,,,,,,,,,,,,,,,,,,,,,,,,,,,,,,,,,,,,,,,,,,,,,,,,,,,,,,,,,,,,,,,,,,,,,,,,,,,,,,,,,,,,,,
H01_RD14-0003-40_41_42_43-1;1;1;1-M4d-0.124IP-Q1.7_004.10sec.fsa,TPOX,Y,OL,221.41,6,7,224.25,7,OL,226.84,6,8,228.57,224,11,240.65,21,12,244.77,64,OL,247.51,7,,,,,,,,,,,,,,,,,,,,,,,,,,,,,,,,,,,,,,,,,,,,,,,,,,,,,,,,,,,,,,,,,,,,,,,,,,,,,,,,,,,,,,,,,,,,,,,,,,,,,,,,,,,,,,,,,,,,,,,,,,,,,,,,,,,,,,,,,,,,,,,,,,,,,,,,,,,,,,,,,,,,,,,,,,,,,,,,,,,,,,,,,,,,,,,,,,,,,,,,,,,,,,,,,,,,,,,,,,,,,,,,,,,,,,,,,,,,,,,,,,,,,,,,,,,,,,,,,,,,,,,,,,,,,,,,,,,,,,,
H01_RD14-0003-40_41_42_43-1;1;1;1-M4d-0.124IP-Q1.7_004.10sec.fsa,D18S51,Y,OL,272.16,5,OL,275.52,5,11.2,278.64,5,13,284.97,96,OL,288.04,4,14,289.3,5,15,292.68,17,16,296.85,8,17,300.77,35,18,304.73,71,19,308.84,129,OL,312.05,6,20.2,315.28,5,OL,331.83,5,OL,334.51,3,OL,336.78,9,,,,,,,,,,,,,,,,,,,,,,,,,,,,,,,,,,,,,,,,,,,,,,,,,,,,,,,,,,,,,,,,,,,,,,,,,,,,,,,,,,,,,,,,,,,,,,,,,,,,,,,,,,,,,,,,,,,,,,,,,,,,,,,,,,,,,,,,,,,,,,,,,,,,,,,,,,,,,,,,,,,,,,,,,,,,,,,,,,,,,,,,,,,,,,,,,,,,,,,,,,,,,,,,,,,,,,,,,,,,,,,,,,,,,,,,,,,,,,,,,,,,,,,,,,,,
H01_RD14-0003-40_41_42_43-1;1;1;1-M4d-0.124IP-Q1.7_004.10sec.fsa,AMEL,R,X,104.85,300,Y,110.79,178,,,,,,,,,,,,,,,,,,,,,,,,,,,,,,,,,,,,,,,,,,,,,,,,,,,,,,,,,,,,,,,,,,,,,,,,,,,,,,,,,,,,,,,,,,,,,,,,,,,,,,,,,,,,,,,,,,,,,,,,,,,,,,,,,,,,,,,,,,,,,,,,,,,,,,,,,,,,,,,,,,,,,,,,,,,,,,,,,,,,,,,,,,,,,,,,,,,,,,,,,,,,,,,,,,,,,,,,,,,,,,,,,,,,,,,,,,,,,,,,,,,,,,,,,,,,,,,,,,,,,,,,,,,,,,,,,,,,,,,,,,,,,,,,,,,,,,
H01_RD14-0003-40_41_42_43-1;1;1;1-M4d-0.124IP-Q1.7_004.10sec.fsa,D5S818,R,OL,127.57,6,OL,133.48,5,10,144.58,42,11,148.79,123,12,152.85,103,13,157.01,86,15,165.09,7,OL,175.28,8,OL,176.9,7,,,,,,,,,,,,,,,,,,,,,,,,,,,,,,,,,,,,,,,,,,,,,,,,,,,,,,,,,,,,,,,,,,,,,,,,,,,,,,,,,,,,,,,,,,,,,,,,,,,,,,,,,,,,,,,,,,,,,,,,,,,,,,,,,,,,,,,,,,,,,,,,,,,,,,,,,,,,,,,,,,,,,,,,,,,,,,,,,,,,,,,,,,,,,,,,,,,,,,,,,,,,,,,,,,,,,,,,,,,,,,,,,,,,,,,,,,,,,,,,,,,,,,,,,,,,,,,,,,,,,,,,,,,,,,,,,
H01_RD14-0003-40_41_42_43-1;1;1;1-M4d-0.124IP-Q1.7_004.10sec.fsa,FGA,R,19,221.1,7,20,224.95,81,21,229.05,75,22,233.06,66,26,249.52,21,27,253.5,57,28,257.37,33,28.2,259.23,6,OL,260.87,7,OL,278,6,OL,281.03,7,OL,308.92,9,OL,334.19,8,OL,335.4,8,47.2,335.89,7,OL,338.07,7,OL,339.84,5,OL,342.39,6,OL,357.52,5,,,,,,,,,,,,,,,,,,,,,,,,,,,,,,,,,,,,,,,,,,,,,,,,,,,,,,,,,,,,,,,,,,,,,,,,,,,,,,,,,,,,,,,,,,,,,,,,,,,,,,,,,,,,,,,,,,,,,,,,,,,,,,,,,,,,,,,,,,,,,,,,,,,,,,,,,,,,,,,,,,,,,,,,,,,,,,,,,,,,,,,,,,,,,,,,,,,,,,,,,,,,,,,,,,,,,,,,,,,,,,,,,,,,,,,,,,,,,,,,,,,
H02_RD14-0003-44_45_46_47-1;1;4;1-M3a-0.217IP-Q0.8_004.10sec.fsa,D8S1179,B,7,117.2,5,OL,117.94,7,OL,118.4,6,OL,119.93,2,8,121.87,3,9,125.43,8,10,129.48,158,11,133.49,188,12,137.8,17,OL,138.69,3,13,141.82,320,14,145.81,666,15,150.1,139,16,154.48,2,OL,156.1,2,18,162.16,3,OL,165.16,3,OL,165.72,3,OL,173.48,3,,,,,,,,,,,,,,,,,,,,,,,,,,,,,,,,,,,,,,,,,,,,,,,,,,,,,,,,,,,,,,,,,,,,,,,,,,,,,,,,,,,,,,,,,,,,,,,,,,,,,,,,,,,,,,,,,,,,,,,,,,,,,,,,,,,,,,,,,,,,,,,,,,,,,,,,,,,,,,,,,,,,,,,,,,,,,,,,,,,,,,,,,,,,,,,,,,,,,,,,,,,,,,,,,,,,,,,,,,,,,,,,,,,,,,,,,,,,,,,,,,,
H02_RD14-0003-44_45_46_47-1;1;4;1-M3a-0.217IP-Q0.8_004.10sec.fsa,D21S11,B,25.2,188.05,3,26,190.12,6,27,194.38,108,28,198.51,198,30,206.45,22,31,210.42,289,31.2,212.46,10,32.2,216.45,156,33.2,220.36,3,35,227,4,36,231.09,6,OL,236.11,2,,,,,,,,,,,,,,,,,,,,,,,,,,,,,,,,,,,,,,,,,,,,,,,,,,,,,,,,,,,,,,,,,,,,,,,,,,,,,,,,,,,,,,,,,,,,,,,,,,,,,,,,,,,,,,,,,,,,,,,,,,,,,,,,,,,,,,,,,,,,,,,,,,,,,,,,,,,,,,,,,,,,,,,,,,,,,,,,,,,,,,,,,,,,,,,,,,,,,,,,,,,,,,,,,,,,,,,,,,,,,,,,,,,,,,,,,,,,,,,,,,,,,,,,,,,,,,,,,,,,,,,,
H02_RD14-0003-44_45_46_47-1;1;4;1-M3a-0.217IP-Q0.8_004.10sec.fsa,D7S820,B,OL,248.39,3,8,261.88,78,9,265.86,353,10,269.92,118,11,273.86,12,OL,275.17,4,12,277.95,294,14,285.96,3,,,,,,,,,,,,,,,,,,,,,,,,,,,,,,,,,,,,,,,,,,,,,,,,,,,,,,,,,,,,,,,,,,,,,,,,,,,,,,,,,,,,,,,,,,,,,,,,,,,,,,,,,,,,,,,,,,,,,,,,,,,,,,,,,,,,,,,,,,,,,,,,,,,,,,,,,,,,,,,,,,,,,,,,,,,,,,,,,,,,,,,,,,,,,,,,,,,,,,,,,,,,,,,,,,,,,,,,,,,,,,,,,,,,,,,,,,,,,,,,,,,,,,,,,,,,,,,,,,,,,,,,,,,,,,,,,,,,
H02_RD14-0003-44_45_46_47-1;1;4;1-M3a-0.217IP-Q0.8_004.10sec.fsa,CSF1PO,B,6,302.35,2,7,306.75,2,8,310.35,4,9,314.31,13,10,318.65,245,10.2,320.92,4,11,322.76,464,12,326.82,246,13,330.62,2,OL,331.84,2,OL,335.55,2,OL,338.19,1,OL,339.92,4,OL,344.85,6,,,,,,,,,,,,,,,,,,,,,,,,,,,,,,,,,,,,,,,,,,,,,,,,,,,,,,,,,,,,,,,,,,,,,,,,,,,,,,,,,,,,,,,,,,,,,,,,,,,,,,,,,,,,,,,,,,,,,,,,,,,,,,,,,,,,,,,,,,,,,,,,,,,,,,,,,,,,,,,,,,,,,,,,,,,,,,,,,,,,,,,,,,,,,,,,,,,,,,,,,,,,,,,,,,,,,,,,,,,,,,,,,,,,,,,,,,,,,,,,,,,,,,,,,,,,,,,,,,
H02_RD14-0003-44_45_46_47-1;1;4;1-M3a-0.217IP-Q0.8_004.10sec.fsa,D3S1358,G,12,110.18,5,13,114.27,54,14,118.27,887,OL,120.27,1,15,122.21,630,16,126.1,10,17,130.09,89,18,133.9,4,OL,139.59,3,OL,140.77,7,20,142.52,5,,,,,,,,,,,,,,,,,,,,,,,,,,,,,,,,,,,,,,,,,,,,,,,,,,,,,,,,,,,,,,,,,,,,,,,,,,,,,,,,,,,,,,,,,,,,,,,,,,,,,,,,,,,,,,,,,,,,,,,,,,,,,,,,,,,,,,,,,,,,,,,,,,,,,,,,,,,,,,,,,,,,,,,,,,,,,,,,,,,,,,,,,,,,,,,,,,,,,,,,,,,,,,,,,,,,,,,,,,,,,,,,,,,,,,,,,,,,,,,,,,,,,,,,,,,,,,,,,,,,,,,,,,,
H02_RD14-0003-44_45_46_47-1;1;4;1-M3a-0.217IP-Q0.8_004.10sec.fsa,TH01,G,OL,161.26,3,5,164.26,12,6,168.31,321,7,172.37,635,8,176.5,26,9,180.5,942,9.3,183.64,100,OL,191.47,3,OL,199.5,6,,,,,,,,,,,,,,,,,,,,,,,,,,,,,,,,,,,,,,,,,,,,,,,,,,,,,,,,,,,,,,,,,,,,,,,,,,,,,,,,,,,,,,,,,,,,,,,,,,,,,,,,,,,,,,,,,,,,,,,,,,,,,,,,,,,,,,,,,,,,,,,,,,,,,,,,,,,,,,,,,,,,,,,,,,,,,,,,,,,,,,,,,,,,,,,,,,,,,,,,,,,,,,,,,,,,,,,,,,,,,,,,,,,,,,,,,,,,,,,,,,,,,,,,,,,,,,,,,,,,,,,,,,,,,,,,,
H02_RD14-0003-44_45_46_47-1;1;4;1-M3a-0.217IP-Q0.8_004.10sec.fsa,D13S317,G,OL,208.68,5,OL,212.46,2,8,215.01,115,OL,218.33,3,OL,220.43,4,OL,221.28,3,OL,222.14,4,10,223.28,6,11,227.22,36,12,231.23,670,13,235.32,170,OL,241.55,4,,,,,,,,,,,,,,,,,,,,,,,,,,,,,,,,,,,,,,,,,,,,,,,,,,,,,,,,,,,,,,,,,,,,,,,,,,,,,,,,,,,,,,,,,,,,,,,,,,,,,,,,,,,,,,,,,,,,,,,,,,,,,,,,,,,,,,,,,,,,,,,,,,,,,,,,,,,,,,,,,,,,,,,,,,,,,,,,,,,,,,,,,,,,,,,,,,,,,,,,,,,,,,,,,,,,,,,,,,,,,,,,,,,,,,,,,,,,,,,,,,,,,,,,,,,,,,,,,,,,,,,,
H02_RD14-0003-44_45_46_47-1;1;4;1-M3a-0.217IP-Q0.8_004.10sec.fsa,D16S539,G,8,263.47,4,9,267.09,16,10,271.16,379,11,275.17,447,12,279.12,867,OL,281.74,2,OL,284.58,1,OL,287.63,3,OL,289.52,2,,,,,,,,,,,,,,,,,,,,,,,,,,,,,,,,,,,,,,,,,,,,,,,,,,,,,,,,,,,,,,,,,,,,,,,,,,,,,,,,,,,,,,,,,,,,,,,,,,,,,,,,,,,,,,,,,,,,,,,,,,,,,,,,,,,,,,,,,,,,,,,,,,,,,,,,,,,,,,,,,,,,,,,,,,,,,,,,,,,,,,,,,,,,,,,,,,,,,,,,,,,,,,,,,,,,,,,,,,,,,,,,,,,,,,,,,,,,,,,,,,,,,,,,,,,,,,,,,,,,,,,,,,,,,,,,,
H02_RD14-0003-44_45_46_47-1;1;4;1-M3a-0.217IP-Q0.8_004.10sec.fsa,D2S1338,G,15,304.65,10,16,308.58,146,18,316.67,14,19,320.85,206,20,324.91,5,23,336.99,96,24,340.92,277,25,345.01,873,OL,362.07,4,,,,,,,,,,,,,,,,,,,,,,,,,,,,,,,,,,,,,,,,,,,,,,,,,,,,,,,,,,,,,,,,,,,,,,,,,,,,,,,,,,,,,,,,,,,,,,,,,,,,,,,,,,,,,,,,,,,,,,,,,,,,,,,,,,,,,,,,,,,,,,,,,,,,,,,,,,,,,,,,,,,,,,,,,,,,,,,,,,,,,,,,,,,,,,,,,,,,,,,,,,,,,,,,,,,,,,,,,,,,,,,,,,,,,,,,,,,,,,,,,,,,,,,,,,,,,,,,,,,,,,,,,,,,,,,,,
H02_RD14-0003-44_45_46_47-1;1;4;1-M3a-0.217IP-Q0.8_004.10sec.fsa,D19S433,Y,OL,97.4,7,9,99.73,16,10,103.8,246,11,107.92,100,12,112.02,31,13,116,515,14,119.93,85,14.2,121.94,36,15,123.88,109,18.2,137.87,9,OL,141.89,4,,,,,,,,,,,,,,,,,,,,,,,,,,,,,,,,,,,,,,,,,,,,,,,,,,,,,,,,,,,,,,,,,,,,,,,,,,,,,,,,,,,,,,,,,,,,,,,,,,,,,,,,,,,,,,,,,,,,,,,,,,,,,,,,,,,,,,,,,,,,,,,,,,,,,,,,,,,,,,,,,,,,,,,,,,,,,,,,,,,,,,,,,,,,,,,,,,,,,,,,,,,,,,,,,,,,,,,,,,,,,,,,,,,,,,,,,,,,,,,,,,,,,,,,,,,,,,,,,,,,,,,,,,,
H02_RD14-0003-44_45_46_47-1;1;4;1-M3a-0.217IP-Q0.8_004.10sec.fsa,vWA,Y,OL,150.67,6,13,159.86,105,OL,165.16,6,15,167.96,50,16,172.02,633,17,176.15,12,OL,179.02,7,18,180.21,142,OL,207.91,7,,,,,,,,,,,,,,,,,,,,,,,,,,,,,,,,,,,,,,,,,,,,,,,,,,,,,,,,,,,,,,,,,,,,,,,,,,,,,,,,,,,,,,,,,,,,,,,,,,,,,,,,,,,,,,,,,,,,,,,,,,,,,,,,,,,,,,,,,,,,,,,,,,,,,,,,,,,,,,,,,,,,,,,,,,,,,,,,,,,,,,,,,,,,,,,,,,,,,,,,,,,,,,,,,,,,,,,,,,,,,,,,,,,,,,,,,,,,,,,,,,,,,,,,,,,,,,,,,,,,,,,,,,,,,,,,,
H02_RD14-0003-44_45_46_47-1;1;4;1-M3a-0.217IP-Q0.8_004.10sec.fsa,TPOX,Y,OL,214,8,OL,219.06,5,OL,219.64,5,7,224.57,22,8,228.5,811,9,232.74,10,10,236.54,87,11,240.59,193,OL,244.2,4,OL,249.56,8,OL,250.71,6,,,,,,,,,,,,,,,,,,,,,,,,,,,,,,,,,,,,,,,,,,,,,,,,,,,,,,,,,,,,,,,,,,,,,,,,,,,,,,,,,,,,,,,,,,,,,,,,,,,,,,,,,,,,,,,,,,,,,,,,,,,,,,,,,,,,,,,,,,,,,,,,,,,,,,,,,,,,,,,,,,,,,,,,,,,,,,,,,,,,,,,,,,,,,,,,,,,,,,,,,,,,,,,,,,,,,,,,,,,,,,,,,,,,,,,,,,,,,,,,,,,,,,,,,,,,,,,,,,,,,,,,,,,
H02_RD14-0003-44_45_46_47-1;1;4;1-M3a-0.217IP-Q0.8_004.10sec.fsa,D18S51,Y,OL,262.82,4,OL,267.6,6,11.2,279.05,10,12,280.87,206,13,284.87,443,14,288.87,97,15,292.87,63,16,296.87,49,16.2,299.05,4,17,300.85,91,18,304.87,184,OL,312.28,5,OL,317.7,2,23,325.14,7,OL,333.05,8,25,333.58,6,,,,,,,,,,,,,,,,,,,,,,,,,,,,,,,,,,,,,,,,,,,,,,,,,,,,,,,,,,,,,,,,,,,,,,,,,,,,,,,,,,,,,,,,,,,,,,,,,,,,,,,,,,,,,,,,,,,,,,,,,,,,,,,,,,,,,,,,,,,,,,,,,,,,,,,,,,,,,,,,,,,,,,,,,,,,,,,,,,,,,,,,,,,,,,,,,,,,,,,,,,,,,,,,,,,,,,,,,,,,,,,,,,,,,,,,,,,,,,,,,,,,,,,,,,,,
H02_RD14-0003-44_45_46_47-1;1;4;1-M3a-0.217IP-Q0.8_004.10sec.fsa,AMEL,R,X,104.83,413,Y,110.73,527,,,,,,,,,,,,,,,,,,,,,,,,,,,,,,,,,,,,,,,,,,,,,,,,,,,,,,,,,,,,,,,,,,,,,,,,,,,,,,,,,,,,,,,,,,,,,,,,,,,,,,,,,,,,,,,,,,,,,,,,,,,,,,,,,,,,,,,,,,,,,,,,,,,,,,,,,,,,,,,,,,,,,,,,,,,,,,,,,,,,,,,,,,,,,,,,,,,,,,,,,,,,,,,,,,,,,,,,,,,,,,,,,,,,,,,,,,,,,,,,,,,,,,,,,,,,,,,,,,,,,,,,,,,,,,,,,,,,,,,,,,,,,,,,,,,,,,
H02_RD14-0003-44_45_46_47-1;1;4;1-M3a-0.217IP-Q0.8_004.10sec.fsa,D5S818,R,6,128.6,8,OL,131.65,10,OL,137.18,6,9,140.7,8,10,144.69,50,OL,147.22,9,11,148.77,912,12,152.85,111,13,156.88,35,14,161.05,9,OL,161.88,8,16,169.43,6,OL,170.48,7,17,173.62,4,,,,,,,,,,,,,,,,,,,,,,,,,,,,,,,,,,,,,,,,,,,,,,,,,,,,,,,,,,,,,,,,,,,,,,,,,,,,,,,,,,,,,,,,,,,,,,,,,,,,,,,,,,,,,,,,,,,,,,,,,,,,,,,,,,,,,,,,,,,,,,,,,,,,,,,,,,,,,,,,,,,,,,,,,,,,,,,,,,,,,,,,,,,,,,,,,,,,,,,,,,,,,,,,,,,,,,,,,,,,,,,,,,,,,,,,,,,,,,,,,,,,,,,,,,,,,,,,,,
H02_RD14-0003-44_45_46_47-1;1;4;1-M3a-0.217IP-Q0.8_004.10sec.fsa,FGA,R,OL,211.75,8,OL,217.25,7,18.2,218.26,10,19,220.93,7,OL,222,8,20,224.93,10,OL,226.14,5,21,229.01,139,OL,230.3,9,22,233.09,111,23,237.19,60,24,241.26,93,25,245.45,332,26,249.56,255,27.2,255.47,7,30,265.28,6,32.2,275.53,11,OL,286.69,10,OL,294.76,6,OL,300.14,5,OL,301.14,9,OL,310.42,6,OL,313.77,10,OL,315.26,5,OL,317.62,6,OL,327.81,6,OL,334.49,7,OL,335.32,7,48.2,340,5,51.2,353.11,8,OL,356.28,8,,,,,,,,,,,,,,,,,,,,,,,,,,,,,,,,,,,,,,,,,,,,,,,,,,,,,,,,,,,,,,,,,,,,,,,,,,,,,,,,,,,,,,,,,,,,,,,,,,,,,,,,,,,,,,,,,,,,,,,,,,,,,,,,,,,,,,,,,,,,,,,,,,,,,,,,,,,,,,,,,,,,,,,,,,,,,,,,,,,,,,,,,,,,,,,,,,,,,,,,,,,,,,,
H03_RD14-0003-44_45_46_47-1;1;4;1-M2e-0.441IP-Q1.5_004.10sec.fsa,D8S1179,B,OL,113.52,3,8,121.07,4,OL,123.27,2,9,125.48,11,10,129.46,232,11,133.47,596,12,137.66,27,13,141.81,516,14,145.87,610,15,150.08,163,19,166.25,3,20,170.28,6,OL,171.25,4,OL,172.08,6,OL,175.62,3,OL,176.32,3,OL,177.43,3,,,,,,,,,,,,,,,,,,,,,,,,,,,,,,,,,,,,,,,,,,,,,,,,,,,,,,,,,,,,,,,,,,,,,,,,,,,,,,,,,,,,,,,,,,,,,,,,,,,,,,,,,,,,,,,,,,,,,,,,,,,,,,,,,,,,,,,,,,,,,,,,,,,,,,,,,,,,,,,,,,,,,,,,,,,,,,,,,,,,,,,,,,,,,,,,,,,,,,,,,,,,,,,,,,,,,,,,,,,,,,,,,,,,,,,,,,,,,,,,,,,,,,,,,
H03_RD14-0003-44_45_46_47-1;1;4;1-M2e-0.441IP-Q1.5_004.10sec.fsa,D21S11,B,23.2,180.07,4,26,190.26,6,26.2,192.22,2,27,194.33,91,28,198.46,150,29.2,204.19,2,30,206.47,39,31,210.47,260,31.2,212.48,11,32,214.42,22,32.2,216.47,275,38,238.39,3,,,,,,,,,,,,,,,,,,,,,,,,,,,,,,,,,,,,,,,,,,,,,,,,,,,,,,,,,,,,,,,,,,,,,,,,,,,,,,,,,,,,,,,,,,,,,,,,,,,,,,,,,,,,,,,,,,,,,,,,,,,,,,,,,,,,,,,,,,,,,,,,,,,,,,,,,,,,,,,,,,,,,,,,,,,,,,,,,,,,,,,,,,,,,,,,,,,,,,,,,,,,,,,,,,,,,,,,,,,,,,,,,,,,,,,,,,,,,,,,,,,,,,,,,,,,,,,,,,,,,,,,
H03_RD14-0003-44_45_46_47-1;1;4;1-M2e-0.441IP-Q1.5_004.10sec.fsa,D7S820,B,8,261.82,44,9,265.89,372,10,269.9,124,OL,272.01,2,11,273.85,17,12,277.95,260,,,,,,,,,,,,,,,,,,,,,,,,,,,,,,,,,,,,,,,,,,,,,,,,,,,,,,,,,,,,,,,,,,,,,,,,,,,,,,,,,,,,,,,,,,,,,,,,,,,,,,,,,,,,,,,,,,,,,,,,,,,,,,,,,,,,,,,,,,,,,,,,,,,,,,,,,,,,,,,,,,,,,,,,,,,,,,,,,,,,,,,,,,,,,,,,,,,,,,,,,,,,,,,,,,,,,,,,,,,,,,,,,,,,,,,,,,,,,,,,,,,,,,,,,,,,,,,,,,,,,,,,,,,,,,,,,,,,,,,,,,
H03_RD14-0003-44_45_46_47-1;1;4;1-M2e-0.441IP-Q1.5_004.10sec.fsa,CSF1PO,B,5,298.55,3,OL,299.72,4,OL,302.11,3,8,310.16,2,9,314.37,12,10,318.57,321,11,322.69,209,12,326.75,129,,,,,,,,,,,,,,,,,,,,,,,,,,,,,,,,,,,,,,,,,,,,,,,,,,,,,,,,,,,,,,,,,,,,,,,,,,,,,,,,,,,,,,,,,,,,,,,,,,,,,,,,,,,,,,,,,,,,,,,,,,,,,,,,,,,,,,,,,,,,,,,,,,,,,,,,,,,,,,,,,,,,,,,,,,,,,,,,,,,,,,,,,,,,,,,,,,,,,,,,,,,,,,,,,,,,,,,,,,,,,,,,,,,,,,,,,,,,,,,,,,,,,,,,,,,,,,,,,,,,,,,,,,,,,,,,,,,,
H03_RD14-0003-44_45_46_47-1;1;4;1-M2e-0.441IP-Q1.5_004.10sec.fsa,D3S1358,G,OL,95.35,5,11,106.11,4,13,114.33,61,14,118.29,1005,15,122.2,815,16,126.29,120,17,130.07,336,OL,139.31,5,OL,142.86,7,,,,,,,,,,,,,,,,,,,,,,,,,,,,,,,,,,,,,,,,,,,,,,,,,,,,,,,,,,,,,,,,,,,,,,,,,,,,,,,,,,,,,,,,,,,,,,,,,,,,,,,,,,,,,,,,,,,,,,,,,,,,,,,,,,,,,,,,,,,,,,,,,,,,,,,,,,,,,,,,,,,,,,,,,,,,,,,,,,,,,,,,,,,,,,,,,,,,,,,,,,,,,,,,,,,,,,,,,,,,,,,,,,,,,,,,,,,,,,,,,,,,,,,,,,,,,,,,,,,,,,,,,,,,,,,,,
H03_RD14-0003-44_45_46_47-1;1;4;1-M2e-0.441IP-Q1.5_004.10sec.fsa,TH01,G,OL,159.58,4,6,168.4,281,6.3,171.04,6,7,172.43,773,OL,174.65,4,8,176.46,23,9,180.56,893,9.3,183.73,89,OL,189.77,4,12,192.5,2,OL,193.98,5,OL,196.08,3,,,,,,,,,,,,,,,,,,,,,,,,,,,,,,,,,,,,,,,,,,,,,,,,,,,,,,,,,,,,,,,,,,,,,,,,,,,,,,,,,,,,,,,,,,,,,,,,,,,,,,,,,,,,,,,,,,,,,,,,,,,,,,,,,,,,,,,,,,,,,,,,,,,,,,,,,,,,,,,,,,,,,,,,,,,,,,,,,,,,,,,,,,,,,,,,,,,,,,,,,,,,,,,,,,,,,,,,,,,,,,,,,,,,,,,,,,,,,,,,,,,,,,,,,,,,,,,,,,,,,,,,
H03_RD14-0003-44_45_46_47-1;1;4;1-M2e-0.441IP-Q1.5_004.10sec.fsa,D13S317,G,8,215.06,262,OL,217.17,5,OL,221.67,2,10,223.14,3,11,227.19,50,12,231.24,1160,13,235.37,104,OL,242.37,4,,,,,,,,,,,,,,,,,,,,,,,,,,,,,,,,,,,,,,,,,,,,,,,,,,,,,,,,,,,,,,,,,,,,,,,,,,,,,,,,,,,,,,,,,,,,,,,,,,,,,,,,,,,,,,,,,,,,,,,,,,,,,,,,,,,,,,,,,,,,,,,,,,,,,,,,,,,,,,,,,,,,,,,,,,,,,,,,,,,,,,,,,,,,,,,,,,,,,,,,,,,,,,,,,,,,,,,,,,,,,,,,,,,,,,,,,,,,,,,,,,,,,,,,,,,,,,,,,,,,,,,,,,,,,,,,,,,,
H03_RD14-0003-44_45_46_47-1;1;4;1-M2e-0.441IP-Q1.5_004.10sec.fsa,D16S539,G,OL,256.25,3,OL,256.73,3,OL,257.34,4,7,259.46,5,8,263.43,6,9,267.09,9,10,271.17,280,11,275.19,288,12,279.15,626,13,283.2,5,14,287.3,2,15,291.05,3,OL,294.04,3,,,,,,,,,,,,,,,,,,,,,,,,,,,,,,,,,,,,,,,,,,,,,,,,,,,,,,,,,,,,,,,,,,,,,,,,,,,,,,,,,,,,,,,,,,,,,,,,,,,,,,,,,,,,,,,,,,,,,,,,,,,,,,,,,,,,,,,,,,,,,,,,,,,,,,,,,,,,,,,,,,,,,,,,,,,,,,,,,,,,,,,,,,,,,,,,,,,,,,,,,,,,,,,,,,,,,,,,,,,,,,,,,,,,,,,,,,,,,,,,,,,,,,,,,,,,,,,,,,,,,
H03_RD14-0003-44_45_46_47-1;1;4;1-M2e-0.441IP-Q1.5_004.10sec.fsa,D2S1338,G,16,308.48,64,OL,310.66,2,17,312.43,3,18,316.62,20,19,320.8,23,OL,324.43,5,21,328.92,4,OL,332.44,5,23,336.94,67,OL,338.22,4,24,340.95,41,25,344.95,561,OL,354.47,4,OL,355.42,5,28,357.53,5,OL,358.69,3,,,,,,,,,,,,,,,,,,,,,,,,,,,,,,,,,,,,,,,,,,,,,,,,,,,,,,,,,,,,,,,,,,,,,,,,,,,,,,,,,,,,,,,,,,,,,,,,,,,,,,,,,,,,,,,,,,,,,,,,,,,,,,,,,,,,,,,,,,,,,,,,,,,,,,,,,,,,,,,,,,,,,,,,,,,,,,,,,,,,,,,,,,,,,,,,,,,,,,,,,,,,,,,,,,,,,,,,,,,,,,,,,,,,,,,,,,,,,,,,,,,,,,,,,,,,
H03_RD14-0003-44_45_46_47-1;1;4;1-M2e-0.441IP-Q1.5_004.10sec.fsa,D19S433,Y,9,99.59,29,10,103.83,611,11,107.97,332,OL,109.42,6,12,112.09,78,13,116.05,1398,14,119.93,216,14.2,122,63,15,123.94,266,16.2,130.07,14,OL,135.05,4,OL,139.59,7,OL,140.28,10,OL,141.26,7,,,,,,,,,,,,,,,,,,,,,,,,,,,,,,,,,,,,,,,,,,,,,,,,,,,,,,,,,,,,,,,,,,,,,,,,,,,,,,,,,,,,,,,,,,,,,,,,,,,,,,,,,,,,,,,,,,,,,,,,,,,,,,,,,,,,,,,,,,,,,,,,,,,,,,,,,,,,,,,,,,,,,,,,,,,,,,,,,,,,,,,,,,,,,,,,,,,,,,,,,,,,,,,,,,,,,,,,,,,,,,,,,,,,,,,,,,,,,,,,,,,,,,,,,,,,,,,,,,
H03_RD14-0003-44_45_46_47-1;1;4;1-M2e-0.441IP-Q1.5_004.10sec.fsa,vWA,Y,OL,152.6,7,13,159.86,163,15,167.99,40,15.2,169.72,6,16,172.08,756,18,180.14,67,19,184.29,23,20,188.36,122,OL,189.49,8,22,196.78,5,OL,199.93,9,OL,202.89,6,OL,203.44,7,24,204.4,6,24,205.09,8,OL,206.19,5,OL,207.71,10,,,,,,,,,,,,,,,,,,,,,,,,,,,,,,,,,,,,,,,,,,,,,,,,,,,,,,,,,,,,,,,,,,,,,,,,,,,,,,,,,,,,,,,,,,,,,,,,,,,,,,,,,,,,,,,,,,,,,,,,,,,,,,,,,,,,,,,,,,,,,,,,,,,,,,,,,,,,,,,,,,,,,,,,,,,,,,,,,,,,,,,,,,,,,,,,,,,,,,,,,,,,,,,,,,,,,,,,,,,,,,,,,,,,,,,,,,,,,,,,,,,,,,,,,
H03_RD14-0003-44_45_46_47-1;1;4;1-M2e-0.441IP-Q1.5_004.10sec.fsa,TPOX,Y,6,220.21,7,8,228.51,635,10,236.49,65,11,240.58,141,OL,247.66,8,OL,251.79,5,,,,,,,,,,,,,,,,,,,,,,,,,,,,,,,,,,,,,,,,,,,,,,,,,,,,,,,,,,,,,,,,,,,,,,,,,,,,,,,,,,,,,,,,,,,,,,,,,,,,,,,,,,,,,,,,,,,,,,,,,,,,,,,,,,,,,,,,,,,,,,,,,,,,,,,,,,,,,,,,,,,,,,,,,,,,,,,,,,,,,,,,,,,,,,,,,,,,,,,,,,,,,,,,,,,,,,,,,,,,,,,,,,,,,,,,,,,,,,,,,,,,,,,,,,,,,,,,,,,,,,,,,,,,,,,,,,,,,,,,,,
H03_RD14-0003-44_45_46_47-1;1;4;1-M2e-0.441IP-Q1.5_004.10sec.fsa,D18S51,Y,11,277.24,5,12,280.77,55,13,284.94,360,14,288.83,41,15,292.86,39,16,296.81,36,OL,298.2,5,17,300.88,46,18,304.86,152,19,308.69,8,OL,339.36,6,,,,,,,,,,,,,,,,,,,,,,,,,,,,,,,,,,,,,,,,,,,,,,,,,,,,,,,,,,,,,,,,,,,,,,,,,,,,,,,,,,,,,,,,,,,,,,,,,,,,,,,,,,,,,,,,,,,,,,,,,,,,,,,,,,,,,,,,,,,,,,,,,,,,,,,,,,,,,,,,,,,,,,,,,,,,,,,,,,,,,,,,,,,,,,,,,,,,,,,,,,,,,,,,,,,,,,,,,,,,,,,,,,,,,,,,,,,,,,,,,,,,,,,,,,,,,,,,,,,,,,,,,,,
H03_RD14-0003-44_45_46_47-1;1;4;1-M2e-0.441IP-Q1.5_004.10sec.fsa,AMEL,R,X,104.87,1229,Y,110.79,1117,,,,,,,,,,,,,,,,,,,,,,,,,,,,,,,,,,,,,,,,,,,,,,,,,,,,,,,,,,,,,,,,,,,,,,,,,,,,,,,,,,,,,,,,,,,,,,,,,,,,,,,,,,,,,,,,,,,,,,,,,,,,,,,,,,,,,,,,,,,,,,,,,,,,,,,,,,,,,,,,,,,,,,,,,,,,,,,,,,,,,,,,,,,,,,,,,,,,,,,,,,,,,,,,,,,,,,,,,,,,,,,,,,,,,,,,,,,,,,,,,,,,,,,,,,,,,,,,,,,,,,,,,,,,,,,,,,,,,,,,,,,,,,,,,,,,,,
H03_RD14-0003-44_45_46_47-1;1;4;1-M2e-0.441IP-Q1.5_004.10sec.fsa,D5S818,R,OL,126.96,9,OL,135.46,11,10,144.61,51,11,148.81,1140,12,152.89,284,OL,155.14,6,13,156.97,75,15,164.86,7,OL,167.43,9,OL,177.01,7,OL,178.12,7,,,,,,,,,,,,,,,,,,,,,,,,,,,,,,,,,,,,,,,,,,,,,,,,,,,,,,,,,,,,,,,,,,,,,,,,,,,,,,,,,,,,,,,,,,,,,,,,,,,,,,,,,,,,,,,,,,,,,,,,,,,,,,,,,,,,,,,,,,,,,,,,,,,,,,,,,,,,,,,,,,,,,,,,,,,,,,,,,,,,,,,,,,,,,,,,,,,,,,,,,,,,,,,,,,,,,,,,,,,,,,,,,,,,,,,,,,,,,,,,,,,,,,,,,,,,,,,,,,,,,,,,,,,
H03_RD14-0003-44_45_46_47-1;1;4;1-M2e-0.441IP-Q1.5_004.10sec.fsa,FGA,R,OL,205.36,4,OL,211.58,10,OL,216.11,6,OL,217.46,6,18.2,218.3,7,OL,221.74,9,20,224.95,21,21,229,215,22,233.06,106,23,237.12,35,24,241.22,162,24.2,243.3,2,25,245.45,538,26,249.57,131,OL,252.2,2,OL,262.8,7,30.2,267.44,6,32.2,275.47,6,OL,276.89,5,OL,281.53,6,OL,287.23,5,OL,294.45,7,OL,301.29,8,OL,306.59,4,OL,315.12,4,OL,317.67,7,OL,335.8,6,OL,338.65,9,OL,341.67,6,OL,350.62,5,OL,357.53,7,,,,,,,,,,,,,,,,,,,,,,,,,,,,,,,,,,,,,,,,,,,,,,,,,,,,,,,,,,,,,,,,,,,,,,,,,,,,,,,,,,,,,,,,,,,,,,,,,,,,,,,,,,,,,,,,,,,,,,,,,,,,,,,,,,,,,,,,,,,,,,,,,,,,,,,,,,,,,,,,,,,,,,,,,,,,,,,,,,,,,,,,,,,,,,,,,,,,,,,,,,,,,,,
H04_RD14-0003-36_37_38_39-1;2;2;1-M2d-0.378IP-Q0.8_004.10sec.fsa,D8S1179,B,OL,114.73,1,OL,116.84,7,9,125.31,25,10,129.39,437,11,133.44,26,12,137.48,341,OL,139.79,2,13,141.78,974,14,145.93,33,15,150.1,498,19,166.67,3,20,170.8,5,OL,174.79,3,OL,177.29,3,,,,,,,,,,,,,,,,,,,,,,,,,,,,,,,,,,,,,,,,,,,,,,,,,,,,,,,,,,,,,,,,,,,,,,,,,,,,,,,,,,,,,,,,,,,,,,,,,,,,,,,,,,,,,,,,,,,,,,,,,,,,,,,,,,,,,,,,,,,,,,,,,,,,,,,,,,,,,,,,,,,,,,,,,,,,,,,,,,,,,,,,,,,,,,,,,,,,,,,,,,,,,,,,,,,,,,,,,,,,,,,,,,,,,,,,,,,,,,,,,,,,,,,,,,,,,,,,,,
H04_RD14-0003-36_37_38_39-1;2;2;1-M2d-0.378IP-Q0.8_004.10sec.fsa,D21S11,B,25,186.27,3,OL,186.78,3,26,190.36,3,27,194.37,26,27.2,196.35,2,28,198.47,469,29,202.5,245,29.2,204.5,3,30,206.51,372,30.2,208.45,15,31,210.32,5,31.2,212.48,258,OL,240.08,5,38.2,240.84,4,39,242.74,6,,,,,,,,,,,,,,,,,,,,,,,,,,,,,,,,,,,,,,,,,,,,,,,,,,,,,,,,,,,,,,,,,,,,,,,,,,,,,,,,,,,,,,,,,,,,,,,,,,,,,,,,,,,,,,,,,,,,,,,,,,,,,,,,,,,,,,,,,,,,,,,,,,,,,,,,,,,,,,,,,,,,,,,,,,,,,,,,,,,,,,,,,,,,,,,,,,,,,,,,,,,,,,,,,,,,,,,,,,,,,,,,,,,,,,,,,,,,,,,,,,,,,,,,,,,,,,,
H04_RD14-0003-36_37_38_39-1;2;2;1-M2d-0.378IP-Q0.8_004.10sec.fsa,D7S820,B,7,258.04,28,OL,259.42,2,8,261.94,464,9,265.91,163,10,269.96,99,11,274.03,268,OL,277.5,2,OL,288.88,4,,,,,,,,,,,,,,,,,,,,,,,,,,,,,,,,,,,,,,,,,,,,,,,,,,,,,,,,,,,,,,,,,,,,,,,,,,,,,,,,,,,,,,,,,,,,,,,,,,,,,,,,,,,,,,,,,,,,,,,,,,,,,,,,,,,,,,,,,,,,,,,,,,,,,,,,,,,,,,,,,,,,,,,,,,,,,,,,,,,,,,,,,,,,,,,,,,,,,,,,,,,,,,,,,,,,,,,,,,,,,,,,,,,,,,,,,,,,,,,,,,,,,,,,,,,,,,,,,,,,,,,,,,,,,,,,,,,,
H04_RD14-0003-36_37_38_39-1;2;2;1-M2d-0.378IP-Q0.8_004.10sec.fsa,CSF1PO,B,8,310.31,3,9,314.48,30,10,318.61,608,11,322.69,183,12,326.79,391,15,338.83,4,OL,339.92,7,,,,,,,,,,,,,,,,,,,,,,,,,,,,,,,,,,,,,,,,,,,,,,,,,,,,,,,,,,,,,,,,,,,,,,,,,,,,,,,,,,,,,,,,,,,,,,,,,,,,,,,,,,,,,,,,,,,,,,,,,,,,,,,,,,,,,,,,,,,,,,,,,,,,,,,,,,,,,,,,,,,,,,,,,,,,,,,,,,,,,,,,,,,,,,,,,,,,,,,,,,,,,,,,,,,,,,,,,,,,,,,,,,,,,,,,,,,,,,,,,,,,,,,,,,,,,,,,,,,,,,,,,,,,,,,,,,,,,,,
H04_RD14-0003-36_37_38_39-1;2;2;1-M2d-0.378IP-Q0.8_004.10sec.fsa,D3S1358,G,OL,94.52,6,OL,96.3,4,OL,99.45,6,13,114.33,43,14,118.22,602,15,122.01,872,16,126.12,360,17,130.21,1170,OL,143.14,4,,,,,,,,,,,,,,,,,,,,,,,,,,,,,,,,,,,,,,,,,,,,,,,,,,,,,,,,,,,,,,,,,,,,,,,,,,,,,,,,,,,,,,,,,,,,,,,,,,,,,,,,,,,,,,,,,,,,,,,,,,,,,,,,,,,,,,,,,,,,,,,,,,,,,,,,,,,,,,,,,,,,,,,,,,,,,,,,,,,,,,,,,,,,,,,,,,,,,,,,,,,,,,,,,,,,,,,,,,,,,,,,,,,,,,,,,,,,,,,,,,,,,,,,,,,,,,,,,,,,,,,,,,,,,,,,,
H04_RD14-0003-36_37_38_39-1;2;2;1-M2d-0.378IP-Q0.8_004.10sec.fsa,TH01,G,OL,157.39,6,4,160.35,7,OL,162.41,4,5,164.33,13,OL,166.75,4,6,168.38,867,7,172.44,1214,8,176.5,207,8.3,179.29,6,9.3,183.65,512,12,193.13,6,OL,195.25,5,,,,,,,,,,,,,,,,,,,,,,,,,,,,,,,,,,,,,,,,,,,,,,,,,,,,,,,,,,,,,,,,,,,,,,,,,,,,,,,,,,,,,,,,,,,,,,,,,,,,,,,,,,,,,,,,,,,,,,,,,,,,,,,,,,,,,,,,,,,,,,,,,,,,,,,,,,,,,,,,,,,,,,,,,,,,,,,,,,,,,,,,,,,,,,,,,,,,,,,,,,,,,,,,,,,,,,,,,,,,,,,,,,,,,,,,,,,,,,,,,,,,,,,,,,,,,,,,,,,,,,,,
H04_RD14-0003-36_37_38_39-1;2;2;1-M2d-0.378IP-Q0.8_004.10sec.fsa,D13S317,G,7,211.4,7,8,215.26,8,9,219.18,327,10,223.23,58,11,227.27,536,12,231.26,905,OL,241.07,5,OL,244.71,4,,,,,,,,,,,,,,,,,,,,,,,,,,,,,,,,,,,,,,,,,,,,,,,,,,,,,,,,,,,,,,,,,,,,,,,,,,,,,,,,,,,,,,,,,,,,,,,,,,,,,,,,,,,,,,,,,,,,,,,,,,,,,,,,,,,,,,,,,,,,,,,,,,,,,,,,,,,,,,,,,,,,,,,,,,,,,,,,,,,,,,,,,,,,,,,,,,,,,,,,,,,,,,,,,,,,,,,,,,,,,,,,,,,,,,,,,,,,,,,,,,,,,,,,,,,,,,,,,,,,,,,,,,,,,,,,,,,,
H04_RD14-0003-36_37_38_39-1;2;2;1-M2d-0.378IP-Q0.8_004.10sec.fsa,D16S539,G,OL,256.21,4,7,259.27,4,OL,260.52,2,OL,262.02,4,OL,264.93,5,9,267.26,207,10,271.09,38,11,275.23,771,12,279.24,459,13,283.13,384,,,,,,,,,,,,,,,,,,,,,,,,,,,,,,,,,,,,,,,,,,,,,,,,,,,,,,,,,,,,,,,,,,,,,,,,,,,,,,,,,,,,,,,,,,,,,,,,,,,,,,,,,,,,,,,,,,,,,,,,,,,,,,,,,,,,,,,,,,,,,,,,,,,,,,,,,,,,,,,,,,,,,,,,,,,,,,,,,,,,,,,,,,,,,,,,,,,,,,,,,,,,,,,,,,,,,,,,,,,,,,,,,,,,,,,,,,,,,,,,,,,,,,,,,,,,,,,,,,,,,,,,,,,,,,
H04_RD14-0003-36_37_38_39-1;2;2;1-M2d-0.378IP-Q0.8_004.10sec.fsa,D2S1338,G,OL,302.35,3,15,304.8,12,16,308.56,300,17,312.53,31,18,316.67,556,19,320.87,573,20,324.98,255,OL,331.58,5,OL,336.03,4,OL,338.37,4,OL,348,3,OL,356.42,5,OL,360.95,3,,,,,,,,,,,,,,,,,,,,,,,,,,,,,,,,,,,,,,,,,,,,,,,,,,,,,,,,,,,,,,,,,,,,,,,,,,,,,,,,,,,,,,,,,,,,,,,,,,,,,,,,,,,,,,,,,,,,,,,,,,,,,,,,,,,,,,,,,,,,,,,,,,,,,,,,,,,,,,,,,,,,,,,,,,,,,,,,,,,,,,,,,,,,,,,,,,,,,,,,,,,,,,,,,,,,,,,,,,,,,,,,,,,,,,,,,,,,,,,,,,,,,,,,,,,,,,,,,,,,,
H04_RD14-0003-36_37_38_39-1;2;2;1-M2d-0.378IP-Q0.8_004.10sec.fsa,D19S433,Y,10.2,105.87,148,12,112.08,32,12.2,114.26,10,13,116.05,554,14,119.93,1558,14.2,121.87,302,17.2,133.86,9,,,,,,,,,,,,,,,,,,,,,,,,,,,,,,,,,,,,,,,,,,,,,,,,,,,,,,,,,,,,,,,,,,,,,,,,,,,,,,,,,,,,,,,,,,,,,,,,,,,,,,,,,,,,,,,,,,,,,,,,,,,,,,,,,,,,,,,,,,,,,,,,,,,,,,,,,,,,,,,,,,,,,,,,,,,,,,,,,,,,,,,,,,,,,,,,,,,,,,,,,,,,,,,,,,,,,,,,,,,,,,,,,,,,,,,,,,,,,,,,,,,,,,,,,,,,,,,,,,,,,,,,,,,,,,,,,,,,,,,
H04_RD14-0003-36_37_38_39-1;2;2;1-M2d-0.378IP-Q0.8_004.10sec.fsa,vWA,Y,OL,153.84,7,OL,162.91,6,15,168.1,83,16,172.08,335,17,176.15,313,18,180.15,559,19,184.23,79,OL,197.81,7,OL,199.2,8,OL,203.57,6,,,,,,,,,,,,,,,,,,,,,,,,,,,,,,,,,,,,,,,,,,,,,,,,,,,,,,,,,,,,,,,,,,,,,,,,,,,,,,,,,,,,,,,,,,,,,,,,,,,,,,,,,,,,,,,,,,,,,,,,,,,,,,,,,,,,,,,,,,,,,,,,,,,,,,,,,,,,,,,,,,,,,,,,,,,,,,,,,,,,,,,,,,,,,,,,,,,,,,,,,,,,,,,,,,,,,,,,,,,,,,,,,,,,,,,,,,,,,,,,,,,,,,,,,,,,,,,,,,,,,,,,,,,,,,
H04_RD14-0003-36_37_38_39-1;2;2;1-M2d-0.378IP-Q0.8_004.10sec.fsa,TPOX,Y,OL,218.81,6,6,220.51,315,7,224.48,15,8,228.53,544,10,236.58,179,11,240.61,148,12,244.71,147,,,,,,,,,,,,,,,,,,,,,,,,,,,,,,,,,,,,,,,,,,,,,,,,,,,,,,,,,,,,,,,,,,,,,,,,,,,,,,,,,,,,,,,,,,,,,,,,,,,,,,,,,,,,,,,,,,,,,,,,,,,,,,,,,,,,,,,,,,,,,,,,,,,,,,,,,,,,,,,,,,,,,,,,,,,,,,,,,,,,,,,,,,,,,,,,,,,,,,,,,,,,,,,,,,,,,,,,,,,,,,,,,,,,,,,,,,,,,,,,,,,,,,,,,,,,,,,,,,,,,,,,,,,,,,,,,,,,,,,
H04_RD14-0003-36_37_38_39-1;2;2;1-M2d-0.378IP-Q0.8_004.10sec.fsa,D18S51,Y,11,276.9,7,OL,280.07,8,13,284.85,55,14,288.88,28,15,292.91,344,16,296.79,39,17,300.88,481,18,304.88,114,20,312.84,64,OL,320.95,15,OL,324.27,7,OL,330.4,8,26,337.28,6,,,,,,,,,,,,,,,,,,,,,,,,,,,,,,,,,,,,,,,,,,,,,,,,,,,,,,,,,,,,,,,,,,,,,,,,,,,,,,,,,,,,,,,,,,,,,,,,,,,,,,,,,,,,,,,,,,,,,,,,,,,,,,,,,,,,,,,,,,,,,,,,,,,,,,,,,,,,,,,,,,,,,,,,,,,,,,,,,,,,,,,,,,,,,,,,,,,,,,,,,,,,,,,,,,,,,,,,,,,,,,,,,,,,,,,,,,,,,,,,,,,,,,,,,,,,,,,,,,,,,
H04_RD14-0003-36_37_38_39-1;2;2;1-M2d-0.378IP-Q0.8_004.10sec.fsa,AMEL,R,X,104.89,989,Y,110.77,1100,,,,,,,,,,,,,,,,,,,,,,,,,,,,,,,,,,,,,,,,,,,,,,,,,,,,,,,,,,,,,,,,,,,,,,,,,,,,,,,,,,,,,,,,,,,,,,,,,,,,,,,,,,,,,,,,,,,,,,,,,,,,,,,,,,,,,,,,,,,,,,,,,,,,,,,,,,,,,,,,,,,,,,,,,,,,,,,,,,,,,,,,,,,,,,,,,,,,,,,,,,,,,,,,,,,,,,,,,,,,,,,,,,,,,,,,,,,,,,,,,,,,,,,,,,,,,,,,,,,,,,,,,,,,,,,,,,,,,,,,,,,,,,,,,,,,,,
H04_RD14-0003-36_37_38_39-1;2;2;1-M2d-0.378IP-Q0.8_004.10sec.fsa,D5S818,R,OL,133.51,12,9,140.93,14,10,144.57,163,11,148.8,424,12,152.91,644,13,156.95,432,OL,168.74,7,,,,,,,,,,,,,,,,,,,,,,,,,,,,,,,,,,,,,,,,,,,,,,,,,,,,,,,,,,,,,,,,,,,,,,,,,,,,,,,,,,,,,,,,,,,,,,,,,,,,,,,,,,,,,,,,,,,,,,,,,,,,,,,,,,,,,,,,,,,,,,,,,,,,,,,,,,,,,,,,,,,,,,,,,,,,,,,,,,,,,,,,,,,,,,,,,,,,,,,,,,,,,,,,,,,,,,,,,,,,,,,,,,,,,,,,,,,,,,,,,,,,,,,,,,,,,,,,,,,,,,,,,,,,,,,,,,,,,,,
H04_RD14-0003-36_37_38_39-1;2;2;1-M2d-0.378IP-Q0.8_004.10sec.fsa,FGA,R,OL,203.93,6,OL,211.54,10,OL,217.92,7,OL,223.37,9,20.2,226.76,8,21,229.04,49,22,233.1,814,22.2,235.03,11,23,237.18,163,24,241.22,270,25,245.47,298,OL,248.19,3,27.2,255.78,5,OL,264.03,6,31,268.98,9,31.2,271.01,10,OL,276.59,6,OL,278.71,11,33.2,279.24,9,OL,284.1,8,OL,286.64,7,OL,303.17,8,OL,308.79,10,OL,314.81,7,OL,318.61,10,OL,326.55,11,OL,327.65,10,45.2,328.6,10,46.2,332.2,8,OL,334.47,9,OL,347.84,5,,,,,,,,,,,,,,,,,,,,,,,,,,,,,,,,,,,,,,,,,,,,,,,,,,,,,,,,,,,,,,,,,,,,,,,,,,,,,,,,,,,,,,,,,,,,,,,,,,,,,,,,,,,,,,,,,,,,,,,,,,,,,,,,,,,,,,,,,,,,,,,,,,,,,,,,,,,,,,,,,,,,,,,,,,,,,,,,,,,,,,,,,,,,,,,,,,,,,,,,,,,,,,,
