Sample File,Marker,Dye,Allele 1,Size 1,Height 1,Allele 2,Size 2,Height 2,Allele 3,Size 3,Height 3,Allele 4,Size 4,Height 4,Allele 5,Size 5,Height 5,Allele 6,Size 6,Height 6,Allele 7,Size 7,Height 7,Allele 8,Size 8,Height 8,Allele 9,Size 9,Height 9,Allele 10,Size 10,Height 10,Allele 11,Size 11,Height 11,Allele 12,Size 12,Height 12,Allele 13,Size 13,Height 13,Allele 14,Size 14,Height 14,Allele 15,Size 15,Height 15,Allele 16,Size 16,Height 16,Allele 17,Size 17,Height 17,Allele 18,Size 18,Height 18,Allele 19,Size 19,Height 19,Allele 20,Size 20,Height 20,Allele 21,Size 21,Height 21,Allele 22,Size 22,Height 22,Allele 23,Size 23,Height 23,Allele 24,Size 24,Height 24,Allele 25,Size 25,Height 25,Allele 26,Size 26,Height 26,Allele 27,Size 27,Height 27,Allele 28,Size 28,Height 28,Allele 29,Size 29,Height 29,Allele 30,Size 30,Height 30,Allele 31,Size 31,Height 31,Allele 32,Size 32,Height 32,Allele 33,Size 33,Height 33,Allele 34,Size 34,Height 34,Allele 35,Size 35,Height 35,Allele 36,Size 36,Height 36,Allele 37,Size 37,Height 37,Allele 38,Size 38,Height 38,Allele 39,Size 39,Height 39,Allele 40,Size 40,Height 40,Allele 41,Size 41,Height 41,Allele 42,Size 42,Height 42,Allele 43,Size 43,Height 43,Allele 44,Size 44,Height 44,Allele 45,Size 45,Height 45,Allele 46,Size 46,Height 46,Allele 47,Size 47,Height 47,Allele 48,Size 48,Height 48,Allele 49,Size 49,Height 49,Allele 50,Size 50,Height 50,Allele 51,Size 51,Height 51,Allele 52,Size 52,Height 52,Allele 53,Size 53,Height 53,Allele 54,Size 54,Height 54,Allele 55,Size 55,Height 55,Allele 56,Size 56,Height 56,Allele 57,Size 57,Height 57,Allele 58,Size 58,Height 58,Allele 59,Size 59,Height 59,Allele 60,Size 60,Height 60,Allele 61,Size 61,Height 61,Allele 62,Size 62,Height 62,Allele 63,Size 63,Height 63,Allele 64,Size 64,Height 64,Allele 65,Size 65,Height 65,Allele 66,Size 66,Height 66,Allele 67,Size 67,Height 67,Allele 68,Size 68,Height 68,Allele 69,Size 69,Height 69,Allele 70,Size 70,Height 70,Allele 71,Size 71,Height 71,Allele 72,Size 72,Height 72,Allele 73,Size 73,Height 73,Allele 74,Size 74,Height 74,Allele 75,Size 75,Height 75,Allele 76,Size 76,Height 76,Allele 77,Size 77,Height 77,Allele 78,Size 78,Height 78,Allele 79,Size 79,Height 79,Allele 80,Size 80,Height 80,Allele 81,Size 81,Height 81,Allele 82,Size 82,Height 82,Allele 83,Size 83,Height 83,Allele 84,Size 84,Height 84,Allele 85,Size 85,Height 85,Allele 86,Size 86,Height 86,Allele 87,Size 87,Height 87,Allele 88,Size 88,Height 88,Allele 89,Size 89,Height 89,Allele 90,Size 90,Height 90,Allele 91,Size 91,Height 91,Allele 92,Size 92,Height 92,Allele 93,Size 93,Height 93,Allele 94,Size 94,Height 94,Allele 95,Size 95,Height 95,Allele 96,Size 96,Height 96,Allele 97,Size 97,Height 97,Allele 98,Size 98,Height 98,Allele 99,Size 99,Height 99,Allele 100,Size 100,Height 100
A03_RD14-0003-43d3-15-0.2IP-Q1.1_001.20sec.fsa,D8S1179,B,OL,114,7,OL,116.74,2,OL,122.47,19,OL,123.23,21,OL,128.46,3,10,129.61,84,11,133.69,1047,OL,136.4,3,12,137.88,55,OL,139.92,4,13,141.99,982,14,146.06,7,OL,160.08,8,,,,,,,,,,,,,,,,,,,,,,,,,,,,,,,,,,,,,,,,,,,,,,,,,,,,,,,,,,,,,,,,,,,,,,,,,,,,,,,,,,,,,,,,,,,,,,,,,,,,,,,,,,,,,,,,,,,,,,,,,,,,,,,,,,,,,,,,,,,,,,,,,,,,,,,,,,,,,,,,,,,,,,,,,,,,,,,,,,,,,,,,,,,,,,,,,,,,,,,,,,,,,,,,,,,,,,,,,,,,,,,,,,,,,,,,,,,,,,,,,,,,,,,,,,,,,,,,,,,,,
A03_RD14-0003-43d3-15-0.2IP-Q1.1_001.20sec.fsa,D21S11,B,23.2,179.92,7,24,182.12,3,25,186.44,4,26,190.6,34,27,194.6,564,28,198.61,80,OL,200,6,28.2,200.56,5,29,202.65,801,30,206.69,7,OL,209.93,5,OL,212.04,2,31.2,212.94,3,OL,214.08,7,OL,219.92,5,33.2,221.15,4,34,223.21,4,OL,232.45,3,37,235.1,4,,,,,,,,,,,,,,,,,,,,,,,,,,,,,,,,,,,,,,,,,,,,,,,,,,,,,,,,,,,,,,,,,,,,,,,,,,,,,,,,,,,,,,,,,,,,,,,,,,,,,,,,,,,,,,,,,,,,,,,,,,,,,,,,,,,,,,,,,,,,,,,,,,,,,,,,,,,,,,,,,,,,,,,,,,,,,,,,,,,,,,,,,,,,,,,,,,,,,,,,,,,,,,,,,,,,,,,,,,,,,,,,,,,,,,,,,,,,,,,,,,,
A03_RD14-0003-43d3-15-0.2IP-Q1.1_001.20sec.fsa,D7S820,B,7,257.87,9,OL,260,4,8,262.01,330,9,266.04,178,OL,270.93,4,11,274.31,5,OL,276.09,4,OL,280.08,11,14,286.29,3,,,,,,,,,,,,,,,,,,,,,,,,,,,,,,,,,,,,,,,,,,,,,,,,,,,,,,,,,,,,,,,,,,,,,,,,,,,,,,,,,,,,,,,,,,,,,,,,,,,,,,,,,,,,,,,,,,,,,,,,,,,,,,,,,,,,,,,,,,,,,,,,,,,,,,,,,,,,,,,,,,,,,,,,,,,,,,,,,,,,,,,,,,,,,,,,,,,,,,,,,,,,,,,,,,,,,,,,,,,,,,,,,,,,,,,,,,,,,,,,,,,,,,,,,,,,,,,,,,,,,,,,,,,,,,,,,
A03_RD14-0003-43d3-15-0.2IP-Q1.1_001.20sec.fsa,CSF1PO,B,OL,299.92,9,6,302.83,3,OL,305.01,4,OL,307.46,4,8,310.88,4,9,314.54,30,10,318.81,553,11,322.91,28,12,326.95,483,OL,340,11,,,,,,,,,,,,,,,,,,,,,,,,,,,,,,,,,,,,,,,,,,,,,,,,,,,,,,,,,,,,,,,,,,,,,,,,,,,,,,,,,,,,,,,,,,,,,,,,,,,,,,,,,,,,,,,,,,,,,,,,,,,,,,,,,,,,,,,,,,,,,,,,,,,,,,,,,,,,,,,,,,,,,,,,,,,,,,,,,,,,,,,,,,,,,,,,,,,,,,,,,,,,,,,,,,,,,,,,,,,,,,,,,,,,,,,,,,,,,,,,,,,,,,,,,,,,,,,,,,,,,,,,,,,,,,
A03_RD14-0003-43d3-15-0.2IP-Q1.1_001.20sec.fsa,D3S1358,G,OL,103.02,5,13,114.37,10,14,118.3,218,15,122.25,3171,16,126.18,18,18,134.23,5,OL,137.26,3,OL,139.29,5,,,,,,,,,,,,,,,,,,,,,,,,,,,,,,,,,,,,,,,,,,,,,,,,,,,,,,,,,,,,,,,,,,,,,,,,,,,,,,,,,,,,,,,,,,,,,,,,,,,,,,,,,,,,,,,,,,,,,,,,,,,,,,,,,,,,,,,,,,,,,,,,,,,,,,,,,,,,,,,,,,,,,,,,,,,,,,,,,,,,,,,,,,,,,,,,,,,,,,,,,,,,,,,,,,,,,,,,,,,,,,,,,,,,,,,,,,,,,,,,,,,,,,,,,,,,,,,,,,,,,,,,,,,,,,,,,,,,
A03_RD14-0003-43d3-15-0.2IP-Q1.1_001.20sec.fsa,TH01,G,OL,155.06,8,5,164.55,6,7,172.62,31,8,176.71,1192,8.3,179.76,26,9,180.81,7,9.3,183.91,1554,OL,194.6,6,OL,196.48,6,OL,199.59,7,,,,,,,,,,,,,,,,,,,,,,,,,,,,,,,,,,,,,,,,,,,,,,,,,,,,,,,,,,,,,,,,,,,,,,,,,,,,,,,,,,,,,,,,,,,,,,,,,,,,,,,,,,,,,,,,,,,,,,,,,,,,,,,,,,,,,,,,,,,,,,,,,,,,,,,,,,,,,,,,,,,,,,,,,,,,,,,,,,,,,,,,,,,,,,,,,,,,,,,,,,,,,,,,,,,,,,,,,,,,,,,,,,,,,,,,,,,,,,,,,,,,,,,,,,,,,,,,,,,,,,,,,,,,,,
A03_RD14-0003-43d3-15-0.2IP-Q1.1_001.20sec.fsa,D13S317,G,OL,203.54,5,7,211.15,5,10,223.21,49,11,227.25,955,12,231.3,1021,13,235.27,15,14,239.5,9,OL,240.17,5,,,,,,,,,,,,,,,,,,,,,,,,,,,,,,,,,,,,,,,,,,,,,,,,,,,,,,,,,,,,,,,,,,,,,,,,,,,,,,,,,,,,,,,,,,,,,,,,,,,,,,,,,,,,,,,,,,,,,,,,,,,,,,,,,,,,,,,,,,,,,,,,,,,,,,,,,,,,,,,,,,,,,,,,,,,,,,,,,,,,,,,,,,,,,,,,,,,,,,,,,,,,,,,,,,,,,,,,,,,,,,,,,,,,,,,,,,,,,,,,,,,,,,,,,,,,,,,,,,,,,,,,,,,,,,,,,,,,
A03_RD14-0003-43d3-15-0.2IP-Q1.1_001.20sec.fsa,D16S539,G,5,251.4,6,OL,254.02,4,OL,264.27,4,OL,265.2,4,9,267.3,59,10,271.27,1541,11,275.16,7,12,279.49,7,,,,,,,,,,,,,,,,,,,,,,,,,,,,,,,,,,,,,,,,,,,,,,,,,,,,,,,,,,,,,,,,,,,,,,,,,,,,,,,,,,,,,,,,,,,,,,,,,,,,,,,,,,,,,,,,,,,,,,,,,,,,,,,,,,,,,,,,,,,,,,,,,,,,,,,,,,,,,,,,,,,,,,,,,,,,,,,,,,,,,,,,,,,,,,,,,,,,,,,,,,,,,,,,,,,,,,,,,,,,,,,,,,,,,,,,,,,,,,,,,,,,,,,,,,,,,,,,,,,,,,,,,,,,,,,,,,,,
A03_RD14-0003-43d3-15-0.2IP-Q1.1_001.20sec.fsa,D2S1338,G,OL,303.24,4,18,316.9,79,19,321.15,721,20,324.94,5,21,329.23,45,22,333.24,454,OL,339.31,5,25,345.65,4,OL,353.97,6,OL,364.93,5,,,,,,,,,,,,,,,,,,,,,,,,,,,,,,,,,,,,,,,,,,,,,,,,,,,,,,,,,,,,,,,,,,,,,,,,,,,,,,,,,,,,,,,,,,,,,,,,,,,,,,,,,,,,,,,,,,,,,,,,,,,,,,,,,,,,,,,,,,,,,,,,,,,,,,,,,,,,,,,,,,,,,,,,,,,,,,,,,,,,,,,,,,,,,,,,,,,,,,,,,,,,,,,,,,,,,,,,,,,,,,,,,,,,,,,,,,,,,,,,,,,,,,,,,,,,,,,,,,,,,,,,,,,,,,
A03_RD14-0003-43d3-15-0.2IP-Q1.1_001.20sec.fsa,D19S433,Y,10.2,105.64,8,11,108.26,13,12.2,114.3,64,13,116.22,97,13.2,118.22,892,14,120.15,1429,OL,124.81,11,,,,,,,,,,,,,,,,,,,,,,,,,,,,,,,,,,,,,,,,,,,,,,,,,,,,,,,,,,,,,,,,,,,,,,,,,,,,,,,,,,,,,,,,,,,,,,,,,,,,,,,,,,,,,,,,,,,,,,,,,,,,,,,,,,,,,,,,,,,,,,,,,,,,,,,,,,,,,,,,,,,,,,,,,,,,,,,,,,,,,,,,,,,,,,,,,,,,,,,,,,,,,,,,,,,,,,,,,,,,,,,,,,,,,,,,,,,,,,,,,,,,,,,,,,,,,,,,,,,,,,,,,,,,,,,,,,,,,,,
A03_RD14-0003-43d3-15-0.2IP-Q1.1_001.20sec.fsa,vWA,Y,12,155.79,35,13,160,1183,15,167.98,6,16,172.22,79,17,176.31,727,OL,177.51,8,OL,179.12,7,OL,199.35,8,24,204.75,6,25,208.63,8,,,,,,,,,,,,,,,,,,,,,,,,,,,,,,,,,,,,,,,,,,,,,,,,,,,,,,,,,,,,,,,,,,,,,,,,,,,,,,,,,,,,,,,,,,,,,,,,,,,,,,,,,,,,,,,,,,,,,,,,,,,,,,,,,,,,,,,,,,,,,,,,,,,,,,,,,,,,,,,,,,,,,,,,,,,,,,,,,,,,,,,,,,,,,,,,,,,,,,,,,,,,,,,,,,,,,,,,,,,,,,,,,,,,,,,,,,,,,,,,,,,,,,,,,,,,,,,,,,,,,,,,,,,,,,
A03_RD14-0003-43d3-15-0.2IP-Q1.1_001.20sec.fsa,TPOX,Y,6,220.74,7,8,228.73,629,10,236.76,39,11,240.77,1281,OL,246.37,5,,,,,,,,,,,,,,,,,,,,,,,,,,,,,,,,,,,,,,,,,,,,,,,,,,,,,,,,,,,,,,,,,,,,,,,,,,,,,,,,,,,,,,,,,,,,,,,,,,,,,,,,,,,,,,,,,,,,,,,,,,,,,,,,,,,,,,,,,,,,,,,,,,,,,,,,,,,,,,,,,,,,,,,,,,,,,,,,,,,,,,,,,,,,,,,,,,,,,,,,,,,,,,,,,,,,,,,,,,,,,,,,,,,,,,,,,,,,,,,,,,,,,,,,,,,,,,,,,,,,,,,,,,,,,,,,,,,,,,,,,,,,,
A03_RD14-0003-43d3-15-0.2IP-Q1.1_001.20sec.fsa,D18S51,Y,7,260.75,4,OL,261.59,8,10,272.7,7,OL,275.75,4,OL,293.94,7,17,301.16,94,17.2,302.91,7,18,305.09,822,19,309.08,678,21.2,319.82,13,OL,326.34,12,OL,328.44,7,OL,331.5,7,OL,338.45,8,OL,339.22,6,27,341.59,7,OL,346.62,6,,,,,,,,,,,,,,,,,,,,,,,,,,,,,,,,,,,,,,,,,,,,,,,,,,,,,,,,,,,,,,,,,,,,,,,,,,,,,,,,,,,,,,,,,,,,,,,,,,,,,,,,,,,,,,,,,,,,,,,,,,,,,,,,,,,,,,,,,,,,,,,,,,,,,,,,,,,,,,,,,,,,,,,,,,,,,,,,,,,,,,,,,,,,,,,,,,,,,,,,,,,,,,,,,,,,,,,,,,,,,,,,,,,,,,,,,,,,,,,,,,,,,,,,,
A03_RD14-0003-43d3-15-0.2IP-Q1.1_001.20sec.fsa,AMEL,R,X,104.87,818,Y,110.87,1094,,,,,,,,,,,,,,,,,,,,,,,,,,,,,,,,,,,,,,,,,,,,,,,,,,,,,,,,,,,,,,,,,,,,,,,,,,,,,,,,,,,,,,,,,,,,,,,,,,,,,,,,,,,,,,,,,,,,,,,,,,,,,,,,,,,,,,,,,,,,,,,,,,,,,,,,,,,,,,,,,,,,,,,,,,,,,,,,,,,,,,,,,,,,,,,,,,,,,,,,,,,,,,,,,,,,,,,,,,,,,,,,,,,,,,,,,,,,,,,,,,,,,,,,,,,,,,,,,,,,,,,,,,,,,,,,,,,,,,,,,,,,,,,,,,,,,,
A03_RD14-0003-43d3-15-0.2IP-Q1.1_001.20sec.fsa,D5S818,R,OL,134.31,7,9,140.48,10,10,144.7,51,11,148.86,646,12,152.96,523,OL,156.6,7,OL,158.13,7,14,160.96,9,OL,166.14,9,OL,167.18,4,17,173.26,8,,,,,,,,,,,,,,,,,,,,,,,,,,,,,,,,,,,,,,,,,,,,,,,,,,,,,,,,,,,,,,,,,,,,,,,,,,,,,,,,,,,,,,,,,,,,,,,,,,,,,,,,,,,,,,,,,,,,,,,,,,,,,,,,,,,,,,,,,,,,,,,,,,,,,,,,,,,,,,,,,,,,,,,,,,,,,,,,,,,,,,,,,,,,,,,,,,,,,,,,,,,,,,,,,,,,,,,,,,,,,,,,,,,,,,,,,,,,,,,,,,,,,,,,,,,,,,,,,,,,,,,,,,,
A03_RD14-0003-43d3-15-0.2IP-Q1.1_001.20sec.fsa,FGA,R,20,225.1,39,21,229.15,532,OL,232.54,7,27,253.53,34,28,257.55,421,OL,274.99,6,OL,311.23,6,OL,331.15,6,OL,333.16,11,OL,338.79,7,OL,349.45,7,OL,350.16,3,,,,,,,,,,,,,,,,,,,,,,,,,,,,,,,,,,,,,,,,,,,,,,,,,,,,,,,,,,,,,,,,,,,,,,,,,,,,,,,,,,,,,,,,,,,,,,,,,,,,,,,,,,,,,,,,,,,,,,,,,,,,,,,,,,,,,,,,,,,,,,,,,,,,,,,,,,,,,,,,,,,,,,,,,,,,,,,,,,,,,,,,,,,,,,,,,,,,,,,,,,,,,,,,,,,,,,,,,,,,,,,,,,,,,,,,,,,,,,,,,,,,,,,,,,,,,,,,,,,,,,,,
A04_RD14-0003-43d3-30-0.0078IP-Q1.3_001.20sec.fsa,D8S1179,B,OL,112.32,6,OL,114,6,8,122.1,28,OL,122.7,31,10,129.61,8,11,133.69,77,12,137.88,10,OL,139.06,4,OL,140.08,9,13,141.99,147,OL,158.05,3,OL,160.08,8,OL,169.49,4,OL,171.9,7,OL,173.1,3,OL,175.1,4,OL,177.75,7,,,,,,,,,,,,,,,,,,,,,,,,,,,,,,,,,,,,,,,,,,,,,,,,,,,,,,,,,,,,,,,,,,,,,,,,,,,,,,,,,,,,,,,,,,,,,,,,,,,,,,,,,,,,,,,,,,,,,,,,,,,,,,,,,,,,,,,,,,,,,,,,,,,,,,,,,,,,,,,,,,,,,,,,,,,,,,,,,,,,,,,,,,,,,,,,,,,,,,,,,,,,,,,,,,,,,,,,,,,,,,,,,,,,,,,,,,,,,,,,,,,,,,,,,
A04_RD14-0003-43d3-30-0.0078IP-Q1.3_001.20sec.fsa,D21S11,B,24,182.21,2,OL,198.11,4,28,198.93,4,OL,200,10,29,202.57,35,OL,209.93,4,31,211.07,5,OL,213.92,8,OL,221.49,6,OL,228.31,2,37,234.98,4,OL,240,7,,,,,,,,,,,,,,,,,,,,,,,,,,,,,,,,,,,,,,,,,,,,,,,,,,,,,,,,,,,,,,,,,,,,,,,,,,,,,,,,,,,,,,,,,,,,,,,,,,,,,,,,,,,,,,,,,,,,,,,,,,,,,,,,,,,,,,,,,,,,,,,,,,,,,,,,,,,,,,,,,,,,,,,,,,,,,,,,,,,,,,,,,,,,,,,,,,,,,,,,,,,,,,,,,,,,,,,,,,,,,,,,,,,,,,,,,,,,,,,,,,,,,,,,,,,,,,,,,,,,,,,,
A04_RD14-0003-43d3-30-0.0078IP-Q1.3_001.20sec.fsa,D7S820,B,OL,248.73,3,5,250,10,OL,252.73,7,7,258.27,5,8,262.02,27,OL,264.8,9,OL,280.17,11,OL,283.45,4,16,294.17,3,,,,,,,,,,,,,,,,,,,,,,,,,,,,,,,,,,,,,,,,,,,,,,,,,,,,,,,,,,,,,,,,,,,,,,,,,,,,,,,,,,,,,,,,,,,,,,,,,,,,,,,,,,,,,,,,,,,,,,,,,,,,,,,,,,,,,,,,,,,,,,,,,,,,,,,,,,,,,,,,,,,,,,,,,,,,,,,,,,,,,,,,,,,,,,,,,,,,,,,,,,,,,,,,,,,,,,,,,,,,,,,,,,,,,,,,,,,,,,,,,,,,,,,,,,,,,,,,,,,,,,,,,,,,,,,,,
A04_RD14-0003-43d3-30-0.0078IP-Q1.3_001.20sec.fsa,CSF1PO,B,OL,300,15,OL,314.09,7,OL,316.26,3,10,318.72,70,12,326.74,31,OL,336.07,4,OL,340,12,OL,341.6,2,,,,,,,,,,,,,,,,,,,,,,,,,,,,,,,,,,,,,,,,,,,,,,,,,,,,,,,,,,,,,,,,,,,,,,,,,,,,,,,,,,,,,,,,,,,,,,,,,,,,,,,,,,,,,,,,,,,,,,,,,,,,,,,,,,,,,,,,,,,,,,,,,,,,,,,,,,,,,,,,,,,,,,,,,,,,,,,,,,,,,,,,,,,,,,,,,,,,,,,,,,,,,,,,,,,,,,,,,,,,,,,,,,,,,,,,,,,,,,,,,,,,,,,,,,,,,,,,,,,,,,,,,,,,,,,,,,,,
A04_RD14-0003-43d3-30-0.0078IP-Q1.3_001.20sec.fsa,D3S1358,G,OL,95.83,13,OL,98.63,8,OL,102.71,10,11,106.03,7,OL,108.41,7,14,118.15,8,OL,120.45,4,15,122.25,107,OL,127.39,3,OL,139.69,8,,,,,,,,,,,,,,,,,,,,,,,,,,,,,,,,,,,,,,,,,,,,,,,,,,,,,,,,,,,,,,,,,,,,,,,,,,,,,,,,,,,,,,,,,,,,,,,,,,,,,,,,,,,,,,,,,,,,,,,,,,,,,,,,,,,,,,,,,,,,,,,,,,,,,,,,,,,,,,,,,,,,,,,,,,,,,,,,,,,,,,,,,,,,,,,,,,,,,,,,,,,,,,,,,,,,,,,,,,,,,,,,,,,,,,,,,,,,,,,,,,,,,,,,,,,,,,,,,,,,,,,,,,,,,,
A04_RD14-0003-43d3-30-0.0078IP-Q1.3_001.20sec.fsa,TH01,G,OL,158.13,5,4,160.32,4,OL,161.04,5,OL,166.38,6,OL,181.72,5,OL,184.42,10,OL,190.73,10,OL,193.68,5,,,,,,,,,,,,,,,,,,,,,,,,,,,,,,,,,,,,,,,,,,,,,,,,,,,,,,,,,,,,,,,,,,,,,,,,,,,,,,,,,,,,,,,,,,,,,,,,,,,,,,,,,,,,,,,,,,,,,,,,,,,,,,,,,,,,,,,,,,,,,,,,,,,,,,,,,,,,,,,,,,,,,,,,,,,,,,,,,,,,,,,,,,,,,,,,,,,,,,,,,,,,,,,,,,,,,,,,,,,,,,,,,,,,,,,,,,,,,,,,,,,,,,,,,,,,,,,,,,,,,,,,,,,,,,,,,,,,
A04_RD14-0003-43d3-30-0.0078IP-Q1.3_001.20sec.fsa,D13S317,G,OL,214.25,7,OL,218.75,5,14,239.58,7,OL,240.77,6,,,,,,,,,,,,,,,,,,,,,,,,,,,,,,,,,,,,,,,,,,,,,,,,,,,,,,,,,,,,,,,,,,,,,,,,,,,,,,,,,,,,,,,,,,,,,,,,,,,,,,,,,,,,,,,,,,,,,,,,,,,,,,,,,,,,,,,,,,,,,,,,,,,,,,,,,,,,,,,,,,,,,,,,,,,,,,,,,,,,,,,,,,,,,,,,,,,,,,,,,,,,,,,,,,,,,,,,,,,,,,,,,,,,,,,,,,,,,,,,,,,,,,,,,,,,,,,,,,,,,,,,,,,,,,,,,,,,,,,,,,,,,,,,
A04_RD14-0003-43d3-30-0.0078IP-Q1.3_001.20sec.fsa,D16S539,G,OL,250.75,17,OL,253.56,3,OL,260.34,6,OL,261.26,4,OL,264.04,6,OL,267.93,2,12,279.32,6,12.2,280.84,8,OL,284.21,3,OL,286.07,4,14,287.58,4,OL,288.6,9,,,,,,,,,,,,,,,,,,,,,,,,,,,,,,,,,,,,,,,,,,,,,,,,,,,,,,,,,,,,,,,,,,,,,,,,,,,,,,,,,,,,,,,,,,,,,,,,,,,,,,,,,,,,,,,,,,,,,,,,,,,,,,,,,,,,,,,,,,,,,,,,,,,,,,,,,,,,,,,,,,,,,,,,,,,,,,,,,,,,,,,,,,,,,,,,,,,,,,,,,,,,,,,,,,,,,,,,,,,,,,,,,,,,,,,,,,,,,,,,,,,,,,,,,,,,,,,,,,,,,,,,
A04_RD14-0003-43d3-30-0.0078IP-Q1.3_001.20sec.fsa,D2S1338,G,15,304.7,6,OL,305.64,5,OL,314.63,5,19,320.98,32,OL,324.35,3,OL,334.58,8,OL,336.59,4,23,337.55,3,OL,348.34,4,OL,355.19,5,OL,360.53,6,29,361.42,4,,,,,,,,,,,,,,,,,,,,,,,,,,,,,,,,,,,,,,,,,,,,,,,,,,,,,,,,,,,,,,,,,,,,,,,,,,,,,,,,,,,,,,,,,,,,,,,,,,,,,,,,,,,,,,,,,,,,,,,,,,,,,,,,,,,,,,,,,,,,,,,,,,,,,,,,,,,,,,,,,,,,,,,,,,,,,,,,,,,,,,,,,,,,,,,,,,,,,,,,,,,,,,,,,,,,,,,,,,,,,,,,,,,,,,,,,,,,,,,,,,,,,,,,,,,,,,,,,,,,,,,,
A04_RD14-0003-43d3-30-0.0078IP-Q1.3_001.20sec.fsa,D19S433,Y,10.2,106.33,9,OL,109.48,12,12,112.17,5,14,120.15,45,15,123.75,9,15,124.36,8,,,,,,,,,,,,,,,,,,,,,,,,,,,,,,,,,,,,,,,,,,,,,,,,,,,,,,,,,,,,,,,,,,,,,,,,,,,,,,,,,,,,,,,,,,,,,,,,,,,,,,,,,,,,,,,,,,,,,,,,,,,,,,,,,,,,,,,,,,,,,,,,,,,,,,,,,,,,,,,,,,,,,,,,,,,,,,,,,,,,,,,,,,,,,,,,,,,,,,,,,,,,,,,,,,,,,,,,,,,,,,,,,,,,,,,,,,,,,,,,,,,,,,,,,,,,,,,,,,,,,,,,,,,,,,,,,,,,,,,,,,
A04_RD14-0003-43d3-30-0.0078IP-Q1.3_001.20sec.fsa,vWA,Y,OL,154.09,8,OL,164.94,9,OL,165.74,10,17,176.3,69,OL,193.43,10,OL,194.33,11,OL,198.44,5,OL,203.62,17,,,,,,,,,,,,,,,,,,,,,,,,,,,,,,,,,,,,,,,,,,,,,,,,,,,,,,,,,,,,,,,,,,,,,,,,,,,,,,,,,,,,,,,,,,,,,,,,,,,,,,,,,,,,,,,,,,,,,,,,,,,,,,,,,,,,,,,,,,,,,,,,,,,,,,,,,,,,,,,,,,,,,,,,,,,,,,,,,,,,,,,,,,,,,,,,,,,,,,,,,,,,,,,,,,,,,,,,,,,,,,,,,,,,,,,,,,,,,,,,,,,,,,,,,,,,,,,,,,,,,,,,,,,,,,,,,,,,
A04_RD14-0003-43d3-30-0.0078IP-Q1.3_001.20sec.fsa,TPOX,Y,OL,217.91,12,7,225.06,8,8,228.56,59,OL,235.4,10,10,236.9,11,11,240.68,119,OL,245.69,8,,,,,,,,,,,,,,,,,,,,,,,,,,,,,,,,,,,,,,,,,,,,,,,,,,,,,,,,,,,,,,,,,,,,,,,,,,,,,,,,,,,,,,,,,,,,,,,,,,,,,,,,,,,,,,,,,,,,,,,,,,,,,,,,,,,,,,,,,,,,,,,,,,,,,,,,,,,,,,,,,,,,,,,,,,,,,,,,,,,,,,,,,,,,,,,,,,,,,,,,,,,,,,,,,,,,,,,,,,,,,,,,,,,,,,,,,,,,,,,,,,,,,,,,,,,,,,,,,,,,,,,,,,,,,,,,,,,,,,,
A04_RD14-0003-43d3-30-0.0078IP-Q1.3_001.20sec.fsa,D18S51,Y,OL,263.54,5,OL,267.34,6,OL,280.59,6,OL,281.94,5,15,292.82,9,OL,294.59,8,19.2,310.61,5,OL,320.8,7,,,,,,,,,,,,,,,,,,,,,,,,,,,,,,,,,,,,,,,,,,,,,,,,,,,,,,,,,,,,,,,,,,,,,,,,,,,,,,,,,,,,,,,,,,,,,,,,,,,,,,,,,,,,,,,,,,,,,,,,,,,,,,,,,,,,,,,,,,,,,,,,,,,,,,,,,,,,,,,,,,,,,,,,,,,,,,,,,,,,,,,,,,,,,,,,,,,,,,,,,,,,,,,,,,,,,,,,,,,,,,,,,,,,,,,,,,,,,,,,,,,,,,,,,,,,,,,,,,,,,,,,,,,,,,,,,,,,
A04_RD14-0003-43d3-30-0.0078IP-Q1.3_001.20sec.fsa,AMEL,R,X,105.02,42,,,,,,,,,,,,,,,,,,,,,,,,,,,,,,,,,,,,,,,,,,,,,,,,,,,,,,,,,,,,,,,,,,,,,,,,,,,,,,,,,,,,,,,,,,,,,,,,,,,,,,,,,,,,,,,,,,,,,,,,,,,,,,,,,,,,,,,,,,,,,,,,,,,,,,,,,,,,,,,,,,,,,,,,,,,,,,,,,,,,,,,,,,,,,,,,,,,,,,,,,,,,,,,,,,,,,,,,,,,,,,,,,,,,,,,,,,,,,,,,,,,,,,,,,,,,,,,,,,,,,,,,,,,,,,,,,,,,,,,,,,,,,,,,,,,,,,,,,
A04_RD14-0003-43d3-30-0.0078IP-Q1.3_001.20sec.fsa,D5S818,R,OL,129.53,10,OL,142.47,9,11,148.86,124,OL,151.27,4,13,157,8,OL,166.54,7,16,169.25,9,,,,,,,,,,,,,,,,,,,,,,,,,,,,,,,,,,,,,,,,,,,,,,,,,,,,,,,,,,,,,,,,,,,,,,,,,,,,,,,,,,,,,,,,,,,,,,,,,,,,,,,,,,,,,,,,,,,,,,,,,,,,,,,,,,,,,,,,,,,,,,,,,,,,,,,,,,,,,,,,,,,,,,,,,,,,,,,,,,,,,,,,,,,,,,,,,,,,,,,,,,,,,,,,,,,,,,,,,,,,,,,,,,,,,,,,,,,,,,,,,,,,,,,,,,,,,,,,,,,,,,,,,,,,,,,,,,,,,,,
A04_RD14-0003-43d3-30-0.0078IP-Q1.3_001.20sec.fsa,FGA,R,OL,204.02,7,OL,207.01,8,17,212.94,10,17.2,214.5,8,OL,224.15,5,OL,232.47,6,OL,236.07,8,OL,248.39,8,26,249.24,9,28,257.44,27,OL,260.76,8,OL,290.87,8,OL,291.63,5,OL,295.1,8,OL,297.29,10,OL,300.58,4,OL,310.35,8,OL,313.65,7,OL,314.9,6,OL,325.5,4,OL,337.38,5,OL,345.41,6,OL,355.1,8,,,,,,,,,,,,,,,,,,,,,,,,,,,,,,,,,,,,,,,,,,,,,,,,,,,,,,,,,,,,,,,,,,,,,,,,,,,,,,,,,,,,,,,,,,,,,,,,,,,,,,,,,,,,,,,,,,,,,,,,,,,,,,,,,,,,,,,,,,,,,,,,,,,,,,,,,,,,,,,,,,,,,,,,,,,,,,,,,,,,,,,,,,,,,,,,,,,,,,,,,,,,,,,,,,,,,,,,,,,,,,,,,,,,,,,
A05_RD14-0003-43d2-45-0.0078IP-Q1.5_001.20sec.fsa,D8S1179,B,OL,120.08,5,OL,122.44,26,OL,136.32,5,12,137.79,4,OL,140.08,5,OL,143.83,8,OL,147.93,3,OL,159.92,8,18,162.58,8,19,166.84,4,OL,169.6,5,,,,,,,,,,,,,,,,,,,,,,,,,,,,,,,,,,,,,,,,,,,,,,,,,,,,,,,,,,,,,,,,,,,,,,,,,,,,,,,,,,,,,,,,,,,,,,,,,,,,,,,,,,,,,,,,,,,,,,,,,,,,,,,,,,,,,,,,,,,,,,,,,,,,,,,,,,,,,,,,,,,,,,,,,,,,,,,,,,,,,,,,,,,,,,,,,,,,,,,,,,,,,,,,,,,,,,,,,,,,,,,,,,,,,,,,,,,,,,,,,,,,,,,,,,,,,,,,,,,,,,,,,,,
A05_RD14-0003-43d2-45-0.0078IP-Q1.5_001.20sec.fsa,D21S11,B,23.2,180,11,OL,199.83,8,OL,209.76,4,OL,214,8,OL,220,7,35,227.32,3,OL,240,10,,,,,,,,,,,,,,,,,,,,,,,,,,,,,,,,,,,,,,,,,,,,,,,,,,,,,,,,,,,,,,,,,,,,,,,,,,,,,,,,,,,,,,,,,,,,,,,,,,,,,,,,,,,,,,,,,,,,,,,,,,,,,,,,,,,,,,,,,,,,,,,,,,,,,,,,,,,,,,,,,,,,,,,,,,,,,,,,,,,,,,,,,,,,,,,,,,,,,,,,,,,,,,,,,,,,,,,,,,,,,,,,,,,,,,,,,,,,,,,,,,,,,,,,,,,,,,,,,,,,,,,,,,,,,,,,,,,,,,,
A05_RD14-0003-43d2-45-0.0078IP-Q1.5_001.20sec.fsa,D7S820,B,5,250.09,5,5.2,251.96,3,OL,257.55,2,OL,260,7,8,261.9,6,OL,263.46,2,OL,264.84,3,9,266.06,45,12,278.34,6,OL,280,11,OL,283.81,5,OL,286.93,5,,,,,,,,,,,,,,,,,,,,,,,,,,,,,,,,,,,,,,,,,,,,,,,,,,,,,,,,,,,,,,,,,,,,,,,,,,,,,,,,,,,,,,,,,,,,,,,,,,,,,,,,,,,,,,,,,,,,,,,,,,,,,,,,,,,,,,,,,,,,,,,,,,,,,,,,,,,,,,,,,,,,,,,,,,,,,,,,,,,,,,,,,,,,,,,,,,,,,,,,,,,,,,,,,,,,,,,,,,,,,,,,,,,,,,,,,,,,,,,,,,,,,,,,,,,,,,,,,,,,,,,,
A05_RD14-0003-43d2-45-0.0078IP-Q1.5_001.20sec.fsa,CSF1PO,B,5,298.61,2,OL,299.83,7,OL,305.23,3,OL,313.82,7,10,318.7,31,OL,319.91,9,OL,328.09,3,OL,340,15,,,,,,,,,,,,,,,,,,,,,,,,,,,,,,,,,,,,,,,,,,,,,,,,,,,,,,,,,,,,,,,,,,,,,,,,,,,,,,,,,,,,,,,,,,,,,,,,,,,,,,,,,,,,,,,,,,,,,,,,,,,,,,,,,,,,,,,,,,,,,,,,,,,,,,,,,,,,,,,,,,,,,,,,,,,,,,,,,,,,,,,,,,,,,,,,,,,,,,,,,,,,,,,,,,,,,,,,,,,,,,,,,,,,,,,,,,,,,,,,,,,,,,,,,,,,,,,,,,,,,,,,,,,,,,,,,,,,
A05_RD14-0003-43d2-45-0.0078IP-Q1.5_001.20sec.fsa,D3S1358,G,OL,98.8,6,OL,99.68,8,OL,102.36,5,12,109.98,10,OL,115.25,14,OL,119.53,7,15,122.44,122,20,142,7,OL,144.08,9,,,,,,,,,,,,,,,,,,,,,,,,,,,,,,,,,,,,,,,,,,,,,,,,,,,,,,,,,,,,,,,,,,,,,,,,,,,,,,,,,,,,,,,,,,,,,,,,,,,,,,,,,,,,,,,,,,,,,,,,,,,,,,,,,,,,,,,,,,,,,,,,,,,,,,,,,,,,,,,,,,,,,,,,,,,,,,,,,,,,,,,,,,,,,,,,,,,,,,,,,,,,,,,,,,,,,,,,,,,,,,,,,,,,,,,,,,,,,,,,,,,,,,,,,,,,,,,,,,,,,,,,,,,,,,,,,
A05_RD14-0003-43d2-45-0.0078IP-Q1.5_001.20sec.fsa,TH01,G,OL,159.75,7,OL,177.65,3,OL,178.99,8,OL,182.65,5,9.3,183.84,97,OL,193.75,5,13,196.66,4,OL,198.46,6,OL,199.57,6,,,,,,,,,,,,,,,,,,,,,,,,,,,,,,,,,,,,,,,,,,,,,,,,,,,,,,,,,,,,,,,,,,,,,,,,,,,,,,,,,,,,,,,,,,,,,,,,,,,,,,,,,,,,,,,,,,,,,,,,,,,,,,,,,,,,,,,,,,,,,,,,,,,,,,,,,,,,,,,,,,,,,,,,,,,,,,,,,,,,,,,,,,,,,,,,,,,,,,,,,,,,,,,,,,,,,,,,,,,,,,,,,,,,,,,,,,,,,,,,,,,,,,,,,,,,,,,,,,,,,,,,,,,,,,,,,
A05_RD14-0003-43d2-45-0.0078IP-Q1.5_001.20sec.fsa,D13S317,G,OL,206.47,5,OL,208.32,5,OL,209.34,8,11,226.89,4,OL,230.5,7,OL,233.01,4,,,,,,,,,,,,,,,,,,,,,,,,,,,,,,,,,,,,,,,,,,,,,,,,,,,,,,,,,,,,,,,,,,,,,,,,,,,,,,,,,,,,,,,,,,,,,,,,,,,,,,,,,,,,,,,,,,,,,,,,,,,,,,,,,,,,,,,,,,,,,,,,,,,,,,,,,,,,,,,,,,,,,,,,,,,,,,,,,,,,,,,,,,,,,,,,,,,,,,,,,,,,,,,,,,,,,,,,,,,,,,,,,,,,,,,,,,,,,,,,,,,,,,,,,,,,,,,,,,,,,,,,,,,,,,,,,,,,,,,,,,
A05_RD14-0003-43d2-45-0.0078IP-Q1.5_001.20sec.fsa,D16S539,G,OL,253.31,3,OL,258.56,2,OL,272.31,4,11,275.02,6,OL,277.72,5,12,279.56,7,OL,286.32,4,OL,288.92,6,OL,289.61,7,16,295.24,8,,,,,,,,,,,,,,,,,,,,,,,,,,,,,,,,,,,,,,,,,,,,,,,,,,,,,,,,,,,,,,,,,,,,,,,,,,,,,,,,,,,,,,,,,,,,,,,,,,,,,,,,,,,,,,,,,,,,,,,,,,,,,,,,,,,,,,,,,,,,,,,,,,,,,,,,,,,,,,,,,,,,,,,,,,,,,,,,,,,,,,,,,,,,,,,,,,,,,,,,,,,,,,,,,,,,,,,,,,,,,,,,,,,,,,,,,,,,,,,,,,,,,,,,,,,,,,,,,,,,,,,,,,,,,,
A05_RD14-0003-43d2-45-0.0078IP-Q1.5_001.20sec.fsa,D2S1338,G,OL,301.62,6,OL,316.21,5,OL,319.26,7,OL,322.43,3,OL,326.83,6,OL,327.55,4,OL,332.28,4,OL,339.38,8,OL,340.54,9,OL,344.23,5,OL,360.54,7,,,,,,,,,,,,,,,,,,,,,,,,,,,,,,,,,,,,,,,,,,,,,,,,,,,,,,,,,,,,,,,,,,,,,,,,,,,,,,,,,,,,,,,,,,,,,,,,,,,,,,,,,,,,,,,,,,,,,,,,,,,,,,,,,,,,,,,,,,,,,,,,,,,,,,,,,,,,,,,,,,,,,,,,,,,,,,,,,,,,,,,,,,,,,,,,,,,,,,,,,,,,,,,,,,,,,,,,,,,,,,,,,,,,,,,,,,,,,,,,,,,,,,,,,,,,,,,,,,,,,,,,,,,
A05_RD14-0003-43d2-45-0.0078IP-Q1.5_001.20sec.fsa,D19S433,Y,OL,97.52,9,OL,102.77,11,OL,107.63,10,OL,116.96,9,14,120.24,68,OL,121.34,7,15,123.94,10,OL,126.88,8,OL,130.73,8,OL,131.53,8,OL,132.75,10,OL,136.89,4,,,,,,,,,,,,,,,,,,,,,,,,,,,,,,,,,,,,,,,,,,,,,,,,,,,,,,,,,,,,,,,,,,,,,,,,,,,,,,,,,,,,,,,,,,,,,,,,,,,,,,,,,,,,,,,,,,,,,,,,,,,,,,,,,,,,,,,,,,,,,,,,,,,,,,,,,,,,,,,,,,,,,,,,,,,,,,,,,,,,,,,,,,,,,,,,,,,,,,,,,,,,,,,,,,,,,,,,,,,,,,,,,,,,,,,,,,,,,,,,,,,,,,,,,,,,,,,,,,,,,,,,
A05_RD14-0003-43d2-45-0.0078IP-Q1.5_001.20sec.fsa,vWA,Y,OL,149.61,10,OL,150.87,7,11,152.14,8,OL,152.98,7,OL,162.75,3,14,164.59,13,OL,165.34,12,OL,179.41,10,OL,181.2,5,19,184.53,9,OL,197.78,12,OL,201.76,9,OL,207.65,12,,,,,,,,,,,,,,,,,,,,,,,,,,,,,,,,,,,,,,,,,,,,,,,,,,,,,,,,,,,,,,,,,,,,,,,,,,,,,,,,,,,,,,,,,,,,,,,,,,,,,,,,,,,,,,,,,,,,,,,,,,,,,,,,,,,,,,,,,,,,,,,,,,,,,,,,,,,,,,,,,,,,,,,,,,,,,,,,,,,,,,,,,,,,,,,,,,,,,,,,,,,,,,,,,,,,,,,,,,,,,,,,,,,,,,,,,,,,,,,,,,,,,,,,,,,,,,,,,,,,,
A05_RD14-0003-43d2-45-0.0078IP-Q1.5_001.20sec.fsa,TPOX,Y,OL,219.65,6,OL,223.44,5,OL,229.99,9,OL,235.34,11,OL,237.67,10,OL,239.48,10,12,244.66,7,OL,248.34,6,OL,256.87,7,,,,,,,,,,,,,,,,,,,,,,,,,,,,,,,,,,,,,,,,,,,,,,,,,,,,,,,,,,,,,,,,,,,,,,,,,,,,,,,,,,,,,,,,,,,,,,,,,,,,,,,,,,,,,,,,,,,,,,,,,,,,,,,,,,,,,,,,,,,,,,,,,,,,,,,,,,,,,,,,,,,,,,,,,,,,,,,,,,,,,,,,,,,,,,,,,,,,,,,,,,,,,,,,,,,,,,,,,,,,,,,,,,,,,,,,,,,,,,,,,,,,,,,,,,,,,,,,,,,,,,,,,,,,,,,,,
A05_RD14-0003-43d2-45-0.0078IP-Q1.5_001.20sec.fsa,D18S51,Y,OL,261.38,5,9,269.27,6,OL,274.4,7,OL,298.09,12,22,321.89,9,OL,324.41,4,OL,328.8,7,,,,,,,,,,,,,,,,,,,,,,,,,,,,,,,,,,,,,,,,,,,,,,,,,,,,,,,,,,,,,,,,,,,,,,,,,,,,,,,,,,,,,,,,,,,,,,,,,,,,,,,,,,,,,,,,,,,,,,,,,,,,,,,,,,,,,,,,,,,,,,,,,,,,,,,,,,,,,,,,,,,,,,,,,,,,,,,,,,,,,,,,,,,,,,,,,,,,,,,,,,,,,,,,,,,,,,,,,,,,,,,,,,,,,,,,,,,,,,,,,,,,,,,,,,,,,,,,,,,,,,,,,,,,,,,,,,,,,,,
A05_RD14-0003-43d2-45-0.0078IP-Q1.5_001.20sec.fsa,AMEL,R,X,104.88,50,,,,,,,,,,,,,,,,,,,,,,,,,,,,,,,,,,,,,,,,,,,,,,,,,,,,,,,,,,,,,,,,,,,,,,,,,,,,,,,,,,,,,,,,,,,,,,,,,,,,,,,,,,,,,,,,,,,,,,,,,,,,,,,,,,,,,,,,,,,,,,,,,,,,,,,,,,,,,,,,,,,,,,,,,,,,,,,,,,,,,,,,,,,,,,,,,,,,,,,,,,,,,,,,,,,,,,,,,,,,,,,,,,,,,,,,,,,,,,,,,,,,,,,,,,,,,,,,,,,,,,,,,,,,,,,,,,,,,,,,,,,,,,,,,,,,,,,,,
A05_RD14-0003-43d2-45-0.0078IP-Q1.5_001.20sec.fsa,D5S818,R,OL,135.42,11,OL,137.95,7,12,152.98,59,OL,157.71,9,OL,172.45,12,,,,,,,,,,,,,,,,,,,,,,,,,,,,,,,,,,,,,,,,,,,,,,,,,,,,,,,,,,,,,,,,,,,,,,,,,,,,,,,,,,,,,,,,,,,,,,,,,,,,,,,,,,,,,,,,,,,,,,,,,,,,,,,,,,,,,,,,,,,,,,,,,,,,,,,,,,,,,,,,,,,,,,,,,,,,,,,,,,,,,,,,,,,,,,,,,,,,,,,,,,,,,,,,,,,,,,,,,,,,,,,,,,,,,,,,,,,,,,,,,,,,,,,,,,,,,,,,,,,,,,,,,,,,,,,,,,,,,,,,,,,,,
A05_RD14-0003-43d2-45-0.0078IP-Q1.5_001.20sec.fsa,FGA,R,OL,219.39,4,23,236.89,10,29,261.55,10,30.2,267.53,9,OL,284.33,10,OL,296.71,7,OL,299.39,3,OL,300.34,10,OL,306.88,8,OL,314.28,6,OL,320.81,10,OL,333.35,10,OL,336.99,10,48.2,340.63,5,OL,341.26,8,,,,,,,,,,,,,,,,,,,,,,,,,,,,,,,,,,,,,,,,,,,,,,,,,,,,,,,,,,,,,,,,,,,,,,,,,,,,,,,,,,,,,,,,,,,,,,,,,,,,,,,,,,,,,,,,,,,,,,,,,,,,,,,,,,,,,,,,,,,,,,,,,,,,,,,,,,,,,,,,,,,,,,,,,,,,,,,,,,,,,,,,,,,,,,,,,,,,,,,,,,,,,,,,,,,,,,,,,,,,,,,,,,,,,,,,,,,,,,,,,,,,,,,,,,,,,,,
A06_RD14-0003-44d3a-0.0625IP-Q0.9_001.20sec.fsa,D8S1179,B,OL,114,7,OL,115.39,6,OL,124.13,32,OL,131.56,5,12,137.9,6,13,142.38,4,14,146.16,33,15,150.37,431,OL,160,7,OL,172.2,3,,,,,,,,,,,,,,,,,,,,,,,,,,,,,,,,,,,,,,,,,,,,,,,,,,,,,,,,,,,,,,,,,,,,,,,,,,,,,,,,,,,,,,,,,,,,,,,,,,,,,,,,,,,,,,,,,,,,,,,,,,,,,,,,,,,,,,,,,,,,,,,,,,,,,,,,,,,,,,,,,,,,,,,,,,,,,,,,,,,,,,,,,,,,,,,,,,,,,,,,,,,,,,,,,,,,,,,,,,,,,,,,,,,,,,,,,,,,,,,,,,,,,,,,,,,,,,,,,,,,,,,,,,,,,,
A06_RD14-0003-44d3a-0.0625IP-Q0.9_001.20sec.fsa,D21S11,B,27,194.64,25,28,198.74,487,29,202.53,6,29.2,205.15,3,30,206.39,5,31,210.84,27,32,214.77,277,33,218.97,10,OL,220,7,33.2,220.84,5,35,227.32,5,OL,238.15,6,OL,240,12,,,,,,,,,,,,,,,,,,,,,,,,,,,,,,,,,,,,,,,,,,,,,,,,,,,,,,,,,,,,,,,,,,,,,,,,,,,,,,,,,,,,,,,,,,,,,,,,,,,,,,,,,,,,,,,,,,,,,,,,,,,,,,,,,,,,,,,,,,,,,,,,,,,,,,,,,,,,,,,,,,,,,,,,,,,,,,,,,,,,,,,,,,,,,,,,,,,,,,,,,,,,,,,,,,,,,,,,,,,,,,,,,,,,,,,,,,,,,,,,,,,,,,,,,,,,,,,,,,,,,
A06_RD14-0003-44d3a-0.0625IP-Q0.9_001.20sec.fsa,D7S820,B,5,249.74,9,8,262.19,193,8.2,264.21,4,9,266.06,12,10,270.19,136,OL,277.46,7,OL,290.8,4,,,,,,,,,,,,,,,,,,,,,,,,,,,,,,,,,,,,,,,,,,,,,,,,,,,,,,,,,,,,,,,,,,,,,,,,,,,,,,,,,,,,,,,,,,,,,,,,,,,,,,,,,,,,,,,,,,,,,,,,,,,,,,,,,,,,,,,,,,,,,,,,,,,,,,,,,,,,,,,,,,,,,,,,,,,,,,,,,,,,,,,,,,,,,,,,,,,,,,,,,,,,,,,,,,,,,,,,,,,,,,,,,,,,,,,,,,,,,,,,,,,,,,,,,,,,,,,,,,,,,,,,,,,,,,,,,,,,,,,
A06_RD14-0003-44d3a-0.0625IP-Q0.9_001.20sec.fsa,CSF1PO,B,5,298.82,6,OL,300,9,OL,301.73,4,OL,308.85,33,OL,314.09,5,OL,315.18,1,11,322.9,113,12,327.01,265,OL,337.36,4,OL,339.75,7,OL,343.38,8,,,,,,,,,,,,,,,,,,,,,,,,,,,,,,,,,,,,,,,,,,,,,,,,,,,,,,,,,,,,,,,,,,,,,,,,,,,,,,,,,,,,,,,,,,,,,,,,,,,,,,,,,,,,,,,,,,,,,,,,,,,,,,,,,,,,,,,,,,,,,,,,,,,,,,,,,,,,,,,,,,,,,,,,,,,,,,,,,,,,,,,,,,,,,,,,,,,,,,,,,,,,,,,,,,,,,,,,,,,,,,,,,,,,,,,,,,,,,,,,,,,,,,,,,,,,,,,,,,,,,,,,,,,
A06_RD14-0003-44d3a-0.0625IP-Q0.9_001.20sec.fsa,D3S1358,G,OL,98.9,5,OL,116.31,14,14,118.31,16,15,122.33,255,16,126.49,292,,,,,,,,,,,,,,,,,,,,,,,,,,,,,,,,,,,,,,,,,,,,,,,,,,,,,,,,,,,,,,,,,,,,,,,,,,,,,,,,,,,,,,,,,,,,,,,,,,,,,,,,,,,,,,,,,,,,,,,,,,,,,,,,,,,,,,,,,,,,,,,,,,,,,,,,,,,,,,,,,,,,,,,,,,,,,,,,,,,,,,,,,,,,,,,,,,,,,,,,,,,,,,,,,,,,,,,,,,,,,,,,,,,,,,,,,,,,,,,,,,,,,,,,,,,,,,,,,,,,,,,,,,,,,,,,,,,,,,,,,,,,,
A06_RD14-0003-44d3a-0.0625IP-Q0.9_001.20sec.fsa,TH01,G,OL,159.67,7,5,164.5,13,OL,166.46,7,6,168.67,565,OL,173.59,5,9.3,183.93,281,10.3,187.45,4,11,188.78,2,,,,,,,,,,,,,,,,,,,,,,,,,,,,,,,,,,,,,,,,,,,,,,,,,,,,,,,,,,,,,,,,,,,,,,,,,,,,,,,,,,,,,,,,,,,,,,,,,,,,,,,,,,,,,,,,,,,,,,,,,,,,,,,,,,,,,,,,,,,,,,,,,,,,,,,,,,,,,,,,,,,,,,,,,,,,,,,,,,,,,,,,,,,,,,,,,,,,,,,,,,,,,,,,,,,,,,,,,,,,,,,,,,,,,,,,,,,,,,,,,,,,,,,,,,,,,,,,,,,,,,,,,,,,,,,,,,,,
A06_RD14-0003-44d3a-0.0625IP-Q0.9_001.20sec.fsa,D13S317,G,OL,207.21,8,8,215.11,406,OL,226.73,6,OL,230.68,15,OL,235.97,9,15,243.77,6,,,,,,,,,,,,,,,,,,,,,,,,,,,,,,,,,,,,,,,,,,,,,,,,,,,,,,,,,,,,,,,,,,,,,,,,,,,,,,,,,,,,,,,,,,,,,,,,,,,,,,,,,,,,,,,,,,,,,,,,,,,,,,,,,,,,,,,,,,,,,,,,,,,,,,,,,,,,,,,,,,,,,,,,,,,,,,,,,,,,,,,,,,,,,,,,,,,,,,,,,,,,,,,,,,,,,,,,,,,,,,,,,,,,,,,,,,,,,,,,,,,,,,,,,,,,,,,,,,,,,,,,,,,,,,,,,,,,,,,,,,
A06_RD14-0003-44d3a-0.0625IP-Q0.9_001.20sec.fsa,D16S539,G,OL,250.33,6,OL,257.42,10,9,267.07,28,10,271.37,339,11,275.26,251,12,278.98,9,OL,286.67,6,14,287.6,9,OL,293.25,6,16,295.53,32,,,,,,,,,,,,,,,,,,,,,,,,,,,,,,,,,,,,,,,,,,,,,,,,,,,,,,,,,,,,,,,,,,,,,,,,,,,,,,,,,,,,,,,,,,,,,,,,,,,,,,,,,,,,,,,,,,,,,,,,,,,,,,,,,,,,,,,,,,,,,,,,,,,,,,,,,,,,,,,,,,,,,,,,,,,,,,,,,,,,,,,,,,,,,,,,,,,,,,,,,,,,,,,,,,,,,,,,,,,,,,,,,,,,,,,,,,,,,,,,,,,,,,,,,,,,,,,,,,,,,,,,,,,,,,
A06_RD14-0003-44d3a-0.0625IP-Q0.9_001.20sec.fsa,D2S1338,G,15,304.81,24,16,308.85,430,18,316.72,21,19,321.15,181,OL,324.48,11,OL,332.64,38,OL,342.95,14,OL,351.26,4,OL,357.06,5,OL,363.78,6,,,,,,,,,,,,,,,,,,,,,,,,,,,,,,,,,,,,,,,,,,,,,,,,,,,,,,,,,,,,,,,,,,,,,,,,,,,,,,,,,,,,,,,,,,,,,,,,,,,,,,,,,,,,,,,,,,,,,,,,,,,,,,,,,,,,,,,,,,,,,,,,,,,,,,,,,,,,,,,,,,,,,,,,,,,,,,,,,,,,,,,,,,,,,,,,,,,,,,,,,,,,,,,,,,,,,,,,,,,,,,,,,,,,,,,,,,,,,,,,,,,,,,,,,,,,,,,,,,,,,,,,,,,,,,
A06_RD14-0003-44d3a-0.0625IP-Q0.9_001.20sec.fsa,D19S433,Y,OL,97.09,7,10,103.84,9,OL,104.8,10,12,112.1,28,13,116.31,215,14,120.39,18,15,124.21,302,17,132.12,9,,,,,,,,,,,,,,,,,,,,,,,,,,,,,,,,,,,,,,,,,,,,,,,,,,,,,,,,,,,,,,,,,,,,,,,,,,,,,,,,,,,,,,,,,,,,,,,,,,,,,,,,,,,,,,,,,,,,,,,,,,,,,,,,,,,,,,,,,,,,,,,,,,,,,,,,,,,,,,,,,,,,,,,,,,,,,,,,,,,,,,,,,,,,,,,,,,,,,,,,,,,,,,,,,,,,,,,,,,,,,,,,,,,,,,,,,,,,,,,,,,,,,,,,,,,,,,,,,,,,,,,,,,,,,,,,,,,,
A06_RD14-0003-44d3a-0.0625IP-Q0.9_001.20sec.fsa,vWA,Y,OL,158.75,13,OL,165.89,14,16,171.87,10,19,184.43,42,OL,185.6,9,20,188.53,347,OL,189.79,18,OL,193.55,10,23,200.65,9,,,,,,,,,,,,,,,,,,,,,,,,,,,,,,,,,,,,,,,,,,,,,,,,,,,,,,,,,,,,,,,,,,,,,,,,,,,,,,,,,,,,,,,,,,,,,,,,,,,,,,,,,,,,,,,,,,,,,,,,,,,,,,,,,,,,,,,,,,,,,,,,,,,,,,,,,,,,,,,,,,,,,,,,,,,,,,,,,,,,,,,,,,,,,,,,,,,,,,,,,,,,,,,,,,,,,,,,,,,,,,,,,,,,,,,,,,,,,,,,,,,,,,,,,,,,,,,,,,,,,,,,,,,,,,,,,
A06_RD14-0003-44d3a-0.0625IP-Q0.9_001.20sec.fsa,TPOX,Y,OL,216.05,12,OL,219.48,7,OL,222.1,10,OL,229.42,11,10,237.06,25,11,240.94,536,12,245.22,17,,,,,,,,,,,,,,,,,,,,,,,,,,,,,,,,,,,,,,,,,,,,,,,,,,,,,,,,,,,,,,,,,,,,,,,,,,,,,,,,,,,,,,,,,,,,,,,,,,,,,,,,,,,,,,,,,,,,,,,,,,,,,,,,,,,,,,,,,,,,,,,,,,,,,,,,,,,,,,,,,,,,,,,,,,,,,,,,,,,,,,,,,,,,,,,,,,,,,,,,,,,,,,,,,,,,,,,,,,,,,,,,,,,,,,,,,,,,,,,,,,,,,,,,,,,,,,,,,,,,,,,,,,,,,,,,,,,,,,,
A06_RD14-0003-44d3a-0.0625IP-Q0.9_001.20sec.fsa,D18S51,Y,OL,262.44,9,12,281.18,197,14,289.2,197,OL,293.76,28,17,301.07,9,OL,309.87,30,OL,311.93,11,OL,317.9,9,22.2,323.52,5,OL,324.66,5,OL,339.66,9,,,,,,,,,,,,,,,,,,,,,,,,,,,,,,,,,,,,,,,,,,,,,,,,,,,,,,,,,,,,,,,,,,,,,,,,,,,,,,,,,,,,,,,,,,,,,,,,,,,,,,,,,,,,,,,,,,,,,,,,,,,,,,,,,,,,,,,,,,,,,,,,,,,,,,,,,,,,,,,,,,,,,,,,,,,,,,,,,,,,,,,,,,,,,,,,,,,,,,,,,,,,,,,,,,,,,,,,,,,,,,,,,,,,,,,,,,,,,,,,,,,,,,,,,,,,,,,,,,,,,,,,,,,
A06_RD14-0003-44d3a-0.0625IP-Q0.9_001.20sec.fsa,AMEL,R,X,104.95,266,Y,110.84,221,,,,,,,,,,,,,,,,,,,,,,,,,,,,,,,,,,,,,,,,,,,,,,,,,,,,,,,,,,,,,,,,,,,,,,,,,,,,,,,,,,,,,,,,,,,,,,,,,,,,,,,,,,,,,,,,,,,,,,,,,,,,,,,,,,,,,,,,,,,,,,,,,,,,,,,,,,,,,,,,,,,,,,,,,,,,,,,,,,,,,,,,,,,,,,,,,,,,,,,,,,,,,,,,,,,,,,,,,,,,,,,,,,,,,,,,,,,,,,,,,,,,,,,,,,,,,,,,,,,,,,,,,,,,,,,,,,,,,,,,,,,,,,,,,,,,,,
A06_RD14-0003-44d3a-0.0625IP-Q0.9_001.20sec.fsa,D5S818,R,OL,127.99,6,OL,143.12,10,10,144.68,15,11,148.97,180,12,153.02,339,OL,170.07,9,OL,175.73,7,,,,,,,,,,,,,,,,,,,,,,,,,,,,,,,,,,,,,,,,,,,,,,,,,,,,,,,,,,,,,,,,,,,,,,,,,,,,,,,,,,,,,,,,,,,,,,,,,,,,,,,,,,,,,,,,,,,,,,,,,,,,,,,,,,,,,,,,,,,,,,,,,,,,,,,,,,,,,,,,,,,,,,,,,,,,,,,,,,,,,,,,,,,,,,,,,,,,,,,,,,,,,,,,,,,,,,,,,,,,,,,,,,,,,,,,,,,,,,,,,,,,,,,,,,,,,,,,,,,,,,,,,,,,,,,,,,,,,,,
A06_RD14-0003-44d3a-0.0625IP-Q0.9_001.20sec.fsa,FGA,R,17,213.08,8,17.2,214.34,10,17.2,215.11,9,OL,227.74,4,OL,232.11,8,22,233.29,19,OL,234.46,2,23,237.32,175,24,241.37,192,27,253.51,5,OL,266.4,7,31,269.94,6,OL,276.44,6,OL,292.32,6,OL,293.33,9,OL,299.07,10,OL,303.31,16,OL,305.48,9,OL,309.19,29,OL,310.22,10,OL,329.62,6,OL,338.3,3,48.2,340.61,9,,,,,,,,,,,,,,,,,,,,,,,,,,,,,,,,,,,,,,,,,,,,,,,,,,,,,,,,,,,,,,,,,,,,,,,,,,,,,,,,,,,,,,,,,,,,,,,,,,,,,,,,,,,,,,,,,,,,,,,,,,,,,,,,,,,,,,,,,,,,,,,,,,,,,,,,,,,,,,,,,,,,,,,,,,,,,,,,,,,,,,,,,,,,,,,,,,,,,,,,,,,,,,,,,,,,,,,,,,,,,,,,,,,,,,,
A07_RD14-0003-44d3-15-0.03125IP-Q1.1_001.20sec.fsa,D8S1179,B,OL,120.08,7,OL,123.33,29,OL,128.59,4,OL,132.29,4,OL,139.92,8,13,142.07,20,14,146.23,294,15,150.32,72,OL,155.96,5,OL,160.95,5,OL,161.83,4,OL,173.05,5,,,,,,,,,,,,,,,,,,,,,,,,,,,,,,,,,,,,,,,,,,,,,,,,,,,,,,,,,,,,,,,,,,,,,,,,,,,,,,,,,,,,,,,,,,,,,,,,,,,,,,,,,,,,,,,,,,,,,,,,,,,,,,,,,,,,,,,,,,,,,,,,,,,,,,,,,,,,,,,,,,,,,,,,,,,,,,,,,,,,,,,,,,,,,,,,,,,,,,,,,,,,,,,,,,,,,,,,,,,,,,,,,,,,,,,,,,,,,,,,,,,,,,,,,,,,,,,,,,,,,,,,
A07_RD14-0003-44d3-15-0.03125IP-Q1.1_001.20sec.fsa,D21S11,B,23.2,179.92,9,26,190.95,5,28,198.78,62,OL,199.92,8,OL,205.37,5,31,210.71,24,32,214.75,263,OL,226.09,5,OL,235.6,5,OL,236.34,6,OL,237.96,9,OL,240,12,,,,,,,,,,,,,,,,,,,,,,,,,,,,,,,,,,,,,,,,,,,,,,,,,,,,,,,,,,,,,,,,,,,,,,,,,,,,,,,,,,,,,,,,,,,,,,,,,,,,,,,,,,,,,,,,,,,,,,,,,,,,,,,,,,,,,,,,,,,,,,,,,,,,,,,,,,,,,,,,,,,,,,,,,,,,,,,,,,,,,,,,,,,,,,,,,,,,,,,,,,,,,,,,,,,,,,,,,,,,,,,,,,,,,,,,,,,,,,,,,,,,,,,,,,,,,,,,,,,,,,,,
A07_RD14-0003-44d3-15-0.03125IP-Q1.1_001.20sec.fsa,D7S820,B,5,249.83,6,OL,257.51,5,8,262.21,56,9,265.9,6,9.2,268.12,3,10,270.17,55,OL,277.43,5,12,278.1,5,OL,285.68,5,OL,290.7,3,,,,,,,,,,,,,,,,,,,,,,,,,,,,,,,,,,,,,,,,,,,,,,,,,,,,,,,,,,,,,,,,,,,,,,,,,,,,,,,,,,,,,,,,,,,,,,,,,,,,,,,,,,,,,,,,,,,,,,,,,,,,,,,,,,,,,,,,,,,,,,,,,,,,,,,,,,,,,,,,,,,,,,,,,,,,,,,,,,,,,,,,,,,,,,,,,,,,,,,,,,,,,,,,,,,,,,,,,,,,,,,,,,,,,,,,,,,,,,,,,,,,,,,,,,,,,,,,,,,,,,,,,,,,,,
A07_RD14-0003-44d3-15-0.03125IP-Q1.1_001.20sec.fsa,CSF1PO,B,OL,301.21,7,OL,312.4,25,9,314.26,6,10,318.67,13,OL,320.09,9,11,322.85,148,12,327.05,4,OL,329.97,4,OL,344.74,5,,,,,,,,,,,,,,,,,,,,,,,,,,,,,,,,,,,,,,,,,,,,,,,,,,,,,,,,,,,,,,,,,,,,,,,,,,,,,,,,,,,,,,,,,,,,,,,,,,,,,,,,,,,,,,,,,,,,,,,,,,,,,,,,,,,,,,,,,,,,,,,,,,,,,,,,,,,,,,,,,,,,,,,,,,,,,,,,,,,,,,,,,,,,,,,,,,,,,,,,,,,,,,,,,,,,,,,,,,,,,,,,,,,,,,,,,,,,,,,,,,,,,,,,,,,,,,,,,,,,,,,,,,,,,,,,,
A07_RD14-0003-44d3-15-0.03125IP-Q1.1_001.20sec.fsa,D3S1358,G,OL,98.54,4,OL,101.88,24,OL,107.49,8,OL,111.91,7,OL,116.1,23,14,118.5,35,OL,120.6,4,15,122.42,272,16,126.52,67,OL,140.88,7,OL,141.75,5,,,,,,,,,,,,,,,,,,,,,,,,,,,,,,,,,,,,,,,,,,,,,,,,,,,,,,,,,,,,,,,,,,,,,,,,,,,,,,,,,,,,,,,,,,,,,,,,,,,,,,,,,,,,,,,,,,,,,,,,,,,,,,,,,,,,,,,,,,,,,,,,,,,,,,,,,,,,,,,,,,,,,,,,,,,,,,,,,,,,,,,,,,,,,,,,,,,,,,,,,,,,,,,,,,,,,,,,,,,,,,,,,,,,,,,,,,,,,,,,,,,,,,,,,,,,,,,,,,,,,,,,,,,
A07_RD14-0003-44d3-15-0.03125IP-Q1.1_001.20sec.fsa,TH01,G,OL,163.1,4,6,168.59,402,OL,176.08,7,9,180.49,6,9.3,183.92,152,13.3,200.39,7,,,,,,,,,,,,,,,,,,,,,,,,,,,,,,,,,,,,,,,,,,,,,,,,,,,,,,,,,,,,,,,,,,,,,,,,,,,,,,,,,,,,,,,,,,,,,,,,,,,,,,,,,,,,,,,,,,,,,,,,,,,,,,,,,,,,,,,,,,,,,,,,,,,,,,,,,,,,,,,,,,,,,,,,,,,,,,,,,,,,,,,,,,,,,,,,,,,,,,,,,,,,,,,,,,,,,,,,,,,,,,,,,,,,,,,,,,,,,,,,,,,,,,,,,,,,,,,,,,,,,,,,,,,,,,,,,,,,,,,,,,
A07_RD14-0003-44d3-15-0.03125IP-Q1.1_001.20sec.fsa,D13S317,G,7,211.19,21,8,215.08,643,OL,221.87,8,OL,224.87,10,15,243.46,4,16,247.66,6,,,,,,,,,,,,,,,,,,,,,,,,,,,,,,,,,,,,,,,,,,,,,,,,,,,,,,,,,,,,,,,,,,,,,,,,,,,,,,,,,,,,,,,,,,,,,,,,,,,,,,,,,,,,,,,,,,,,,,,,,,,,,,,,,,,,,,,,,,,,,,,,,,,,,,,,,,,,,,,,,,,,,,,,,,,,,,,,,,,,,,,,,,,,,,,,,,,,,,,,,,,,,,,,,,,,,,,,,,,,,,,,,,,,,,,,,,,,,,,,,,,,,,,,,,,,,,,,,,,,,,,,,,,,,,,,,,,,,,,,,,
A07_RD14-0003-44d3-15-0.03125IP-Q1.1_001.20sec.fsa,D16S539,G,OL,253.89,5,OL,261.8,10,OL,266.47,11,9,267.13,12,10,271.32,145,11,275.28,160,OL,277.52,5,OL,278.43,7,OL,280.33,7,OL,287.9,5,,,,,,,,,,,,,,,,,,,,,,,,,,,,,,,,,,,,,,,,,,,,,,,,,,,,,,,,,,,,,,,,,,,,,,,,,,,,,,,,,,,,,,,,,,,,,,,,,,,,,,,,,,,,,,,,,,,,,,,,,,,,,,,,,,,,,,,,,,,,,,,,,,,,,,,,,,,,,,,,,,,,,,,,,,,,,,,,,,,,,,,,,,,,,,,,,,,,,,,,,,,,,,,,,,,,,,,,,,,,,,,,,,,,,,,,,,,,,,,,,,,,,,,,,,,,,,,,,,,,,,,,,,,,,,
A07_RD14-0003-44d3-15-0.03125IP-Q1.1_001.20sec.fsa,D2S1338,G,OL,301.61,7,OL,303.97,7,16,308.9,90,19,321.04,127,OL,328.51,10,OL,330.22,6,OL,336.27,26,OL,339.49,9,OL,344.05,9,OL,346.98,10,OL,349.91,8,27,353.01,7,OL,354.56,5,OL,362.82,11,OL,364.79,6,,,,,,,,,,,,,,,,,,,,,,,,,,,,,,,,,,,,,,,,,,,,,,,,,,,,,,,,,,,,,,,,,,,,,,,,,,,,,,,,,,,,,,,,,,,,,,,,,,,,,,,,,,,,,,,,,,,,,,,,,,,,,,,,,,,,,,,,,,,,,,,,,,,,,,,,,,,,,,,,,,,,,,,,,,,,,,,,,,,,,,,,,,,,,,,,,,,,,,,,,,,,,,,,,,,,,,,,,,,,,,,,,,,,,,,,,,,,,,,,,,,,,,,,,,,,,,,
A07_RD14-0003-44d3-15-0.03125IP-Q1.1_001.20sec.fsa,D19S433,Y,11.2,110.44,14,13,116.25,119,15,124.16,122,OL,125.46,10,17,132.6,12,,,,,,,,,,,,,,,,,,,,,,,,,,,,,,,,,,,,,,,,,,,,,,,,,,,,,,,,,,,,,,,,,,,,,,,,,,,,,,,,,,,,,,,,,,,,,,,,,,,,,,,,,,,,,,,,,,,,,,,,,,,,,,,,,,,,,,,,,,,,,,,,,,,,,,,,,,,,,,,,,,,,,,,,,,,,,,,,,,,,,,,,,,,,,,,,,,,,,,,,,,,,,,,,,,,,,,,,,,,,,,,,,,,,,,,,,,,,,,,,,,,,,,,,,,,,,,,,,,,,,,,,,,,,,,,,,,,,,,,,,,,,,
A07_RD14-0003-44d3-15-0.03125IP-Q1.1_001.20sec.fsa,vWA,Y,OL,146.87,9,OL,150.48,9,OL,165,19,17,176.32,10,OL,182.94,12,20,188.58,123,22,196.33,9,OL,202.29,6,25,209.11,11,,,,,,,,,,,,,,,,,,,,,,,,,,,,,,,,,,,,,,,,,,,,,,,,,,,,,,,,,,,,,,,,,,,,,,,,,,,,,,,,,,,,,,,,,,,,,,,,,,,,,,,,,,,,,,,,,,,,,,,,,,,,,,,,,,,,,,,,,,,,,,,,,,,,,,,,,,,,,,,,,,,,,,,,,,,,,,,,,,,,,,,,,,,,,,,,,,,,,,,,,,,,,,,,,,,,,,,,,,,,,,,,,,,,,,,,,,,,,,,,,,,,,,,,,,,,,,,,,,,,,,,,,,,,,,,,,
A07_RD14-0003-44d3-15-0.03125IP-Q1.1_001.20sec.fsa,TPOX,Y,OL,223.74,10,8,228.69,7,OL,231.29,6,9,233.24,8,11,240.84,126,OL,243.96,9,OL,246.65,8,,,,,,,,,,,,,,,,,,,,,,,,,,,,,,,,,,,,,,,,,,,,,,,,,,,,,,,,,,,,,,,,,,,,,,,,,,,,,,,,,,,,,,,,,,,,,,,,,,,,,,,,,,,,,,,,,,,,,,,,,,,,,,,,,,,,,,,,,,,,,,,,,,,,,,,,,,,,,,,,,,,,,,,,,,,,,,,,,,,,,,,,,,,,,,,,,,,,,,,,,,,,,,,,,,,,,,,,,,,,,,,,,,,,,,,,,,,,,,,,,,,,,,,,,,,,,,,,,,,,,,,,,,,,,,,,,,,,,,,
A07_RD14-0003-44d3-15-0.03125IP-Q1.1_001.20sec.fsa,D18S51,Y,10.2,274.95,8,12,281.07,69,13,285.02,14,14,289.22,175,16,297.53,23,OL,302.02,9,20,313.58,29,OL,316.37,5,OL,318.76,13,23,325.68,8,,,,,,,,,,,,,,,,,,,,,,,,,,,,,,,,,,,,,,,,,,,,,,,,,,,,,,,,,,,,,,,,,,,,,,,,,,,,,,,,,,,,,,,,,,,,,,,,,,,,,,,,,,,,,,,,,,,,,,,,,,,,,,,,,,,,,,,,,,,,,,,,,,,,,,,,,,,,,,,,,,,,,,,,,,,,,,,,,,,,,,,,,,,,,,,,,,,,,,,,,,,,,,,,,,,,,,,,,,,,,,,,,,,,,,,,,,,,,,,,,,,,,,,,,,,,,,,,,,,,,,,,,,,,,,
A07_RD14-0003-44d3-15-0.03125IP-Q1.1_001.20sec.fsa,AMEL,R,X,104.93,275,Y,110.91,366,,,,,,,,,,,,,,,,,,,,,,,,,,,,,,,,,,,,,,,,,,,,,,,,,,,,,,,,,,,,,,,,,,,,,,,,,,,,,,,,,,,,,,,,,,,,,,,,,,,,,,,,,,,,,,,,,,,,,,,,,,,,,,,,,,,,,,,,,,,,,,,,,,,,,,,,,,,,,,,,,,,,,,,,,,,,,,,,,,,,,,,,,,,,,,,,,,,,,,,,,,,,,,,,,,,,,,,,,,,,,,,,,,,,,,,,,,,,,,,,,,,,,,,,,,,,,,,,,,,,,,,,,,,,,,,,,,,,,,,,,,,,,,,,,,,,,,
A07_RD14-0003-44d3-15-0.03125IP-Q1.1_001.20sec.fsa,D5S818,R,OL,126.3,13,OL,131.21,10,11,148.95,114,12,152.97,49,OL,175.52,10,,,,,,,,,,,,,,,,,,,,,,,,,,,,,,,,,,,,,,,,,,,,,,,,,,,,,,,,,,,,,,,,,,,,,,,,,,,,,,,,,,,,,,,,,,,,,,,,,,,,,,,,,,,,,,,,,,,,,,,,,,,,,,,,,,,,,,,,,,,,,,,,,,,,,,,,,,,,,,,,,,,,,,,,,,,,,,,,,,,,,,,,,,,,,,,,,,,,,,,,,,,,,,,,,,,,,,,,,,,,,,,,,,,,,,,,,,,,,,,,,,,,,,,,,,,,,,,,,,,,,,,,,,,,,,,,,,,,,,,,,,,,,
A07_RD14-0003-44d3-15-0.03125IP-Q1.1_001.20sec.fsa,FGA,R,OL,213.44,11,17.2,214.75,13,21.2,230.81,8,23,237.31,100,24,241.35,188,25,245.31,10,OL,250.65,6,OL,258.32,7,OL,265.08,8,32.2,275.28,9,OL,301.37,4,OL,311.98,10,OL,326.54,6,OL,333.72,5,OL,342.5,7,OL,356.55,6,,,,,,,,,,,,,,,,,,,,,,,,,,,,,,,,,,,,,,,,,,,,,,,,,,,,,,,,,,,,,,,,,,,,,,,,,,,,,,,,,,,,,,,,,,,,,,,,,,,,,,,,,,,,,,,,,,,,,,,,,,,,,,,,,,,,,,,,,,,,,,,,,,,,,,,,,,,,,,,,,,,,,,,,,,,,,,,,,,,,,,,,,,,,,,,,,,,,,,,,,,,,,,,,,,,,,,,,,,,,,,,,,,,,,,,,,,,,,,,,,,,,,,,,,,,,
A08_RD14-0003-44d3-30-0.0625IP-Q1.5_001.20sec.fsa,D8S1179,B,OL,112.08,4,OL,113.92,10,7,117.38,10,OL,120.08,6,OL,122.66,37,OL,131.2,18,13,142.09,35,OL,144.82,2,14,146.27,609,15,150.39,388,16,154.37,7,OL,156.49,6,OL,160,9,OL,160.97,12,OL,171.88,9,OL,176.18,8,,,,,,,,,,,,,,,,,,,,,,,,,,,,,,,,,,,,,,,,,,,,,,,,,,,,,,,,,,,,,,,,,,,,,,,,,,,,,,,,,,,,,,,,,,,,,,,,,,,,,,,,,,,,,,,,,,,,,,,,,,,,,,,,,,,,,,,,,,,,,,,,,,,,,,,,,,,,,,,,,,,,,,,,,,,,,,,,,,,,,,,,,,,,,,,,,,,,,,,,,,,,,,,,,,,,,,,,,,,,,,,,,,,,,,,,,,,,,,,,,,,,,,,,,,,,
A08_RD14-0003-44d3-30-0.0625IP-Q1.5_001.20sec.fsa,D21S11,B,23.2,180,10,24.2,184.12,6,27,194.62,27,28,198.67,226,29,202.27,8,31,210.62,11,32,214.76,82,OL,219.92,6,OL,233.75,6,OL,237.72,3,39,243.03,5,,,,,,,,,,,,,,,,,,,,,,,,,,,,,,,,,,,,,,,,,,,,,,,,,,,,,,,,,,,,,,,,,,,,,,,,,,,,,,,,,,,,,,,,,,,,,,,,,,,,,,,,,,,,,,,,,,,,,,,,,,,,,,,,,,,,,,,,,,,,,,,,,,,,,,,,,,,,,,,,,,,,,,,,,,,,,,,,,,,,,,,,,,,,,,,,,,,,,,,,,,,,,,,,,,,,,,,,,,,,,,,,,,,,,,,,,,,,,,,,,,,,,,,,,,,,,,,,,,,,,,,,,,,
A08_RD14-0003-44d3-30-0.0625IP-Q1.5_001.20sec.fsa,D7S820,B,5,249.91,6,6,253.93,10,7,257.84,3,OL,258.92,8,8,262.21,56,10,270.13,73,OL,275.1,12,12,278.54,5,OL,281.11,5,14,285.97,6,,,,,,,,,,,,,,,,,,,,,,,,,,,,,,,,,,,,,,,,,,,,,,,,,,,,,,,,,,,,,,,,,,,,,,,,,,,,,,,,,,,,,,,,,,,,,,,,,,,,,,,,,,,,,,,,,,,,,,,,,,,,,,,,,,,,,,,,,,,,,,,,,,,,,,,,,,,,,,,,,,,,,,,,,,,,,,,,,,,,,,,,,,,,,,,,,,,,,,,,,,,,,,,,,,,,,,,,,,,,,,,,,,,,,,,,,,,,,,,,,,,,,,,,,,,,,,,,,,,,,,,,,,,,,,
A08_RD14-0003-44d3-30-0.0625IP-Q1.5_001.20sec.fsa,CSF1PO,B,5,298.63,5,OL,299.91,11,OL,304.16,2,OL,308.38,4,OL,312.58,5,OL,313.91,9,10,318.79,11,OL,320,8,11,322.87,185,12,326.9,168,OL,341.53,9,,,,,,,,,,,,,,,,,,,,,,,,,,,,,,,,,,,,,,,,,,,,,,,,,,,,,,,,,,,,,,,,,,,,,,,,,,,,,,,,,,,,,,,,,,,,,,,,,,,,,,,,,,,,,,,,,,,,,,,,,,,,,,,,,,,,,,,,,,,,,,,,,,,,,,,,,,,,,,,,,,,,,,,,,,,,,,,,,,,,,,,,,,,,,,,,,,,,,,,,,,,,,,,,,,,,,,,,,,,,,,,,,,,,,,,,,,,,,,,,,,,,,,,,,,,,,,,,,,,,,,,,,,,
A08_RD14-0003-44d3-30-0.0625IP-Q1.5_001.20sec.fsa,D3S1358,G,OL,98.24,8,OL,99.46,7,OL,100.31,11,OL,108.53,9,OL,115.73,29,14,118.43,28,OL,121.29,21,15,122.35,368,16,126.48,522,OL,133.31,5,OL,135.81,6,,,,,,,,,,,,,,,,,,,,,,,,,,,,,,,,,,,,,,,,,,,,,,,,,,,,,,,,,,,,,,,,,,,,,,,,,,,,,,,,,,,,,,,,,,,,,,,,,,,,,,,,,,,,,,,,,,,,,,,,,,,,,,,,,,,,,,,,,,,,,,,,,,,,,,,,,,,,,,,,,,,,,,,,,,,,,,,,,,,,,,,,,,,,,,,,,,,,,,,,,,,,,,,,,,,,,,,,,,,,,,,,,,,,,,,,,,,,,,,,,,,,,,,,,,,,,,,,,,,,,,,,,,,
A08_RD14-0003-44d3-30-0.0625IP-Q1.5_001.20sec.fsa,TH01,G,OL,158.45,12,OL,162.01,14,6,168.64,451,OL,173.18,5,8,177.15,6,OL,177.97,9,8.3,179.76,12,9.3,183.96,663,OL,196.52,16,OL,199.5,7,,,,,,,,,,,,,,,,,,,,,,,,,,,,,,,,,,,,,,,,,,,,,,,,,,,,,,,,,,,,,,,,,,,,,,,,,,,,,,,,,,,,,,,,,,,,,,,,,,,,,,,,,,,,,,,,,,,,,,,,,,,,,,,,,,,,,,,,,,,,,,,,,,,,,,,,,,,,,,,,,,,,,,,,,,,,,,,,,,,,,,,,,,,,,,,,,,,,,,,,,,,,,,,,,,,,,,,,,,,,,,,,,,,,,,,,,,,,,,,,,,,,,,,,,,,,,,,,,,,,,,,,,,,,,,
A08_RD14-0003-44d3-30-0.0625IP-Q1.5_001.20sec.fsa,D13S317,G,OL,203.58,11,OL,207.42,10,OL,209.06,4,7,210.87,21,8,215.09,734,10,223.51,10,OL,237.13,6,OL,240.52,8,16,247.77,7,,,,,,,,,,,,,,,,,,,,,,,,,,,,,,,,,,,,,,,,,,,,,,,,,,,,,,,,,,,,,,,,,,,,,,,,,,,,,,,,,,,,,,,,,,,,,,,,,,,,,,,,,,,,,,,,,,,,,,,,,,,,,,,,,,,,,,,,,,,,,,,,,,,,,,,,,,,,,,,,,,,,,,,,,,,,,,,,,,,,,,,,,,,,,,,,,,,,,,,,,,,,,,,,,,,,,,,,,,,,,,,,,,,,,,,,,,,,,,,,,,,,,,,,,,,,,,,,,,,,,,,,,,,,,,,,,
A08_RD14-0003-44d3-30-0.0625IP-Q1.5_001.20sec.fsa,D16S539,G,6,255.93,6,7,260,19,OL,264.33,4,OL,265.01,4,9,267.14,9,10,271.33,178,11,275.27,107,,,,,,,,,,,,,,,,,,,,,,,,,,,,,,,,,,,,,,,,,,,,,,,,,,,,,,,,,,,,,,,,,,,,,,,,,,,,,,,,,,,,,,,,,,,,,,,,,,,,,,,,,,,,,,,,,,,,,,,,,,,,,,,,,,,,,,,,,,,,,,,,,,,,,,,,,,,,,,,,,,,,,,,,,,,,,,,,,,,,,,,,,,,,,,,,,,,,,,,,,,,,,,,,,,,,,,,,,,,,,,,,,,,,,,,,,,,,,,,,,,,,,,,,,,,,,,,,,,,,,,,,,,,,,,,,,,,,,,,
A08_RD14-0003-44d3-30-0.0625IP-Q1.5_001.20sec.fsa,D2S1338,G,19,321.08,76,OL,327.52,7,21,329.48,8,OL,336.65,12,OL,343.77,5,OL,347.37,4,OL,354.58,27,OL,359.64,13,OL,360.9,13,29,361.44,13,,,,,,,,,,,,,,,,,,,,,,,,,,,,,,,,,,,,,,,,,,,,,,,,,,,,,,,,,,,,,,,,,,,,,,,,,,,,,,,,,,,,,,,,,,,,,,,,,,,,,,,,,,,,,,,,,,,,,,,,,,,,,,,,,,,,,,,,,,,,,,,,,,,,,,,,,,,,,,,,,,,,,,,,,,,,,,,,,,,,,,,,,,,,,,,,,,,,,,,,,,,,,,,,,,,,,,,,,,,,,,,,,,,,,,,,,,,,,,,,,,,,,,,,,,,,,,,,,,,,,,,,,,,,,,
A08_RD14-0003-44d3-30-0.0625IP-Q1.5_001.20sec.fsa,D19S433,Y,OL,99.16,11,9.2,101.4,11,OL,104.81,7,12,112.15,27,13,116.25,356,14,120.23,28,OL,121.52,14,15,124.11,325,OL,125.26,18,18.2,138.49,6,,,,,,,,,,,,,,,,,,,,,,,,,,,,,,,,,,,,,,,,,,,,,,,,,,,,,,,,,,,,,,,,,,,,,,,,,,,,,,,,,,,,,,,,,,,,,,,,,,,,,,,,,,,,,,,,,,,,,,,,,,,,,,,,,,,,,,,,,,,,,,,,,,,,,,,,,,,,,,,,,,,,,,,,,,,,,,,,,,,,,,,,,,,,,,,,,,,,,,,,,,,,,,,,,,,,,,,,,,,,,,,,,,,,,,,,,,,,,,,,,,,,,,,,,,,,,,,,,,,,,,,,,,,,,,
A08_RD14-0003-44d3-30-0.0625IP-Q1.5_001.20sec.fsa,vWA,Y,OL,146.43,10,OL,151.28,11,OL,162.26,14,14,164.27,21,OL,179.27,6,19,184.54,33,OL,187.26,6,20,188.5,301,OL,198.84,12,OL,199.59,11,,,,,,,,,,,,,,,,,,,,,,,,,,,,,,,,,,,,,,,,,,,,,,,,,,,,,,,,,,,,,,,,,,,,,,,,,,,,,,,,,,,,,,,,,,,,,,,,,,,,,,,,,,,,,,,,,,,,,,,,,,,,,,,,,,,,,,,,,,,,,,,,,,,,,,,,,,,,,,,,,,,,,,,,,,,,,,,,,,,,,,,,,,,,,,,,,,,,,,,,,,,,,,,,,,,,,,,,,,,,,,,,,,,,,,,,,,,,,,,,,,,,,,,,,,,,,,,,,,,,,,,,,,,,,,
A08_RD14-0003-44d3-30-0.0625IP-Q1.5_001.20sec.fsa,TPOX,Y,6,220.75,10,OL,221.59,11,OL,223.09,9,8,228.71,9,OL,231.82,7,11,240.87,217,13,248.63,6,OL,252.26,7,OL,254.59,9,OL,255.93,11,OL,256.51,10,,,,,,,,,,,,,,,,,,,,,,,,,,,,,,,,,,,,,,,,,,,,,,,,,,,,,,,,,,,,,,,,,,,,,,,,,,,,,,,,,,,,,,,,,,,,,,,,,,,,,,,,,,,,,,,,,,,,,,,,,,,,,,,,,,,,,,,,,,,,,,,,,,,,,,,,,,,,,,,,,,,,,,,,,,,,,,,,,,,,,,,,,,,,,,,,,,,,,,,,,,,,,,,,,,,,,,,,,,,,,,,,,,,,,,,,,,,,,,,,,,,,,,,,,,,,,,,,,,,,,,,,,,,
A08_RD14-0003-44d3-30-0.0625IP-Q1.5_001.20sec.fsa,D18S51,Y,OL,269.79,8,OL,272.18,9,OL,277.76,9,12,281.19,50,14.2,290.67,8,OL,304.33,8,21,317.13,9,OL,317.96,9,25,333.91,11,OL,335.77,5,OL,344.04,6,,,,,,,,,,,,,,,,,,,,,,,,,,,,,,,,,,,,,,,,,,,,,,,,,,,,,,,,,,,,,,,,,,,,,,,,,,,,,,,,,,,,,,,,,,,,,,,,,,,,,,,,,,,,,,,,,,,,,,,,,,,,,,,,,,,,,,,,,,,,,,,,,,,,,,,,,,,,,,,,,,,,,,,,,,,,,,,,,,,,,,,,,,,,,,,,,,,,,,,,,,,,,,,,,,,,,,,,,,,,,,,,,,,,,,,,,,,,,,,,,,,,,,,,,,,,,,,,,,,,,,,,,,,
A08_RD14-0003-44d3-30-0.0625IP-Q1.5_001.20sec.fsa,AMEL,R,X,104.89,276,OL,106.44,10,Y,110.84,245,,,,,,,,,,,,,,,,,,,,,,,,,,,,,,,,,,,,,,,,,,,,,,,,,,,,,,,,,,,,,,,,,,,,,,,,,,,,,,,,,,,,,,,,,,,,,,,,,,,,,,,,,,,,,,,,,,,,,,,,,,,,,,,,,,,,,,,,,,,,,,,,,,,,,,,,,,,,,,,,,,,,,,,,,,,,,,,,,,,,,,,,,,,,,,,,,,,,,,,,,,,,,,,,,,,,,,,,,,,,,,,,,,,,,,,,,,,,,,,,,,,,,,,,,,,,,,,,,,,,,,,,,,,,,,,,,,,,,,,,,,,,,,,,,,,
A08_RD14-0003-44d3-30-0.0625IP-Q1.5_001.20sec.fsa,D5S818,R,OL,126.41,10,10,144.74,18,11,148.93,324,12,153.07,57,OL,160.16,4,15,165.08,10,OL,170.1,8,OL,174.88,7,,,,,,,,,,,,,,,,,,,,,,,,,,,,,,,,,,,,,,,,,,,,,,,,,,,,,,,,,,,,,,,,,,,,,,,,,,,,,,,,,,,,,,,,,,,,,,,,,,,,,,,,,,,,,,,,,,,,,,,,,,,,,,,,,,,,,,,,,,,,,,,,,,,,,,,,,,,,,,,,,,,,,,,,,,,,,,,,,,,,,,,,,,,,,,,,,,,,,,,,,,,,,,,,,,,,,,,,,,,,,,,,,,,,,,,,,,,,,,,,,,,,,,,,,,,,,,,,,,,,,,,,,,,,,,,,,,,,
A08_RD14-0003-44d3-30-0.0625IP-Q1.5_001.20sec.fsa,FGA,R,17.2,215.09,12,23,237.3,165,OL,238.65,12,24,241.38,77,32.2,275.7,14,OL,280.6,11,OL,303.14,4,OL,319.07,10,OL,348.09,11,OL,353.4,8,,,,,,,,,,,,,,,,,,,,,,,,,,,,,,,,,,,,,,,,,,,,,,,,,,,,,,,,,,,,,,,,,,,,,,,,,,,,,,,,,,,,,,,,,,,,,,,,,,,,,,,,,,,,,,,,,,,,,,,,,,,,,,,,,,,,,,,,,,,,,,,,,,,,,,,,,,,,,,,,,,,,,,,,,,,,,,,,,,,,,,,,,,,,,,,,,,,,,,,,,,,,,,,,,,,,,,,,,,,,,,,,,,,,,,,,,,,,,,,,,,,,,,,,,,,,,,,,,,,,,,,,,,,,,,
A09_RD14-0003-44d2-45-0.0625IP-Q3.2_001.20sec.fsa,D8S1179,B,OL,122.81,36,OL,123.51,37,OL,139.92,8,13,142.07,16,14,146.14,223,15,150.31,206,17,158.14,4,OL,159.66,9,OL,161.91,7,,,,,,,,,,,,,,,,,,,,,,,,,,,,,,,,,,,,,,,,,,,,,,,,,,,,,,,,,,,,,,,,,,,,,,,,,,,,,,,,,,,,,,,,,,,,,,,,,,,,,,,,,,,,,,,,,,,,,,,,,,,,,,,,,,,,,,,,,,,,,,,,,,,,,,,,,,,,,,,,,,,,,,,,,,,,,,,,,,,,,,,,,,,,,,,,,,,,,,,,,,,,,,,,,,,,,,,,,,,,,,,,,,,,,,,,,,,,,,,,,,,,,,,,,,,,,,,,,,,,,,,,,,,,,,,,,
A09_RD14-0003-44d2-45-0.0625IP-Q3.2_001.20sec.fsa,D21S11,B,OL,189.34,4,OL,191.66,6,27,194.67,10,28,198.71,170,OL,199.91,7,31,210.76,18,32,214.78,175,OL,219.91,8,OL,229.78,5,37.2,237.2,6,OL,240,9,,,,,,,,,,,,,,,,,,,,,,,,,,,,,,,,,,,,,,,,,,,,,,,,,,,,,,,,,,,,,,,,,,,,,,,,,,,,,,,,,,,,,,,,,,,,,,,,,,,,,,,,,,,,,,,,,,,,,,,,,,,,,,,,,,,,,,,,,,,,,,,,,,,,,,,,,,,,,,,,,,,,,,,,,,,,,,,,,,,,,,,,,,,,,,,,,,,,,,,,,,,,,,,,,,,,,,,,,,,,,,,,,,,,,,,,,,,,,,,,,,,,,,,,,,,,,,,,,,,,,,,,,,,
A09_RD14-0003-44d2-45-0.0625IP-Q3.2_001.20sec.fsa,D7S820,B,OL,247.51,6,OL,259.91,8,8,262.11,64,10,270.13,44,OL,276.34,4,12,278.3,7,OL,280,11,13,281.77,5,OL,293.06,6,16,294.57,4,,,,,,,,,,,,,,,,,,,,,,,,,,,,,,,,,,,,,,,,,,,,,,,,,,,,,,,,,,,,,,,,,,,,,,,,,,,,,,,,,,,,,,,,,,,,,,,,,,,,,,,,,,,,,,,,,,,,,,,,,,,,,,,,,,,,,,,,,,,,,,,,,,,,,,,,,,,,,,,,,,,,,,,,,,,,,,,,,,,,,,,,,,,,,,,,,,,,,,,,,,,,,,,,,,,,,,,,,,,,,,,,,,,,,,,,,,,,,,,,,,,,,,,,,,,,,,,,,,,,,,,,,,,,,,
A09_RD14-0003-44d2-45-0.0625IP-Q3.2_001.20sec.fsa,CSF1PO,B,5,298.66,5,OL,300.09,16,OL,312.81,8,OL,314.09,9,11,322.87,57,OL,324.53,5,13,331.34,6,14,334.45,6,OL,340,9,,,,,,,,,,,,,,,,,,,,,,,,,,,,,,,,,,,,,,,,,,,,,,,,,,,,,,,,,,,,,,,,,,,,,,,,,,,,,,,,,,,,,,,,,,,,,,,,,,,,,,,,,,,,,,,,,,,,,,,,,,,,,,,,,,,,,,,,,,,,,,,,,,,,,,,,,,,,,,,,,,,,,,,,,,,,,,,,,,,,,,,,,,,,,,,,,,,,,,,,,,,,,,,,,,,,,,,,,,,,,,,,,,,,,,,,,,,,,,,,,,,,,,,,,,,,,,,,,,,,,,,,,,,,,,,,,
A09_RD14-0003-44d2-45-0.0625IP-Q3.2_001.20sec.fsa,D3S1358,G,OL,99.61,8,OL,100.32,14,11,106.46,6,OL,109.08,7,12,110.51,24,OL,112.1,4,OL,115.64,16,OL,116.49,13,15,122.42,330,16,126.5,523,OL,142.98,9,,,,,,,,,,,,,,,,,,,,,,,,,,,,,,,,,,,,,,,,,,,,,,,,,,,,,,,,,,,,,,,,,,,,,,,,,,,,,,,,,,,,,,,,,,,,,,,,,,,,,,,,,,,,,,,,,,,,,,,,,,,,,,,,,,,,,,,,,,,,,,,,,,,,,,,,,,,,,,,,,,,,,,,,,,,,,,,,,,,,,,,,,,,,,,,,,,,,,,,,,,,,,,,,,,,,,,,,,,,,,,,,,,,,,,,,,,,,,,,,,,,,,,,,,,,,,,,,,,,,,,,,,,,
A09_RD14-0003-44d2-45-0.0625IP-Q3.2_001.20sec.fsa,TH01,G,OL,159.92,2,5,164.41,10,6,168.59,73,8.3,179.66,12,9.3,183.94,450,OL,194.49,3,,,,,,,,,,,,,,,,,,,,,,,,,,,,,,,,,,,,,,,,,,,,,,,,,,,,,,,,,,,,,,,,,,,,,,,,,,,,,,,,,,,,,,,,,,,,,,,,,,,,,,,,,,,,,,,,,,,,,,,,,,,,,,,,,,,,,,,,,,,,,,,,,,,,,,,,,,,,,,,,,,,,,,,,,,,,,,,,,,,,,,,,,,,,,,,,,,,,,,,,,,,,,,,,,,,,,,,,,,,,,,,,,,,,,,,,,,,,,,,,,,,,,,,,,,,,,,,,,,,,,,,,,,,,,,,,,,,,,,,,,,
A09_RD14-0003-44d2-45-0.0625IP-Q3.2_001.20sec.fsa,D13S317,G,OL,209.14,7,7,211.19,6,8,215.13,375,OL,238.16,10,,,,,,,,,,,,,,,,,,,,,,,,,,,,,,,,,,,,,,,,,,,,,,,,,,,,,,,,,,,,,,,,,,,,,,,,,,,,,,,,,,,,,,,,,,,,,,,,,,,,,,,,,,,,,,,,,,,,,,,,,,,,,,,,,,,,,,,,,,,,,,,,,,,,,,,,,,,,,,,,,,,,,,,,,,,,,,,,,,,,,,,,,,,,,,,,,,,,,,,,,,,,,,,,,,,,,,,,,,,,,,,,,,,,,,,,,,,,,,,,,,,,,,,,,,,,,,,,,,,,,,,,,,,,,,,,,,,,,,,,,,,,,,,,
A09_RD14-0003-44d2-45-0.0625IP-Q3.2_001.20sec.fsa,D16S539,G,7,259.4,5,10,271.28,166,OL,277.86,6,OL,282.57,10,,,,,,,,,,,,,,,,,,,,,,,,,,,,,,,,,,,,,,,,,,,,,,,,,,,,,,,,,,,,,,,,,,,,,,,,,,,,,,,,,,,,,,,,,,,,,,,,,,,,,,,,,,,,,,,,,,,,,,,,,,,,,,,,,,,,,,,,,,,,,,,,,,,,,,,,,,,,,,,,,,,,,,,,,,,,,,,,,,,,,,,,,,,,,,,,,,,,,,,,,,,,,,,,,,,,,,,,,,,,,,,,,,,,,,,,,,,,,,,,,,,,,,,,,,,,,,,,,,,,,,,,,,,,,,,,,,,,,,,,,,,,,,,,
A09_RD14-0003-44d2-45-0.0625IP-Q3.2_001.20sec.fsa,D2S1338,G,OL,307.76,5,OL,314.38,6,18,316.85,8,OL,319.43,7,19,321.11,39,27,352.91,7,29,361.48,15,,,,,,,,,,,,,,,,,,,,,,,,,,,,,,,,,,,,,,,,,,,,,,,,,,,,,,,,,,,,,,,,,,,,,,,,,,,,,,,,,,,,,,,,,,,,,,,,,,,,,,,,,,,,,,,,,,,,,,,,,,,,,,,,,,,,,,,,,,,,,,,,,,,,,,,,,,,,,,,,,,,,,,,,,,,,,,,,,,,,,,,,,,,,,,,,,,,,,,,,,,,,,,,,,,,,,,,,,,,,,,,,,,,,,,,,,,,,,,,,,,,,,,,,,,,,,,,,,,,,,,,,,,,,,,,,,,,,,,,
A09_RD14-0003-44d2-45-0.0625IP-Q3.2_001.20sec.fsa,D19S433,Y,10,103.59,13,11.2,110.19,8,12,112.1,29,13,116.26,351,14,120.23,22,15,124.14,388,OL,125.63,14,18,136.21,8,,,,,,,,,,,,,,,,,,,,,,,,,,,,,,,,,,,,,,,,,,,,,,,,,,,,,,,,,,,,,,,,,,,,,,,,,,,,,,,,,,,,,,,,,,,,,,,,,,,,,,,,,,,,,,,,,,,,,,,,,,,,,,,,,,,,,,,,,,,,,,,,,,,,,,,,,,,,,,,,,,,,,,,,,,,,,,,,,,,,,,,,,,,,,,,,,,,,,,,,,,,,,,,,,,,,,,,,,,,,,,,,,,,,,,,,,,,,,,,,,,,,,,,,,,,,,,,,,,,,,,,,,,,,,,,,,,,,
A09_RD14-0003-44d2-45-0.0625IP-Q3.2_001.20sec.fsa,vWA,Y,OL,166,23,17,176.38,12,OL,178.06,11,OL,179.66,12,18.2,182.23,12,OL,183.6,12,19,184.45,29,20,188.48,218,OL,193.38,7,22,196.56,8,,,,,,,,,,,,,,,,,,,,,,,,,,,,,,,,,,,,,,,,,,,,,,,,,,,,,,,,,,,,,,,,,,,,,,,,,,,,,,,,,,,,,,,,,,,,,,,,,,,,,,,,,,,,,,,,,,,,,,,,,,,,,,,,,,,,,,,,,,,,,,,,,,,,,,,,,,,,,,,,,,,,,,,,,,,,,,,,,,,,,,,,,,,,,,,,,,,,,,,,,,,,,,,,,,,,,,,,,,,,,,,,,,,,,,,,,,,,,,,,,,,,,,,,,,,,,,,,,,,,,,,,,,,,,,
A09_RD14-0003-44d2-45-0.0625IP-Q3.2_001.20sec.fsa,TPOX,Y,OL,213.57,7,OL,226.31,6,11,240.81,294,OL,248.13,8,13,249.38,6,,,,,,,,,,,,,,,,,,,,,,,,,,,,,,,,,,,,,,,,,,,,,,,,,,,,,,,,,,,,,,,,,,,,,,,,,,,,,,,,,,,,,,,,,,,,,,,,,,,,,,,,,,,,,,,,,,,,,,,,,,,,,,,,,,,,,,,,,,,,,,,,,,,,,,,,,,,,,,,,,,,,,,,,,,,,,,,,,,,,,,,,,,,,,,,,,,,,,,,,,,,,,,,,,,,,,,,,,,,,,,,,,,,,,,,,,,,,,,,,,,,,,,,,,,,,,,,,,,,,,,,,,,,,,,,,,,,,,,,,,,,,,
A09_RD14-0003-44d2-45-0.0625IP-Q3.2_001.20sec.fsa,D18S51,Y,12,281.06,67,14,289.15,57,OL,294.39,6,17,301.57,11,18,304.65,14,19,309.56,8,OL,312.27,7,OL,341.3,6,,,,,,,,,,,,,,,,,,,,,,,,,,,,,,,,,,,,,,,,,,,,,,,,,,,,,,,,,,,,,,,,,,,,,,,,,,,,,,,,,,,,,,,,,,,,,,,,,,,,,,,,,,,,,,,,,,,,,,,,,,,,,,,,,,,,,,,,,,,,,,,,,,,,,,,,,,,,,,,,,,,,,,,,,,,,,,,,,,,,,,,,,,,,,,,,,,,,,,,,,,,,,,,,,,,,,,,,,,,,,,,,,,,,,,,,,,,,,,,,,,,,,,,,,,,,,,,,,,,,,,,,,,,,,,,,,,,,
A09_RD14-0003-44d2-45-0.0625IP-Q3.2_001.20sec.fsa,AMEL,R,X,104.94,442,Y,110.83,385,,,,,,,,,,,,,,,,,,,,,,,,,,,,,,,,,,,,,,,,,,,,,,,,,,,,,,,,,,,,,,,,,,,,,,,,,,,,,,,,,,,,,,,,,,,,,,,,,,,,,,,,,,,,,,,,,,,,,,,,,,,,,,,,,,,,,,,,,,,,,,,,,,,,,,,,,,,,,,,,,,,,,,,,,,,,,,,,,,,,,,,,,,,,,,,,,,,,,,,,,,,,,,,,,,,,,,,,,,,,,,,,,,,,,,,,,,,,,,,,,,,,,,,,,,,,,,,,,,,,,,,,,,,,,,,,,,,,,,,,,,,,,,,,,,,,,,
A09_RD14-0003-44d2-45-0.0625IP-Q3.2_001.20sec.fsa,D5S818,R,OL,127.92,11,OL,130.45,8,OL,135.4,12,10,144.64,20,11,148.89,255,12,152.91,282,OL,172.86,9,17,173.53,10,,,,,,,,,,,,,,,,,,,,,,,,,,,,,,,,,,,,,,,,,,,,,,,,,,,,,,,,,,,,,,,,,,,,,,,,,,,,,,,,,,,,,,,,,,,,,,,,,,,,,,,,,,,,,,,,,,,,,,,,,,,,,,,,,,,,,,,,,,,,,,,,,,,,,,,,,,,,,,,,,,,,,,,,,,,,,,,,,,,,,,,,,,,,,,,,,,,,,,,,,,,,,,,,,,,,,,,,,,,,,,,,,,,,,,,,,,,,,,,,,,,,,,,,,,,,,,,,,,,,,,,,,,,,,,,,,,,,
A09_RD14-0003-44d2-45-0.0625IP-Q3.2_001.20sec.fsa,FGA,R,17,212.55,8,17.2,214.61,13,OL,217.39,9,OL,221.98,10,OL,224.23,8,OL,227.96,6,22,233.26,18,23,237.37,47,23.2,238.77,12,24,241.43,74,OL,266.68,12,OL,268.45,6,OL,278.48,13,OL,284.26,9,OL,286.48,9,OL,314.47,11,OL,315.23,13,45.2,328.31,8,OL,331.06,8,OL,334.54,7,,,,,,,,,,,,,,,,,,,,,,,,,,,,,,,,,,,,,,,,,,,,,,,,,,,,,,,,,,,,,,,,,,,,,,,,,,,,,,,,,,,,,,,,,,,,,,,,,,,,,,,,,,,,,,,,,,,,,,,,,,,,,,,,,,,,,,,,,,,,,,,,,,,,,,,,,,,,,,,,,,,,,,,,,,,,,,,,,,,,,,,,,,,,,,,,,,,,,,,,,,,,,,,,,,,,,,,,,,,,,,,,,,,,,,,,,,,,,,,,
B01_RD14-0003-43d2a-0.5IP-Q0.9_002.20sec.fsa,D8S1179,B,OL,111.85,3,OL,113.23,3,OL,114.23,5,OL,117,2,OL,122.27,19,OL,123.18,17,10,129.59,153,11,133.68,2563,12,137.88,181,13,141.99,3007,14,146.15,13,OL,155.15,4,OL,159.51,3,OL,160.24,4,OL,167.45,4,OL,169.28,1,OL,169.99,2,OL,176.82,7,,,,,,,,,,,,,,,,,,,,,,,,,,,,,,,,,,,,,,,,,,,,,,,,,,,,,,,,,,,,,,,,,,,,,,,,,,,,,,,,,,,,,,,,,,,,,,,,,,,,,,,,,,,,,,,,,,,,,,,,,,,,,,,,,,,,,,,,,,,,,,,,,,,,,,,,,,,,,,,,,,,,,,,,,,,,,,,,,,,,,,,,,,,,,,,,,,,,,,,,,,,,,,,,,,,,,,,,,,,,,,,,,,,,,,,,,,,,,,,,,,,,,,
B01_RD14-0003-43d2a-0.5IP-Q0.9_002.20sec.fsa,D21S11,B,23.2,180,5,OL,181.7,6,24,182.76,3,OL,183.89,17,OL,187.62,6,OL,189.48,5,26,190.62,91,26.2,192.72,9,27,194.74,2100,28,198.71,204,28.2,200.63,15,29,202.67,2988,30,206.61,16,OL,211.93,3,OL,217.36,2,OL,220.16,6,35,227.33,37,36,231.37,32,OL,236.21,4,OL,240.08,9,,,,,,,,,,,,,,,,,,,,,,,,,,,,,,,,,,,,,,,,,,,,,,,,,,,,,,,,,,,,,,,,,,,,,,,,,,,,,,,,,,,,,,,,,,,,,,,,,,,,,,,,,,,,,,,,,,,,,,,,,,,,,,,,,,,,,,,,,,,,,,,,,,,,,,,,,,,,,,,,,,,,,,,,,,,,,,,,,,,,,,,,,,,,,,,,,,,,,,,,,,,,,,,,,,,,,,,,,,,,,,,,,,,,,,,,,,,,,,,,
B01_RD14-0003-43d2a-0.5IP-Q0.9_002.20sec.fsa,D7S820,B,OL,253.35,4,OL,255.02,5,7,258.11,49,8,262.09,1899,9,266.13,1723,10,270.17,6,OL,271.31,82,12,278.37,2,OL,280.16,7,OL,283.15,3,OL,283.95,2,OL,287.18,4,OL,290.89,4,,,,,,,,,,,,,,,,,,,,,,,,,,,,,,,,,,,,,,,,,,,,,,,,,,,,,,,,,,,,,,,,,,,,,,,,,,,,,,,,,,,,,,,,,,,,,,,,,,,,,,,,,,,,,,,,,,,,,,,,,,,,,,,,,,,,,,,,,,,,,,,,,,,,,,,,,,,,,,,,,,,,,,,,,,,,,,,,,,,,,,,,,,,,,,,,,,,,,,,,,,,,,,,,,,,,,,,,,,,,,,,,,,,,,,,,,,,,,,,,,,,,,,,,,,,,,,,,,,,,,
B01_RD14-0003-43d2a-0.5IP-Q0.9_002.20sec.fsa,CSF1PO,B,OL,300.48,7,OL,303.59,4,OL,306,1,OL,308.1,4,8,310.46,3,9,314.6,108,10,318.8,2383,10.2,321.09,30,11,322.92,133,12,326.91,2114,13,330.8,10,OL,333.19,44,OL,335.57,3,OL,340,7,OL,341.84,1,,,,,,,,,,,,,,,,,,,,,,,,,,,,,,,,,,,,,,,,,,,,,,,,,,,,,,,,,,,,,,,,,,,,,,,,,,,,,,,,,,,,,,,,,,,,,,,,,,,,,,,,,,,,,,,,,,,,,,,,,,,,,,,,,,,,,,,,,,,,,,,,,,,,,,,,,,,,,,,,,,,,,,,,,,,,,,,,,,,,,,,,,,,,,,,,,,,,,,,,,,,,,,,,,,,,,,,,,,,,,,,,,,,,,,,,,,,,,,,,,,,,,,,,,,,,,,,
B01_RD14-0003-43d2a-0.5IP-Q0.9_002.20sec.fsa,D3S1358,G,OL,99.92,3,OL,102.65,4,12,110.31,8,13,114.3,23,OL,115.8,17,14,118.28,438,15,122.34,6479,16,126.22,28,OL,131.98,3,OL,135,5,18.2,136.32,3,OL,137.88,3,,,,,,,,,,,,,,,,,,,,,,,,,,,,,,,,,,,,,,,,,,,,,,,,,,,,,,,,,,,,,,,,,,,,,,,,,,,,,,,,,,,,,,,,,,,,,,,,,,,,,,,,,,,,,,,,,,,,,,,,,,,,,,,,,,,,,,,,,,,,,,,,,,,,,,,,,,,,,,,,,,,,,,,,,,,,,,,,,,,,,,,,,,,,,,,,,,,,,,,,,,,,,,,,,,,,,,,,,,,,,,,,,,,,,,,,,,,,,,,,,,,,,,,,,,,,,,,,,,,,,,,,
B01_RD14-0003-43d2a-0.5IP-Q0.9_002.20sec.fsa,TH01,G,OL,169.83,14,7,172.69,91,8,176.74,3764,8.3,179.76,80,9.3,183.89,4665,OL,187.22,2,OL,198.22,3,13.3,200,6,OL,201.1,6,,,,,,,,,,,,,,,,,,,,,,,,,,,,,,,,,,,,,,,,,,,,,,,,,,,,,,,,,,,,,,,,,,,,,,,,,,,,,,,,,,,,,,,,,,,,,,,,,,,,,,,,,,,,,,,,,,,,,,,,,,,,,,,,,,,,,,,,,,,,,,,,,,,,,,,,,,,,,,,,,,,,,,,,,,,,,,,,,,,,,,,,,,,,,,,,,,,,,,,,,,,,,,,,,,,,,,,,,,,,,,,,,,,,,,,,,,,,,,,,,,,,,,,,,,,,,,,,,,,,,,,,,,,,,,,,,
B01_RD14-0003-43d2a-0.5IP-Q0.9_002.20sec.fsa,D13S317,G,OL,204.48,3,OL,205.74,4,OL,206.93,4,OL,208.51,2,7,210.97,2,OL,214.41,4,OL,215.8,5,9,219.18,7,OL,219.92,4,OL,221.21,8,10,223.22,151,11,227.25,3920,12,231.29,3410,13,235.32,12,OL,239.92,8,OL,244.73,6,OL,245.47,5,,,,,,,,,,,,,,,,,,,,,,,,,,,,,,,,,,,,,,,,,,,,,,,,,,,,,,,,,,,,,,,,,,,,,,,,,,,,,,,,,,,,,,,,,,,,,,,,,,,,,,,,,,,,,,,,,,,,,,,,,,,,,,,,,,,,,,,,,,,,,,,,,,,,,,,,,,,,,,,,,,,,,,,,,,,,,,,,,,,,,,,,,,,,,,,,,,,,,,,,,,,,,,,,,,,,,,,,,,,,,,,,,,,,,,,,,,,,,,,,,,,,,,,,,
B01_RD14-0003-43d2a-0.5IP-Q0.9_002.20sec.fsa,D16S539,G,OL,249.84,4,OL,250.8,4,OL,254.22,19,7,259.21,6,7,260,6,8,263.3,25,OL,265.08,8,9,267.26,268,OL,269.36,22,10,271.23,7090,11,275.28,26,OL,280.16,7,OL,284.68,5,OL,288.23,5,OL,292.1,2,OL,293.15,3,OL,294.52,3,,,,,,,,,,,,,,,,,,,,,,,,,,,,,,,,,,,,,,,,,,,,,,,,,,,,,,,,,,,,,,,,,,,,,,,,,,,,,,,,,,,,,,,,,,,,,,,,,,,,,,,,,,,,,,,,,,,,,,,,,,,,,,,,,,,,,,,,,,,,,,,,,,,,,,,,,,,,,,,,,,,,,,,,,,,,,,,,,,,,,,,,,,,,,,,,,,,,,,,,,,,,,,,,,,,,,,,,,,,,,,,,,,,,,,,,,,,,,,,,,,,,,,,,,
B01_RD14-0003-43d2a-0.5IP-Q0.9_002.20sec.fsa,D2S1338,G,OL,303.67,3,OL,305.51,10,16,308.91,14,17,312.52,8,OL,315.2,10,18,316.91,168,19,321.09,2565,20,325,24,21,329.15,361,22,333.11,3576,OL,339.1,12,OL,346.27,3,OL,347.52,4,OL,349.86,5,OL,360,5,OL,364.16,4,,,,,,,,,,,,,,,,,,,,,,,,,,,,,,,,,,,,,,,,,,,,,,,,,,,,,,,,,,,,,,,,,,,,,,,,,,,,,,,,,,,,,,,,,,,,,,,,,,,,,,,,,,,,,,,,,,,,,,,,,,,,,,,,,,,,,,,,,,,,,,,,,,,,,,,,,,,,,,,,,,,,,,,,,,,,,,,,,,,,,,,,,,,,,,,,,,,,,,,,,,,,,,,,,,,,,,,,,,,,,,,,,,,,,,,,,,,,,,,,,,,,,,,,,,,,
B01_RD14-0003-43d2a-0.5IP-Q0.9_002.20sec.fsa,D19S433,Y,9.2,101.71,6,OL,103.27,8,10.2,105.9,6,11.2,110.31,17,12,112.16,13,OL,113.23,16,12.2,114.3,148,13,116.18,147,13.2,118.2,2050,14,120.15,2527,15,124.01,10,15.2,126.52,6,OL,136.79,7,OL,139.92,10,OL,141.28,6,,,,,,,,,,,,,,,,,,,,,,,,,,,,,,,,,,,,,,,,,,,,,,,,,,,,,,,,,,,,,,,,,,,,,,,,,,,,,,,,,,,,,,,,,,,,,,,,,,,,,,,,,,,,,,,,,,,,,,,,,,,,,,,,,,,,,,,,,,,,,,,,,,,,,,,,,,,,,,,,,,,,,,,,,,,,,,,,,,,,,,,,,,,,,,,,,,,,,,,,,,,,,,,,,,,,,,,,,,,,,,,,,,,,,,,,,,,,,,,,,,,,,,,,,,,,,,,
B01_RD14-0003-43d2a-0.5IP-Q0.9_002.20sec.fsa,vWA,Y,OL,145.91,9,11,151.77,11,12,155.88,85,OL,157.65,9,13,160,2671,15,168.24,12,16,172.29,200,OL,174.28,7,17,176.34,2646,OL,177.54,24,18,180.41,73,OL,183.24,8,OL,198.38,5,OL,200.16,9,OL,208.28,7,25,208.75,7,,,,,,,,,,,,,,,,,,,,,,,,,,,,,,,,,,,,,,,,,,,,,,,,,,,,,,,,,,,,,,,,,,,,,,,,,,,,,,,,,,,,,,,,,,,,,,,,,,,,,,,,,,,,,,,,,,,,,,,,,,,,,,,,,,,,,,,,,,,,,,,,,,,,,,,,,,,,,,,,,,,,,,,,,,,,,,,,,,,,,,,,,,,,,,,,,,,,,,,,,,,,,,,,,,,,,,,,,,,,,,,,,,,,,,,,,,,,,,,,,,,,,,,,,,,,
B01_RD14-0003-43d2a-0.5IP-Q0.9_002.20sec.fsa,TPOX,Y,OL,216.21,5,6,220.4,6,7,224.84,57,8,228.79,3050,9,232.74,15,OL,233.87,7,10,236.85,118,11,240.83,3089,12,244.97,10,OL,247.94,7,OL,250,9,,,,,,,,,,,,,,,,,,,,,,,,,,,,,,,,,,,,,,,,,,,,,,,,,,,,,,,,,,,,,,,,,,,,,,,,,,,,,,,,,,,,,,,,,,,,,,,,,,,,,,,,,,,,,,,,,,,,,,,,,,,,,,,,,,,,,,,,,,,,,,,,,,,,,,,,,,,,,,,,,,,,,,,,,,,,,,,,,,,,,,,,,,,,,,,,,,,,,,,,,,,,,,,,,,,,,,,,,,,,,,,,,,,,,,,,,,,,,,,,,,,,,,,,,,,,,,,,,,,,,,,,,,,
B01_RD14-0003-43d2a-0.5IP-Q0.9_002.20sec.fsa,D18S51,Y,9,268.47,14,OL,269.61,17,OL,279.84,9,13,285.48,5,16,297.26,19,17,301.11,261,18,305.03,2527,19,309.08,2372,20,313.09,18,OL,326.66,9,OL,328.23,11,24,329.48,15,OL,330.55,18,OL,331.21,17,OL,340.08,9,OL,343.26,7,,,,,,,,,,,,,,,,,,,,,,,,,,,,,,,,,,,,,,,,,,,,,,,,,,,,,,,,,,,,,,,,,,,,,,,,,,,,,,,,,,,,,,,,,,,,,,,,,,,,,,,,,,,,,,,,,,,,,,,,,,,,,,,,,,,,,,,,,,,,,,,,,,,,,,,,,,,,,,,,,,,,,,,,,,,,,,,,,,,,,,,,,,,,,,,,,,,,,,,,,,,,,,,,,,,,,,,,,,,,,,,,,,,,,,,,,,,,,,,,,,,,,,,,,,,,
B01_RD14-0003-43d2a-0.5IP-Q0.9_002.20sec.fsa,AMEL,R,X,104.9,2383,OL,106.14,67,Y,110.85,3062,,,,,,,,,,,,,,,,,,,,,,,,,,,,,,,,,,,,,,,,,,,,,,,,,,,,,,,,,,,,,,,,,,,,,,,,,,,,,,,,,,,,,,,,,,,,,,,,,,,,,,,,,,,,,,,,,,,,,,,,,,,,,,,,,,,,,,,,,,,,,,,,,,,,,,,,,,,,,,,,,,,,,,,,,,,,,,,,,,,,,,,,,,,,,,,,,,,,,,,,,,,,,,,,,,,,,,,,,,,,,,,,,,,,,,,,,,,,,,,,,,,,,,,,,,,,,,,,,,,,,,,,,,,,,,,,,,,,,,,,,,,,,,,,,,,
B01_RD14-0003-43d2a-0.5IP-Q0.9_002.20sec.fsa,D5S818,R,OL,127.21,8,OL,130.97,7,OL,139.22,15,9,140.56,8,10,144.71,182,11,148.88,3245,12,153.06,3005,13,157.09,23,OL,161.82,5,OL,172.77,8,OL,176.98,35,OL,177.85,13,,,,,,,,,,,,,,,,,,,,,,,,,,,,,,,,,,,,,,,,,,,,,,,,,,,,,,,,,,,,,,,,,,,,,,,,,,,,,,,,,,,,,,,,,,,,,,,,,,,,,,,,,,,,,,,,,,,,,,,,,,,,,,,,,,,,,,,,,,,,,,,,,,,,,,,,,,,,,,,,,,,,,,,,,,,,,,,,,,,,,,,,,,,,,,,,,,,,,,,,,,,,,,,,,,,,,,,,,,,,,,,,,,,,,,,,,,,,,,,,,,,,,,,,,,,,,,,,,,,,,,,,
B01_RD14-0003-43d2a-0.5IP-Q0.9_002.20sec.fsa,FGA,R,18.2,219.09,6,19,220.89,16,20,225.08,149,21,229.11,2307,21.2,231.53,31,22.2,235.4,6,OL,238.71,5,OL,244.48,7,25,245.3,13,26,249.34,9,27,253.59,122,28,257.55,1892,29,261.61,16,30,265.24,6,31.2,271.23,78,OL,282.26,8,OL,285.97,9,OL,293.06,3,OL,298.23,7,OL,301.11,10,OL,301.83,11,OL,302.95,7,OL,305.59,17,OL,307.21,13,OL,309.65,11,OL,313.01,6,OL,320.92,45,OL,333.19,67,OL,356.31,5,,,,,,,,,,,,,,,,,,,,,,,,,,,,,,,,,,,,,,,,,,,,,,,,,,,,,,,,,,,,,,,,,,,,,,,,,,,,,,,,,,,,,,,,,,,,,,,,,,,,,,,,,,,,,,,,,,,,,,,,,,,,,,,,,,,,,,,,,,,,,,,,,,,,,,,,,,,,,,,,,,,,,,,,,,,,,,,,,,,,,,,,,,,,,,,,,,,,,,,,,,,,,,,,,,,,,
B02_RD14-0003-43d1-15-0.5IP-Q0.9_002.20sec.fsa,D8S1179,B,OL,112.12,9,OL,116.2,3,OL,120.15,2,8,122.14,26,OL,126.3,2,10,129.6,155,11,133.67,2680,12,137.86,152,13,142.02,2877,14,146.06,11,OL,148.56,3,OL,160,5,19,166.81,2,OL,171.85,2,OL,173.79,2,OL,175.26,3,,,,,,,,,,,,,,,,,,,,,,,,,,,,,,,,,,,,,,,,,,,,,,,,,,,,,,,,,,,,,,,,,,,,,,,,,,,,,,,,,,,,,,,,,,,,,,,,,,,,,,,,,,,,,,,,,,,,,,,,,,,,,,,,,,,,,,,,,,,,,,,,,,,,,,,,,,,,,,,,,,,,,,,,,,,,,,,,,,,,,,,,,,,,,,,,,,,,,,,,,,,,,,,,,,,,,,,,,,,,,,,,,,,,,,,,,,,,,,,,,,,,,,,,,,,,
B02_RD14-0003-43d1-15-0.5IP-Q0.9_002.20sec.fsa,D21S11,B,OL,183.87,16,25,186.48,5,OL,187.11,4,26,190.51,87,27,194.62,1986,28,198.58,112,28.2,200.54,9,29,202.63,1892,30,206.51,10,31.2,212.28,3,OL,214.08,6,OL,216,2,35,227.33,44,36,231.36,36,OL,240.25,6,OL,242.12,3,,,,,,,,,,,,,,,,,,,,,,,,,,,,,,,,,,,,,,,,,,,,,,,,,,,,,,,,,,,,,,,,,,,,,,,,,,,,,,,,,,,,,,,,,,,,,,,,,,,,,,,,,,,,,,,,,,,,,,,,,,,,,,,,,,,,,,,,,,,,,,,,,,,,,,,,,,,,,,,,,,,,,,,,,,,,,,,,,,,,,,,,,,,,,,,,,,,,,,,,,,,,,,,,,,,,,,,,,,,,,,,,,,,,,,,,,,,,,,,,,,,,,,,,,,,,
B02_RD14-0003-43d1-15-0.5IP-Q0.9_002.20sec.fsa,D7S820,B,OL,248.06,5,OL,251.49,2,OL,255.48,3,7,258.13,27,8,262.07,1331,9,266.13,1583,OL,269.64,5,OL,271.24,94,15,289.76,2,OL,293.2,2,,,,,,,,,,,,,,,,,,,,,,,,,,,,,,,,,,,,,,,,,,,,,,,,,,,,,,,,,,,,,,,,,,,,,,,,,,,,,,,,,,,,,,,,,,,,,,,,,,,,,,,,,,,,,,,,,,,,,,,,,,,,,,,,,,,,,,,,,,,,,,,,,,,,,,,,,,,,,,,,,,,,,,,,,,,,,,,,,,,,,,,,,,,,,,,,,,,,,,,,,,,,,,,,,,,,,,,,,,,,,,,,,,,,,,,,,,,,,,,,,,,,,,,,,,,,,,,,,,,,,,,,,,,,,,
B02_RD14-0003-43d1-15-0.5IP-Q0.9_002.20sec.fsa,CSF1PO,B,OL,300.16,7,OL,304.15,4,OL,307.74,8,8,310.56,4,9,314.43,60,10,318.78,1563,10.2,321.01,30,11,322.85,94,12,326.93,1735,13,330.82,8,OL,333.05,28,OL,337.8,3,OL,340.08,6,,,,,,,,,,,,,,,,,,,,,,,,,,,,,,,,,,,,,,,,,,,,,,,,,,,,,,,,,,,,,,,,,,,,,,,,,,,,,,,,,,,,,,,,,,,,,,,,,,,,,,,,,,,,,,,,,,,,,,,,,,,,,,,,,,,,,,,,,,,,,,,,,,,,,,,,,,,,,,,,,,,,,,,,,,,,,,,,,,,,,,,,,,,,,,,,,,,,,,,,,,,,,,,,,,,,,,,,,,,,,,,,,,,,,,,,,,,,,,,,,,,,,,,,,,,,,,,,,,,,,
B02_RD14-0003-43d1-15-0.5IP-Q0.9_002.20sec.fsa,D3S1358,G,OL,102.29,14,13,114.22,40,OL,115.47,21,OL,116.42,16,14,118.32,495,15,122.29,7473,16,126.08,34,16.2,128.85,2,OL,139.85,4,OL,141.01,4,20,142.72,7,OL,143.18,7,,,,,,,,,,,,,,,,,,,,,,,,,,,,,,,,,,,,,,,,,,,,,,,,,,,,,,,,,,,,,,,,,,,,,,,,,,,,,,,,,,,,,,,,,,,,,,,,,,,,,,,,,,,,,,,,,,,,,,,,,,,,,,,,,,,,,,,,,,,,,,,,,,,,,,,,,,,,,,,,,,,,,,,,,,,,,,,,,,,,,,,,,,,,,,,,,,,,,,,,,,,,,,,,,,,,,,,,,,,,,,,,,,,,,,,,,,,,,,,,,,,,,,,,,,,,,,,,,,,,,,,,
B02_RD14-0003-43d1-15-0.5IP-Q0.9_002.20sec.fsa,TH01,G,OL,155.13,3,OL,163.02,12,6,168.98,14,7,172.62,98,8,176.66,4248,8.3,179.77,32,9.3,183.79,3441,OL,195.65,7,OL,197.94,4,13.3,200.7,5,,,,,,,,,,,,,,,,,,,,,,,,,,,,,,,,,,,,,,,,,,,,,,,,,,,,,,,,,,,,,,,,,,,,,,,,,,,,,,,,,,,,,,,,,,,,,,,,,,,,,,,,,,,,,,,,,,,,,,,,,,,,,,,,,,,,,,,,,,,,,,,,,,,,,,,,,,,,,,,,,,,,,,,,,,,,,,,,,,,,,,,,,,,,,,,,,,,,,,,,,,,,,,,,,,,,,,,,,,,,,,,,,,,,,,,,,,,,,,,,,,,,,,,,,,,,,,,,,,,,,,,,,,,,,,
B02_RD14-0003-43d1-15-0.5IP-Q0.9_002.20sec.fsa,D13S317,G,OL,207.99,5,OL,211.81,10,OL,212.59,5,OL,214.48,4,OL,215.84,7,OL,217.76,9,9,219.04,9,OL,219.92,11,10,223.23,158,11,227.25,3867,12,231.28,3329,13,235.32,15,OL,238.09,3,15,243.43,4,OL,245.38,6,,,,,,,,,,,,,,,,,,,,,,,,,,,,,,,,,,,,,,,,,,,,,,,,,,,,,,,,,,,,,,,,,,,,,,,,,,,,,,,,,,,,,,,,,,,,,,,,,,,,,,,,,,,,,,,,,,,,,,,,,,,,,,,,,,,,,,,,,,,,,,,,,,,,,,,,,,,,,,,,,,,,,,,,,,,,,,,,,,,,,,,,,,,,,,,,,,,,,,,,,,,,,,,,,,,,,,,,,,,,,,,,,,,,,,,,,,,,,,,,,,,,,,,,,,,,,,,
B02_RD14-0003-43d1-15-0.5IP-Q0.9_002.20sec.fsa,D16S539,G,OL,253.84,17,6,255.25,7,OL,257.9,4,8,263.26,15,9,267.32,293,OL,269.56,25,10,271.24,6584,11,275.33,23,12,278.87,3,OL,280.08,7,OL,282.64,3,,,,,,,,,,,,,,,,,,,,,,,,,,,,,,,,,,,,,,,,,,,,,,,,,,,,,,,,,,,,,,,,,,,,,,,,,,,,,,,,,,,,,,,,,,,,,,,,,,,,,,,,,,,,,,,,,,,,,,,,,,,,,,,,,,,,,,,,,,,,,,,,,,,,,,,,,,,,,,,,,,,,,,,,,,,,,,,,,,,,,,,,,,,,,,,,,,,,,,,,,,,,,,,,,,,,,,,,,,,,,,,,,,,,,,,,,,,,,,,,,,,,,,,,,,,,,,,,,,,,,,,,,,,
B02_RD14-0003-43d1-15-0.5IP-Q0.9_002.20sec.fsa,D2S1338,G,OL,301.79,2,16,308.7,10,OL,311.3,2,17,312.52,16,18,316.86,253,19,321.09,2898,20,325.1,35,21,329.17,195,22,333.13,1899,OL,339.43,15,25,345.28,5,OL,364.43,4,,,,,,,,,,,,,,,,,,,,,,,,,,,,,,,,,,,,,,,,,,,,,,,,,,,,,,,,,,,,,,,,,,,,,,,,,,,,,,,,,,,,,,,,,,,,,,,,,,,,,,,,,,,,,,,,,,,,,,,,,,,,,,,,,,,,,,,,,,,,,,,,,,,,,,,,,,,,,,,,,,,,,,,,,,,,,,,,,,,,,,,,,,,,,,,,,,,,,,,,,,,,,,,,,,,,,,,,,,,,,,,,,,,,,,,,,,,,,,,,,,,,,,,,,,,,,,,,,,,,,,,,
B02_RD14-0003-43d1-15-0.5IP-Q0.9_002.20sec.fsa,D19S433,Y,11.2,110.24,25,12,111.97,23,12,112.57,24,12.2,114.22,244,13,116.2,245,13.2,118.17,3456,14,120.15,3612,15,124.14,14,17,132.31,6,,,,,,,,,,,,,,,,,,,,,,,,,,,,,,,,,,,,,,,,,,,,,,,,,,,,,,,,,,,,,,,,,,,,,,,,,,,,,,,,,,,,,,,,,,,,,,,,,,,,,,,,,,,,,,,,,,,,,,,,,,,,,,,,,,,,,,,,,,,,,,,,,,,,,,,,,,,,,,,,,,,,,,,,,,,,,,,,,,,,,,,,,,,,,,,,,,,,,,,,,,,,,,,,,,,,,,,,,,,,,,,,,,,,,,,,,,,,,,,,,,,,,,,,,,,,,,,,,,,,,,,,,,,,,,,,,
B02_RD14-0003-43d1-15-0.5IP-Q0.9_002.20sec.fsa,vWA,Y,OL,146.69,9,OL,152.78,15,12,155.76,94,13,159.92,2872,15,168.2,13,16,172.16,238,17,176.27,2920,18,180.24,15,OL,185.53,11,OL,186.88,8,OL,191.54,6,OL,200.08,10,OL,203.64,7,,,,,,,,,,,,,,,,,,,,,,,,,,,,,,,,,,,,,,,,,,,,,,,,,,,,,,,,,,,,,,,,,,,,,,,,,,,,,,,,,,,,,,,,,,,,,,,,,,,,,,,,,,,,,,,,,,,,,,,,,,,,,,,,,,,,,,,,,,,,,,,,,,,,,,,,,,,,,,,,,,,,,,,,,,,,,,,,,,,,,,,,,,,,,,,,,,,,,,,,,,,,,,,,,,,,,,,,,,,,,,,,,,,,,,,,,,,,,,,,,,,,,,,,,,,,,,,,,,,,,
B02_RD14-0003-43d1-15-0.5IP-Q0.9_002.20sec.fsa,TPOX,Y,7,224.57,35,OL,226.07,9,8,228.75,2279,9,232.47,14,OL,233.89,8,10,236.75,120,11,240.82,3091,,,,,,,,,,,,,,,,,,,,,,,,,,,,,,,,,,,,,,,,,,,,,,,,,,,,,,,,,,,,,,,,,,,,,,,,,,,,,,,,,,,,,,,,,,,,,,,,,,,,,,,,,,,,,,,,,,,,,,,,,,,,,,,,,,,,,,,,,,,,,,,,,,,,,,,,,,,,,,,,,,,,,,,,,,,,,,,,,,,,,,,,,,,,,,,,,,,,,,,,,,,,,,,,,,,,,,,,,,,,,,,,,,,,,,,,,,,,,,,,,,,,,,,,,,,,,,,,,,,,,,,,,,,,,,,,,,,,,,,
B02_RD14-0003-43d1-15-0.5IP-Q0.9_002.20sec.fsa,D18S51,Y,OL,268.12,10,OL,279.92,9,OL,283.68,6,16,296.96,14,17,301.09,175,18,305.02,1983,19,309.03,947,OL,318.86,16,OL,320.08,15,OL,322.51,10,OL,330.57,7,OL,331.81,8,OL,334.52,7,OL,343.52,4,,,,,,,,,,,,,,,,,,,,,,,,,,,,,,,,,,,,,,,,,,,,,,,,,,,,,,,,,,,,,,,,,,,,,,,,,,,,,,,,,,,,,,,,,,,,,,,,,,,,,,,,,,,,,,,,,,,,,,,,,,,,,,,,,,,,,,,,,,,,,,,,,,,,,,,,,,,,,,,,,,,,,,,,,,,,,,,,,,,,,,,,,,,,,,,,,,,,,,,,,,,,,,,,,,,,,,,,,,,,,,,,,,,,,,,,,,,,,,,,,,,,,,,,,,,,,,,,,,
B02_RD14-0003-43d1-15-0.5IP-Q0.9_002.20sec.fsa,AMEL,R,X,104.87,3425,Y,110.84,3270,,,,,,,,,,,,,,,,,,,,,,,,,,,,,,,,,,,,,,,,,,,,,,,,,,,,,,,,,,,,,,,,,,,,,,,,,,,,,,,,,,,,,,,,,,,,,,,,,,,,,,,,,,,,,,,,,,,,,,,,,,,,,,,,,,,,,,,,,,,,,,,,,,,,,,,,,,,,,,,,,,,,,,,,,,,,,,,,,,,,,,,,,,,,,,,,,,,,,,,,,,,,,,,,,,,,,,,,,,,,,,,,,,,,,,,,,,,,,,,,,,,,,,,,,,,,,,,,,,,,,,,,,,,,,,,,,,,,,,,,,,,,,,,,,,,,,,
B02_RD14-0003-43d1-15-0.5IP-Q0.9_002.20sec.fsa,D5S818,R,OL,134.36,8,OL,137.32,4,OL,138.85,14,9,141.01,10,10,144.74,140,11,148.87,2835,12,152.93,2596,13,157.01,20,16,169.44,7,,,,,,,,,,,,,,,,,,,,,,,,,,,,,,,,,,,,,,,,,,,,,,,,,,,,,,,,,,,,,,,,,,,,,,,,,,,,,,,,,,,,,,,,,,,,,,,,,,,,,,,,,,,,,,,,,,,,,,,,,,,,,,,,,,,,,,,,,,,,,,,,,,,,,,,,,,,,,,,,,,,,,,,,,,,,,,,,,,,,,,,,,,,,,,,,,,,,,,,,,,,,,,,,,,,,,,,,,,,,,,,,,,,,,,,,,,,,,,,,,,,,,,,,,,,,,,,,,,,,,,,,,,,,,,,,,
B02_RD14-0003-43d1-15-0.5IP-Q0.9_002.20sec.fsa,FGA,R,16.2,211.19,4,OL,213.61,9,17.2,214.56,8,19,220.79,12,20,225.04,121,21,229.15,2195,21.2,231.44,29,OL,242.61,8,24.2,243.51,11,OL,244.32,4,26,249.51,9,26.2,251.81,2,OL,252.51,4,27,253.61,106,28,257.59,1626,29,261.59,16,30,265.57,7,OL,266.61,10,30.2,267.32,8,31.2,271.4,110,33.2,279.6,2,34.2,284,5,OL,290.72,4,OL,298.08,7,OL,300.93,8,OL,305.66,15,OL,315.21,10,OL,316.95,19,OL,319.21,11,OL,321.34,53,OL,325.68,6,OL,331.4,6,OL,333.21,40,OL,344.02,6,,,,,,,,,,,,,,,,,,,,,,,,,,,,,,,,,,,,,,,,,,,,,,,,,,,,,,,,,,,,,,,,,,,,,,,,,,,,,,,,,,,,,,,,,,,,,,,,,,,,,,,,,,,,,,,,,,,,,,,,,,,,,,,,,,,,,,,,,,,,,,,,,,,,,,,,,,,,,,,,,,,,,,,,,,,,,,,,,,,,,,,,,,,,,,,,,,,,,,
B04_RD14-0003-43d3-30-0.06IP-Q1.3_002.20sec.fsa,D8S1179,B,OL,122.62,20,10,129.61,16,11,133.69,334,12,137.88,16,OL,140.16,7,13,141.99,254,OL,156.84,2,OL,166.14,3,OL,167.34,3,OL,171.33,4,,,,,,,,,,,,,,,,,,,,,,,,,,,,,,,,,,,,,,,,,,,,,,,,,,,,,,,,,,,,,,,,,,,,,,,,,,,,,,,,,,,,,,,,,,,,,,,,,,,,,,,,,,,,,,,,,,,,,,,,,,,,,,,,,,,,,,,,,,,,,,,,,,,,,,,,,,,,,,,,,,,,,,,,,,,,,,,,,,,,,,,,,,,,,,,,,,,,,,,,,,,,,,,,,,,,,,,,,,,,,,,,,,,,,,,,,,,,,,,,,,,,,,,,,,,,,,,,,,,,,,,,,,,,,,
B04_RD14-0003-43d3-30-0.06IP-Q1.3_002.20sec.fsa,D21S11,B,23.2,180.16,6,OL,185.16,3,26,190.32,5,27,194.58,98,OL,195.73,7,28,198.52,15,29,202.57,262,OL,206.04,3,31,210.26,2,31.2,212.94,3,32,214.25,5,OL,215.99,4,32.2,217.16,3,OL,217.99,3,36,230.91,6,OL,233.74,4,,,,,,,,,,,,,,,,,,,,,,,,,,,,,,,,,,,,,,,,,,,,,,,,,,,,,,,,,,,,,,,,,,,,,,,,,,,,,,,,,,,,,,,,,,,,,,,,,,,,,,,,,,,,,,,,,,,,,,,,,,,,,,,,,,,,,,,,,,,,,,,,,,,,,,,,,,,,,,,,,,,,,,,,,,,,,,,,,,,,,,,,,,,,,,,,,,,,,,,,,,,,,,,,,,,,,,,,,,,,,,,,,,,,,,,,,,,,,,,,,,,,,,,,,,,,
B04_RD14-0003-43d3-30-0.06IP-Q1.3_002.20sec.fsa,D7S820,B,OL,247.19,3,5,250.66,2,OL,259.92,6,8,262.02,39,9,266.06,19,10,270.37,10,OL,277.61,2,OL,281.26,3,14,285.73,2,,,,,,,,,,,,,,,,,,,,,,,,,,,,,,,,,,,,,,,,,,,,,,,,,,,,,,,,,,,,,,,,,,,,,,,,,,,,,,,,,,,,,,,,,,,,,,,,,,,,,,,,,,,,,,,,,,,,,,,,,,,,,,,,,,,,,,,,,,,,,,,,,,,,,,,,,,,,,,,,,,,,,,,,,,,,,,,,,,,,,,,,,,,,,,,,,,,,,,,,,,,,,,,,,,,,,,,,,,,,,,,,,,,,,,,,,,,,,,,,,,,,,,,,,,,,,,,,,,,,,,,,,,,,,,,,,
B04_RD14-0003-43d3-30-0.06IP-Q1.3_002.20sec.fsa,CSF1PO,B,9,314.45,11,OL,316.72,2,10,318.72,156,10.2,320.36,6,12,326.83,81,OL,333.79,3,OL,340.44,6,,,,,,,,,,,,,,,,,,,,,,,,,,,,,,,,,,,,,,,,,,,,,,,,,,,,,,,,,,,,,,,,,,,,,,,,,,,,,,,,,,,,,,,,,,,,,,,,,,,,,,,,,,,,,,,,,,,,,,,,,,,,,,,,,,,,,,,,,,,,,,,,,,,,,,,,,,,,,,,,,,,,,,,,,,,,,,,,,,,,,,,,,,,,,,,,,,,,,,,,,,,,,,,,,,,,,,,,,,,,,,,,,,,,,,,,,,,,,,,,,,,,,,,,,,,,,,,,,,,,,,,,,,,,,,,,,,,,,,,
B04_RD14-0003-43d3-30-0.06IP-Q1.3_002.20sec.fsa,D3S1358,G,OL,116.08,14,14,118.37,28,15,122.32,503,OL,129.61,14,18.2,136.71,7,,,,,,,,,,,,,,,,,,,,,,,,,,,,,,,,,,,,,,,,,,,,,,,,,,,,,,,,,,,,,,,,,,,,,,,,,,,,,,,,,,,,,,,,,,,,,,,,,,,,,,,,,,,,,,,,,,,,,,,,,,,,,,,,,,,,,,,,,,,,,,,,,,,,,,,,,,,,,,,,,,,,,,,,,,,,,,,,,,,,,,,,,,,,,,,,,,,,,,,,,,,,,,,,,,,,,,,,,,,,,,,,,,,,,,,,,,,,,,,,,,,,,,,,,,,,,,,,,,,,,,,,,,,,,,,,,,,,,,,,,,,,,
B04_RD14-0003-43d3-30-0.06IP-Q1.3_002.20sec.fsa,TH01,G,3,156.6,7,OL,167.02,2,OL,170.93,7,8,176.63,455,9.3,183.85,284,10.3,187.61,5,OL,188.51,2,,,,,,,,,,,,,,,,,,,,,,,,,,,,,,,,,,,,,,,,,,,,,,,,,,,,,,,,,,,,,,,,,,,,,,,,,,,,,,,,,,,,,,,,,,,,,,,,,,,,,,,,,,,,,,,,,,,,,,,,,,,,,,,,,,,,,,,,,,,,,,,,,,,,,,,,,,,,,,,,,,,,,,,,,,,,,,,,,,,,,,,,,,,,,,,,,,,,,,,,,,,,,,,,,,,,,,,,,,,,,,,,,,,,,,,,,,,,,,,,,,,,,,,,,,,,,,,,,,,,,,,,,,,,,,,,,,,,,,,
B04_RD14-0003-43d3-30-0.06IP-Q1.3_002.20sec.fsa,D13S317,G,OL,204.67,4,OL,207.26,6,OL,214,8,11,227.26,11,12,231.25,229,OL,236.82,3,14,239.16,6,OL,240.77,6,,,,,,,,,,,,,,,,,,,,,,,,,,,,,,,,,,,,,,,,,,,,,,,,,,,,,,,,,,,,,,,,,,,,,,,,,,,,,,,,,,,,,,,,,,,,,,,,,,,,,,,,,,,,,,,,,,,,,,,,,,,,,,,,,,,,,,,,,,,,,,,,,,,,,,,,,,,,,,,,,,,,,,,,,,,,,,,,,,,,,,,,,,,,,,,,,,,,,,,,,,,,,,,,,,,,,,,,,,,,,,,,,,,,,,,,,,,,,,,,,,,,,,,,,,,,,,,,,,,,,,,,,,,,,,,,,,,,
B04_RD14-0003-43d3-30-0.06IP-Q1.3_002.20sec.fsa,D16S539,G,OL,252.71,3,OL,256.98,13,OL,257.63,14,OL,264.79,7,9,267.24,15,10,271.22,264,OL,276.24,4,OL,277.35,4,OL,284.21,4,OL,285.48,9,OL,292.9,13,,,,,,,,,,,,,,,,,,,,,,,,,,,,,,,,,,,,,,,,,,,,,,,,,,,,,,,,,,,,,,,,,,,,,,,,,,,,,,,,,,,,,,,,,,,,,,,,,,,,,,,,,,,,,,,,,,,,,,,,,,,,,,,,,,,,,,,,,,,,,,,,,,,,,,,,,,,,,,,,,,,,,,,,,,,,,,,,,,,,,,,,,,,,,,,,,,,,,,,,,,,,,,,,,,,,,,,,,,,,,,,,,,,,,,,,,,,,,,,,,,,,,,,,,,,,,,,,,,,,,,,,,,,
B04_RD14-0003-43d3-30-0.06IP-Q1.3_002.20sec.fsa,D2S1338,G,16,308.45,3,OL,309.66,7,OL,313.91,8,19,321.07,43,OL,324.44,4,22,333.08,68,OL,339.91,8,OL,359.55,4,,,,,,,,,,,,,,,,,,,,,,,,,,,,,,,,,,,,,,,,,,,,,,,,,,,,,,,,,,,,,,,,,,,,,,,,,,,,,,,,,,,,,,,,,,,,,,,,,,,,,,,,,,,,,,,,,,,,,,,,,,,,,,,,,,,,,,,,,,,,,,,,,,,,,,,,,,,,,,,,,,,,,,,,,,,,,,,,,,,,,,,,,,,,,,,,,,,,,,,,,,,,,,,,,,,,,,,,,,,,,,,,,,,,,,,,,,,,,,,,,,,,,,,,,,,,,,,,,,,,,,,,,,,,,,,,,,,,
B04_RD14-0003-43d3-30-0.06IP-Q1.3_002.20sec.fsa,D19S433,Y,9,100.23,13,OL,106.76,10,OL,108.9,14,11.2,110.5,6,12.2,114.07,23,13.2,118.15,455,OL,128.69,8,OL,130.76,9,,,,,,,,,,,,,,,,,,,,,,,,,,,,,,,,,,,,,,,,,,,,,,,,,,,,,,,,,,,,,,,,,,,,,,,,,,,,,,,,,,,,,,,,,,,,,,,,,,,,,,,,,,,,,,,,,,,,,,,,,,,,,,,,,,,,,,,,,,,,,,,,,,,,,,,,,,,,,,,,,,,,,,,,,,,,,,,,,,,,,,,,,,,,,,,,,,,,,,,,,,,,,,,,,,,,,,,,,,,,,,,,,,,,,,,,,,,,,,,,,,,,,,,,,,,,,,,,,,,,,,,,,,,,,,,,,,,,
B04_RD14-0003-43d3-30-0.06IP-Q1.3_002.20sec.fsa,vWA,Y,OL,146.14,9,12,155.87,13,13,160,263,OL,166.78,6,17,176.3,151,OL,178.71,3,OL,193.92,9,,,,,,,,,,,,,,,,,,,,,,,,,,,,,,,,,,,,,,,,,,,,,,,,,,,,,,,,,,,,,,,,,,,,,,,,,,,,,,,,,,,,,,,,,,,,,,,,,,,,,,,,,,,,,,,,,,,,,,,,,,,,,,,,,,,,,,,,,,,,,,,,,,,,,,,,,,,,,,,,,,,,,,,,,,,,,,,,,,,,,,,,,,,,,,,,,,,,,,,,,,,,,,,,,,,,,,,,,,,,,,,,,,,,,,,,,,,,,,,,,,,,,,,,,,,,,,,,,,,,,,,,,,,,,,,,,,,,,,,
B04_RD14-0003-43d3-30-0.06IP-Q1.3_002.20sec.fsa,TPOX,Y,8,228.67,82,10,236.82,10,11,240.69,212,,,,,,,,,,,,,,,,,,,,,,,,,,,,,,,,,,,,,,,,,,,,,,,,,,,,,,,,,,,,,,,,,,,,,,,,,,,,,,,,,,,,,,,,,,,,,,,,,,,,,,,,,,,,,,,,,,,,,,,,,,,,,,,,,,,,,,,,,,,,,,,,,,,,,,,,,,,,,,,,,,,,,,,,,,,,,,,,,,,,,,,,,,,,,,,,,,,,,,,,,,,,,,,,,,,,,,,,,,,,,,,,,,,,,,,,,,,,,,,,,,,,,,,,,,,,,,,,,,,,,,,,,,,,,,,,,,,,,,,,,,,,,,,,,,,
B04_RD14-0003-43d3-30-0.06IP-Q1.3_002.20sec.fsa,D18S51,Y,OL,267.92,8,9.2,270.88,10,10,272.67,8,OL,280.34,9,17,300.92,10,18,304.96,52,OL,306.23,6,OL,310.52,6,OL,324.44,3,23,326.12,8,OL,340.44,10,27,342.04,6,OL,344.17,4,,,,,,,,,,,,,,,,,,,,,,,,,,,,,,,,,,,,,,,,,,,,,,,,,,,,,,,,,,,,,,,,,,,,,,,,,,,,,,,,,,,,,,,,,,,,,,,,,,,,,,,,,,,,,,,,,,,,,,,,,,,,,,,,,,,,,,,,,,,,,,,,,,,,,,,,,,,,,,,,,,,,,,,,,,,,,,,,,,,,,,,,,,,,,,,,,,,,,,,,,,,,,,,,,,,,,,,,,,,,,,,,,,,,,,,,,,,,,,,,,,,,,,,,,,,,,,,,,,,,,
B04_RD14-0003-43d3-30-0.06IP-Q1.3_002.20sec.fsa,AMEL,R,X,104.92,331,OL,107.45,7,Y,110.81,181,,,,,,,,,,,,,,,,,,,,,,,,,,,,,,,,,,,,,,,,,,,,,,,,,,,,,,,,,,,,,,,,,,,,,,,,,,,,,,,,,,,,,,,,,,,,,,,,,,,,,,,,,,,,,,,,,,,,,,,,,,,,,,,,,,,,,,,,,,,,,,,,,,,,,,,,,,,,,,,,,,,,,,,,,,,,,,,,,,,,,,,,,,,,,,,,,,,,,,,,,,,,,,,,,,,,,,,,,,,,,,,,,,,,,,,,,,,,,,,,,,,,,,,,,,,,,,,,,,,,,,,,,,,,,,,,,,,,,,,,,,,,,,,,,,,
B04_RD14-0003-43d3-30-0.06IP-Q1.3_002.20sec.fsa,D5S818,R,7,132.53,7,OL,141.59,4,10,144.7,21,11,148.86,335,OL,150.39,10,12,152.96,33,OL,162.87,9,OL,166.06,9,,,,,,,,,,,,,,,,,,,,,,,,,,,,,,,,,,,,,,,,,,,,,,,,,,,,,,,,,,,,,,,,,,,,,,,,,,,,,,,,,,,,,,,,,,,,,,,,,,,,,,,,,,,,,,,,,,,,,,,,,,,,,,,,,,,,,,,,,,,,,,,,,,,,,,,,,,,,,,,,,,,,,,,,,,,,,,,,,,,,,,,,,,,,,,,,,,,,,,,,,,,,,,,,,,,,,,,,,,,,,,,,,,,,,,,,,,,,,,,,,,,,,,,,,,,,,,,,,,,,,,,,,,,,,,,,,,,,
B04_RD14-0003-43d3-30-0.06IP-Q1.3_002.20sec.fsa,FGA,R,16,208.55,4,OL,215.41,7,18.2,219,10,OL,221.65,7,20.2,227.02,4,21,229.09,50,OL,240.77,7,24,241.72,10,24.2,243.09,8,25.2,247.11,7,27,253.13,8,28,257.63,71,29,261.51,11,OL,262.94,8,OL,295.01,8,OL,311.04,8,OL,317.9,6,,,,,,,,,,,,,,,,,,,,,,,,,,,,,,,,,,,,,,,,,,,,,,,,,,,,,,,,,,,,,,,,,,,,,,,,,,,,,,,,,,,,,,,,,,,,,,,,,,,,,,,,,,,,,,,,,,,,,,,,,,,,,,,,,,,,,,,,,,,,,,,,,,,,,,,,,,,,,,,,,,,,,,,,,,,,,,,,,,,,,,,,,,,,,,,,,,,,,,,,,,,,,,,,,,,,,,,,,,,,,,,,,,,,,,,,,,,,,,,,,,,,,,,,,
B05_RD14-0003-43d3-45-0.007IP-QLAND_002.20sec.fsa,D8S1179,B,OL,113.92,5,OL,122.6,24,11,133.63,31,OL,137.21,5,OL,141.34,5,OL,144.77,15,OL,147.04,5,15,149.91,8,OL,152.86,2,16,154.05,4,17,158.55,6,18,162.42,5,19,166.68,4,20,170.95,6,OL,176.22,3,,,,,,,,,,,,,,,,,,,,,,,,,,,,,,,,,,,,,,,,,,,,,,,,,,,,,,,,,,,,,,,,,,,,,,,,,,,,,,,,,,,,,,,,,,,,,,,,,,,,,,,,,,,,,,,,,,,,,,,,,,,,,,,,,,,,,,,,,,,,,,,,,,,,,,,,,,,,,,,,,,,,,,,,,,,,,,,,,,,,,,,,,,,,,,,,,,,,,,,,,,,,,,,,,,,,,,,,,,,,,,,,,,,,,,,,,,,,,,,,,,,,,,,,,,,,,,,
B05_RD14-0003-43d3-45-0.007IP-QLAND_002.20sec.fsa,D21S11,B,23.2,180.09,8,25,186.66,6,OL,193.16,4,29.2,204.36,4,30.2,209.17,3,OL,214,3,OL,217.3,6,OL,219.48,7,OL,222.06,3,35,227.4,6,OL,229.47,4,OL,231.8,6,36.2,233.44,4,OL,240.09,8,,,,,,,,,,,,,,,,,,,,,,,,,,,,,,,,,,,,,,,,,,,,,,,,,,,,,,,,,,,,,,,,,,,,,,,,,,,,,,,,,,,,,,,,,,,,,,,,,,,,,,,,,,,,,,,,,,,,,,,,,,,,,,,,,,,,,,,,,,,,,,,,,,,,,,,,,,,,,,,,,,,,,,,,,,,,,,,,,,,,,,,,,,,,,,,,,,,,,,,,,,,,,,,,,,,,,,,,,,,,,,,,,,,,,,,,,,,,,,,,,,,,,,,,,,,,,,,,,,
B05_RD14-0003-43d3-45-0.007IP-QLAND_002.20sec.fsa,D7S820,B,OL,249.65,3,OL,252.91,3,OL,259.32,6,OL,263.55,5,OL,267.46,6,OL,272.67,2,OL,275.37,4,OL,275.9,3,OL,283.98,5,OL,289,4,,,,,,,,,,,,,,,,,,,,,,,,,,,,,,,,,,,,,,,,,,,,,,,,,,,,,,,,,,,,,,,,,,,,,,,,,,,,,,,,,,,,,,,,,,,,,,,,,,,,,,,,,,,,,,,,,,,,,,,,,,,,,,,,,,,,,,,,,,,,,,,,,,,,,,,,,,,,,,,,,,,,,,,,,,,,,,,,,,,,,,,,,,,,,,,,,,,,,,,,,,,,,,,,,,,,,,,,,,,,,,,,,,,,,,,,,,,,,,,,,,,,,,,,,,,,,,,,,,,,,,,,,,,,,,
B05_RD14-0003-43d3-45-0.007IP-QLAND_002.20sec.fsa,CSF1PO,B,OL,304.89,5,OL,308.45,6,9,314.28,6,10,318.89,47,10.2,320.36,6,12,327.01,6,OL,329.7,3,OL,332.64,6,14,335.13,2,OL,343.42,4,,,,,,,,,,,,,,,,,,,,,,,,,,,,,,,,,,,,,,,,,,,,,,,,,,,,,,,,,,,,,,,,,,,,,,,,,,,,,,,,,,,,,,,,,,,,,,,,,,,,,,,,,,,,,,,,,,,,,,,,,,,,,,,,,,,,,,,,,,,,,,,,,,,,,,,,,,,,,,,,,,,,,,,,,,,,,,,,,,,,,,,,,,,,,,,,,,,,,,,,,,,,,,,,,,,,,,,,,,,,,,,,,,,,,,,,,,,,,,,,,,,,,,,,,,,,,,,,,,,,,,,,,,,,,,
B05_RD14-0003-43d3-45-0.007IP-QLAND_002.20sec.fsa,D3S1358,G,OL,99.2,6,OL,103.18,5,OL,131.45,4,OL,139.42,7,,,,,,,,,,,,,,,,,,,,,,,,,,,,,,,,,,,,,,,,,,,,,,,,,,,,,,,,,,,,,,,,,,,,,,,,,,,,,,,,,,,,,,,,,,,,,,,,,,,,,,,,,,,,,,,,,,,,,,,,,,,,,,,,,,,,,,,,,,,,,,,,,,,,,,,,,,,,,,,,,,,,,,,,,,,,,,,,,,,,,,,,,,,,,,,,,,,,,,,,,,,,,,,,,,,,,,,,,,,,,,,,,,,,,,,,,,,,,,,,,,,,,,,,,,,,,,,,,,,,,,,,,,,,,,,,,,,,,,,,,,,,,,,,
B05_RD14-0003-43d3-45-0.007IP-QLAND_002.20sec.fsa,TH01,G,OL,158.13,3,8,176.48,5,10,184.61,13,OL,187.17,7,OL,195.81,10,OL,199.74,6,,,,,,,,,,,,,,,,,,,,,,,,,,,,,,,,,,,,,,,,,,,,,,,,,,,,,,,,,,,,,,,,,,,,,,,,,,,,,,,,,,,,,,,,,,,,,,,,,,,,,,,,,,,,,,,,,,,,,,,,,,,,,,,,,,,,,,,,,,,,,,,,,,,,,,,,,,,,,,,,,,,,,,,,,,,,,,,,,,,,,,,,,,,,,,,,,,,,,,,,,,,,,,,,,,,,,,,,,,,,,,,,,,,,,,,,,,,,,,,,,,,,,,,,,,,,,,,,,,,,,,,,,,,,,,,,,,,,,,,,,,
B05_RD14-0003-43d3-45-0.007IP-QLAND_002.20sec.fsa,D13S317,G,OL,216.52,5,12,231.11,11,OL,234.3,3,OL,241.06,3,OL,242.46,6,15,243.6,8,,,,,,,,,,,,,,,,,,,,,,,,,,,,,,,,,,,,,,,,,,,,,,,,,,,,,,,,,,,,,,,,,,,,,,,,,,,,,,,,,,,,,,,,,,,,,,,,,,,,,,,,,,,,,,,,,,,,,,,,,,,,,,,,,,,,,,,,,,,,,,,,,,,,,,,,,,,,,,,,,,,,,,,,,,,,,,,,,,,,,,,,,,,,,,,,,,,,,,,,,,,,,,,,,,,,,,,,,,,,,,,,,,,,,,,,,,,,,,,,,,,,,,,,,,,,,,,,,,,,,,,,,,,,,,,,,,,,,,,,,,
B05_RD14-0003-43d3-45-0.007IP-QLAND_002.20sec.fsa,D16S539,G,OL,256.67,7,OL,262.6,6,OL,274.59,7,13,283.64,9,OL,284.76,7,OL,285.71,8,,,,,,,,,,,,,,,,,,,,,,,,,,,,,,,,,,,,,,,,,,,,,,,,,,,,,,,,,,,,,,,,,,,,,,,,,,,,,,,,,,,,,,,,,,,,,,,,,,,,,,,,,,,,,,,,,,,,,,,,,,,,,,,,,,,,,,,,,,,,,,,,,,,,,,,,,,,,,,,,,,,,,,,,,,,,,,,,,,,,,,,,,,,,,,,,,,,,,,,,,,,,,,,,,,,,,,,,,,,,,,,,,,,,,,,,,,,,,,,,,,,,,,,,,,,,,,,,,,,,,,,,,,,,,,,,,,,,,,,,,,
B05_RD14-0003-43d3-45-0.007IP-QLAND_002.20sec.fsa,D2S1338,G,OL,303.34,4,OL,339.73,6,OL,356.57,8,OL,360.09,8,,,,,,,,,,,,,,,,,,,,,,,,,,,,,,,,,,,,,,,,,,,,,,,,,,,,,,,,,,,,,,,,,,,,,,,,,,,,,,,,,,,,,,,,,,,,,,,,,,,,,,,,,,,,,,,,,,,,,,,,,,,,,,,,,,,,,,,,,,,,,,,,,,,,,,,,,,,,,,,,,,,,,,,,,,,,,,,,,,,,,,,,,,,,,,,,,,,,,,,,,,,,,,,,,,,,,,,,,,,,,,,,,,,,,,,,,,,,,,,,,,,,,,,,,,,,,,,,,,,,,,,,,,,,,,,,,,,,,,,,,,,,,,,,
B05_RD14-0003-43d3-45-0.007IP-QLAND_002.20sec.fsa,D19S433,Y,OL,95.21,7,OL,103.5,5,11.2,110.3,8,OL,113.2,7,13.2,118.21,58,14,120.16,35,15.2,125.84,8,OL,128.96,5,18.2,138.28,8,,,,,,,,,,,,,,,,,,,,,,,,,,,,,,,,,,,,,,,,,,,,,,,,,,,,,,,,,,,,,,,,,,,,,,,,,,,,,,,,,,,,,,,,,,,,,,,,,,,,,,,,,,,,,,,,,,,,,,,,,,,,,,,,,,,,,,,,,,,,,,,,,,,,,,,,,,,,,,,,,,,,,,,,,,,,,,,,,,,,,,,,,,,,,,,,,,,,,,,,,,,,,,,,,,,,,,,,,,,,,,,,,,,,,,,,,,,,,,,,,,,,,,,,,,,,,,,,,,,,,,,,,,,,,,,,,
B05_RD14-0003-43d3-45-0.007IP-QLAND_002.20sec.fsa,vWA,Y,13,160.08,7,OL,186.23,7,OL,187.43,9,21,192.81,11,OL,194.87,10,24,204.61,13,,,,,,,,,,,,,,,,,,,,,,,,,,,,,,,,,,,,,,,,,,,,,,,,,,,,,,,,,,,,,,,,,,,,,,,,,,,,,,,,,,,,,,,,,,,,,,,,,,,,,,,,,,,,,,,,,,,,,,,,,,,,,,,,,,,,,,,,,,,,,,,,,,,,,,,,,,,,,,,,,,,,,,,,,,,,,,,,,,,,,,,,,,,,,,,,,,,,,,,,,,,,,,,,,,,,,,,,,,,,,,,,,,,,,,,,,,,,,,,,,,,,,,,,,,,,,,,,,,,,,,,,,,,,,,,,,,,,,,,,,,
B05_RD14-0003-43d3-45-0.007IP-QLAND_002.20sec.fsa,TPOX,Y,OL,218.43,6,OL,219.83,14,6,220.95,4,7,224.39,7,OL,254.28,8,OL,256.16,7,,,,,,,,,,,,,,,,,,,,,,,,,,,,,,,,,,,,,,,,,,,,,,,,,,,,,,,,,,,,,,,,,,,,,,,,,,,,,,,,,,,,,,,,,,,,,,,,,,,,,,,,,,,,,,,,,,,,,,,,,,,,,,,,,,,,,,,,,,,,,,,,,,,,,,,,,,,,,,,,,,,,,,,,,,,,,,,,,,,,,,,,,,,,,,,,,,,,,,,,,,,,,,,,,,,,,,,,,,,,,,,,,,,,,,,,,,,,,,,,,,,,,,,,,,,,,,,,,,,,,,,,,,,,,,,,,,,,,,,,,,
B05_RD14-0003-43d3-45-0.007IP-QLAND_002.20sec.fsa,D18S51,Y,OL,274.15,11,OL,279.91,10,12,280.87,9,OL,283.98,8,15,293.16,5,OL,296.36,6,18,304.97,3,OL,314.09,9,OL,339.91,11,,,,,,,,,,,,,,,,,,,,,,,,,,,,,,,,,,,,,,,,,,,,,,,,,,,,,,,,,,,,,,,,,,,,,,,,,,,,,,,,,,,,,,,,,,,,,,,,,,,,,,,,,,,,,,,,,,,,,,,,,,,,,,,,,,,,,,,,,,,,,,,,,,,,,,,,,,,,,,,,,,,,,,,,,,,,,,,,,,,,,,,,,,,,,,,,,,,,,,,,,,,,,,,,,,,,,,,,,,,,,,,,,,,,,,,,,,,,,,,,,,,,,,,,,,,,,,,,,,,,,,,,,,,,,,,,,
B05_RD14-0003-43d3-45-0.007IP-QLAND_002.20sec.fsa,AMEL,R,OL,108.28,6,,,,,,,,,,,,,,,,,,,,,,,,,,,,,,,,,,,,,,,,,,,,,,,,,,,,,,,,,,,,,,,,,,,,,,,,,,,,,,,,,,,,,,,,,,,,,,,,,,,,,,,,,,,,,,,,,,,,,,,,,,,,,,,,,,,,,,,,,,,,,,,,,,,,,,,,,,,,,,,,,,,,,,,,,,,,,,,,,,,,,,,,,,,,,,,,,,,,,,,,,,,,,,,,,,,,,,,,,,,,,,,,,,,,,,,,,,,,,,,,,,,,,,,,,,,,,,,,,,,,,,,,,,,,,,,,,,,,,,,,,,,,,,,,,,,,,,,,,
B05_RD14-0003-43d3-45-0.007IP-QLAND_002.20sec.fsa,D5S818,R,OL,137.62,7,OL,150.24,9,OL,151.77,16,OL,152.53,8,13,156.94,10,14,161.17,12,OL,162.5,8,,,,,,,,,,,,,,,,,,,,,,,,,,,,,,,,,,,,,,,,,,,,,,,,,,,,,,,,,,,,,,,,,,,,,,,,,,,,,,,,,,,,,,,,,,,,,,,,,,,,,,,,,,,,,,,,,,,,,,,,,,,,,,,,,,,,,,,,,,,,,,,,,,,,,,,,,,,,,,,,,,,,,,,,,,,,,,,,,,,,,,,,,,,,,,,,,,,,,,,,,,,,,,,,,,,,,,,,,,,,,,,,,,,,,,,,,,,,,,,,,,,,,,,,,,,,,,,,,,,,,,,,,,,,,,,,,,,,,,,
B05_RD14-0003-43d3-45-0.007IP-QLAND_002.20sec.fsa,FGA,R,19,221.38,9,21,229.04,25,23.2,239.14,8,OL,242.29,7,25,245.45,8,OL,246.15,9,26,249.3,7,27,254.03,10,OL,261.04,7,31,269.72,5,OL,281.3,10,34.2,283.72,5,OL,285.97,8,OL,300.85,12,OL,307.4,8,OL,321.35,11,45.2,328.89,7,51.2,352.79,6,,,,,,,,,,,,,,,,,,,,,,,,,,,,,,,,,,,,,,,,,,,,,,,,,,,,,,,,,,,,,,,,,,,,,,,,,,,,,,,,,,,,,,,,,,,,,,,,,,,,,,,,,,,,,,,,,,,,,,,,,,,,,,,,,,,,,,,,,,,,,,,,,,,,,,,,,,,,,,,,,,,,,,,,,,,,,,,,,,,,,,,,,,,,,,,,,,,,,,,,,,,,,,,,,,,,,,,,,,,,,,,,,,,,,,,,,,,,,,,,,,,,,,
B06_RD14-0003-44d3a-0.03125IP-Q0.9_002.20sec.fsa,D8S1179,B,OL,112.11,9,OL,113.14,6,OL,120.93,4,OL,123.81,19,OL,124.59,19,14,146.22,41,15,150.33,234,OL,172.53,4,OL,177.53,4,,,,,,,,,,,,,,,,,,,,,,,,,,,,,,,,,,,,,,,,,,,,,,,,,,,,,,,,,,,,,,,,,,,,,,,,,,,,,,,,,,,,,,,,,,,,,,,,,,,,,,,,,,,,,,,,,,,,,,,,,,,,,,,,,,,,,,,,,,,,,,,,,,,,,,,,,,,,,,,,,,,,,,,,,,,,,,,,,,,,,,,,,,,,,,,,,,,,,,,,,,,,,,,,,,,,,,,,,,,,,,,,,,,,,,,,,,,,,,,,,,,,,,,,,,,,,,,,,,,,,,,,,,,,,,,,,
B06_RD14-0003-44d3a-0.03125IP-Q0.9_002.20sec.fsa,D21S11,B,26.2,192.41,3,28.2,201.15,4,31,210.69,7,32,214.84,100,33,219.07,12,OL,220.17,6,34.2,224.76,3,36.2,233.21,4,OL,234.46,9,,,,,,,,,,,,,,,,,,,,,,,,,,,,,,,,,,,,,,,,,,,,,,,,,,,,,,,,,,,,,,,,,,,,,,,,,,,,,,,,,,,,,,,,,,,,,,,,,,,,,,,,,,,,,,,,,,,,,,,,,,,,,,,,,,,,,,,,,,,,,,,,,,,,,,,,,,,,,,,,,,,,,,,,,,,,,,,,,,,,,,,,,,,,,,,,,,,,,,,,,,,,,,,,,,,,,,,,,,,,,,,,,,,,,,,,,,,,,,,,,,,,,,,,,,,,,,,,,,,,,,,,,,,,,,,,,
B06_RD14-0003-44d3a-0.03125IP-Q0.9_002.20sec.fsa,D7S820,B,8,262.18,85,10,270.23,59,OL,275.11,5,OL,283.76,4,OL,287.53,15,15,290.29,4,,,,,,,,,,,,,,,,,,,,,,,,,,,,,,,,,,,,,,,,,,,,,,,,,,,,,,,,,,,,,,,,,,,,,,,,,,,,,,,,,,,,,,,,,,,,,,,,,,,,,,,,,,,,,,,,,,,,,,,,,,,,,,,,,,,,,,,,,,,,,,,,,,,,,,,,,,,,,,,,,,,,,,,,,,,,,,,,,,,,,,,,,,,,,,,,,,,,,,,,,,,,,,,,,,,,,,,,,,,,,,,,,,,,,,,,,,,,,,,,,,,,,,,,,,,,,,,,,,,,,,,,,,,,,,,,,,,,,,,,,,
B06_RD14-0003-44d3a-0.03125IP-Q0.9_002.20sec.fsa,CSF1PO,B,OL,308.19,5,OL,314.09,6,10,318.83,6,11,322.95,133,12,326.93,169,OL,339.49,3,16,343.3,6,,,,,,,,,,,,,,,,,,,,,,,,,,,,,,,,,,,,,,,,,,,,,,,,,,,,,,,,,,,,,,,,,,,,,,,,,,,,,,,,,,,,,,,,,,,,,,,,,,,,,,,,,,,,,,,,,,,,,,,,,,,,,,,,,,,,,,,,,,,,,,,,,,,,,,,,,,,,,,,,,,,,,,,,,,,,,,,,,,,,,,,,,,,,,,,,,,,,,,,,,,,,,,,,,,,,,,,,,,,,,,,,,,,,,,,,,,,,,,,,,,,,,,,,,,,,,,,,,,,,,,,,,,,,,,,,,,,,,,,
B06_RD14-0003-44d3a-0.03125IP-Q0.9_002.20sec.fsa,D3S1358,G,OL,99.13,14,OL,100.08,15,OL,115.92,16,15,122.33,164,16,126.47,140,18,134.46,7,18.2,136.06,6,,,,,,,,,,,,,,,,,,,,,,,,,,,,,,,,,,,,,,,,,,,,,,,,,,,,,,,,,,,,,,,,,,,,,,,,,,,,,,,,,,,,,,,,,,,,,,,,,,,,,,,,,,,,,,,,,,,,,,,,,,,,,,,,,,,,,,,,,,,,,,,,,,,,,,,,,,,,,,,,,,,,,,,,,,,,,,,,,,,,,,,,,,,,,,,,,,,,,,,,,,,,,,,,,,,,,,,,,,,,,,,,,,,,,,,,,,,,,,,,,,,,,,,,,,,,,,,,,,,,,,,,,,,,,,,,,,,,,,,
B06_RD14-0003-44d3a-0.03125IP-Q0.9_002.20sec.fsa,TH01,G,OL,161.8,3,OL,165.56,7,9.3,183.91,43,10,185.08,11,13.3,200.16,10,,,,,,,,,,,,,,,,,,,,,,,,,,,,,,,,,,,,,,,,,,,,,,,,,,,,,,,,,,,,,,,,,,,,,,,,,,,,,,,,,,,,,,,,,,,,,,,,,,,,,,,,,,,,,,,,,,,,,,,,,,,,,,,,,,,,,,,,,,,,,,,,,,,,,,,,,,,,,,,,,,,,,,,,,,,,,,,,,,,,,,,,,,,,,,,,,,,,,,,,,,,,,,,,,,,,,,,,,,,,,,,,,,,,,,,,,,,,,,,,,,,,,,,,,,,,,,,,,,,,,,,,,,,,,,,,,,,,,,,,,,,,,
B06_RD14-0003-44d3a-0.03125IP-Q0.9_002.20sec.fsa,D13S317,G,7,211.35,11,8,215.18,482,10,223,6,OL,228.6,7,OL,229.61,5,OL,244.29,5,,,,,,,,,,,,,,,,,,,,,,,,,,,,,,,,,,,,,,,,,,,,,,,,,,,,,,,,,,,,,,,,,,,,,,,,,,,,,,,,,,,,,,,,,,,,,,,,,,,,,,,,,,,,,,,,,,,,,,,,,,,,,,,,,,,,,,,,,,,,,,,,,,,,,,,,,,,,,,,,,,,,,,,,,,,,,,,,,,,,,,,,,,,,,,,,,,,,,,,,,,,,,,,,,,,,,,,,,,,,,,,,,,,,,,,,,,,,,,,,,,,,,,,,,,,,,,,,,,,,,,,,,,,,,,,,,,,,,,,,,,
B06_RD14-0003-44d3a-0.03125IP-Q0.9_002.20sec.fsa,D16S539,G,OL,262.43,6,10,271.32,154,11,275.28,221,,,,,,,,,,,,,,,,,,,,,,,,,,,,,,,,,,,,,,,,,,,,,,,,,,,,,,,,,,,,,,,,,,,,,,,,,,,,,,,,,,,,,,,,,,,,,,,,,,,,,,,,,,,,,,,,,,,,,,,,,,,,,,,,,,,,,,,,,,,,,,,,,,,,,,,,,,,,,,,,,,,,,,,,,,,,,,,,,,,,,,,,,,,,,,,,,,,,,,,,,,,,,,,,,,,,,,,,,,,,,,,,,,,,,,,,,,,,,,,,,,,,,,,,,,,,,,,,,,,,,,,,,,,,,,,,,,,,,,,,,,,,,,,,,,,
B06_RD14-0003-44d3a-0.03125IP-Q0.9_002.20sec.fsa,D2S1338,G,OL,302.48,7,16,308.87,98,18,317.04,11,19,321.22,139,20,325.37,3,OL,337.96,6,OL,346.34,8,26,349.21,9,OL,350.34,8,OL,356.95,6,,,,,,,,,,,,,,,,,,,,,,,,,,,,,,,,,,,,,,,,,,,,,,,,,,,,,,,,,,,,,,,,,,,,,,,,,,,,,,,,,,,,,,,,,,,,,,,,,,,,,,,,,,,,,,,,,,,,,,,,,,,,,,,,,,,,,,,,,,,,,,,,,,,,,,,,,,,,,,,,,,,,,,,,,,,,,,,,,,,,,,,,,,,,,,,,,,,,,,,,,,,,,,,,,,,,,,,,,,,,,,,,,,,,,,,,,,,,,,,,,,,,,,,,,,,,,,,,,,,,,,,,,,,,,,
B06_RD14-0003-44d3a-0.03125IP-Q0.9_002.20sec.fsa,D19S433,Y,OL,95.13,20,9.2,102.07,6,11.2,109.67,6,13,116.31,98,OL,121.63,6,15,124.2,96,16,127.65,9,18,135.82,7,OL,137.58,9,,,,,,,,,,,,,,,,,,,,,,,,,,,,,,,,,,,,,,,,,,,,,,,,,,,,,,,,,,,,,,,,,,,,,,,,,,,,,,,,,,,,,,,,,,,,,,,,,,,,,,,,,,,,,,,,,,,,,,,,,,,,,,,,,,,,,,,,,,,,,,,,,,,,,,,,,,,,,,,,,,,,,,,,,,,,,,,,,,,,,,,,,,,,,,,,,,,,,,,,,,,,,,,,,,,,,,,,,,,,,,,,,,,,,,,,,,,,,,,,,,,,,,,,,,,,,,,,,,,,,,,,,,,,,,,,,
B06_RD14-0003-44d3a-0.03125IP-Q0.9_002.20sec.fsa,vWA,Y,10,148.27,8,OL,153.87,4,OL,171.13,10,OL,177.37,12,OL,179.18,6,19,184.33,29,20,188.58,311,OL,189.83,11,23,200.98,6,,,,,,,,,,,,,,,,,,,,,,,,,,,,,,,,,,,,,,,,,,,,,,,,,,,,,,,,,,,,,,,,,,,,,,,,,,,,,,,,,,,,,,,,,,,,,,,,,,,,,,,,,,,,,,,,,,,,,,,,,,,,,,,,,,,,,,,,,,,,,,,,,,,,,,,,,,,,,,,,,,,,,,,,,,,,,,,,,,,,,,,,,,,,,,,,,,,,,,,,,,,,,,,,,,,,,,,,,,,,,,,,,,,,,,,,,,,,,,,,,,,,,,,,,,,,,,,,,,,,,,,,,,,,,,,,,
B06_RD14-0003-44d3a-0.03125IP-Q0.9_002.20sec.fsa,TPOX,Y,OL,213.83,14,OL,220,12,11,240.94,121,,,,,,,,,,,,,,,,,,,,,,,,,,,,,,,,,,,,,,,,,,,,,,,,,,,,,,,,,,,,,,,,,,,,,,,,,,,,,,,,,,,,,,,,,,,,,,,,,,,,,,,,,,,,,,,,,,,,,,,,,,,,,,,,,,,,,,,,,,,,,,,,,,,,,,,,,,,,,,,,,,,,,,,,,,,,,,,,,,,,,,,,,,,,,,,,,,,,,,,,,,,,,,,,,,,,,,,,,,,,,,,,,,,,,,,,,,,,,,,,,,,,,,,,,,,,,,,,,,,,,,,,,,,,,,,,,,,,,,,,,,,,,,,,,,,
B06_RD14-0003-44d3a-0.03125IP-Q0.9_002.20sec.fsa,D18S51,Y,OL,263.94,7,10,272.58,14,12,281.17,165,13,285.18,12,14,289.12,175,OL,308.27,12,19,309.12,8,20,312.71,7,21.2,319.01,10,OL,328.99,12,,,,,,,,,,,,,,,,,,,,,,,,,,,,,,,,,,,,,,,,,,,,,,,,,,,,,,,,,,,,,,,,,,,,,,,,,,,,,,,,,,,,,,,,,,,,,,,,,,,,,,,,,,,,,,,,,,,,,,,,,,,,,,,,,,,,,,,,,,,,,,,,,,,,,,,,,,,,,,,,,,,,,,,,,,,,,,,,,,,,,,,,,,,,,,,,,,,,,,,,,,,,,,,,,,,,,,,,,,,,,,,,,,,,,,,,,,,,,,,,,,,,,,,,,,,,,,,,,,,,,,,,,,,,,,
B06_RD14-0003-44d3a-0.03125IP-Q0.9_002.20sec.fsa,AMEL,R,X,105.01,194,Y,110.77,53,,,,,,,,,,,,,,,,,,,,,,,,,,,,,,,,,,,,,,,,,,,,,,,,,,,,,,,,,,,,,,,,,,,,,,,,,,,,,,,,,,,,,,,,,,,,,,,,,,,,,,,,,,,,,,,,,,,,,,,,,,,,,,,,,,,,,,,,,,,,,,,,,,,,,,,,,,,,,,,,,,,,,,,,,,,,,,,,,,,,,,,,,,,,,,,,,,,,,,,,,,,,,,,,,,,,,,,,,,,,,,,,,,,,,,,,,,,,,,,,,,,,,,,,,,,,,,,,,,,,,,,,,,,,,,,,,,,,,,,,,,,,,,,,,,,,,,
B06_RD14-0003-44d3a-0.03125IP-Q0.9_002.20sec.fsa,D5S818,R,OL,126.78,6,OL,133.83,8,10,144.82,16,11,149.01,205,OL,151.23,4,12,152.96,82,OL,157.84,6,OL,174.17,8,,,,,,,,,,,,,,,,,,,,,,,,,,,,,,,,,,,,,,,,,,,,,,,,,,,,,,,,,,,,,,,,,,,,,,,,,,,,,,,,,,,,,,,,,,,,,,,,,,,,,,,,,,,,,,,,,,,,,,,,,,,,,,,,,,,,,,,,,,,,,,,,,,,,,,,,,,,,,,,,,,,,,,,,,,,,,,,,,,,,,,,,,,,,,,,,,,,,,,,,,,,,,,,,,,,,,,,,,,,,,,,,,,,,,,,,,,,,,,,,,,,,,,,,,,,,,,,,,,,,,,,,,,,,,,,,,,,,
B06_RD14-0003-44d3a-0.03125IP-Q0.9_002.20sec.fsa,FGA,R,OL,206.07,6,16,208.3,7,17,212.67,7,18.2,218.73,8,OL,221.75,6,22,233.29,19,23,237.31,196,24,241.37,99,OL,246.34,6,OL,260.84,11,OL,262.43,10,OL,266.2,6,32.2,276.04,8,OL,282.59,9,OL,287.44,9,OL,321.3,10,OL,322.87,10,OL,350.43,7,,,,,,,,,,,,,,,,,,,,,,,,,,,,,,,,,,,,,,,,,,,,,,,,,,,,,,,,,,,,,,,,,,,,,,,,,,,,,,,,,,,,,,,,,,,,,,,,,,,,,,,,,,,,,,,,,,,,,,,,,,,,,,,,,,,,,,,,,,,,,,,,,,,,,,,,,,,,,,,,,,,,,,,,,,,,,,,,,,,,,,,,,,,,,,,,,,,,,,,,,,,,,,,,,,,,,,,,,,,,,,,,,,,,,,,,,,,,,,,,,,,,,,
B07_RD14-0003-44d3-15-0.0156IP-Q1.1_002.20sec.fsa,D8S1179,B,OL,114.75,10,7,117.68,6,OL,123.72,24,OL,128.16,10,OL,131.32,3,12,138.19,4,OL,140.24,7,14,146.23,78,OL,153.29,10,OL,160.08,7,OL,161.44,7,OL,174.07,5,OL,176.15,4,OL,176.87,5,,,,,,,,,,,,,,,,,,,,,,,,,,,,,,,,,,,,,,,,,,,,,,,,,,,,,,,,,,,,,,,,,,,,,,,,,,,,,,,,,,,,,,,,,,,,,,,,,,,,,,,,,,,,,,,,,,,,,,,,,,,,,,,,,,,,,,,,,,,,,,,,,,,,,,,,,,,,,,,,,,,,,,,,,,,,,,,,,,,,,,,,,,,,,,,,,,,,,,,,,,,,,,,,,,,,,,,,,,,,,,,,,,,,,,,,,,,,,,,,,,,,,,,,,,,,,,,,,,
B07_RD14-0003-44d3-15-0.0156IP-Q1.1_002.20sec.fsa,D21S11,B,25.2,188.3,7,26,190.9,3,26.2,192.28,3,27,194.72,5,28,198.7,96,OL,200.08,6,OL,201.9,5,OL,203.57,4,32.2,216.41,8,37,235.03,8,,,,,,,,,,,,,,,,,,,,,,,,,,,,,,,,,,,,,,,,,,,,,,,,,,,,,,,,,,,,,,,,,,,,,,,,,,,,,,,,,,,,,,,,,,,,,,,,,,,,,,,,,,,,,,,,,,,,,,,,,,,,,,,,,,,,,,,,,,,,,,,,,,,,,,,,,,,,,,,,,,,,,,,,,,,,,,,,,,,,,,,,,,,,,,,,,,,,,,,,,,,,,,,,,,,,,,,,,,,,,,,,,,,,,,,,,,,,,,,,,,,,,,,,,,,,,,,,,,,,,,,,,,,,,,
B07_RD14-0003-44d3-15-0.0156IP-Q1.1_002.20sec.fsa,D7S820,B,OL,248.58,6,OL,256.31,4,OL,260.33,7,8,262.21,13,OL,266.8,10,10,270.17,52,OL,272.23,3,OL,277.35,6,OL,278.84,6,OL,280.16,6,,,,,,,,,,,,,,,,,,,,,,,,,,,,,,,,,,,,,,,,,,,,,,,,,,,,,,,,,,,,,,,,,,,,,,,,,,,,,,,,,,,,,,,,,,,,,,,,,,,,,,,,,,,,,,,,,,,,,,,,,,,,,,,,,,,,,,,,,,,,,,,,,,,,,,,,,,,,,,,,,,,,,,,,,,,,,,,,,,,,,,,,,,,,,,,,,,,,,,,,,,,,,,,,,,,,,,,,,,,,,,,,,,,,,,,,,,,,,,,,,,,,,,,,,,,,,,,,,,,,,,,,,,,,,,
B07_RD14-0003-44d3-15-0.0156IP-Q1.1_002.20sec.fsa,CSF1PO,B,OL,314,9,10,318.76,3,11,322.92,40,12,326.95,52,OL,328.82,5,13,330.61,6,OL,332.65,3,14,335.19,6,OL,336.38,7,,,,,,,,,,,,,,,,,,,,,,,,,,,,,,,,,,,,,,,,,,,,,,,,,,,,,,,,,,,,,,,,,,,,,,,,,,,,,,,,,,,,,,,,,,,,,,,,,,,,,,,,,,,,,,,,,,,,,,,,,,,,,,,,,,,,,,,,,,,,,,,,,,,,,,,,,,,,,,,,,,,,,,,,,,,,,,,,,,,,,,,,,,,,,,,,,,,,,,,,,,,,,,,,,,,,,,,,,,,,,,,,,,,,,,,,,,,,,,,,,,,,,,,,,,,,,,,,,,,,,,,,,,,,,,,,,
B07_RD14-0003-44d3-15-0.0156IP-Q1.1_002.20sec.fsa,D3S1358,G,OL,100.94,7,OL,104.62,8,OL,116.1,30,15,122.5,17,16,126.55,171,17.2,132.26,8,OL,140.32,10,,,,,,,,,,,,,,,,,,,,,,,,,,,,,,,,,,,,,,,,,,,,,,,,,,,,,,,,,,,,,,,,,,,,,,,,,,,,,,,,,,,,,,,,,,,,,,,,,,,,,,,,,,,,,,,,,,,,,,,,,,,,,,,,,,,,,,,,,,,,,,,,,,,,,,,,,,,,,,,,,,,,,,,,,,,,,,,,,,,,,,,,,,,,,,,,,,,,,,,,,,,,,,,,,,,,,,,,,,,,,,,,,,,,,,,,,,,,,,,,,,,,,,,,,,,,,,,,,,,,,,,,,,,,,,,,,,,,,,,
B07_RD14-0003-44d3-15-0.0156IP-Q1.1_002.20sec.fsa,TH01,G,6,168.63,231,8.3,180.08,9,9.3,183.99,77,OL,187.24,7,OL,192.04,14,OL,196.42,7,OL,198.21,9,,,,,,,,,,,,,,,,,,,,,,,,,,,,,,,,,,,,,,,,,,,,,,,,,,,,,,,,,,,,,,,,,,,,,,,,,,,,,,,,,,,,,,,,,,,,,,,,,,,,,,,,,,,,,,,,,,,,,,,,,,,,,,,,,,,,,,,,,,,,,,,,,,,,,,,,,,,,,,,,,,,,,,,,,,,,,,,,,,,,,,,,,,,,,,,,,,,,,,,,,,,,,,,,,,,,,,,,,,,,,,,,,,,,,,,,,,,,,,,,,,,,,,,,,,,,,,,,,,,,,,,,,,,,,,,,,,,,,,,
B07_RD14-0003-44d3-15-0.0156IP-Q1.1_002.20sec.fsa,D13S317,G,7,211.01,15,8,215.08,254,9,219.41,4,OL,220.49,8,OL,225.2,5,OL,237.96,12,OL,240.08,11,OL,241.43,7,15,243.04,11,OL,246.48,9,,,,,,,,,,,,,,,,,,,,,,,,,,,,,,,,,,,,,,,,,,,,,,,,,,,,,,,,,,,,,,,,,,,,,,,,,,,,,,,,,,,,,,,,,,,,,,,,,,,,,,,,,,,,,,,,,,,,,,,,,,,,,,,,,,,,,,,,,,,,,,,,,,,,,,,,,,,,,,,,,,,,,,,,,,,,,,,,,,,,,,,,,,,,,,,,,,,,,,,,,,,,,,,,,,,,,,,,,,,,,,,,,,,,,,,,,,,,,,,,,,,,,,,,,,,,,,,,,,,,,,,,,,,,,,
B07_RD14-0003-44d3-15-0.0156IP-Q1.1_002.20sec.fsa,D16S539,G,OL,250.81,3,6,255.5,4,OL,268.61,5,11,275.28,98,13,283.37,27,OL,288.48,8,OL,292.34,8,OL,293.09,7,,,,,,,,,,,,,,,,,,,,,,,,,,,,,,,,,,,,,,,,,,,,,,,,,,,,,,,,,,,,,,,,,,,,,,,,,,,,,,,,,,,,,,,,,,,,,,,,,,,,,,,,,,,,,,,,,,,,,,,,,,,,,,,,,,,,,,,,,,,,,,,,,,,,,,,,,,,,,,,,,,,,,,,,,,,,,,,,,,,,,,,,,,,,,,,,,,,,,,,,,,,,,,,,,,,,,,,,,,,,,,,,,,,,,,,,,,,,,,,,,,,,,,,,,,,,,,,,,,,,,,,,,,,,,,,,,,,,
B07_RD14-0003-44d3-15-0.0156IP-Q1.1_002.20sec.fsa,D2S1338,G,14,300.97,9,15,304.54,8,OL,312.23,11,19,321.12,173,21,328.91,9,OL,330.27,16,OL,340.09,5,OL,344.71,8,OL,346,18,OL,355.27,10,OL,359.48,6,,,,,,,,,,,,,,,,,,,,,,,,,,,,,,,,,,,,,,,,,,,,,,,,,,,,,,,,,,,,,,,,,,,,,,,,,,,,,,,,,,,,,,,,,,,,,,,,,,,,,,,,,,,,,,,,,,,,,,,,,,,,,,,,,,,,,,,,,,,,,,,,,,,,,,,,,,,,,,,,,,,,,,,,,,,,,,,,,,,,,,,,,,,,,,,,,,,,,,,,,,,,,,,,,,,,,,,,,,,,,,,,,,,,,,,,,,,,,,,,,,,,,,,,,,,,,,,,,,,,,,,,,,,
B07_RD14-0003-44d3-15-0.0156IP-Q1.1_002.20sec.fsa,D19S433,Y,11,107.81,8,12,112.53,14,13,116.33,121,OL,129.01,16,OL,132.88,10,OL,133.58,10,,,,,,,,,,,,,,,,,,,,,,,,,,,,,,,,,,,,,,,,,,,,,,,,,,,,,,,,,,,,,,,,,,,,,,,,,,,,,,,,,,,,,,,,,,,,,,,,,,,,,,,,,,,,,,,,,,,,,,,,,,,,,,,,,,,,,,,,,,,,,,,,,,,,,,,,,,,,,,,,,,,,,,,,,,,,,,,,,,,,,,,,,,,,,,,,,,,,,,,,,,,,,,,,,,,,,,,,,,,,,,,,,,,,,,,,,,,,,,,,,,,,,,,,,,,,,,,,,,,,,,,,,,,,,,,,,,,,,,,,,,
B07_RD14-0003-44d3-15-0.0156IP-Q1.1_002.20sec.fsa,vWA,Y,OL,166.23,9,OL,175.03,12,OL,177.83,7,OL,179.76,11,OL,183.9,8,20,188.38,18,21,192.52,53,OL,203.73,9,,,,,,,,,,,,,,,,,,,,,,,,,,,,,,,,,,,,,,,,,,,,,,,,,,,,,,,,,,,,,,,,,,,,,,,,,,,,,,,,,,,,,,,,,,,,,,,,,,,,,,,,,,,,,,,,,,,,,,,,,,,,,,,,,,,,,,,,,,,,,,,,,,,,,,,,,,,,,,,,,,,,,,,,,,,,,,,,,,,,,,,,,,,,,,,,,,,,,,,,,,,,,,,,,,,,,,,,,,,,,,,,,,,,,,,,,,,,,,,,,,,,,,,,,,,,,,,,,,,,,,,,,,,,,,,,,,,,
B07_RD14-0003-44d3-15-0.0156IP-Q1.1_002.20sec.fsa,TPOX,Y,OL,220.24,11,7,224.63,9,OL,225.77,6,OL,231.05,8,11,240.68,27,OL,250,14,,,,,,,,,,,,,,,,,,,,,,,,,,,,,,,,,,,,,,,,,,,,,,,,,,,,,,,,,,,,,,,,,,,,,,,,,,,,,,,,,,,,,,,,,,,,,,,,,,,,,,,,,,,,,,,,,,,,,,,,,,,,,,,,,,,,,,,,,,,,,,,,,,,,,,,,,,,,,,,,,,,,,,,,,,,,,,,,,,,,,,,,,,,,,,,,,,,,,,,,,,,,,,,,,,,,,,,,,,,,,,,,,,,,,,,,,,,,,,,,,,,,,,,,,,,,,,,,,,,,,,,,,,,,,,,,,,,,,,,,,,
B07_RD14-0003-44d3-15-0.0156IP-Q1.1_002.20sec.fsa,D18S51,Y,OL,266.39,14,OL,266.97,15,OL,273.72,9,11,277.19,13,12,281.07,118,14,289.22,103,15,293.09,1,16,297.28,23,OL,297.94,22,OL,314,13,OL,335.19,7,27,342.05,7,OL,345.57,8,,,,,,,,,,,,,,,,,,,,,,,,,,,,,,,,,,,,,,,,,,,,,,,,,,,,,,,,,,,,,,,,,,,,,,,,,,,,,,,,,,,,,,,,,,,,,,,,,,,,,,,,,,,,,,,,,,,,,,,,,,,,,,,,,,,,,,,,,,,,,,,,,,,,,,,,,,,,,,,,,,,,,,,,,,,,,,,,,,,,,,,,,,,,,,,,,,,,,,,,,,,,,,,,,,,,,,,,,,,,,,,,,,,,,,,,,,,,,,,,,,,,,,,,,,,,,,,,,,,,,
B07_RD14-0003-44d3-15-0.0156IP-Q1.1_002.20sec.fsa,AMEL,R,X,104.93,42,Y,110.91,100,,,,,,,,,,,,,,,,,,,,,,,,,,,,,,,,,,,,,,,,,,,,,,,,,,,,,,,,,,,,,,,,,,,,,,,,,,,,,,,,,,,,,,,,,,,,,,,,,,,,,,,,,,,,,,,,,,,,,,,,,,,,,,,,,,,,,,,,,,,,,,,,,,,,,,,,,,,,,,,,,,,,,,,,,,,,,,,,,,,,,,,,,,,,,,,,,,,,,,,,,,,,,,,,,,,,,,,,,,,,,,,,,,,,,,,,,,,,,,,,,,,,,,,,,,,,,,,,,,,,,,,,,,,,,,,,,,,,,,,,,,,,,,,,,,,,,,
B07_RD14-0003-44d3-15-0.0156IP-Q1.1_002.20sec.fsa,D5S818,R,OL,135.14,13,10,144.87,13,11,148.95,79,12,153.05,207,OL,165.91,7,,,,,,,,,,,,,,,,,,,,,,,,,,,,,,,,,,,,,,,,,,,,,,,,,,,,,,,,,,,,,,,,,,,,,,,,,,,,,,,,,,,,,,,,,,,,,,,,,,,,,,,,,,,,,,,,,,,,,,,,,,,,,,,,,,,,,,,,,,,,,,,,,,,,,,,,,,,,,,,,,,,,,,,,,,,,,,,,,,,,,,,,,,,,,,,,,,,,,,,,,,,,,,,,,,,,,,,,,,,,,,,,,,,,,,,,,,,,,,,,,,,,,,,,,,,,,,,,,,,,,,,,,,,,,,,,,,,,,,,,,,,,,
B07_RD14-0003-44d3-15-0.0156IP-Q1.1_002.20sec.fsa,FGA,R,17,212.87,12,17.2,214.58,15,OL,215.41,8,19,221.22,14,OL,221.87,6,OL,236.34,9,24,241.35,32,25.2,247.24,5,OL,248.91,9,OL,250.57,10,31.2,271.57,6,32,274.05,11,OL,277.76,8,33.2,279.42,8,OL,302.02,5,OL,303.23,7,OL,306.75,8,OL,326.35,15,OL,329.85,12,OL,330.78,9,OL,354.41,15,,,,,,,,,,,,,,,,,,,,,,,,,,,,,,,,,,,,,,,,,,,,,,,,,,,,,,,,,,,,,,,,,,,,,,,,,,,,,,,,,,,,,,,,,,,,,,,,,,,,,,,,,,,,,,,,,,,,,,,,,,,,,,,,,,,,,,,,,,,,,,,,,,,,,,,,,,,,,,,,,,,,,,,,,,,,,,,,,,,,,,,,,,,,,,,,,,,,,,,,,,,,,,,,,,,,,,,,,,,,,,,,,,,,,,,,,,,,,
B08_RD14-0003-44d3-30-0.03125IP-Q1.5_002.20sec.fsa,D8S1179,B,OL,122.67,24,OL,128.66,5,OL,134.34,4,OL,137.08,5,13,141.93,7,OL,144.11,3,14,146.21,145,15,150.35,206,OL,156.96,5,18,162.51,4,OL,172.41,4,OL,175.75,3,,,,,,,,,,,,,,,,,,,,,,,,,,,,,,,,,,,,,,,,,,,,,,,,,,,,,,,,,,,,,,,,,,,,,,,,,,,,,,,,,,,,,,,,,,,,,,,,,,,,,,,,,,,,,,,,,,,,,,,,,,,,,,,,,,,,,,,,,,,,,,,,,,,,,,,,,,,,,,,,,,,,,,,,,,,,,,,,,,,,,,,,,,,,,,,,,,,,,,,,,,,,,,,,,,,,,,,,,,,,,,,,,,,,,,,,,,,,,,,,,,,,,,,,,,,,,,,,,,,,,,,,
B08_RD14-0003-44d3-30-0.03125IP-Q1.5_002.20sec.fsa,D21S11,B,OL,193.66,3,27,194.66,10,28,198.75,50,32,214.77,71,32.2,216.39,4,OL,240.17,5,38.2,241.31,5,,,,,,,,,,,,,,,,,,,,,,,,,,,,,,,,,,,,,,,,,,,,,,,,,,,,,,,,,,,,,,,,,,,,,,,,,,,,,,,,,,,,,,,,,,,,,,,,,,,,,,,,,,,,,,,,,,,,,,,,,,,,,,,,,,,,,,,,,,,,,,,,,,,,,,,,,,,,,,,,,,,,,,,,,,,,,,,,,,,,,,,,,,,,,,,,,,,,,,,,,,,,,,,,,,,,,,,,,,,,,,,,,,,,,,,,,,,,,,,,,,,,,,,,,,,,,,,,,,,,,,,,,,,,,,,,,,,,,,,
B08_RD14-0003-44d3-30-0.03125IP-Q1.5_002.20sec.fsa,D7S820,B,OL,248.87,6,OL,255.01,7,9.2,267.88,3,10,270.04,13,OL,272.19,3,OL,280.17,6,OL,287.81,6,OL,293.04,5,,,,,,,,,,,,,,,,,,,,,,,,,,,,,,,,,,,,,,,,,,,,,,,,,,,,,,,,,,,,,,,,,,,,,,,,,,,,,,,,,,,,,,,,,,,,,,,,,,,,,,,,,,,,,,,,,,,,,,,,,,,,,,,,,,,,,,,,,,,,,,,,,,,,,,,,,,,,,,,,,,,,,,,,,,,,,,,,,,,,,,,,,,,,,,,,,,,,,,,,,,,,,,,,,,,,,,,,,,,,,,,,,,,,,,,,,,,,,,,,,,,,,,,,,,,,,,,,,,,,,,,,,,,,,,,,,,,,
B08_RD14-0003-44d3-30-0.03125IP-Q1.5_002.20sec.fsa,CSF1PO,B,OL,312.14,5,OL,315.21,6,11,322.89,71,12,326.94,22,OL,329.63,6,OL,331.85,9,,,,,,,,,,,,,,,,,,,,,,,,,,,,,,,,,,,,,,,,,,,,,,,,,,,,,,,,,,,,,,,,,,,,,,,,,,,,,,,,,,,,,,,,,,,,,,,,,,,,,,,,,,,,,,,,,,,,,,,,,,,,,,,,,,,,,,,,,,,,,,,,,,,,,,,,,,,,,,,,,,,,,,,,,,,,,,,,,,,,,,,,,,,,,,,,,,,,,,,,,,,,,,,,,,,,,,,,,,,,,,,,,,,,,,,,,,,,,,,,,,,,,,,,,,,,,,,,,,,,,,,,,,,,,,,,,,,,,,,,,,
B08_RD14-0003-44d3-30-0.03125IP-Q1.5_002.20sec.fsa,D3S1358,G,OL,100,7,OL,108.18,11,OL,115.14,18,OL,115.75,22,OL,116.66,15,14,118.41,25,OL,119.92,9,15,122.44,334,16,126.5,153,OL,128.97,9,18,134.1,7,20,142.01,7,,,,,,,,,,,,,,,,,,,,,,,,,,,,,,,,,,,,,,,,,,,,,,,,,,,,,,,,,,,,,,,,,,,,,,,,,,,,,,,,,,,,,,,,,,,,,,,,,,,,,,,,,,,,,,,,,,,,,,,,,,,,,,,,,,,,,,,,,,,,,,,,,,,,,,,,,,,,,,,,,,,,,,,,,,,,,,,,,,,,,,,,,,,,,,,,,,,,,,,,,,,,,,,,,,,,,,,,,,,,,,,,,,,,,,,,,,,,,,,,,,,,,,,,,,,,,,,,,,,,,,,,
B08_RD14-0003-44d3-30-0.03125IP-Q1.5_002.20sec.fsa,TH01,G,4,160.08,8,OL,162.02,9,6,168.59,339,9.3,183.91,191,13.3,200,5,OL,200.81,5,,,,,,,,,,,,,,,,,,,,,,,,,,,,,,,,,,,,,,,,,,,,,,,,,,,,,,,,,,,,,,,,,,,,,,,,,,,,,,,,,,,,,,,,,,,,,,,,,,,,,,,,,,,,,,,,,,,,,,,,,,,,,,,,,,,,,,,,,,,,,,,,,,,,,,,,,,,,,,,,,,,,,,,,,,,,,,,,,,,,,,,,,,,,,,,,,,,,,,,,,,,,,,,,,,,,,,,,,,,,,,,,,,,,,,,,,,,,,,,,,,,,,,,,,,,,,,,,,,,,,,,,,,,,,,,,,,,,,,,,,,
B08_RD14-0003-44d3-30-0.03125IP-Q1.5_002.20sec.fsa,D13S317,G,OL,203.41,9,8,215.11,400,OL,220.92,10,OL,222.01,6,OL,229.39,7,14,239.83,7,,,,,,,,,,,,,,,,,,,,,,,,,,,,,,,,,,,,,,,,,,,,,,,,,,,,,,,,,,,,,,,,,,,,,,,,,,,,,,,,,,,,,,,,,,,,,,,,,,,,,,,,,,,,,,,,,,,,,,,,,,,,,,,,,,,,,,,,,,,,,,,,,,,,,,,,,,,,,,,,,,,,,,,,,,,,,,,,,,,,,,,,,,,,,,,,,,,,,,,,,,,,,,,,,,,,,,,,,,,,,,,,,,,,,,,,,,,,,,,,,,,,,,,,,,,,,,,,,,,,,,,,,,,,,,,,,,,,,,,,,,
B08_RD14-0003-44d3-30-0.03125IP-Q1.5_002.20sec.fsa,D16S539,G,OL,253.43,10,7,259.75,10,OL,262.05,9,OL,265.91,6,10,271.24,15,11,275.31,136,13,283.17,8,16,294.67,6,,,,,,,,,,,,,,,,,,,,,,,,,,,,,,,,,,,,,,,,,,,,,,,,,,,,,,,,,,,,,,,,,,,,,,,,,,,,,,,,,,,,,,,,,,,,,,,,,,,,,,,,,,,,,,,,,,,,,,,,,,,,,,,,,,,,,,,,,,,,,,,,,,,,,,,,,,,,,,,,,,,,,,,,,,,,,,,,,,,,,,,,,,,,,,,,,,,,,,,,,,,,,,,,,,,,,,,,,,,,,,,,,,,,,,,,,,,,,,,,,,,,,,,,,,,,,,,,,,,,,,,,,,,,,,,,,,,,
B08_RD14-0003-44d3-30-0.03125IP-Q1.5_002.20sec.fsa,D2S1338,G,OL,306.2,7,OL,307.24,9,OL,318.12,8,19,321.09,70,OL,327.66,10,OL,338.33,10,OL,343.35,7,OL,346.35,8,OL,347.89,9,OL,350.89,6,OL,365.23,18,,,,,,,,,,,,,,,,,,,,,,,,,,,,,,,,,,,,,,,,,,,,,,,,,,,,,,,,,,,,,,,,,,,,,,,,,,,,,,,,,,,,,,,,,,,,,,,,,,,,,,,,,,,,,,,,,,,,,,,,,,,,,,,,,,,,,,,,,,,,,,,,,,,,,,,,,,,,,,,,,,,,,,,,,,,,,,,,,,,,,,,,,,,,,,,,,,,,,,,,,,,,,,,,,,,,,,,,,,,,,,,,,,,,,,,,,,,,,,,,,,,,,,,,,,,,,,,,,,,,,,,,,,,
B08_RD14-0003-44d3-30-0.03125IP-Q1.5_002.20sec.fsa,D19S433,Y,OL,96.92,14,OL,98.54,10,9,99.85,16,OL,101.33,13,9.2,101.95,9,OL,103.28,12,12,112.06,18,13,116.2,206,OL,119.01,10,15,124.12,84,16,128.43,10,OL,133.09,11,OL,134.65,12,OL,136.77,7,OL,137.48,8,OL,140.48,8,,,,,,,,,,,,,,,,,,,,,,,,,,,,,,,,,,,,,,,,,,,,,,,,,,,,,,,,,,,,,,,,,,,,,,,,,,,,,,,,,,,,,,,,,,,,,,,,,,,,,,,,,,,,,,,,,,,,,,,,,,,,,,,,,,,,,,,,,,,,,,,,,,,,,,,,,,,,,,,,,,,,,,,,,,,,,,,,,,,,,,,,,,,,,,,,,,,,,,,,,,,,,,,,,,,,,,,,,,,,,,,,,,,,,,,,,,,,,,,,,,,,,,,,,,,,
B08_RD14-0003-44d3-30-0.03125IP-Q1.5_002.20sec.fsa,vWA,Y,OL,145.89,10,10,147.99,9,OL,148.72,10,OL,150.19,7,OL,153.28,9,14,164.13,9,15.2,169.81,7,19,184.41,28,20,188.58,139,OL,199.83,14,,,,,,,,,,,,,,,,,,,,,,,,,,,,,,,,,,,,,,,,,,,,,,,,,,,,,,,,,,,,,,,,,,,,,,,,,,,,,,,,,,,,,,,,,,,,,,,,,,,,,,,,,,,,,,,,,,,,,,,,,,,,,,,,,,,,,,,,,,,,,,,,,,,,,,,,,,,,,,,,,,,,,,,,,,,,,,,,,,,,,,,,,,,,,,,,,,,,,,,,,,,,,,,,,,,,,,,,,,,,,,,,,,,,,,,,,,,,,,,,,,,,,,,,,,,,,,,,,,,,,,,,,,,,,,
B08_RD14-0003-44d3-30-0.03125IP-Q1.5_002.20sec.fsa,TPOX,Y,OL,230.49,12,11,240.79,194,OL,242.27,6,13,248.79,10,,,,,,,,,,,,,,,,,,,,,,,,,,,,,,,,,,,,,,,,,,,,,,,,,,,,,,,,,,,,,,,,,,,,,,,,,,,,,,,,,,,,,,,,,,,,,,,,,,,,,,,,,,,,,,,,,,,,,,,,,,,,,,,,,,,,,,,,,,,,,,,,,,,,,,,,,,,,,,,,,,,,,,,,,,,,,,,,,,,,,,,,,,,,,,,,,,,,,,,,,,,,,,,,,,,,,,,,,,,,,,,,,,,,,,,,,,,,,,,,,,,,,,,,,,,,,,,,,,,,,,,,,,,,,,,,,,,,,,,,,,,,,,,,
B08_RD14-0003-44d3-30-0.03125IP-Q1.5_002.20sec.fsa,D18S51,Y,10,273.4,6,12,281.11,102,14,289.27,45,OL,292.27,10,15,293.64,7,15.2,295.62,12,16.2,298.8,15,OL,306.29,8,18.2,307.07,10,OL,314.09,10,OL,346.8,9,,,,,,,,,,,,,,,,,,,,,,,,,,,,,,,,,,,,,,,,,,,,,,,,,,,,,,,,,,,,,,,,,,,,,,,,,,,,,,,,,,,,,,,,,,,,,,,,,,,,,,,,,,,,,,,,,,,,,,,,,,,,,,,,,,,,,,,,,,,,,,,,,,,,,,,,,,,,,,,,,,,,,,,,,,,,,,,,,,,,,,,,,,,,,,,,,,,,,,,,,,,,,,,,,,,,,,,,,,,,,,,,,,,,,,,,,,,,,,,,,,,,,,,,,,,,,,,,,,,,,,,,,,,
B08_RD14-0003-44d3-30-0.03125IP-Q1.5_002.20sec.fsa,AMEL,R,X,104.91,98,Y,110.82,49,,,,,,,,,,,,,,,,,,,,,,,,,,,,,,,,,,,,,,,,,,,,,,,,,,,,,,,,,,,,,,,,,,,,,,,,,,,,,,,,,,,,,,,,,,,,,,,,,,,,,,,,,,,,,,,,,,,,,,,,,,,,,,,,,,,,,,,,,,,,,,,,,,,,,,,,,,,,,,,,,,,,,,,,,,,,,,,,,,,,,,,,,,,,,,,,,,,,,,,,,,,,,,,,,,,,,,,,,,,,,,,,,,,,,,,,,,,,,,,,,,,,,,,,,,,,,,,,,,,,,,,,,,,,,,,,,,,,,,,,,,,,,,,,,,,,,,
B08_RD14-0003-44d3-30-0.03125IP-Q1.5_002.20sec.fsa,D5S818,R,OL,128.04,8,OL,143.38,8,11,148.97,96,12,153.04,49,13,156.88,9,OL,164.69,11,OL,176.81,9,,,,,,,,,,,,,,,,,,,,,,,,,,,,,,,,,,,,,,,,,,,,,,,,,,,,,,,,,,,,,,,,,,,,,,,,,,,,,,,,,,,,,,,,,,,,,,,,,,,,,,,,,,,,,,,,,,,,,,,,,,,,,,,,,,,,,,,,,,,,,,,,,,,,,,,,,,,,,,,,,,,,,,,,,,,,,,,,,,,,,,,,,,,,,,,,,,,,,,,,,,,,,,,,,,,,,,,,,,,,,,,,,,,,,,,,,,,,,,,,,,,,,,,,,,,,,,,,,,,,,,,,,,,,,,,,,,,,,,,
B08_RD14-0003-44d3-30-0.03125IP-Q1.5_002.20sec.fsa,FGA,R,OL,211.68,13,19,221.42,8,OL,222.35,7,23,237.22,99,24,241.4,27,OL,244.36,9,25.2,248.01,9,OL,260.68,12,OL,262.73,10,OL,282.74,4,OL,286.95,6,OL,312.4,6,OL,330.79,6,OL,338.24,8,OL,347.98,14,OL,354.99,4,,,,,,,,,,,,,,,,,,,,,,,,,,,,,,,,,,,,,,,,,,,,,,,,,,,,,,,,,,,,,,,,,,,,,,,,,,,,,,,,,,,,,,,,,,,,,,,,,,,,,,,,,,,,,,,,,,,,,,,,,,,,,,,,,,,,,,,,,,,,,,,,,,,,,,,,,,,,,,,,,,,,,,,,,,,,,,,,,,,,,,,,,,,,,,,,,,,,,,,,,,,,,,,,,,,,,,,,,,,,,,,,,,,,,,,,,,,,,,,,,,,,,,,,,,,,
B09_RD14-0003-44d2-45-0.03125IP-Q3.2_002.20sec.fsa,D8S1179,B,OL,123.6,18,OL,126.83,7,10,129.37,7,10,130.17,13,11,133.37,15,OL,136.27,15,12,137.32,4,OL,139.84,16,14,146.17,203,15,150.36,97,OL,165.75,8,OL,176.39,34,,,,,,,,,,,,,,,,,,,,,,,,,,,,,,,,,,,,,,,,,,,,,,,,,,,,,,,,,,,,,,,,,,,,,,,,,,,,,,,,,,,,,,,,,,,,,,,,,,,,,,,,,,,,,,,,,,,,,,,,,,,,,,,,,,,,,,,,,,,,,,,,,,,,,,,,,,,,,,,,,,,,,,,,,,,,,,,,,,,,,,,,,,,,,,,,,,,,,,,,,,,,,,,,,,,,,,,,,,,,,,,,,,,,,,,,,,,,,,,,,,,,,,,,,,,,,,,,,,,,,,,,
B09_RD14-0003-44d2-45-0.03125IP-Q3.2_002.20sec.fsa,D21S11,B,25,186.34,28,25.2,188.66,3,26,190.54,10,OL,193.72,9,OL,197.5,8,OL,200,4,OL,201.69,6,29.2,204.48,14,OL,208.12,4,OL,209.4,6,32,214.78,80,OL,229.82,7,,,,,,,,,,,,,,,,,,,,,,,,,,,,,,,,,,,,,,,,,,,,,,,,,,,,,,,,,,,,,,,,,,,,,,,,,,,,,,,,,,,,,,,,,,,,,,,,,,,,,,,,,,,,,,,,,,,,,,,,,,,,,,,,,,,,,,,,,,,,,,,,,,,,,,,,,,,,,,,,,,,,,,,,,,,,,,,,,,,,,,,,,,,,,,,,,,,,,,,,,,,,,,,,,,,,,,,,,,,,,,,,,,,,,,,,,,,,,,,,,,,,,,,,,,,,,,,,,,,,,,,,
B09_RD14-0003-44d2-45-0.03125IP-Q3.2_002.20sec.fsa,D7S820,B,OL,247.95,19,5,250.35,6,8,262.12,22,8.2,263.88,5,10,270.18,39,OL,288.84,5,,,,,,,,,,,,,,,,,,,,,,,,,,,,,,,,,,,,,,,,,,,,,,,,,,,,,,,,,,,,,,,,,,,,,,,,,,,,,,,,,,,,,,,,,,,,,,,,,,,,,,,,,,,,,,,,,,,,,,,,,,,,,,,,,,,,,,,,,,,,,,,,,,,,,,,,,,,,,,,,,,,,,,,,,,,,,,,,,,,,,,,,,,,,,,,,,,,,,,,,,,,,,,,,,,,,,,,,,,,,,,,,,,,,,,,,,,,,,,,,,,,,,,,,,,,,,,,,,,,,,,,,,,,,,,,,,,,,,,,,,,
B09_RD14-0003-44d2-45-0.03125IP-Q3.2_002.20sec.fsa,CSF1PO,B,5,298.67,4,OL,304.63,3,OL,315.93,11,10,318.35,7,OL,327.64,20,OL,340.28,11,16,342.51,4,,,,,,,,,,,,,,,,,,,,,,,,,,,,,,,,,,,,,,,,,,,,,,,,,,,,,,,,,,,,,,,,,,,,,,,,,,,,,,,,,,,,,,,,,,,,,,,,,,,,,,,,,,,,,,,,,,,,,,,,,,,,,,,,,,,,,,,,,,,,,,,,,,,,,,,,,,,,,,,,,,,,,,,,,,,,,,,,,,,,,,,,,,,,,,,,,,,,,,,,,,,,,,,,,,,,,,,,,,,,,,,,,,,,,,,,,,,,,,,,,,,,,,,,,,,,,,,,,,,,,,,,,,,,,,,,,,,,,,,
B09_RD14-0003-44d2-45-0.03125IP-Q3.2_002.20sec.fsa,D3S1358,G,OL,116.49,24,15,122.42,214,16,126.52,219,OL,131.45,31,OL,141.08,46,,,,,,,,,,,,,,,,,,,,,,,,,,,,,,,,,,,,,,,,,,,,,,,,,,,,,,,,,,,,,,,,,,,,,,,,,,,,,,,,,,,,,,,,,,,,,,,,,,,,,,,,,,,,,,,,,,,,,,,,,,,,,,,,,,,,,,,,,,,,,,,,,,,,,,,,,,,,,,,,,,,,,,,,,,,,,,,,,,,,,,,,,,,,,,,,,,,,,,,,,,,,,,,,,,,,,,,,,,,,,,,,,,,,,,,,,,,,,,,,,,,,,,,,,,,,,,,,,,,,,,,,,,,,,,,,,,,,,,,,,,,,,
B09_RD14-0003-44d2-45-0.03125IP-Q3.2_002.20sec.fsa,TH01,G,4,160.17,12,OL,166.34,29,6,168.68,75,7.3,176.05,58,9.3,183.94,54,OL,185.82,27,OL,191.4,20,12,193.38,8,OL,195.53,8,OL,198.71,13,,,,,,,,,,,,,,,,,,,,,,,,,,,,,,,,,,,,,,,,,,,,,,,,,,,,,,,,,,,,,,,,,,,,,,,,,,,,,,,,,,,,,,,,,,,,,,,,,,,,,,,,,,,,,,,,,,,,,,,,,,,,,,,,,,,,,,,,,,,,,,,,,,,,,,,,,,,,,,,,,,,,,,,,,,,,,,,,,,,,,,,,,,,,,,,,,,,,,,,,,,,,,,,,,,,,,,,,,,,,,,,,,,,,,,,,,,,,,,,,,,,,,,,,,,,,,,,,,,,,,,,,,,,,,,
B09_RD14-0003-44d2-45-0.03125IP-Q3.2_002.20sec.fsa,D13S317,G,8,215.13,9,9,219.56,8,10,223.12,7,OL,229.74,9,OL,244.92,6,,,,,,,,,,,,,,,,,,,,,,,,,,,,,,,,,,,,,,,,,,,,,,,,,,,,,,,,,,,,,,,,,,,,,,,,,,,,,,,,,,,,,,,,,,,,,,,,,,,,,,,,,,,,,,,,,,,,,,,,,,,,,,,,,,,,,,,,,,,,,,,,,,,,,,,,,,,,,,,,,,,,,,,,,,,,,,,,,,,,,,,,,,,,,,,,,,,,,,,,,,,,,,,,,,,,,,,,,,,,,,,,,,,,,,,,,,,,,,,,,,,,,,,,,,,,,,,,,,,,,,,,,,,,,,,,,,,,,,,,,,,,,
B09_RD14-0003-44d2-45-0.03125IP-Q3.2_002.20sec.fsa,D16S539,G,5,251.3,9,OL,254.84,6,OL,258.71,8,9,266.8,7,10,271.33,94,11,275.26,143,OL,294.24,6,,,,,,,,,,,,,,,,,,,,,,,,,,,,,,,,,,,,,,,,,,,,,,,,,,,,,,,,,,,,,,,,,,,,,,,,,,,,,,,,,,,,,,,,,,,,,,,,,,,,,,,,,,,,,,,,,,,,,,,,,,,,,,,,,,,,,,,,,,,,,,,,,,,,,,,,,,,,,,,,,,,,,,,,,,,,,,,,,,,,,,,,,,,,,,,,,,,,,,,,,,,,,,,,,,,,,,,,,,,,,,,,,,,,,,,,,,,,,,,,,,,,,,,,,,,,,,,,,,,,,,,,,,,,,,,,,,,,,,,
B09_RD14-0003-44d2-45-0.03125IP-Q3.2_002.20sec.fsa,D2S1338,G,16,308.82,12,OL,314.1,34,20,325.04,10,OL,326.8,6,22,333.62,6,OL,338.91,8,OL,342.88,18,OL,344.55,11,25,345.48,7,OL,350.13,35,OL,351.99,5,OL,360.28,19,OL,362.22,4,,,,,,,,,,,,,,,,,,,,,,,,,,,,,,,,,,,,,,,,,,,,,,,,,,,,,,,,,,,,,,,,,,,,,,,,,,,,,,,,,,,,,,,,,,,,,,,,,,,,,,,,,,,,,,,,,,,,,,,,,,,,,,,,,,,,,,,,,,,,,,,,,,,,,,,,,,,,,,,,,,,,,,,,,,,,,,,,,,,,,,,,,,,,,,,,,,,,,,,,,,,,,,,,,,,,,,,,,,,,,,,,,,,,,,,,,,,,,,,,,,,,,,,,,,,,,,,,,,,,,
B09_RD14-0003-44d2-45-0.03125IP-Q3.2_002.20sec.fsa,D19S433,Y,OL,94.96,15,10,104.15,11,OL,105.1,15,13,116.18,88,14,120.08,32,15,124.15,68,OL,139.59,29,,,,,,,,,,,,,,,,,,,,,,,,,,,,,,,,,,,,,,,,,,,,,,,,,,,,,,,,,,,,,,,,,,,,,,,,,,,,,,,,,,,,,,,,,,,,,,,,,,,,,,,,,,,,,,,,,,,,,,,,,,,,,,,,,,,,,,,,,,,,,,,,,,,,,,,,,,,,,,,,,,,,,,,,,,,,,,,,,,,,,,,,,,,,,,,,,,,,,,,,,,,,,,,,,,,,,,,,,,,,,,,,,,,,,,,,,,,,,,,,,,,,,,,,,,,,,,,,,,,,,,,,,,,,,,,,,,,,,,,
B09_RD14-0003-44d2-45-0.03125IP-Q3.2_002.20sec.fsa,vWA,Y,OL,154.74,20,OL,178.65,11,19,184.88,8,20,188.57,24,22,196.47,11,OL,199.14,9,OL,199.91,12,24,204.9,9,,,,,,,,,,,,,,,,,,,,,,,,,,,,,,,,,,,,,,,,,,,,,,,,,,,,,,,,,,,,,,,,,,,,,,,,,,,,,,,,,,,,,,,,,,,,,,,,,,,,,,,,,,,,,,,,,,,,,,,,,,,,,,,,,,,,,,,,,,,,,,,,,,,,,,,,,,,,,,,,,,,,,,,,,,,,,,,,,,,,,,,,,,,,,,,,,,,,,,,,,,,,,,,,,,,,,,,,,,,,,,,,,,,,,,,,,,,,,,,,,,,,,,,,,,,,,,,,,,,,,,,,,,,,,,,,,,,,
B09_RD14-0003-44d2-45-0.03125IP-Q3.2_002.20sec.fsa,TPOX,Y,OL,230,10,OL,231.66,11,11,240.81,46,12,245.28,5,OL,247.42,6,OL,252.51,6,OL,255.61,10,,,,,,,,,,,,,,,,,,,,,,,,,,,,,,,,,,,,,,,,,,,,,,,,,,,,,,,,,,,,,,,,,,,,,,,,,,,,,,,,,,,,,,,,,,,,,,,,,,,,,,,,,,,,,,,,,,,,,,,,,,,,,,,,,,,,,,,,,,,,,,,,,,,,,,,,,,,,,,,,,,,,,,,,,,,,,,,,,,,,,,,,,,,,,,,,,,,,,,,,,,,,,,,,,,,,,,,,,,,,,,,,,,,,,,,,,,,,,,,,,,,,,,,,,,,,,,,,,,,,,,,,,,,,,,,,,,,,,,,
B09_RD14-0003-44d2-45-0.03125IP-Q3.2_002.20sec.fsa,D18S51,Y,7,260.53,8,9.2,270.8,6,12,281.24,28,14,289.2,65,15,293.27,8,OL,322.43,4,OL,328.65,24,OL,330.68,13,OL,334.54,7,OL,344.27,9,,,,,,,,,,,,,,,,,,,,,,,,,,,,,,,,,,,,,,,,,,,,,,,,,,,,,,,,,,,,,,,,,,,,,,,,,,,,,,,,,,,,,,,,,,,,,,,,,,,,,,,,,,,,,,,,,,,,,,,,,,,,,,,,,,,,,,,,,,,,,,,,,,,,,,,,,,,,,,,,,,,,,,,,,,,,,,,,,,,,,,,,,,,,,,,,,,,,,,,,,,,,,,,,,,,,,,,,,,,,,,,,,,,,,,,,,,,,,,,,,,,,,,,,,,,,,,,,,,,,,,,,,,,,,,
B09_RD14-0003-44d2-45-0.03125IP-Q3.2_002.20sec.fsa,AMEL,R,X,104.94,326,Y,110.83,143,,,,,,,,,,,,,,,,,,,,,,,,,,,,,,,,,,,,,,,,,,,,,,,,,,,,,,,,,,,,,,,,,,,,,,,,,,,,,,,,,,,,,,,,,,,,,,,,,,,,,,,,,,,,,,,,,,,,,,,,,,,,,,,,,,,,,,,,,,,,,,,,,,,,,,,,,,,,,,,,,,,,,,,,,,,,,,,,,,,,,,,,,,,,,,,,,,,,,,,,,,,,,,,,,,,,,,,,,,,,,,,,,,,,,,,,,,,,,,,,,,,,,,,,,,,,,,,,,,,,,,,,,,,,,,,,,,,,,,,,,,,,,,,,,,,,,,
B09_RD14-0003-44d2-45-0.03125IP-Q3.2_002.20sec.fsa,D5S818,R,7,132.81,12,OL,135.46,6,OL,139.02,17,10,144.66,23,11,148.93,143,12,153.05,171,OL,164,4,OL,172.36,11,OL,176.55,13,,,,,,,,,,,,,,,,,,,,,,,,,,,,,,,,,,,,,,,,,,,,,,,,,,,,,,,,,,,,,,,,,,,,,,,,,,,,,,,,,,,,,,,,,,,,,,,,,,,,,,,,,,,,,,,,,,,,,,,,,,,,,,,,,,,,,,,,,,,,,,,,,,,,,,,,,,,,,,,,,,,,,,,,,,,,,,,,,,,,,,,,,,,,,,,,,,,,,,,,,,,,,,,,,,,,,,,,,,,,,,,,,,,,,,,,,,,,,,,,,,,,,,,,,,,,,,,,,,,,,,,,,,,,,,,,,
B09_RD14-0003-44d2-45-0.03125IP-Q3.2_002.20sec.fsa,FGA,R,17,212.46,12,23,237.36,69,24,241.35,47,OL,244.74,9,OL,256.56,7,OL,278.74,6,OL,290.97,10,OL,306.4,9,OL,322.9,16,OL,341.49,10,,,,,,,,,,,,,,,,,,,,,,,,,,,,,,,,,,,,,,,,,,,,,,,,,,,,,,,,,,,,,,,,,,,,,,,,,,,,,,,,,,,,,,,,,,,,,,,,,,,,,,,,,,,,,,,,,,,,,,,,,,,,,,,,,,,,,,,,,,,,,,,,,,,,,,,,,,,,,,,,,,,,,,,,,,,,,,,,,,,,,,,,,,,,,,,,,,,,,,,,,,,,,,,,,,,,,,,,,,,,,,,,,,,,,,,,,,,,,,,,,,,,,,,,,,,,,,,,,,,,,,,,,,,,,,
C01_RD14-0003-43d2a-0.25IP-Q0.9_003.20sec.fsa,D8S1179,B,OL,113.85,4,OL,122.33,26,OL,128.16,2,10,129.61,68,11,133.61,1230,12,137.89,100,13,141.99,1576,14,146.05,8,OL,149.64,4,OL,156.3,1,OL,157.99,4,,,,,,,,,,,,,,,,,,,,,,,,,,,,,,,,,,,,,,,,,,,,,,,,,,,,,,,,,,,,,,,,,,,,,,,,,,,,,,,,,,,,,,,,,,,,,,,,,,,,,,,,,,,,,,,,,,,,,,,,,,,,,,,,,,,,,,,,,,,,,,,,,,,,,,,,,,,,,,,,,,,,,,,,,,,,,,,,,,,,,,,,,,,,,,,,,,,,,,,,,,,,,,,,,,,,,,,,,,,,,,,,,,,,,,,,,,,,,,,,,,,,,,,,,,,,,,,,,,,,,,,,,,,
C01_RD14-0003-43d2a-0.25IP-Q0.9_003.20sec.fsa,D21S11,B,23.2,179.92,4,OL,183.87,11,25,186.29,4,25.2,188.39,2,26,190.57,65,26.2,192.66,7,27,194.68,1591,OL,197.26,1,28,198.63,69,28.2,200.71,7,29,202.68,1028,30,206.71,4,OL,211.86,2,OL,214,6,OL,215.78,3,OL,220,6,OL,222,2,OL,223.69,2,35,227.29,16,OL,229.86,1,36,231.23,27,OL,234.2,3,OL,238.23,4,OL,239.92,6,,,,,,,,,,,,,,,,,,,,,,,,,,,,,,,,,,,,,,,,,,,,,,,,,,,,,,,,,,,,,,,,,,,,,,,,,,,,,,,,,,,,,,,,,,,,,,,,,,,,,,,,,,,,,,,,,,,,,,,,,,,,,,,,,,,,,,,,,,,,,,,,,,,,,,,,,,,,,,,,,,,,,,,,,,,,,,,,,,,,,,,,,,,,,,,,,,,,,,,,,,,,,,,,,,,,,,,,,,,,,,,,,,,,
C01_RD14-0003-43d2a-0.25IP-Q0.9_003.20sec.fsa,D7S820,B,OL,253.01,4,7,258.04,19,8,262.08,872,9,266.1,620,OL,269.16,3,OL,271.34,46,11,274.16,2,OL,279.68,5,OL,293.42,3,,,,,,,,,,,,,,,,,,,,,,,,,,,,,,,,,,,,,,,,,,,,,,,,,,,,,,,,,,,,,,,,,,,,,,,,,,,,,,,,,,,,,,,,,,,,,,,,,,,,,,,,,,,,,,,,,,,,,,,,,,,,,,,,,,,,,,,,,,,,,,,,,,,,,,,,,,,,,,,,,,,,,,,,,,,,,,,,,,,,,,,,,,,,,,,,,,,,,,,,,,,,,,,,,,,,,,,,,,,,,,,,,,,,,,,,,,,,,,,,,,,,,,,,,,,,,,,,,,,,,,,,,,,,,,,,,
C01_RD14-0003-43d2a-0.25IP-Q0.9_003.20sec.fsa,CSF1PO,B,OL,300,6,OL,304.09,3,8,310.34,2,9,314.6,41,10,318.8,1102,10.2,321.08,18,11,322.9,68,12,326.95,1282,OL,333.26,27,OL,339.68,5,,,,,,,,,,,,,,,,,,,,,,,,,,,,,,,,,,,,,,,,,,,,,,,,,,,,,,,,,,,,,,,,,,,,,,,,,,,,,,,,,,,,,,,,,,,,,,,,,,,,,,,,,,,,,,,,,,,,,,,,,,,,,,,,,,,,,,,,,,,,,,,,,,,,,,,,,,,,,,,,,,,,,,,,,,,,,,,,,,,,,,,,,,,,,,,,,,,,,,,,,,,,,,,,,,,,,,,,,,,,,,,,,,,,,,,,,,,,,,,,,,,,,,,,,,,,,,,,,,,,,,,,,,,,,,
C01_RD14-0003-43d2a-0.25IP-Q0.9_003.20sec.fsa,D3S1358,G,OL,97.01,3,11,106.07,3,12,110.16,4,13,114.45,7,OL,115.93,10,OL,116.89,7,14,118.37,152,15,122.33,2476,OL,125.2,5,16,126.03,26,OL,131.61,4,18,134.7,3,OL,143.1,5,,,,,,,,,,,,,,,,,,,,,,,,,,,,,,,,,,,,,,,,,,,,,,,,,,,,,,,,,,,,,,,,,,,,,,,,,,,,,,,,,,,,,,,,,,,,,,,,,,,,,,,,,,,,,,,,,,,,,,,,,,,,,,,,,,,,,,,,,,,,,,,,,,,,,,,,,,,,,,,,,,,,,,,,,,,,,,,,,,,,,,,,,,,,,,,,,,,,,,,,,,,,,,,,,,,,,,,,,,,,,,,,,,,,,,,,,,,,,,,,,,,,,,,,,,,,,,,,,,,,,
C01_RD14-0003-43d2a-0.25IP-Q0.9_003.20sec.fsa,TH01,G,3,156.06,4,5,164.58,4,OL,166,3,7,172.72,28,7.3,175.41,10,8,176.75,1385,8.3,179.68,17,9.3,183.87,1599,OL,199.6,3,,,,,,,,,,,,,,,,,,,,,,,,,,,,,,,,,,,,,,,,,,,,,,,,,,,,,,,,,,,,,,,,,,,,,,,,,,,,,,,,,,,,,,,,,,,,,,,,,,,,,,,,,,,,,,,,,,,,,,,,,,,,,,,,,,,,,,,,,,,,,,,,,,,,,,,,,,,,,,,,,,,,,,,,,,,,,,,,,,,,,,,,,,,,,,,,,,,,,,,,,,,,,,,,,,,,,,,,,,,,,,,,,,,,,,,,,,,,,,,,,,,,,,,,,,,,,,,,,,,,,,,,,,,,,,,,,
C01_RD14-0003-43d2a-0.25IP-Q0.9_003.20sec.fsa,D13S317,G,OL,214.24,3,OL,220.48,4,10,223.28,59,11,227.29,1286,12,231.31,2234,13,235.33,9,OL,237.42,3,14,238.87,5,OL,244.03,3,OL,245.34,4,,,,,,,,,,,,,,,,,,,,,,,,,,,,,,,,,,,,,,,,,,,,,,,,,,,,,,,,,,,,,,,,,,,,,,,,,,,,,,,,,,,,,,,,,,,,,,,,,,,,,,,,,,,,,,,,,,,,,,,,,,,,,,,,,,,,,,,,,,,,,,,,,,,,,,,,,,,,,,,,,,,,,,,,,,,,,,,,,,,,,,,,,,,,,,,,,,,,,,,,,,,,,,,,,,,,,,,,,,,,,,,,,,,,,,,,,,,,,,,,,,,,,,,,,,,,,,,,,,,,,,,,,,,,,,
C01_RD14-0003-43d2a-0.25IP-Q0.9_003.20sec.fsa,D16S539,G,OL,250.79,5,7,259.3,4,OL,260.4,8,9,267.23,119,OL,269.4,12,10,271.26,2809,11,275.14,4,12,279.35,4,OL,280.4,8,OL,290.05,4,16,294.87,2,,,,,,,,,,,,,,,,,,,,,,,,,,,,,,,,,,,,,,,,,,,,,,,,,,,,,,,,,,,,,,,,,,,,,,,,,,,,,,,,,,,,,,,,,,,,,,,,,,,,,,,,,,,,,,,,,,,,,,,,,,,,,,,,,,,,,,,,,,,,,,,,,,,,,,,,,,,,,,,,,,,,,,,,,,,,,,,,,,,,,,,,,,,,,,,,,,,,,,,,,,,,,,,,,,,,,,,,,,,,,,,,,,,,,,,,,,,,,,,,,,,,,,,,,,,,,,,,,,,,,,,,,,,
C01_RD14-0003-43d2a-0.25IP-Q0.9_003.20sec.fsa,D2S1338,G,14,300.55,6,OL,302.04,3,OL,303.46,4,15,304.89,8,OL,306.4,3,OL,307.6,4,OL,314.68,5,18,316.91,113,19,321.16,1516,20,325.05,17,21,329.17,154,OL,331.05,2,22,333.18,1405,OL,339.19,8,OL,340.5,5,OL,347.22,4,,,,,,,,,,,,,,,,,,,,,,,,,,,,,,,,,,,,,,,,,,,,,,,,,,,,,,,,,,,,,,,,,,,,,,,,,,,,,,,,,,,,,,,,,,,,,,,,,,,,,,,,,,,,,,,,,,,,,,,,,,,,,,,,,,,,,,,,,,,,,,,,,,,,,,,,,,,,,,,,,,,,,,,,,,,,,,,,,,,,,,,,,,,,,,,,,,,,,,,,,,,,,,,,,,,,,,,,,,,,,,,,,,,,,,,,,,,,,,,,,,,,,,,,,,,,
C01_RD14-0003-43d2a-0.25IP-Q0.9_003.20sec.fsa,D19S433,Y,OL,97.62,5,10,104.06,6,10.2,105.84,8,11.2,110.32,16,12.2,114.3,92,13,116.23,57,13.2,118.23,1490,14,120.15,920,OL,125.5,7,OL,127.25,5,18.2,137.89,7,OL,141.51,8,,,,,,,,,,,,,,,,,,,,,,,,,,,,,,,,,,,,,,,,,,,,,,,,,,,,,,,,,,,,,,,,,,,,,,,,,,,,,,,,,,,,,,,,,,,,,,,,,,,,,,,,,,,,,,,,,,,,,,,,,,,,,,,,,,,,,,,,,,,,,,,,,,,,,,,,,,,,,,,,,,,,,,,,,,,,,,,,,,,,,,,,,,,,,,,,,,,,,,,,,,,,,,,,,,,,,,,,,,,,,,,,,,,,,,,,,,,,,,,,,,,,,,,,,,,,,,,,,,,,,,,,
C01_RD14-0003-43d2a-0.25IP-Q0.9_003.20sec.fsa,vWA,Y,OL,146.61,6,11,151.56,6,OL,152.52,10,12,155.81,35,13,160,1041,16,172.24,86,OL,175.01,18,17,176.28,1036,OL,177.55,16,18,180.16,9,OL,191.7,6,OL,193.63,5,OL,200,11,23,201.1,4,,,,,,,,,,,,,,,,,,,,,,,,,,,,,,,,,,,,,,,,,,,,,,,,,,,,,,,,,,,,,,,,,,,,,,,,,,,,,,,,,,,,,,,,,,,,,,,,,,,,,,,,,,,,,,,,,,,,,,,,,,,,,,,,,,,,,,,,,,,,,,,,,,,,,,,,,,,,,,,,,,,,,,,,,,,,,,,,,,,,,,,,,,,,,,,,,,,,,,,,,,,,,,,,,,,,,,,,,,,,,,,,,,,,,,,,,,,,,,,,,,,,,,,,,,,,,,,,,,
C01_RD14-0003-43d2a-0.25IP-Q0.9_003.20sec.fsa,TPOX,Y,OL,213.13,5,OL,219.92,12,7,224.73,18,8,228.82,1032,10,236.86,37,11,240.91,1028,OL,247.88,4,OL,251.27,3,,,,,,,,,,,,,,,,,,,,,,,,,,,,,,,,,,,,,,,,,,,,,,,,,,,,,,,,,,,,,,,,,,,,,,,,,,,,,,,,,,,,,,,,,,,,,,,,,,,,,,,,,,,,,,,,,,,,,,,,,,,,,,,,,,,,,,,,,,,,,,,,,,,,,,,,,,,,,,,,,,,,,,,,,,,,,,,,,,,,,,,,,,,,,,,,,,,,,,,,,,,,,,,,,,,,,,,,,,,,,,,,,,,,,,,,,,,,,,,,,,,,,,,,,,,,,,,,,,,,,,,,,,,,,,,,,,,,
C01_RD14-0003-43d2a-0.25IP-Q0.9_003.20sec.fsa,D18S51,Y,9,269.16,9,OL,269.97,6,OL,279.92,13,16,296.87,10,17,301.1,95,18,305.12,1115,19,309.13,1007,20,313.02,11,OL,313.92,6,21.2,319.14,9,OL,319.91,14,OL,330.4,10,26,337.41,4,OL,339.84,11,,,,,,,,,,,,,,,,,,,,,,,,,,,,,,,,,,,,,,,,,,,,,,,,,,,,,,,,,,,,,,,,,,,,,,,,,,,,,,,,,,,,,,,,,,,,,,,,,,,,,,,,,,,,,,,,,,,,,,,,,,,,,,,,,,,,,,,,,,,,,,,,,,,,,,,,,,,,,,,,,,,,,,,,,,,,,,,,,,,,,,,,,,,,,,,,,,,,,,,,,,,,,,,,,,,,,,,,,,,,,,,,,,,,,,,,,,,,,,,,,,,,,,,,,,,,,,,,,,
C01_RD14-0003-43d2a-0.25IP-Q0.9_003.20sec.fsa,AMEL,R,X,104.91,979,OL,107.23,4,OL,109.78,13,Y,110.86,1022,,,,,,,,,,,,,,,,,,,,,,,,,,,,,,,,,,,,,,,,,,,,,,,,,,,,,,,,,,,,,,,,,,,,,,,,,,,,,,,,,,,,,,,,,,,,,,,,,,,,,,,,,,,,,,,,,,,,,,,,,,,,,,,,,,,,,,,,,,,,,,,,,,,,,,,,,,,,,,,,,,,,,,,,,,,,,,,,,,,,,,,,,,,,,,,,,,,,,,,,,,,,,,,,,,,,,,,,,,,,,,,,,,,,,,,,,,,,,,,,,,,,,,,,,,,,,,,,,,,,,,,,,,,,,,,,,,,,,,,,,,,,,,,,
C01_RD14-0003-43d2a-0.25IP-Q0.9_003.20sec.fsa,D5S818,R,OL,138.9,9,10,144.77,100,11,148.92,1461,12,153.01,729,13,156.94,8,15,165.68,4,OL,168.13,7,OL,176.99,20,OL,177.94,11,,,,,,,,,,,,,,,,,,,,,,,,,,,,,,,,,,,,,,,,,,,,,,,,,,,,,,,,,,,,,,,,,,,,,,,,,,,,,,,,,,,,,,,,,,,,,,,,,,,,,,,,,,,,,,,,,,,,,,,,,,,,,,,,,,,,,,,,,,,,,,,,,,,,,,,,,,,,,,,,,,,,,,,,,,,,,,,,,,,,,,,,,,,,,,,,,,,,,,,,,,,,,,,,,,,,,,,,,,,,,,,,,,,,,,,,,,,,,,,,,,,,,,,,,,,,,,,,,,,,,,,,,,,,,,,,,
C01_RD14-0003-43d2a-0.25IP-Q0.9_003.20sec.fsa,FGA,R,OL,211.94,9,OL,213.36,10,17.2,215.05,9,OL,217.48,6,OL,221.92,5,20,225.05,86,21,229.14,1334,OL,236.46,9,OL,246.74,5,OL,248.29,7,27,253.64,38,28,257.57,589,31.2,271.34,49,OL,295.99,7,OL,302.12,7,OL,303.14,6,OL,305.36,7,OL,306.56,11,OL,307.2,10,OL,311.23,7,OL,313.51,8,OL,320.91,27,OL,333.18,27,OL,337.17,4,OL,341.08,9,,,,,,,,,,,,,,,,,,,,,,,,,,,,,,,,,,,,,,,,,,,,,,,,,,,,,,,,,,,,,,,,,,,,,,,,,,,,,,,,,,,,,,,,,,,,,,,,,,,,,,,,,,,,,,,,,,,,,,,,,,,,,,,,,,,,,,,,,,,,,,,,,,,,,,,,,,,,,,,,,,,,,,,,,,,,,,,,,,,,,,,,,,,,,,,,,,,,,,,,,,,,,,,,,,,,,,,,,,,,,,,,,
C02_RD14-0003-43d2-15-0.25IP-Q1.0_003.20sec.fsa,D8S1179,B,OL,113.77,3,OL,122.28,36,10,129.64,90,11,133.62,1666,12,137.79,68,13,141.94,1236,14,146.06,6,OL,151.52,4,16,154.5,5,OL,161.08,1,OL,161.93,1,OL,174.26,4,OL,176.58,20,,,,,,,,,,,,,,,,,,,,,,,,,,,,,,,,,,,,,,,,,,,,,,,,,,,,,,,,,,,,,,,,,,,,,,,,,,,,,,,,,,,,,,,,,,,,,,,,,,,,,,,,,,,,,,,,,,,,,,,,,,,,,,,,,,,,,,,,,,,,,,,,,,,,,,,,,,,,,,,,,,,,,,,,,,,,,,,,,,,,,,,,,,,,,,,,,,,,,,,,,,,,,,,,,,,,,,,,,,,,,,,,,,,,,,,,,,,,,,,,,,,,,,,,,,,,,,,,,,,,,
C02_RD14-0003-43d2-15-0.25IP-Q1.0_003.20sec.fsa,D21S11,B,23.2,180,6,OL,181.34,5,24.2,184.02,23,OL,187.41,4,26,190.56,79,26.2,192.45,9,27,194.65,1628,28,198.66,83,29,202.62,1121,30,206.72,8,30.2,208.34,2,OL,213.92,5,OL,220.08,4,34,223.06,3,35,227.16,19,OL,229.85,2,36,231.27,29,OL,235.95,3,OL,241.95,1,,,,,,,,,,,,,,,,,,,,,,,,,,,,,,,,,,,,,,,,,,,,,,,,,,,,,,,,,,,,,,,,,,,,,,,,,,,,,,,,,,,,,,,,,,,,,,,,,,,,,,,,,,,,,,,,,,,,,,,,,,,,,,,,,,,,,,,,,,,,,,,,,,,,,,,,,,,,,,,,,,,,,,,,,,,,,,,,,,,,,,,,,,,,,,,,,,,,,,,,,,,,,,,,,,,,,,,,,,,,,,,,,,,,,,,,,,,,,,,,,,,
C02_RD14-0003-43d2-15-0.25IP-Q1.0_003.20sec.fsa,D7S820,B,6,254.35,3,7,258.07,24,8,262.05,1154,9,266.02,906,OL,271.19,53,12,278.55,3,,,,,,,,,,,,,,,,,,,,,,,,,,,,,,,,,,,,,,,,,,,,,,,,,,,,,,,,,,,,,,,,,,,,,,,,,,,,,,,,,,,,,,,,,,,,,,,,,,,,,,,,,,,,,,,,,,,,,,,,,,,,,,,,,,,,,,,,,,,,,,,,,,,,,,,,,,,,,,,,,,,,,,,,,,,,,,,,,,,,,,,,,,,,,,,,,,,,,,,,,,,,,,,,,,,,,,,,,,,,,,,,,,,,,,,,,,,,,,,,,,,,,,,,,,,,,,,,,,,,,,,,,,,,,,,,,,,,,,,,,,
C02_RD14-0003-43d2-15-0.25IP-Q1.0_003.20sec.fsa,CSF1PO,B,OL,299.6,5,OL,302.1,3,OL,304.61,2,OL,310.03,4,9,314.51,36,10,318.71,947,10.2,321,23,11,322.74,57,12,326.88,1078,13,331,8,OL,333.14,23,,,,,,,,,,,,,,,,,,,,,,,,,,,,,,,,,,,,,,,,,,,,,,,,,,,,,,,,,,,,,,,,,,,,,,,,,,,,,,,,,,,,,,,,,,,,,,,,,,,,,,,,,,,,,,,,,,,,,,,,,,,,,,,,,,,,,,,,,,,,,,,,,,,,,,,,,,,,,,,,,,,,,,,,,,,,,,,,,,,,,,,,,,,,,,,,,,,,,,,,,,,,,,,,,,,,,,,,,,,,,,,,,,,,,,,,,,,,,,,,,,,,,,,,,,,,,,,,,,,,,,,,,,,
C02_RD14-0003-43d2-15-0.25IP-Q1.0_003.20sec.fsa,D3S1358,G,OL,94.68,5,13,114.29,17,OL,115.54,11,OL,116.05,14,14,118.39,237,15,122.36,4097,16,126.21,17,17,130.16,6,17.2,132.79,6,18.2,136.42,3,OL,140.39,8,OL,143.18,7,,,,,,,,,,,,,,,,,,,,,,,,,,,,,,,,,,,,,,,,,,,,,,,,,,,,,,,,,,,,,,,,,,,,,,,,,,,,,,,,,,,,,,,,,,,,,,,,,,,,,,,,,,,,,,,,,,,,,,,,,,,,,,,,,,,,,,,,,,,,,,,,,,,,,,,,,,,,,,,,,,,,,,,,,,,,,,,,,,,,,,,,,,,,,,,,,,,,,,,,,,,,,,,,,,,,,,,,,,,,,,,,,,,,,,,,,,,,,,,,,,,,,,,,,,,,,,,,,,,,,,,,
C02_RD14-0003-43d2-15-0.25IP-Q1.0_003.20sec.fsa,TH01,G,OL,154.73,6,3,156.46,5,OL,158.27,3,OL,162.24,9,6,168.75,10,7,172.63,51,8,176.66,2355,8.3,179.69,34,9.3,183.86,2655,OL,191.19,6,OL,191.74,6,,,,,,,,,,,,,,,,,,,,,,,,,,,,,,,,,,,,,,,,,,,,,,,,,,,,,,,,,,,,,,,,,,,,,,,,,,,,,,,,,,,,,,,,,,,,,,,,,,,,,,,,,,,,,,,,,,,,,,,,,,,,,,,,,,,,,,,,,,,,,,,,,,,,,,,,,,,,,,,,,,,,,,,,,,,,,,,,,,,,,,,,,,,,,,,,,,,,,,,,,,,,,,,,,,,,,,,,,,,,,,,,,,,,,,,,,,,,,,,,,,,,,,,,,,,,,,,,,,,,,,,,,,,
C02_RD14-0003-43d2-15-0.25IP-Q1.0_003.20sec.fsa,D13S317,G,OL,203.32,3,OL,212.91,4,9,219.13,7,10,223.14,59,11,227.24,1360,12,231.27,1995,13,235.39,7,OL,240.41,7,,,,,,,,,,,,,,,,,,,,,,,,,,,,,,,,,,,,,,,,,,,,,,,,,,,,,,,,,,,,,,,,,,,,,,,,,,,,,,,,,,,,,,,,,,,,,,,,,,,,,,,,,,,,,,,,,,,,,,,,,,,,,,,,,,,,,,,,,,,,,,,,,,,,,,,,,,,,,,,,,,,,,,,,,,,,,,,,,,,,,,,,,,,,,,,,,,,,,,,,,,,,,,,,,,,,,,,,,,,,,,,,,,,,,,,,,,,,,,,,,,,,,,,,,,,,,,,,,,,,,,,,,,,,,,,,,,,,
C02_RD14-0003-43d2-15-0.25IP-Q1.0_003.20sec.fsa,D16S539,G,OL,257.37,4,OL,264.99,8,9,267.21,115,10,271.19,3074,OL,280.64,5,OL,285.1,5,OL,286.06,3,,,,,,,,,,,,,,,,,,,,,,,,,,,,,,,,,,,,,,,,,,,,,,,,,,,,,,,,,,,,,,,,,,,,,,,,,,,,,,,,,,,,,,,,,,,,,,,,,,,,,,,,,,,,,,,,,,,,,,,,,,,,,,,,,,,,,,,,,,,,,,,,,,,,,,,,,,,,,,,,,,,,,,,,,,,,,,,,,,,,,,,,,,,,,,,,,,,,,,,,,,,,,,,,,,,,,,,,,,,,,,,,,,,,,,,,,,,,,,,,,,,,,,,,,,,,,,,,,,,,,,,,,,,,,,,,,,,,,,,
C02_RD14-0003-43d2-15-0.25IP-Q1.0_003.20sec.fsa,D2S1338,G,17,312.78,9,18,316.82,108,19,321,1526,20,325.06,15,21,329.11,122,22,333.14,1201,OL,339.02,4,24,341.5,4,25,345.42,4,OL,350.02,4,OL,355.63,3,28,357.4,4,OL,365.42,5,,,,,,,,,,,,,,,,,,,,,,,,,,,,,,,,,,,,,,,,,,,,,,,,,,,,,,,,,,,,,,,,,,,,,,,,,,,,,,,,,,,,,,,,,,,,,,,,,,,,,,,,,,,,,,,,,,,,,,,,,,,,,,,,,,,,,,,,,,,,,,,,,,,,,,,,,,,,,,,,,,,,,,,,,,,,,,,,,,,,,,,,,,,,,,,,,,,,,,,,,,,,,,,,,,,,,,,,,,,,,,,,,,,,,,,,,,,,,,,,,,,,,,,,,,,,,,,,,,,,,
C02_RD14-0003-43d2-15-0.25IP-Q1.0_003.20sec.fsa,D19S433,Y,9,99.85,9,OL,103.2,3,11.2,110.24,18,12.2,114.22,96,13,116.2,98,13.2,118.17,1364,14,120.15,1643,OL,125.54,5,OL,127.55,6,18.2,137.79,6,OL,139.92,9,,,,,,,,,,,,,,,,,,,,,,,,,,,,,,,,,,,,,,,,,,,,,,,,,,,,,,,,,,,,,,,,,,,,,,,,,,,,,,,,,,,,,,,,,,,,,,,,,,,,,,,,,,,,,,,,,,,,,,,,,,,,,,,,,,,,,,,,,,,,,,,,,,,,,,,,,,,,,,,,,,,,,,,,,,,,,,,,,,,,,,,,,,,,,,,,,,,,,,,,,,,,,,,,,,,,,,,,,,,,,,,,,,,,,,,,,,,,,,,,,,,,,,,,,,,,,,,,,,,,,,,,,,,
C02_RD14-0003-43d2-15-0.25IP-Q1.0_003.20sec.fsa,vWA,Y,OL,152.85,12,OL,154.18,6,12,155.75,50,13,159.92,1798,15,167.98,11,16,172.24,97,17,176.27,1175,OL,194.97,9,OL,198.27,6,OL,200,10,23,200.77,9,OL,208.42,6,,,,,,,,,,,,,,,,,,,,,,,,,,,,,,,,,,,,,,,,,,,,,,,,,,,,,,,,,,,,,,,,,,,,,,,,,,,,,,,,,,,,,,,,,,,,,,,,,,,,,,,,,,,,,,,,,,,,,,,,,,,,,,,,,,,,,,,,,,,,,,,,,,,,,,,,,,,,,,,,,,,,,,,,,,,,,,,,,,,,,,,,,,,,,,,,,,,,,,,,,,,,,,,,,,,,,,,,,,,,,,,,,,,,,,,,,,,,,,,,,,,,,,,,,,,,,,,,,,,,,,,,
C02_RD14-0003-43d2-15-0.25IP-Q1.0_003.20sec.fsa,TPOX,Y,OL,214,11,OL,215.81,6,OL,219.84,9,7,224.64,46,8,228.74,1545,9,232.54,7,10,236.66,40,11,240.81,941,,,,,,,,,,,,,,,,,,,,,,,,,,,,,,,,,,,,,,,,,,,,,,,,,,,,,,,,,,,,,,,,,,,,,,,,,,,,,,,,,,,,,,,,,,,,,,,,,,,,,,,,,,,,,,,,,,,,,,,,,,,,,,,,,,,,,,,,,,,,,,,,,,,,,,,,,,,,,,,,,,,,,,,,,,,,,,,,,,,,,,,,,,,,,,,,,,,,,,,,,,,,,,,,,,,,,,,,,,,,,,,,,,,,,,,,,,,,,,,,,,,,,,,,,,,,,,,,,,,,,,,,,,,,,,,,,,,,
C02_RD14-0003-43d2-15-0.25IP-Q1.0_003.20sec.fsa,D18S51,Y,OL,269.99,12,10,272.55,11,OL,275.99,9,OL,280.08,15,OL,287.81,6,OL,290.6,6,16,297.13,12,17,301.09,101,18,305.01,1081,19,309.06,1444,21.2,319.83,12,22.2,323.57,4,OL,332.15,6,26,337.72,9,OL,343.84,4,OL,346.51,7,,,,,,,,,,,,,,,,,,,,,,,,,,,,,,,,,,,,,,,,,,,,,,,,,,,,,,,,,,,,,,,,,,,,,,,,,,,,,,,,,,,,,,,,,,,,,,,,,,,,,,,,,,,,,,,,,,,,,,,,,,,,,,,,,,,,,,,,,,,,,,,,,,,,,,,,,,,,,,,,,,,,,,,,,,,,,,,,,,,,,,,,,,,,,,,,,,,,,,,,,,,,,,,,,,,,,,,,,,,,,,,,,,,,,,,,,,,,,,,,,,,,,,,,,,,,
C02_RD14-0003-43d2-15-0.25IP-Q1.0_003.20sec.fsa,AMEL,R,X,104.94,1150,Y,110.84,1793,,,,,,,,,,,,,,,,,,,,,,,,,,,,,,,,,,,,,,,,,,,,,,,,,,,,,,,,,,,,,,,,,,,,,,,,,,,,,,,,,,,,,,,,,,,,,,,,,,,,,,,,,,,,,,,,,,,,,,,,,,,,,,,,,,,,,,,,,,,,,,,,,,,,,,,,,,,,,,,,,,,,,,,,,,,,,,,,,,,,,,,,,,,,,,,,,,,,,,,,,,,,,,,,,,,,,,,,,,,,,,,,,,,,,,,,,,,,,,,,,,,,,,,,,,,,,,,,,,,,,,,,,,,,,,,,,,,,,,,,,,,,,,,,,,,,,,
C02_RD14-0003-43d2-15-0.25IP-Q1.0_003.20sec.fsa,D5S818,R,OL,127.03,7,OL,130.76,7,OL,138.78,9,9,141.09,12,10,144.74,84,OL,146.99,5,11,148.86,1663,12,152.93,1382,13,157.01,11,15,165.5,10,17,173.63,7,OL,176.74,31,OL,177.98,11,,,,,,,,,,,,,,,,,,,,,,,,,,,,,,,,,,,,,,,,,,,,,,,,,,,,,,,,,,,,,,,,,,,,,,,,,,,,,,,,,,,,,,,,,,,,,,,,,,,,,,,,,,,,,,,,,,,,,,,,,,,,,,,,,,,,,,,,,,,,,,,,,,,,,,,,,,,,,,,,,,,,,,,,,,,,,,,,,,,,,,,,,,,,,,,,,,,,,,,,,,,,,,,,,,,,,,,,,,,,,,,,,,,,,,,,,,,,,,,,,,,,,,,,,,,,,,,,,,,,,
C02_RD14-0003-43d2-15-0.25IP-Q1.0_003.20sec.fsa,FGA,R,OL,204.48,5,OL,205.87,7,OL,211.29,7,17,212.45,10,OL,213.3,13,OL,216.13,7,OL,222.36,9,20,224.95,54,21,229.06,1000,21.2,231.35,23,OL,236.58,6,OL,238.01,5,OL,250.23,3,27,253.58,45,28,257.61,608,31.2,271.27,61,OL,278.47,6,33.2,279.28,7,OL,285.02,5,OL,285.9,6,OL,297.37,7,OL,301.4,6,OL,302.88,4,OL,307.71,9,OL,314.85,9,OL,317.42,10,OL,321,36,OL,333.14,27,OL,338.37,6,OL,342,5,OL,343.5,6,OL,348.1,5,,,,,,,,,,,,,,,,,,,,,,,,,,,,,,,,,,,,,,,,,,,,,,,,,,,,,,,,,,,,,,,,,,,,,,,,,,,,,,,,,,,,,,,,,,,,,,,,,,,,,,,,,,,,,,,,,,,,,,,,,,,,,,,,,,,,,,,,,,,,,,,,,,,,,,,,,,,,,,,,,,,,,,,,,,,,,,,,,,,,,,,,,,,,,,,,,,,,,,,,,,,,
C04_RD14-0003-43d1-45-0.5IP-Q1.3_003.20sec.fsa,D8S1179,B,OL,122.32,50,OL,124.12,12,10,129.58,119,11,133.72,2051,12,137.9,148,13,141.98,2465,14,146.11,10,OL,155.72,3,OL,162.07,2,OL,169.65,4,OL,176.71,27,,,,,,,,,,,,,,,,,,,,,,,,,,,,,,,,,,,,,,,,,,,,,,,,,,,,,,,,,,,,,,,,,,,,,,,,,,,,,,,,,,,,,,,,,,,,,,,,,,,,,,,,,,,,,,,,,,,,,,,,,,,,,,,,,,,,,,,,,,,,,,,,,,,,,,,,,,,,,,,,,,,,,,,,,,,,,,,,,,,,,,,,,,,,,,,,,,,,,,,,,,,,,,,,,,,,,,,,,,,,,,,,,,,,,,,,,,,,,,,,,,,,,,,,,,,,,,,,,,,,,,,,,,,
C04_RD14-0003-43d1-45-0.5IP-Q1.3_003.20sec.fsa,D21S11,B,OL,181.22,2,OL,183.92,24,OL,187.34,3,25.2,188.57,4,26,190.53,56,27,194.61,1392,28,198.61,97,29,202.64,1456,OL,213.76,4,33,218.5,2,35,227.25,26,36,231.21,21,OL,239.58,4,,,,,,,,,,,,,,,,,,,,,,,,,,,,,,,,,,,,,,,,,,,,,,,,,,,,,,,,,,,,,,,,,,,,,,,,,,,,,,,,,,,,,,,,,,,,,,,,,,,,,,,,,,,,,,,,,,,,,,,,,,,,,,,,,,,,,,,,,,,,,,,,,,,,,,,,,,,,,,,,,,,,,,,,,,,,,,,,,,,,,,,,,,,,,,,,,,,,,,,,,,,,,,,,,,,,,,,,,,,,,,,,,,,,,,,,,,,,,,,,,,,,,,,,,,,,,,,,,,,,,
C04_RD14-0003-43d1-45-0.5IP-Q1.3_003.20sec.fsa,D7S820,B,OL,253.45,3,7,258.12,23,8,262.08,846,9,266.09,1261,OL,271.21,37,OL,281.43,3,OL,282.87,4,14,285.9,3,OL,288.01,3,,,,,,,,,,,,,,,,,,,,,,,,,,,,,,,,,,,,,,,,,,,,,,,,,,,,,,,,,,,,,,,,,,,,,,,,,,,,,,,,,,,,,,,,,,,,,,,,,,,,,,,,,,,,,,,,,,,,,,,,,,,,,,,,,,,,,,,,,,,,,,,,,,,,,,,,,,,,,,,,,,,,,,,,,,,,,,,,,,,,,,,,,,,,,,,,,,,,,,,,,,,,,,,,,,,,,,,,,,,,,,,,,,,,,,,,,,,,,,,,,,,,,,,,,,,,,,,,,,,,,,,,,,,,,,,,,
C04_RD14-0003-43d1-45-0.5IP-Q1.3_003.20sec.fsa,CSF1PO,B,9,314.54,61,10,318.72,1621,10.2,321.06,30,11,322.82,33,12,326.87,460,13,330.63,3,OL,333.07,23,OL,340.09,5,OL,341.5,3,,,,,,,,,,,,,,,,,,,,,,,,,,,,,,,,,,,,,,,,,,,,,,,,,,,,,,,,,,,,,,,,,,,,,,,,,,,,,,,,,,,,,,,,,,,,,,,,,,,,,,,,,,,,,,,,,,,,,,,,,,,,,,,,,,,,,,,,,,,,,,,,,,,,,,,,,,,,,,,,,,,,,,,,,,,,,,,,,,,,,,,,,,,,,,,,,,,,,,,,,,,,,,,,,,,,,,,,,,,,,,,,,,,,,,,,,,,,,,,,,,,,,,,,,,,,,,,,,,,,,,,,,,,,,,,,,
C04_RD14-0003-43d1-45-0.5IP-Q1.3_003.20sec.fsa,D3S1358,G,OL,99.39,2,OL,108.51,4,OL,109.74,7,12,110.73,11,13,114.22,25,OL,116.45,8,14,118.3,373,15,122.32,6022,16,126.16,26,OL,131.18,4,OL,131.87,5,OL,143.09,7,,,,,,,,,,,,,,,,,,,,,,,,,,,,,,,,,,,,,,,,,,,,,,,,,,,,,,,,,,,,,,,,,,,,,,,,,,,,,,,,,,,,,,,,,,,,,,,,,,,,,,,,,,,,,,,,,,,,,,,,,,,,,,,,,,,,,,,,,,,,,,,,,,,,,,,,,,,,,,,,,,,,,,,,,,,,,,,,,,,,,,,,,,,,,,,,,,,,,,,,,,,,,,,,,,,,,,,,,,,,,,,,,,,,,,,,,,,,,,,,,,,,,,,,,,,,,,,,,,,,,,,,
C04_RD14-0003-43d1-45-0.5IP-Q1.3_003.20sec.fsa,TH01,G,OL,162.07,8,OL,162.63,8,5,164.38,5,6,168.54,14,7,172.54,109,8,176.63,3223,8.3,179.76,33,9.3,183.83,3386,OL,190.53,5,OL,191.34,4,OL,199.59,6,,,,,,,,,,,,,,,,,,,,,,,,,,,,,,,,,,,,,,,,,,,,,,,,,,,,,,,,,,,,,,,,,,,,,,,,,,,,,,,,,,,,,,,,,,,,,,,,,,,,,,,,,,,,,,,,,,,,,,,,,,,,,,,,,,,,,,,,,,,,,,,,,,,,,,,,,,,,,,,,,,,,,,,,,,,,,,,,,,,,,,,,,,,,,,,,,,,,,,,,,,,,,,,,,,,,,,,,,,,,,,,,,,,,,,,,,,,,,,,,,,,,,,,,,,,,,,,,,,,,,,,,,,,
C04_RD14-0003-43d1-45-0.5IP-Q1.3_003.20sec.fsa,D13S317,G,OL,204.24,5,OL,214.5,9,9,218.91,5,10,223.21,77,11,227.25,1879,12,231.3,1663,OL,237.26,5,14,239.34,5,OL,240.34,9,OL,242.47,6,OL,245.26,5,,,,,,,,,,,,,,,,,,,,,,,,,,,,,,,,,,,,,,,,,,,,,,,,,,,,,,,,,,,,,,,,,,,,,,,,,,,,,,,,,,,,,,,,,,,,,,,,,,,,,,,,,,,,,,,,,,,,,,,,,,,,,,,,,,,,,,,,,,,,,,,,,,,,,,,,,,,,,,,,,,,,,,,,,,,,,,,,,,,,,,,,,,,,,,,,,,,,,,,,,,,,,,,,,,,,,,,,,,,,,,,,,,,,,,,,,,,,,,,,,,,,,,,,,,,,,,,,,,,,,,,,,,,
C04_RD14-0003-43d1-45-0.5IP-Q1.3_003.20sec.fsa,D16S539,G,OL,257.79,10,OL,259.02,8,OL,260.58,8,9,267.27,122,10,271.21,2846,OL,280.59,5,,,,,,,,,,,,,,,,,,,,,,,,,,,,,,,,,,,,,,,,,,,,,,,,,,,,,,,,,,,,,,,,,,,,,,,,,,,,,,,,,,,,,,,,,,,,,,,,,,,,,,,,,,,,,,,,,,,,,,,,,,,,,,,,,,,,,,,,,,,,,,,,,,,,,,,,,,,,,,,,,,,,,,,,,,,,,,,,,,,,,,,,,,,,,,,,,,,,,,,,,,,,,,,,,,,,,,,,,,,,,,,,,,,,,,,,,,,,,,,,,,,,,,,,,,,,,,,,,,,,,,,,,,,,,,,,,,,,,,,,,,
C04_RD14-0003-43d1-45-0.5IP-Q1.3_003.20sec.fsa,D2S1338,G,15,304.72,7,OL,306.4,6,OL,308.18,7,17,312.88,10,18,316.9,107,19,321.06,1816,20,324.94,13,21,329.14,193,22,333.16,1538,OL,339.48,12,OL,347.6,5,OL,352.11,4,OL,354.15,5,,,,,,,,,,,,,,,,,,,,,,,,,,,,,,,,,,,,,,,,,,,,,,,,,,,,,,,,,,,,,,,,,,,,,,,,,,,,,,,,,,,,,,,,,,,,,,,,,,,,,,,,,,,,,,,,,,,,,,,,,,,,,,,,,,,,,,,,,,,,,,,,,,,,,,,,,,,,,,,,,,,,,,,,,,,,,,,,,,,,,,,,,,,,,,,,,,,,,,,,,,,,,,,,,,,,,,,,,,,,,,,,,,,,,,,,,,,,,,,,,,,,,,,,,,,,,,,,,,,,,
C04_RD14-0003-43d1-45-0.5IP-Q1.3_003.20sec.fsa,D19S433,Y,11.2,110.42,18,12,112.25,21,12.2,114.22,162,13,116.15,234,13.2,118.15,2330,14,120.07,2947,15,124.2,13,OL,130.65,6,17,131.64,5,17.2,133.79,19,,,,,,,,,,,,,,,,,,,,,,,,,,,,,,,,,,,,,,,,,,,,,,,,,,,,,,,,,,,,,,,,,,,,,,,,,,,,,,,,,,,,,,,,,,,,,,,,,,,,,,,,,,,,,,,,,,,,,,,,,,,,,,,,,,,,,,,,,,,,,,,,,,,,,,,,,,,,,,,,,,,,,,,,,,,,,,,,,,,,,,,,,,,,,,,,,,,,,,,,,,,,,,,,,,,,,,,,,,,,,,,,,,,,,,,,,,,,,,,,,,,,,,,,,,,,,,,,,,,,,,,,,,,,,,
C04_RD14-0003-43d1-45-0.5IP-Q1.3_003.20sec.fsa,vWA,Y,OL,150.58,10,OL,152.67,17,12,155.8,75,13,159.92,2277,OL,165.98,9,16,172.22,167,OL,174.14,7,17,176.3,1973,OL,186.85,9,OL,190.04,8,OL,200,13,,,,,,,,,,,,,,,,,,,,,,,,,,,,,,,,,,,,,,,,,,,,,,,,,,,,,,,,,,,,,,,,,,,,,,,,,,,,,,,,,,,,,,,,,,,,,,,,,,,,,,,,,,,,,,,,,,,,,,,,,,,,,,,,,,,,,,,,,,,,,,,,,,,,,,,,,,,,,,,,,,,,,,,,,,,,,,,,,,,,,,,,,,,,,,,,,,,,,,,,,,,,,,,,,,,,,,,,,,,,,,,,,,,,,,,,,,,,,,,,,,,,,,,,,,,,,,,,,,,,,,,,,,,
C04_RD14-0003-43d1-45-0.5IP-Q1.3_003.20sec.fsa,TPOX,Y,OL,213.19,8,7,224.53,34,8,228.65,1252,10,236.6,52,11,240.77,1243,OL,249.83,10,OL,254.68,6,,,,,,,,,,,,,,,,,,,,,,,,,,,,,,,,,,,,,,,,,,,,,,,,,,,,,,,,,,,,,,,,,,,,,,,,,,,,,,,,,,,,,,,,,,,,,,,,,,,,,,,,,,,,,,,,,,,,,,,,,,,,,,,,,,,,,,,,,,,,,,,,,,,,,,,,,,,,,,,,,,,,,,,,,,,,,,,,,,,,,,,,,,,,,,,,,,,,,,,,,,,,,,,,,,,,,,,,,,,,,,,,,,,,,,,,,,,,,,,,,,,,,,,,,,,,,,,,,,,,,,,,,,,,,,,,,,,,,,,
C04_RD14-0003-43d1-45-0.5IP-Q1.3_003.20sec.fsa,D18S51,Y,OL,270.04,8,OL,289.7,4,17,301.15,101,18,305.06,910,19,309.02,1071,OL,314.09,10,21.2,319.73,19,24,329.93,7,OL,336.28,15,OL,339.83,15,,,,,,,,,,,,,,,,,,,,,,,,,,,,,,,,,,,,,,,,,,,,,,,,,,,,,,,,,,,,,,,,,,,,,,,,,,,,,,,,,,,,,,,,,,,,,,,,,,,,,,,,,,,,,,,,,,,,,,,,,,,,,,,,,,,,,,,,,,,,,,,,,,,,,,,,,,,,,,,,,,,,,,,,,,,,,,,,,,,,,,,,,,,,,,,,,,,,,,,,,,,,,,,,,,,,,,,,,,,,,,,,,,,,,,,,,,,,,,,,,,,,,,,,,,,,,,,,,,,,,,,,,,,,,,
C04_RD14-0003-43d1-45-0.5IP-Q1.3_003.20sec.fsa,AMEL,R,X,104.92,2458,Y,110.8,1959,,,,,,,,,,,,,,,,,,,,,,,,,,,,,,,,,,,,,,,,,,,,,,,,,,,,,,,,,,,,,,,,,,,,,,,,,,,,,,,,,,,,,,,,,,,,,,,,,,,,,,,,,,,,,,,,,,,,,,,,,,,,,,,,,,,,,,,,,,,,,,,,,,,,,,,,,,,,,,,,,,,,,,,,,,,,,,,,,,,,,,,,,,,,,,,,,,,,,,,,,,,,,,,,,,,,,,,,,,,,,,,,,,,,,,,,,,,,,,,,,,,,,,,,,,,,,,,,,,,,,,,,,,,,,,,,,,,,,,,,,,,,,,,,,,,,,,
C04_RD14-0003-43d1-45-0.5IP-Q1.3_003.20sec.fsa,D5S818,R,OL,134.18,7,OL,139.22,10,9,140.87,15,OL,143.25,10,10,144.76,100,11,148.82,1896,12,152.91,1477,13,156.93,14,15,165.74,8,OL,166.3,7,,,,,,,,,,,,,,,,,,,,,,,,,,,,,,,,,,,,,,,,,,,,,,,,,,,,,,,,,,,,,,,,,,,,,,,,,,,,,,,,,,,,,,,,,,,,,,,,,,,,,,,,,,,,,,,,,,,,,,,,,,,,,,,,,,,,,,,,,,,,,,,,,,,,,,,,,,,,,,,,,,,,,,,,,,,,,,,,,,,,,,,,,,,,,,,,,,,,,,,,,,,,,,,,,,,,,,,,,,,,,,,,,,,,,,,,,,,,,,,,,,,,,,,,,,,,,,,,,,,,,,,,,,,,,,
C04_RD14-0003-43d1-45-0.5IP-Q1.3_003.20sec.fsa,FGA,R,20,225.02,68,21,229.15,1229,OL,234.19,6,22.2,235.19,8,23.2,238.92,7,OL,243.99,7,OL,246.7,8,27,253.62,71,28,257.55,1160,OL,266.51,8,OL,268.36,6,31,269.87,5,32,273.24,6,OL,280.59,9,OL,281.69,9,OL,282.45,7,34.2,283.96,10,OL,293.5,9,OL,321.24,34,OL,333.42,29,OL,339.05,8,,,,,,,,,,,,,,,,,,,,,,,,,,,,,,,,,,,,,,,,,,,,,,,,,,,,,,,,,,,,,,,,,,,,,,,,,,,,,,,,,,,,,,,,,,,,,,,,,,,,,,,,,,,,,,,,,,,,,,,,,,,,,,,,,,,,,,,,,,,,,,,,,,,,,,,,,,,,,,,,,,,,,,,,,,,,,,,,,,,,,,,,,,,,,,,,,,,,,,,,,,,,,,,,,,,,,,,,,,,,,,,,,,,,,,,,,,,,,
C06_RD14-0003-44d3a-0.0156IP-Q0.9_003.20sec.fsa,D8S1179,B,7,117.88,3,OL,124.17,27,OL,135.74,13,OL,139.19,17,14,146.22,62,15,150.33,61,OL,152.47,3,OL,159.67,7,18,162.44,2,,,,,,,,,,,,,,,,,,,,,,,,,,,,,,,,,,,,,,,,,,,,,,,,,,,,,,,,,,,,,,,,,,,,,,,,,,,,,,,,,,,,,,,,,,,,,,,,,,,,,,,,,,,,,,,,,,,,,,,,,,,,,,,,,,,,,,,,,,,,,,,,,,,,,,,,,,,,,,,,,,,,,,,,,,,,,,,,,,,,,,,,,,,,,,,,,,,,,,,,,,,,,,,,,,,,,,,,,,,,,,,,,,,,,,,,,,,,,,,,,,,,,,,,,,,,,,,,,,,,,,,,,,,,,,,,,
C06_RD14-0003-44d3a-0.0156IP-Q0.9_003.20sec.fsa,D21S11,B,24,182.09,15,OL,183.67,5,OL,191.93,9,27.2,197.17,5,28,198.84,56,OL,205.67,4,31,210.8,16,32,214.84,159,33,218.81,5,OL,227.74,4,36.2,232.74,5,OL,241.98,4,,,,,,,,,,,,,,,,,,,,,,,,,,,,,,,,,,,,,,,,,,,,,,,,,,,,,,,,,,,,,,,,,,,,,,,,,,,,,,,,,,,,,,,,,,,,,,,,,,,,,,,,,,,,,,,,,,,,,,,,,,,,,,,,,,,,,,,,,,,,,,,,,,,,,,,,,,,,,,,,,,,,,,,,,,,,,,,,,,,,,,,,,,,,,,,,,,,,,,,,,,,,,,,,,,,,,,,,,,,,,,,,,,,,,,,,,,,,,,,,,,,,,,,,,,,,,,,,,,,,,,,,
C06_RD14-0003-44d3a-0.0156IP-Q0.9_003.20sec.fsa,D7S820,B,7,258.37,5,8,262.16,121,10,270.1,50,11,274.03,3,16,294.59,3,,,,,,,,,,,,,,,,,,,,,,,,,,,,,,,,,,,,,,,,,,,,,,,,,,,,,,,,,,,,,,,,,,,,,,,,,,,,,,,,,,,,,,,,,,,,,,,,,,,,,,,,,,,,,,,,,,,,,,,,,,,,,,,,,,,,,,,,,,,,,,,,,,,,,,,,,,,,,,,,,,,,,,,,,,,,,,,,,,,,,,,,,,,,,,,,,,,,,,,,,,,,,,,,,,,,,,,,,,,,,,,,,,,,,,,,,,,,,,,,,,,,,,,,,,,,,,,,,,,,,,,,,,,,,,,,,,,,,,,,,,,,,
C06_RD14-0003-44d3a-0.0156IP-Q0.9_003.20sec.fsa,CSF1PO,B,OL,300,6,OL,305,4,OL,313.74,6,OL,316.05,4,OL,317.39,3,OL,321.31,4,OL,328.4,4,OL,330.12,8,OL,333.97,6,14,335.25,3,OL,339.83,6,,,,,,,,,,,,,,,,,,,,,,,,,,,,,,,,,,,,,,,,,,,,,,,,,,,,,,,,,,,,,,,,,,,,,,,,,,,,,,,,,,,,,,,,,,,,,,,,,,,,,,,,,,,,,,,,,,,,,,,,,,,,,,,,,,,,,,,,,,,,,,,,,,,,,,,,,,,,,,,,,,,,,,,,,,,,,,,,,,,,,,,,,,,,,,,,,,,,,,,,,,,,,,,,,,,,,,,,,,,,,,,,,,,,,,,,,,,,,,,,,,,,,,,,,,,,,,,,,,,,,,,,,,,
C06_RD14-0003-44d3a-0.0156IP-Q0.9_003.20sec.fsa,D3S1358,G,OL,98.27,6,OL,104.22,8,OL,112.35,12,15,122.39,59,16,126.43,228,16.2,128.23,4,OL,129.09,12,18.2,136.86,29,19,138.63,10,,,,,,,,,,,,,,,,,,,,,,,,,,,,,,,,,,,,,,,,,,,,,,,,,,,,,,,,,,,,,,,,,,,,,,,,,,,,,,,,,,,,,,,,,,,,,,,,,,,,,,,,,,,,,,,,,,,,,,,,,,,,,,,,,,,,,,,,,,,,,,,,,,,,,,,,,,,,,,,,,,,,,,,,,,,,,,,,,,,,,,,,,,,,,,,,,,,,,,,,,,,,,,,,,,,,,,,,,,,,,,,,,,,,,,,,,,,,,,,,,,,,,,,,,,,,,,,,,,,,,,,,,,,,,,,,,
C06_RD14-0003-44d3a-0.0156IP-Q0.9_003.20sec.fsa,TH01,G,OL,159.17,6,5,164.48,10,5.3,167.74,4,6.3,171.74,21,OL,181.84,18,9.3,184.01,31,10,185.34,9,OL,189.84,5,OL,191.51,7,OL,198.42,3,,,,,,,,,,,,,,,,,,,,,,,,,,,,,,,,,,,,,,,,,,,,,,,,,,,,,,,,,,,,,,,,,,,,,,,,,,,,,,,,,,,,,,,,,,,,,,,,,,,,,,,,,,,,,,,,,,,,,,,,,,,,,,,,,,,,,,,,,,,,,,,,,,,,,,,,,,,,,,,,,,,,,,,,,,,,,,,,,,,,,,,,,,,,,,,,,,,,,,,,,,,,,,,,,,,,,,,,,,,,,,,,,,,,,,,,,,,,,,,,,,,,,,,,,,,,,,,,,,,,,,,,,,,,,,
C06_RD14-0003-44d3a-0.0156IP-Q0.9_003.20sec.fsa,D13S317,G,OL,208.68,7,OL,213.59,6,8,215.1,110,10,222.91,5,OL,228.9,7,OL,234.49,3,14,239.25,6,,,,,,,,,,,,,,,,,,,,,,,,,,,,,,,,,,,,,,,,,,,,,,,,,,,,,,,,,,,,,,,,,,,,,,,,,,,,,,,,,,,,,,,,,,,,,,,,,,,,,,,,,,,,,,,,,,,,,,,,,,,,,,,,,,,,,,,,,,,,,,,,,,,,,,,,,,,,,,,,,,,,,,,,,,,,,,,,,,,,,,,,,,,,,,,,,,,,,,,,,,,,,,,,,,,,,,,,,,,,,,,,,,,,,,,,,,,,,,,,,,,,,,,,,,,,,,,,,,,,,,,,,,,,,,,,,,,,,,,
C06_RD14-0003-44d3a-0.0156IP-Q0.9_003.20sec.fsa,D16S539,G,OL,258.53,8,OL,269.09,6,OL,269.85,4,10,271.27,41,11,275.21,42,OL,280.17,7,OL,282.67,7,OL,285.17,8,OL,286,4,,,,,,,,,,,,,,,,,,,,,,,,,,,,,,,,,,,,,,,,,,,,,,,,,,,,,,,,,,,,,,,,,,,,,,,,,,,,,,,,,,,,,,,,,,,,,,,,,,,,,,,,,,,,,,,,,,,,,,,,,,,,,,,,,,,,,,,,,,,,,,,,,,,,,,,,,,,,,,,,,,,,,,,,,,,,,,,,,,,,,,,,,,,,,,,,,,,,,,,,,,,,,,,,,,,,,,,,,,,,,,,,,,,,,,,,,,,,,,,,,,,,,,,,,,,,,,,,,,,,,,,,,,,,,,,,,
C06_RD14-0003-44d3a-0.0156IP-Q0.9_003.20sec.fsa,D2S1338,G,OL,307.16,6,OL,315.16,15,19,321.05,70,OL,323.13,5,OL,326.33,4,OL,331.83,6,22,333.63,6,OL,352.33,6,OL,358.19,5,OL,362.47,6,,,,,,,,,,,,,,,,,,,,,,,,,,,,,,,,,,,,,,,,,,,,,,,,,,,,,,,,,,,,,,,,,,,,,,,,,,,,,,,,,,,,,,,,,,,,,,,,,,,,,,,,,,,,,,,,,,,,,,,,,,,,,,,,,,,,,,,,,,,,,,,,,,,,,,,,,,,,,,,,,,,,,,,,,,,,,,,,,,,,,,,,,,,,,,,,,,,,,,,,,,,,,,,,,,,,,,,,,,,,,,,,,,,,,,,,,,,,,,,,,,,,,,,,,,,,,,,,,,,,,,,,,,,,,,
C06_RD14-0003-44d3a-0.0156IP-Q0.9_003.20sec.fsa,D19S433,Y,OL,97.57,12,9,100.08,14,13,116.36,110,OL,121.69,8,15,124.17,26,OL,133.51,15,OL,135.26,16,18,136.54,7,18.2,138.15,7,OL,139.44,8,OL,141.31,7,,,,,,,,,,,,,,,,,,,,,,,,,,,,,,,,,,,,,,,,,,,,,,,,,,,,,,,,,,,,,,,,,,,,,,,,,,,,,,,,,,,,,,,,,,,,,,,,,,,,,,,,,,,,,,,,,,,,,,,,,,,,,,,,,,,,,,,,,,,,,,,,,,,,,,,,,,,,,,,,,,,,,,,,,,,,,,,,,,,,,,,,,,,,,,,,,,,,,,,,,,,,,,,,,,,,,,,,,,,,,,,,,,,,,,,,,,,,,,,,,,,,,,,,,,,,,,,,,,,,,,,,,,,
C06_RD14-0003-44d3a-0.0156IP-Q0.9_003.20sec.fsa,vWA,Y,OL,148.35,10,OL,150,17,16,172.07,6,OL,181.59,10,19,184.42,39,20,188.59,170,,,,,,,,,,,,,,,,,,,,,,,,,,,,,,,,,,,,,,,,,,,,,,,,,,,,,,,,,,,,,,,,,,,,,,,,,,,,,,,,,,,,,,,,,,,,,,,,,,,,,,,,,,,,,,,,,,,,,,,,,,,,,,,,,,,,,,,,,,,,,,,,,,,,,,,,,,,,,,,,,,,,,,,,,,,,,,,,,,,,,,,,,,,,,,,,,,,,,,,,,,,,,,,,,,,,,,,,,,,,,,,,,,,,,,,,,,,,,,,,,,,,,,,,,,,,,,,,,,,,,,,,,,,,,,,,,,,,,,,,,,
C06_RD14-0003-44d3a-0.0156IP-Q0.9_003.20sec.fsa,TPOX,Y,OL,226.32,5,11,240.86,49,,,,,,,,,,,,,,,,,,,,,,,,,,,,,,,,,,,,,,,,,,,,,,,,,,,,,,,,,,,,,,,,,,,,,,,,,,,,,,,,,,,,,,,,,,,,,,,,,,,,,,,,,,,,,,,,,,,,,,,,,,,,,,,,,,,,,,,,,,,,,,,,,,,,,,,,,,,,,,,,,,,,,,,,,,,,,,,,,,,,,,,,,,,,,,,,,,,,,,,,,,,,,,,,,,,,,,,,,,,,,,,,,,,,,,,,,,,,,,,,,,,,,,,,,,,,,,,,,,,,,,,,,,,,,,,,,,,,,,,,,,,,,,,,,,,,,,
C06_RD14-0003-44d3a-0.0156IP-Q0.9_003.20sec.fsa,D18S51,Y,OL,263.41,8,OL,273.61,6,OL,274.29,9,OL,278.49,5,OL,279.92,10,12,280.92,5,14,289.17,58,OL,299.83,13,22.2,323.82,6,OL,339.83,11,,,,,,,,,,,,,,,,,,,,,,,,,,,,,,,,,,,,,,,,,,,,,,,,,,,,,,,,,,,,,,,,,,,,,,,,,,,,,,,,,,,,,,,,,,,,,,,,,,,,,,,,,,,,,,,,,,,,,,,,,,,,,,,,,,,,,,,,,,,,,,,,,,,,,,,,,,,,,,,,,,,,,,,,,,,,,,,,,,,,,,,,,,,,,,,,,,,,,,,,,,,,,,,,,,,,,,,,,,,,,,,,,,,,,,,,,,,,,,,,,,,,,,,,,,,,,,,,,,,,,,,,,,,,,,
C06_RD14-0003-44d3a-0.0156IP-Q0.9_003.20sec.fsa,AMEL,R,X,105.02,144,OL,109.45,9,,,,,,,,,,,,,,,,,,,,,,,,,,,,,,,,,,,,,,,,,,,,,,,,,,,,,,,,,,,,,,,,,,,,,,,,,,,,,,,,,,,,,,,,,,,,,,,,,,,,,,,,,,,,,,,,,,,,,,,,,,,,,,,,,,,,,,,,,,,,,,,,,,,,,,,,,,,,,,,,,,,,,,,,,,,,,,,,,,,,,,,,,,,,,,,,,,,,,,,,,,,,,,,,,,,,,,,,,,,,,,,,,,,,,,,,,,,,,,,,,,,,,,,,,,,,,,,,,,,,,,,,,,,,,,,,,,,,,,,,,,,,,,,,,,,,,,
C06_RD14-0003-44d3a-0.0156IP-Q0.9_003.20sec.fsa,D5S818,R,OL,129.64,8,OL,135.03,10,OL,138.71,6,9,140.73,10,OL,141.96,8,OL,143.27,12,OL,145.89,9,11,148.93,53,12,153.05,93,OL,159.34,10,14,161.14,10,OL,161.87,8,15,165.62,7,OL,169.94,4,,,,,,,,,,,,,,,,,,,,,,,,,,,,,,,,,,,,,,,,,,,,,,,,,,,,,,,,,,,,,,,,,,,,,,,,,,,,,,,,,,,,,,,,,,,,,,,,,,,,,,,,,,,,,,,,,,,,,,,,,,,,,,,,,,,,,,,,,,,,,,,,,,,,,,,,,,,,,,,,,,,,,,,,,,,,,,,,,,,,,,,,,,,,,,,,,,,,,,,,,,,,,,,,,,,,,,,,,,,,,,,,,,,,,,,,,,,,,,,,,,,,,,,,,,,,,,,,,,
C06_RD14-0003-44d3a-0.0156IP-Q0.9_003.20sec.fsa,FGA,R,18,216.53,5,23,237.33,45,OL,256.33,8,29,261.66,9,OL,276.38,5,33.2,279.24,7,OL,288.26,6,OL,297,7,OL,303.11,7,OL,304.51,8,OL,305.25,9,OL,323.56,10,47.2,336.69,4,49.2,344.4,5,50.2,348.63,7,OL,349.4,3,OL,355.18,7,OL,357.59,8,,,,,,,,,,,,,,,,,,,,,,,,,,,,,,,,,,,,,,,,,,,,,,,,,,,,,,,,,,,,,,,,,,,,,,,,,,,,,,,,,,,,,,,,,,,,,,,,,,,,,,,,,,,,,,,,,,,,,,,,,,,,,,,,,,,,,,,,,,,,,,,,,,,,,,,,,,,,,,,,,,,,,,,,,,,,,,,,,,,,,,,,,,,,,,,,,,,,,,,,,,,,,,,,,,,,,,,,,,,,,,,,,,,,,,,,,,,,,,,,,,,,,,
C07_RD14-0003-44d3-15-0.0078IP-Q1.1_003.20sec.fsa,D8S1179,B,OL,120.08,3,OL,123.16,29,OL,130.32,5,13,141.99,7,14,146.22,69,OL,147.59,7,15,150.31,53,OL,155.15,4,OL,160.72,6,20,170.43,4,OL,175.85,3,,,,,,,,,,,,,,,,,,,,,,,,,,,,,,,,,,,,,,,,,,,,,,,,,,,,,,,,,,,,,,,,,,,,,,,,,,,,,,,,,,,,,,,,,,,,,,,,,,,,,,,,,,,,,,,,,,,,,,,,,,,,,,,,,,,,,,,,,,,,,,,,,,,,,,,,,,,,,,,,,,,,,,,,,,,,,,,,,,,,,,,,,,,,,,,,,,,,,,,,,,,,,,,,,,,,,,,,,,,,,,,,,,,,,,,,,,,,,,,,,,,,,,,,,,,,,,,,,,,,,,,,,,,
C07_RD14-0003-44d3-15-0.0078IP-Q1.1_003.20sec.fsa,D21S11,B,24.2,184.46,7,26,190.69,7,27,194.58,7,28,198.79,51,OL,209.68,4,OL,211.36,3,31.2,212.88,4,OL,219.59,6,38,239.35,5,OL,240.42,2,,,,,,,,,,,,,,,,,,,,,,,,,,,,,,,,,,,,,,,,,,,,,,,,,,,,,,,,,,,,,,,,,,,,,,,,,,,,,,,,,,,,,,,,,,,,,,,,,,,,,,,,,,,,,,,,,,,,,,,,,,,,,,,,,,,,,,,,,,,,,,,,,,,,,,,,,,,,,,,,,,,,,,,,,,,,,,,,,,,,,,,,,,,,,,,,,,,,,,,,,,,,,,,,,,,,,,,,,,,,,,,,,,,,,,,,,,,,,,,,,,,,,,,,,,,,,,,,,,,,,,,,,,,,,,
C07_RD14-0003-44d3-15-0.0078IP-Q1.1_003.20sec.fsa,D7S820,B,OL,248.44,5,6,254.49,6,OL,263.44,3,OL,264.99,5,OL,275.03,4,OL,280.82,5,OL,284.08,2,OL,288.41,7,OL,289.47,9,,,,,,,,,,,,,,,,,,,,,,,,,,,,,,,,,,,,,,,,,,,,,,,,,,,,,,,,,,,,,,,,,,,,,,,,,,,,,,,,,,,,,,,,,,,,,,,,,,,,,,,,,,,,,,,,,,,,,,,,,,,,,,,,,,,,,,,,,,,,,,,,,,,,,,,,,,,,,,,,,,,,,,,,,,,,,,,,,,,,,,,,,,,,,,,,,,,,,,,,,,,,,,,,,,,,,,,,,,,,,,,,,,,,,,,,,,,,,,,,,,,,,,,,,,,,,,,,,,,,,,,,,,,,,,,,,
C07_RD14-0003-44d3-15-0.0078IP-Q1.1_003.20sec.fsa,CSF1PO,B,OL,299.67,10,OL,304.47,3,OL,306.02,6,11,322.65,8,12,326.81,52,14,334.86,6,OL,344.09,4,,,,,,,,,,,,,,,,,,,,,,,,,,,,,,,,,,,,,,,,,,,,,,,,,,,,,,,,,,,,,,,,,,,,,,,,,,,,,,,,,,,,,,,,,,,,,,,,,,,,,,,,,,,,,,,,,,,,,,,,,,,,,,,,,,,,,,,,,,,,,,,,,,,,,,,,,,,,,,,,,,,,,,,,,,,,,,,,,,,,,,,,,,,,,,,,,,,,,,,,,,,,,,,,,,,,,,,,,,,,,,,,,,,,,,,,,,,,,,,,,,,,,,,,,,,,,,,,,,,,,,,,,,,,,,,,,,,,,,,
C07_RD14-0003-44d3-15-0.0078IP-Q1.1_003.20sec.fsa,D3S1358,G,OL,96.17,5,OL,100.78,7,12,110.08,4,OL,110.77,6,OL,115.8,18,15,122.41,74,OL,123.39,10,OL,131.7,7,18.2,136.34,7,OL,139.77,4,OL,140.4,8,,,,,,,,,,,,,,,,,,,,,,,,,,,,,,,,,,,,,,,,,,,,,,,,,,,,,,,,,,,,,,,,,,,,,,,,,,,,,,,,,,,,,,,,,,,,,,,,,,,,,,,,,,,,,,,,,,,,,,,,,,,,,,,,,,,,,,,,,,,,,,,,,,,,,,,,,,,,,,,,,,,,,,,,,,,,,,,,,,,,,,,,,,,,,,,,,,,,,,,,,,,,,,,,,,,,,,,,,,,,,,,,,,,,,,,,,,,,,,,,,,,,,,,,,,,,,,,,,,,,,,,,,,,
C07_RD14-0003-44d3-15-0.0078IP-Q1.1_003.20sec.fsa,TH01,G,OL,162.62,7,6,168.6,78,9,180.41,7,9.3,184.05,44,OL,185.59,9,OL,186.97,7,OL,192.48,7,13,196.68,6,13.3,200.63,6,,,,,,,,,,,,,,,,,,,,,,,,,,,,,,,,,,,,,,,,,,,,,,,,,,,,,,,,,,,,,,,,,,,,,,,,,,,,,,,,,,,,,,,,,,,,,,,,,,,,,,,,,,,,,,,,,,,,,,,,,,,,,,,,,,,,,,,,,,,,,,,,,,,,,,,,,,,,,,,,,,,,,,,,,,,,,,,,,,,,,,,,,,,,,,,,,,,,,,,,,,,,,,,,,,,,,,,,,,,,,,,,,,,,,,,,,,,,,,,,,,,,,,,,,,,,,,,,,,,,,,,,,,,,,,,,,
C07_RD14-0003-44d3-15-0.0078IP-Q1.1_003.20sec.fsa,D13S317,G,OL,207.45,5,OL,217.28,8,15,243.4,5,OL,246.71,4,,,,,,,,,,,,,,,,,,,,,,,,,,,,,,,,,,,,,,,,,,,,,,,,,,,,,,,,,,,,,,,,,,,,,,,,,,,,,,,,,,,,,,,,,,,,,,,,,,,,,,,,,,,,,,,,,,,,,,,,,,,,,,,,,,,,,,,,,,,,,,,,,,,,,,,,,,,,,,,,,,,,,,,,,,,,,,,,,,,,,,,,,,,,,,,,,,,,,,,,,,,,,,,,,,,,,,,,,,,,,,,,,,,,,,,,,,,,,,,,,,,,,,,,,,,,,,,,,,,,,,,,,,,,,,,,,,,,,,,,,,,,,,,,
C07_RD14-0003-44d3-15-0.0078IP-Q1.1_003.20sec.fsa,D16S539,G,OL,264.17,8,OL,265.24,9,10,270.91,8,11,275.36,81,OL,282.37,6,14,286.94,10,OL,290.12,8,15,290.94,7,,,,,,,,,,,,,,,,,,,,,,,,,,,,,,,,,,,,,,,,,,,,,,,,,,,,,,,,,,,,,,,,,,,,,,,,,,,,,,,,,,,,,,,,,,,,,,,,,,,,,,,,,,,,,,,,,,,,,,,,,,,,,,,,,,,,,,,,,,,,,,,,,,,,,,,,,,,,,,,,,,,,,,,,,,,,,,,,,,,,,,,,,,,,,,,,,,,,,,,,,,,,,,,,,,,,,,,,,,,,,,,,,,,,,,,,,,,,,,,,,,,,,,,,,,,,,,,,,,,,,,,,,,,,,,,,,,,,
C07_RD14-0003-44d3-15-0.0078IP-Q1.1_003.20sec.fsa,D2S1338,G,OL,308.25,8,18,316.95,23,19,321.11,18,OL,336.29,3,25,345.2,6,OL,356.49,9,29,361.62,11,OL,363.67,8,OL,365.13,6,,,,,,,,,,,,,,,,,,,,,,,,,,,,,,,,,,,,,,,,,,,,,,,,,,,,,,,,,,,,,,,,,,,,,,,,,,,,,,,,,,,,,,,,,,,,,,,,,,,,,,,,,,,,,,,,,,,,,,,,,,,,,,,,,,,,,,,,,,,,,,,,,,,,,,,,,,,,,,,,,,,,,,,,,,,,,,,,,,,,,,,,,,,,,,,,,,,,,,,,,,,,,,,,,,,,,,,,,,,,,,,,,,,,,,,,,,,,,,,,,,,,,,,,,,,,,,,,,,,,,,,,,,,,,,,,,
C07_RD14-0003-44d3-15-0.0078IP-Q1.1_003.20sec.fsa,D19S433,Y,9,99.92,9,12,112.16,15,12.2,114,14,13,116.33,137,OL,125.59,7,OL,138.67,8,OL,141.03,11,OL,141.91,11,,,,,,,,,,,,,,,,,,,,,,,,,,,,,,,,,,,,,,,,,,,,,,,,,,,,,,,,,,,,,,,,,,,,,,,,,,,,,,,,,,,,,,,,,,,,,,,,,,,,,,,,,,,,,,,,,,,,,,,,,,,,,,,,,,,,,,,,,,,,,,,,,,,,,,,,,,,,,,,,,,,,,,,,,,,,,,,,,,,,,,,,,,,,,,,,,,,,,,,,,,,,,,,,,,,,,,,,,,,,,,,,,,,,,,,,,,,,,,,,,,,,,,,,,,,,,,,,,,,,,,,,,,,,,,,,,,,,
C07_RD14-0003-44d3-15-0.0078IP-Q1.1_003.20sec.fsa,vWA,Y,OL,147.02,9,OL,149.03,7,OL,153.29,6,OL,156.6,9,OL,175.61,6,18,179.92,12,OL,186.56,10,20,188.59,81,OL,193.53,8,OL,197.49,10,OL,199.92,14,OL,202.13,8,OL,207.61,9,,,,,,,,,,,,,,,,,,,,,,,,,,,,,,,,,,,,,,,,,,,,,,,,,,,,,,,,,,,,,,,,,,,,,,,,,,,,,,,,,,,,,,,,,,,,,,,,,,,,,,,,,,,,,,,,,,,,,,,,,,,,,,,,,,,,,,,,,,,,,,,,,,,,,,,,,,,,,,,,,,,,,,,,,,,,,,,,,,,,,,,,,,,,,,,,,,,,,,,,,,,,,,,,,,,,,,,,,,,,,,,,,,,,,,,,,,,,,,,,,,,,,,,,,,,,,,,,,,,,,
C07_RD14-0003-44d3-15-0.0078IP-Q1.1_003.20sec.fsa,TPOX,Y,OL,212.88,10,OL,213.92,11,OL,216.3,8,OL,218.19,9,OL,229.34,8,OL,230.24,10,OL,238.45,7,11,240.91,85,OL,247.04,8,,,,,,,,,,,,,,,,,,,,,,,,,,,,,,,,,,,,,,,,,,,,,,,,,,,,,,,,,,,,,,,,,,,,,,,,,,,,,,,,,,,,,,,,,,,,,,,,,,,,,,,,,,,,,,,,,,,,,,,,,,,,,,,,,,,,,,,,,,,,,,,,,,,,,,,,,,,,,,,,,,,,,,,,,,,,,,,,,,,,,,,,,,,,,,,,,,,,,,,,,,,,,,,,,,,,,,,,,,,,,,,,,,,,,,,,,,,,,,,,,,,,,,,,,,,,,,,,,,,,,,,,,,,,,,,,,
C07_RD14-0003-44d3-15-0.0078IP-Q1.1_003.20sec.fsa,D18S51,Y,OL,280,12,12,281.14,68,OL,299.84,12,19.2,310.82,9,20,312.82,9,OL,319.91,12,OL,339.75,9,OL,343.32,9,,,,,,,,,,,,,,,,,,,,,,,,,,,,,,,,,,,,,,,,,,,,,,,,,,,,,,,,,,,,,,,,,,,,,,,,,,,,,,,,,,,,,,,,,,,,,,,,,,,,,,,,,,,,,,,,,,,,,,,,,,,,,,,,,,,,,,,,,,,,,,,,,,,,,,,,,,,,,,,,,,,,,,,,,,,,,,,,,,,,,,,,,,,,,,,,,,,,,,,,,,,,,,,,,,,,,,,,,,,,,,,,,,,,,,,,,,,,,,,,,,,,,,,,,,,,,,,,,,,,,,,,,,,,,,,,,,,,
C07_RD14-0003-44d3-15-0.0078IP-Q1.1_003.20sec.fsa,AMEL,R,X,105.05,54,Y,110.85,27,,,,,,,,,,,,,,,,,,,,,,,,,,,,,,,,,,,,,,,,,,,,,,,,,,,,,,,,,,,,,,,,,,,,,,,,,,,,,,,,,,,,,,,,,,,,,,,,,,,,,,,,,,,,,,,,,,,,,,,,,,,,,,,,,,,,,,,,,,,,,,,,,,,,,,,,,,,,,,,,,,,,,,,,,,,,,,,,,,,,,,,,,,,,,,,,,,,,,,,,,,,,,,,,,,,,,,,,,,,,,,,,,,,,,,,,,,,,,,,,,,,,,,,,,,,,,,,,,,,,,,,,,,,,,,,,,,,,,,,,,,,,,,,,,,,,,,
C07_RD14-0003-44d3-15-0.0078IP-Q1.1_003.20sec.fsa,D5S818,R,OL,130.93,9,OL,135.8,5,10,144.7,16,11,148.95,120,12,152.97,109,,,,,,,,,,,,,,,,,,,,,,,,,,,,,,,,,,,,,,,,,,,,,,,,,,,,,,,,,,,,,,,,,,,,,,,,,,,,,,,,,,,,,,,,,,,,,,,,,,,,,,,,,,,,,,,,,,,,,,,,,,,,,,,,,,,,,,,,,,,,,,,,,,,,,,,,,,,,,,,,,,,,,,,,,,,,,,,,,,,,,,,,,,,,,,,,,,,,,,,,,,,,,,,,,,,,,,,,,,,,,,,,,,,,,,,,,,,,,,,,,,,,,,,,,,,,,,,,,,,,,,,,,,,,,,,,,,,,,,,,,,,,,
C07_RD14-0003-44d3-15-0.0078IP-Q1.1_003.20sec.fsa,FGA,R,OL,205.86,9,16,208.96,7,OL,210.16,8,17,212.56,13,20.2,227.47,8,21,228.94,8,OL,231.7,9,24,241.49,43,OL,259.04,11,30,265.9,5,OL,292.9,6,OL,303,4,OL,304.71,11,OL,319.3,9,44.2,323.92,10,,,,,,,,,,,,,,,,,,,,,,,,,,,,,,,,,,,,,,,,,,,,,,,,,,,,,,,,,,,,,,,,,,,,,,,,,,,,,,,,,,,,,,,,,,,,,,,,,,,,,,,,,,,,,,,,,,,,,,,,,,,,,,,,,,,,,,,,,,,,,,,,,,,,,,,,,,,,,,,,,,,,,,,,,,,,,,,,,,,,,,,,,,,,,,,,,,,,,,,,,,,,,,,,,,,,,,,,,,,,,,,,,,,,,,,,,,,,,,,,,,,,,,,,,,,,,,,
C08_RD14-0003-44d3-30-0.0156IP-Q1.5_003.20sec.fsa,D8S1179,B,OL,119.48,3,OL,122.72,26,OL,134.5,4,14,146.13,37,15,150.35,167,18,162.42,6,OL,174.47,4,,,,,,,,,,,,,,,,,,,,,,,,,,,,,,,,,,,,,,,,,,,,,,,,,,,,,,,,,,,,,,,,,,,,,,,,,,,,,,,,,,,,,,,,,,,,,,,,,,,,,,,,,,,,,,,,,,,,,,,,,,,,,,,,,,,,,,,,,,,,,,,,,,,,,,,,,,,,,,,,,,,,,,,,,,,,,,,,,,,,,,,,,,,,,,,,,,,,,,,,,,,,,,,,,,,,,,,,,,,,,,,,,,,,,,,,,,,,,,,,,,,,,,,,,,,,,,,,,,,,,,,,,,,,,,,,,,,,,,,
C08_RD14-0003-44d3-30-0.0156IP-Q1.5_003.20sec.fsa,D21S11,B,OL,181.16,3,OL,187.29,3,26,190.36,5,OL,193.43,4,28,198.75,104,OL,201.71,4,31,210.7,18,32,214.76,143,OL,230.41,4,OL,232.01,5,OL,233.52,5,OL,238.14,6,,,,,,,,,,,,,,,,,,,,,,,,,,,,,,,,,,,,,,,,,,,,,,,,,,,,,,,,,,,,,,,,,,,,,,,,,,,,,,,,,,,,,,,,,,,,,,,,,,,,,,,,,,,,,,,,,,,,,,,,,,,,,,,,,,,,,,,,,,,,,,,,,,,,,,,,,,,,,,,,,,,,,,,,,,,,,,,,,,,,,,,,,,,,,,,,,,,,,,,,,,,,,,,,,,,,,,,,,,,,,,,,,,,,,,,,,,,,,,,,,,,,,,,,,,,,,,,,,,,,,,,,
C08_RD14-0003-44d3-30-0.0156IP-Q1.5_003.20sec.fsa,D7S820,B,OL,255.85,4,7,258.34,3,8,262.21,42,10,270.13,28,12,278.19,3,OL,279.83,6,,,,,,,,,,,,,,,,,,,,,,,,,,,,,,,,,,,,,,,,,,,,,,,,,,,,,,,,,,,,,,,,,,,,,,,,,,,,,,,,,,,,,,,,,,,,,,,,,,,,,,,,,,,,,,,,,,,,,,,,,,,,,,,,,,,,,,,,,,,,,,,,,,,,,,,,,,,,,,,,,,,,,,,,,,,,,,,,,,,,,,,,,,,,,,,,,,,,,,,,,,,,,,,,,,,,,,,,,,,,,,,,,,,,,,,,,,,,,,,,,,,,,,,,,,,,,,,,,,,,,,,,,,,,,,,,,,,,,,,,,,
C08_RD14-0003-44d3-30-0.0156IP-Q1.5_003.20sec.fsa,CSF1PO,B,5,298.37,7,OL,300.08,10,7,306.61,6,10,318.33,7,11,322.78,85,OL,340.09,5,,,,,,,,,,,,,,,,,,,,,,,,,,,,,,,,,,,,,,,,,,,,,,,,,,,,,,,,,,,,,,,,,,,,,,,,,,,,,,,,,,,,,,,,,,,,,,,,,,,,,,,,,,,,,,,,,,,,,,,,,,,,,,,,,,,,,,,,,,,,,,,,,,,,,,,,,,,,,,,,,,,,,,,,,,,,,,,,,,,,,,,,,,,,,,,,,,,,,,,,,,,,,,,,,,,,,,,,,,,,,,,,,,,,,,,,,,,,,,,,,,,,,,,,,,,,,,,,,,,,,,,,,,,,,,,,,,,,,,,,,,
C08_RD14-0003-44d3-30-0.0156IP-Q1.5_003.20sec.fsa,D3S1358,G,OL,99.54,7,OL,100.39,7,OL,107.57,8,OL,111.68,8,OL,115.65,18,15,122.34,41,16,126.53,69,OL,133.33,8,18.2,136.06,8,19,138.5,9,OL,139.6,7,OL,141.05,8,OL,143.79,8,,,,,,,,,,,,,,,,,,,,,,,,,,,,,,,,,,,,,,,,,,,,,,,,,,,,,,,,,,,,,,,,,,,,,,,,,,,,,,,,,,,,,,,,,,,,,,,,,,,,,,,,,,,,,,,,,,,,,,,,,,,,,,,,,,,,,,,,,,,,,,,,,,,,,,,,,,,,,,,,,,,,,,,,,,,,,,,,,,,,,,,,,,,,,,,,,,,,,,,,,,,,,,,,,,,,,,,,,,,,,,,,,,,,,,,,,,,,,,,,,,,,,,,,,,,,,,,,,,,,,
C08_RD14-0003-44d3-30-0.0156IP-Q1.5_003.20sec.fsa,TH01,G,OL,155.24,6,OL,162.01,10,OL,166.62,7,6,168.56,87,OL,177.56,9,9.3,183.89,87,,,,,,,,,,,,,,,,,,,,,,,,,,,,,,,,,,,,,,,,,,,,,,,,,,,,,,,,,,,,,,,,,,,,,,,,,,,,,,,,,,,,,,,,,,,,,,,,,,,,,,,,,,,,,,,,,,,,,,,,,,,,,,,,,,,,,,,,,,,,,,,,,,,,,,,,,,,,,,,,,,,,,,,,,,,,,,,,,,,,,,,,,,,,,,,,,,,,,,,,,,,,,,,,,,,,,,,,,,,,,,,,,,,,,,,,,,,,,,,,,,,,,,,,,,,,,,,,,,,,,,,,,,,,,,,,,,,,,,,,,,
C08_RD14-0003-44d3-30-0.0156IP-Q1.5_003.20sec.fsa,D13S317,G,OL,211.94,7,8,215.1,343,OL,228.16,7,12,231.17,5,OL,237.89,3,,,,,,,,,,,,,,,,,,,,,,,,,,,,,,,,,,,,,,,,,,,,,,,,,,,,,,,,,,,,,,,,,,,,,,,,,,,,,,,,,,,,,,,,,,,,,,,,,,,,,,,,,,,,,,,,,,,,,,,,,,,,,,,,,,,,,,,,,,,,,,,,,,,,,,,,,,,,,,,,,,,,,,,,,,,,,,,,,,,,,,,,,,,,,,,,,,,,,,,,,,,,,,,,,,,,,,,,,,,,,,,,,,,,,,,,,,,,,,,,,,,,,,,,,,,,,,,,,,,,,,,,,,,,,,,,,,,,,,,,,,,,,
C08_RD14-0003-44d3-30-0.0156IP-Q1.5_003.20sec.fsa,D16S539,G,5,251.76,7,OL,256.27,6,8,263.14,7,10,271.33,177,11,275.27,144,OL,284.87,7,OL,286.57,6,15,290.85,13,15,291.53,12,OL,292.56,9,,,,,,,,,,,,,,,,,,,,,,,,,,,,,,,,,,,,,,,,,,,,,,,,,,,,,,,,,,,,,,,,,,,,,,,,,,,,,,,,,,,,,,,,,,,,,,,,,,,,,,,,,,,,,,,,,,,,,,,,,,,,,,,,,,,,,,,,,,,,,,,,,,,,,,,,,,,,,,,,,,,,,,,,,,,,,,,,,,,,,,,,,,,,,,,,,,,,,,,,,,,,,,,,,,,,,,,,,,,,,,,,,,,,,,,,,,,,,,,,,,,,,,,,,,,,,,,,,,,,,,,,,,,,,,
C08_RD14-0003-44d3-30-0.0156IP-Q1.5_003.20sec.fsa,D2S1338,G,OL,303.03,11,OL,307.55,7,OL,314.64,7,OL,324.12,9,OL,328.58,4,OL,329.74,10,24,340.72,8,OL,351.02,6,OL,352.47,7,OL,355.92,6,OL,359.18,7,,,,,,,,,,,,,,,,,,,,,,,,,,,,,,,,,,,,,,,,,,,,,,,,,,,,,,,,,,,,,,,,,,,,,,,,,,,,,,,,,,,,,,,,,,,,,,,,,,,,,,,,,,,,,,,,,,,,,,,,,,,,,,,,,,,,,,,,,,,,,,,,,,,,,,,,,,,,,,,,,,,,,,,,,,,,,,,,,,,,,,,,,,,,,,,,,,,,,,,,,,,,,,,,,,,,,,,,,,,,,,,,,,,,,,,,,,,,,,,,,,,,,,,,,,,,,,,,,,,,,,,,,,,
C08_RD14-0003-44d3-30-0.0156IP-Q1.5_003.20sec.fsa,D19S433,Y,11,107.96,8,13,116.25,28,14,120,16,15,124.09,97,18.2,137.71,10,18.2,138.26,8,OL,140,11,,,,,,,,,,,,,,,,,,,,,,,,,,,,,,,,,,,,,,,,,,,,,,,,,,,,,,,,,,,,,,,,,,,,,,,,,,,,,,,,,,,,,,,,,,,,,,,,,,,,,,,,,,,,,,,,,,,,,,,,,,,,,,,,,,,,,,,,,,,,,,,,,,,,,,,,,,,,,,,,,,,,,,,,,,,,,,,,,,,,,,,,,,,,,,,,,,,,,,,,,,,,,,,,,,,,,,,,,,,,,,,,,,,,,,,,,,,,,,,,,,,,,,,,,,,,,,,,,,,,,,,,,,,,,,,,,,,,,,,
C08_RD14-0003-44d3-30-0.0156IP-Q1.5_003.20sec.fsa,vWA,Y,13,160,9,16,172.61,11,17,176.67,5,19,184.39,21,OL,185.39,10,20,188.54,163,OL,195.01,13,,,,,,,,,,,,,,,,,,,,,,,,,,,,,,,,,,,,,,,,,,,,,,,,,,,,,,,,,,,,,,,,,,,,,,,,,,,,,,,,,,,,,,,,,,,,,,,,,,,,,,,,,,,,,,,,,,,,,,,,,,,,,,,,,,,,,,,,,,,,,,,,,,,,,,,,,,,,,,,,,,,,,,,,,,,,,,,,,,,,,,,,,,,,,,,,,,,,,,,,,,,,,,,,,,,,,,,,,,,,,,,,,,,,,,,,,,,,,,,,,,,,,,,,,,,,,,,,,,,,,,,,,,,,,,,,,,,,,,,
C08_RD14-0003-44d3-30-0.0156IP-Q1.5_003.20sec.fsa,TPOX,Y,OL,227.82,8,OL,234.69,7,OL,247.31,7,OL,249.83,8,,,,,,,,,,,,,,,,,,,,,,,,,,,,,,,,,,,,,,,,,,,,,,,,,,,,,,,,,,,,,,,,,,,,,,,,,,,,,,,,,,,,,,,,,,,,,,,,,,,,,,,,,,,,,,,,,,,,,,,,,,,,,,,,,,,,,,,,,,,,,,,,,,,,,,,,,,,,,,,,,,,,,,,,,,,,,,,,,,,,,,,,,,,,,,,,,,,,,,,,,,,,,,,,,,,,,,,,,,,,,,,,,,,,,,,,,,,,,,,,,,,,,,,,,,,,,,,,,,,,,,,,,,,,,,,,,,,,,,,,,,,,,,,,
C08_RD14-0003-44d3-30-0.0156IP-Q1.5_003.20sec.fsa,D18S51,Y,OL,261.53,8,OL,263.4,6,OL,264.16,10,10.2,274.58,10,10.2,275.53,11,OL,276.47,10,OL,279.91,12,12,280.94,10,12.2,282.9,6,OL,284.18,7,14,289.39,11,15.2,294.78,9,16,297.43,13,OL,302.02,12,OL,307.98,5,OL,316.85,8,22,321.53,7,24,330.01,5,OL,335.32,8,OL,339.74,16,,,,,,,,,,,,,,,,,,,,,,,,,,,,,,,,,,,,,,,,,,,,,,,,,,,,,,,,,,,,,,,,,,,,,,,,,,,,,,,,,,,,,,,,,,,,,,,,,,,,,,,,,,,,,,,,,,,,,,,,,,,,,,,,,,,,,,,,,,,,,,,,,,,,,,,,,,,,,,,,,,,,,,,,,,,,,,,,,,,,,,,,,,,,,,,,,,,,,,,,,,,,,,,,,,,,,,,,,,,,,,,,,,,,,,,,,,,,,,,,
C08_RD14-0003-44d3-30-0.0156IP-Q1.5_003.20sec.fsa,AMEL,R,Y,110.67,24,,,,,,,,,,,,,,,,,,,,,,,,,,,,,,,,,,,,,,,,,,,,,,,,,,,,,,,,,,,,,,,,,,,,,,,,,,,,,,,,,,,,,,,,,,,,,,,,,,,,,,,,,,,,,,,,,,,,,,,,,,,,,,,,,,,,,,,,,,,,,,,,,,,,,,,,,,,,,,,,,,,,,,,,,,,,,,,,,,,,,,,,,,,,,,,,,,,,,,,,,,,,,,,,,,,,,,,,,,,,,,,,,,,,,,,,,,,,,,,,,,,,,,,,,,,,,,,,,,,,,,,,,,,,,,,,,,,,,,,,,,,,,,,,,,,,,,,,,
C08_RD14-0003-44d3-30-0.0156IP-Q1.5_003.20sec.fsa,D5S818,R,OL,129.3,4,OL,131.85,5,11,148.97,34,12,152.95,56,13,157.54,12,14,161.61,12,15,165.81,10,,,,,,,,,,,,,,,,,,,,,,,,,,,,,,,,,,,,,,,,,,,,,,,,,,,,,,,,,,,,,,,,,,,,,,,,,,,,,,,,,,,,,,,,,,,,,,,,,,,,,,,,,,,,,,,,,,,,,,,,,,,,,,,,,,,,,,,,,,,,,,,,,,,,,,,,,,,,,,,,,,,,,,,,,,,,,,,,,,,,,,,,,,,,,,,,,,,,,,,,,,,,,,,,,,,,,,,,,,,,,,,,,,,,,,,,,,,,,,,,,,,,,,,,,,,,,,,,,,,,,,,,,,,,,,,,,,,,,,,
C08_RD14-0003-44d3-30-0.0156IP-Q1.5_003.20sec.fsa,FGA,R,23,237.3,43,OL,242.79,10,OL,253.01,9,27.2,255.85,12,30.2,267.99,7,OL,288.97,7,OL,298.63,9,OL,301.76,10,OL,303.11,8,42.2,316.21,10,OL,331.87,9,OL,338.86,7,OL,346.32,6,OL,357.55,9,,,,,,,,,,,,,,,,,,,,,,,,,,,,,,,,,,,,,,,,,,,,,,,,,,,,,,,,,,,,,,,,,,,,,,,,,,,,,,,,,,,,,,,,,,,,,,,,,,,,,,,,,,,,,,,,,,,,,,,,,,,,,,,,,,,,,,,,,,,,,,,,,,,,,,,,,,,,,,,,,,,,,,,,,,,,,,,,,,,,,,,,,,,,,,,,,,,,,,,,,,,,,,,,,,,,,,,,,,,,,,,,,,,,,,,,,,,,,,,,,,,,,,,,,,,,,,,,,,
C09_RD14-0003-44d3-45-0.0156IP-Q3.5_003.20sec.fsa,D8S1179,B,OL,114.47,4,OL,115.33,3,OL,123.43,33,10,129.42,6,OL,132.52,8,OL,143.15,4,15,150.23,4,OL,155.69,4,OL,159.49,6,OL,171.64,3,OL,173.48,3,,,,,,,,,,,,,,,,,,,,,,,,,,,,,,,,,,,,,,,,,,,,,,,,,,,,,,,,,,,,,,,,,,,,,,,,,,,,,,,,,,,,,,,,,,,,,,,,,,,,,,,,,,,,,,,,,,,,,,,,,,,,,,,,,,,,,,,,,,,,,,,,,,,,,,,,,,,,,,,,,,,,,,,,,,,,,,,,,,,,,,,,,,,,,,,,,,,,,,,,,,,,,,,,,,,,,,,,,,,,,,,,,,,,,,,,,,,,,,,,,,,,,,,,,,,,,,,,,,,,,,,,,,,
C09_RD14-0003-44d3-45-0.0156IP-Q3.5_003.20sec.fsa,D21S11,B,27.2,196.66,4,OL,199.66,8,29,202.75,4,OL,210.08,5,31.2,212.46,5,32,214.7,5,32,215.05,4,OL,231.76,6,36.2,232.63,7,,,,,,,,,,,,,,,,,,,,,,,,,,,,,,,,,,,,,,,,,,,,,,,,,,,,,,,,,,,,,,,,,,,,,,,,,,,,,,,,,,,,,,,,,,,,,,,,,,,,,,,,,,,,,,,,,,,,,,,,,,,,,,,,,,,,,,,,,,,,,,,,,,,,,,,,,,,,,,,,,,,,,,,,,,,,,,,,,,,,,,,,,,,,,,,,,,,,,,,,,,,,,,,,,,,,,,,,,,,,,,,,,,,,,,,,,,,,,,,,,,,,,,,,,,,,,,,,,,,,,,,,,,,,,,,,,
C09_RD14-0003-44d3-45-0.0156IP-Q3.5_003.20sec.fsa,D7S820,B,OL,260.96,7,OL,272.37,3,12,277.95,3,OL,279.73,6,OL,286.9,5,OL,291.41,7,OL,292.12,5,,,,,,,,,,,,,,,,,,,,,,,,,,,,,,,,,,,,,,,,,,,,,,,,,,,,,,,,,,,,,,,,,,,,,,,,,,,,,,,,,,,,,,,,,,,,,,,,,,,,,,,,,,,,,,,,,,,,,,,,,,,,,,,,,,,,,,,,,,,,,,,,,,,,,,,,,,,,,,,,,,,,,,,,,,,,,,,,,,,,,,,,,,,,,,,,,,,,,,,,,,,,,,,,,,,,,,,,,,,,,,,,,,,,,,,,,,,,,,,,,,,,,,,,,,,,,,,,,,,,,,,,,,,,,,,,,,,,,,,
C09_RD14-0003-44d3-45-0.0156IP-Q3.5_003.20sec.fsa,CSF1PO,B,OL,299.91,5,OL,309.22,3,OL,312.46,3,OL,316.09,3,OL,319.71,6,OL,326.36,3,OL,334.39,4,OL,337.38,5,,,,,,,,,,,,,,,,,,,,,,,,,,,,,,,,,,,,,,,,,,,,,,,,,,,,,,,,,,,,,,,,,,,,,,,,,,,,,,,,,,,,,,,,,,,,,,,,,,,,,,,,,,,,,,,,,,,,,,,,,,,,,,,,,,,,,,,,,,,,,,,,,,,,,,,,,,,,,,,,,,,,,,,,,,,,,,,,,,,,,,,,,,,,,,,,,,,,,,,,,,,,,,,,,,,,,,,,,,,,,,,,,,,,,,,,,,,,,,,,,,,,,,,,,,,,,,,,,,,,,,,,,,,,,,,,,,,,
C09_RD14-0003-44d3-45-0.0156IP-Q3.5_003.20sec.fsa,D3S1358,G,OL,98.42,6,OL,99.29,9,OL,104.06,12,OL,116.42,23,OL,119.84,5,15,122.42,23,16,126.5,71,OL,140.25,5,,,,,,,,,,,,,,,,,,,,,,,,,,,,,,,,,,,,,,,,,,,,,,,,,,,,,,,,,,,,,,,,,,,,,,,,,,,,,,,,,,,,,,,,,,,,,,,,,,,,,,,,,,,,,,,,,,,,,,,,,,,,,,,,,,,,,,,,,,,,,,,,,,,,,,,,,,,,,,,,,,,,,,,,,,,,,,,,,,,,,,,,,,,,,,,,,,,,,,,,,,,,,,,,,,,,,,,,,,,,,,,,,,,,,,,,,,,,,,,,,,,,,,,,,,,,,,,,,,,,,,,,,,,,,,,,,,,,
C09_RD14-0003-44d3-45-0.0156IP-Q3.5_003.20sec.fsa,TH01,G,6,168.64,133,6.3,171.22,7,8,176.57,10,9.3,183.92,46,OL,185.55,23,11,188.88,6,OL,191.27,11,13,196.92,8,OL,197.94,9,13.3,200.33,8,,,,,,,,,,,,,,,,,,,,,,,,,,,,,,,,,,,,,,,,,,,,,,,,,,,,,,,,,,,,,,,,,,,,,,,,,,,,,,,,,,,,,,,,,,,,,,,,,,,,,,,,,,,,,,,,,,,,,,,,,,,,,,,,,,,,,,,,,,,,,,,,,,,,,,,,,,,,,,,,,,,,,,,,,,,,,,,,,,,,,,,,,,,,,,,,,,,,,,,,,,,,,,,,,,,,,,,,,,,,,,,,,,,,,,,,,,,,,,,,,,,,,,,,,,,,,,,,,,,,,,,,,,,,,,
C09_RD14-0003-44d3-45-0.0156IP-Q3.5_003.20sec.fsa,D13S317,G,8,215.05,66,OL,230.11,9,12,231.5,6,OL,244.3,4,,,,,,,,,,,,,,,,,,,,,,,,,,,,,,,,,,,,,,,,,,,,,,,,,,,,,,,,,,,,,,,,,,,,,,,,,,,,,,,,,,,,,,,,,,,,,,,,,,,,,,,,,,,,,,,,,,,,,,,,,,,,,,,,,,,,,,,,,,,,,,,,,,,,,,,,,,,,,,,,,,,,,,,,,,,,,,,,,,,,,,,,,,,,,,,,,,,,,,,,,,,,,,,,,,,,,,,,,,,,,,,,,,,,,,,,,,,,,,,,,,,,,,,,,,,,,,,,,,,,,,,,,,,,,,,,,,,,,,,,,,,,,,,,
C09_RD14-0003-44d3-45-0.0156IP-Q3.5_003.20sec.fsa,D16S539,G,OL,262.18,10,OL,280.44,6,OL,284.51,9,OL,287.78,5,OL,289.99,9,OL,292.03,4,,,,,,,,,,,,,,,,,,,,,,,,,,,,,,,,,,,,,,,,,,,,,,,,,,,,,,,,,,,,,,,,,,,,,,,,,,,,,,,,,,,,,,,,,,,,,,,,,,,,,,,,,,,,,,,,,,,,,,,,,,,,,,,,,,,,,,,,,,,,,,,,,,,,,,,,,,,,,,,,,,,,,,,,,,,,,,,,,,,,,,,,,,,,,,,,,,,,,,,,,,,,,,,,,,,,,,,,,,,,,,,,,,,,,,,,,,,,,,,,,,,,,,,,,,,,,,,,,,,,,,,,,,,,,,,,,,,,,,,,,,
C09_RD14-0003-44d3-45-0.0156IP-Q3.5_003.20sec.fsa,D2S1338,G,OL,306.56,8,16,308.87,75,OL,321.85,6,OL,330.57,7,23,337.65,7,OL,340.28,7,,,,,,,,,,,,,,,,,,,,,,,,,,,,,,,,,,,,,,,,,,,,,,,,,,,,,,,,,,,,,,,,,,,,,,,,,,,,,,,,,,,,,,,,,,,,,,,,,,,,,,,,,,,,,,,,,,,,,,,,,,,,,,,,,,,,,,,,,,,,,,,,,,,,,,,,,,,,,,,,,,,,,,,,,,,,,,,,,,,,,,,,,,,,,,,,,,,,,,,,,,,,,,,,,,,,,,,,,,,,,,,,,,,,,,,,,,,,,,,,,,,,,,,,,,,,,,,,,,,,,,,,,,,,,,,,,,,,,,,,,,
C09_RD14-0003-44d3-45-0.0156IP-Q3.5_003.20sec.fsa,D19S433,Y,OL,94.89,18,OL,102.39,10,OL,106.69,8,OL,111.3,9,13,116.11,43,15,124.14,49,,,,,,,,,,,,,,,,,,,,,,,,,,,,,,,,,,,,,,,,,,,,,,,,,,,,,,,,,,,,,,,,,,,,,,,,,,,,,,,,,,,,,,,,,,,,,,,,,,,,,,,,,,,,,,,,,,,,,,,,,,,,,,,,,,,,,,,,,,,,,,,,,,,,,,,,,,,,,,,,,,,,,,,,,,,,,,,,,,,,,,,,,,,,,,,,,,,,,,,,,,,,,,,,,,,,,,,,,,,,,,,,,,,,,,,,,,,,,,,,,,,,,,,,,,,,,,,,,,,,,,,,,,,,,,,,,,,,,,,,,,
C09_RD14-0003-44d3-45-0.0156IP-Q3.5_003.20sec.fsa,vWA,Y,23,201.08,10,,,,,,,,,,,,,,,,,,,,,,,,,,,,,,,,,,,,,,,,,,,,,,,,,,,,,,,,,,,,,,,,,,,,,,,,,,,,,,,,,,,,,,,,,,,,,,,,,,,,,,,,,,,,,,,,,,,,,,,,,,,,,,,,,,,,,,,,,,,,,,,,,,,,,,,,,,,,,,,,,,,,,,,,,,,,,,,,,,,,,,,,,,,,,,,,,,,,,,,,,,,,,,,,,,,,,,,,,,,,,,,,,,,,,,,,,,,,,,,,,,,,,,,,,,,,,,,,,,,,,,,,,,,,,,,,,,,,,,,,,,,,,,,,,,,,,,,,,
C09_RD14-0003-44d3-45-0.0156IP-Q3.5_003.20sec.fsa,TPOX,Y,8,228.73,10,11,240.9,69,,,,,,,,,,,,,,,,,,,,,,,,,,,,,,,,,,,,,,,,,,,,,,,,,,,,,,,,,,,,,,,,,,,,,,,,,,,,,,,,,,,,,,,,,,,,,,,,,,,,,,,,,,,,,,,,,,,,,,,,,,,,,,,,,,,,,,,,,,,,,,,,,,,,,,,,,,,,,,,,,,,,,,,,,,,,,,,,,,,,,,,,,,,,,,,,,,,,,,,,,,,,,,,,,,,,,,,,,,,,,,,,,,,,,,,,,,,,,,,,,,,,,,,,,,,,,,,,,,,,,,,,,,,,,,,,,,,,,,,,,,,,,,,,,,,,,,
C09_RD14-0003-44d3-45-0.0156IP-Q3.5_003.20sec.fsa,D18S51,Y,OL,265.68,13,12,281.06,25,OL,288.05,6,OL,304.35,9,OL,320,14,OL,331.75,5,OL,340,23,,,,,,,,,,,,,,,,,,,,,,,,,,,,,,,,,,,,,,,,,,,,,,,,,,,,,,,,,,,,,,,,,,,,,,,,,,,,,,,,,,,,,,,,,,,,,,,,,,,,,,,,,,,,,,,,,,,,,,,,,,,,,,,,,,,,,,,,,,,,,,,,,,,,,,,,,,,,,,,,,,,,,,,,,,,,,,,,,,,,,,,,,,,,,,,,,,,,,,,,,,,,,,,,,,,,,,,,,,,,,,,,,,,,,,,,,,,,,,,,,,,,,,,,,,,,,,,,,,,,,,,,,,,,,,,,,,,,,,,
C09_RD14-0003-44d3-45-0.0156IP-Q3.5_003.20sec.fsa,AMEL,R,X,104.94,87,OL,109.63,11,,,,,,,,,,,,,,,,,,,,,,,,,,,,,,,,,,,,,,,,,,,,,,,,,,,,,,,,,,,,,,,,,,,,,,,,,,,,,,,,,,,,,,,,,,,,,,,,,,,,,,,,,,,,,,,,,,,,,,,,,,,,,,,,,,,,,,,,,,,,,,,,,,,,,,,,,,,,,,,,,,,,,,,,,,,,,,,,,,,,,,,,,,,,,,,,,,,,,,,,,,,,,,,,,,,,,,,,,,,,,,,,,,,,,,,,,,,,,,,,,,,,,,,,,,,,,,,,,,,,,,,,,,,,,,,,,,,,,,,,,,,,,,,,,,,,,,
C09_RD14-0003-44d3-45-0.0156IP-Q3.5_003.20sec.fsa,D5S818,R,OL,126.02,8,8,136.61,10,9,140.91,7,OL,142.48,9,10,144.81,16,11,148.89,88,12,153,51,OL,171.14,7,,,,,,,,,,,,,,,,,,,,,,,,,,,,,,,,,,,,,,,,,,,,,,,,,,,,,,,,,,,,,,,,,,,,,,,,,,,,,,,,,,,,,,,,,,,,,,,,,,,,,,,,,,,,,,,,,,,,,,,,,,,,,,,,,,,,,,,,,,,,,,,,,,,,,,,,,,,,,,,,,,,,,,,,,,,,,,,,,,,,,,,,,,,,,,,,,,,,,,,,,,,,,,,,,,,,,,,,,,,,,,,,,,,,,,,,,,,,,,,,,,,,,,,,,,,,,,,,,,,,,,,,,,,,,,,,,,,,
C09_RD14-0003-44d3-45-0.0156IP-Q3.5_003.20sec.fsa,FGA,R,OL,204.85,7,OL,206.53,11,18.2,219.29,10,OL,221.81,4,OL,223.8,7,22.2,235.05,10,25,245.73,10,25.2,247.24,6,31,269.81,10,OL,288.49,5,OL,289.28,6,OL,291.05,9,OL,292.83,7,OL,297.7,8,OL,310.12,7,OL,314.66,5,44.2,324.15,8,OL,327.18,9,OL,330.38,9,OL,335.3,11,OL,338.92,18,OL,350.35,10,,,,,,,,,,,,,,,,,,,,,,,,,,,,,,,,,,,,,,,,,,,,,,,,,,,,,,,,,,,,,,,,,,,,,,,,,,,,,,,,,,,,,,,,,,,,,,,,,,,,,,,,,,,,,,,,,,,,,,,,,,,,,,,,,,,,,,,,,,,,,,,,,,,,,,,,,,,,,,,,,,,,,,,,,,,,,,,,,,,,,,,,,,,,,,,,,,,,,,,,,,,,,,,,,,,,,,,,,,,,,,,,,,,,,,,,,,
D02_RD14-0003-43d2-15-0.125IP-Q1.0_004.20sec.fsa,D8S1179,B,OL,113.7,2,8,121.82,23,10,129.63,65,OL,132.24,4,11,133.66,1293,12,137.8,37,OL,139.92,4,13,141.93,674,14,146.09,2,OL,149.81,3,OL,151.13,3,OL,151.75,4,16,154.39,3,17,158.28,4,OL,159.84,5,OL,161.07,3,OL,164.06,4,OL,173.02,2,,,,,,,,,,,,,,,,,,,,,,,,,,,,,,,,,,,,,,,,,,,,,,,,,,,,,,,,,,,,,,,,,,,,,,,,,,,,,,,,,,,,,,,,,,,,,,,,,,,,,,,,,,,,,,,,,,,,,,,,,,,,,,,,,,,,,,,,,,,,,,,,,,,,,,,,,,,,,,,,,,,,,,,,,,,,,,,,,,,,,,,,,,,,,,,,,,,,,,,,,,,,,,,,,,,,,,,,,,,,,,,,,,,,,,,,,,,,,,,,,,,,,,
D02_RD14-0003-43d2-15-0.125IP-Q1.0_004.20sec.fsa,D21S11,B,OL,183.75,4,25,186.18,4,26,190.55,38,26.2,192.51,6,27,194.61,668,28,198.6,83,28.2,200.61,7,29,202.59,1037,OL,219.84,4,35,227.4,5,36,231.31,7,36.2,232.48,4,37.2,236.79,4,,,,,,,,,,,,,,,,,,,,,,,,,,,,,,,,,,,,,,,,,,,,,,,,,,,,,,,,,,,,,,,,,,,,,,,,,,,,,,,,,,,,,,,,,,,,,,,,,,,,,,,,,,,,,,,,,,,,,,,,,,,,,,,,,,,,,,,,,,,,,,,,,,,,,,,,,,,,,,,,,,,,,,,,,,,,,,,,,,,,,,,,,,,,,,,,,,,,,,,,,,,,,,,,,,,,,,,,,,,,,,,,,,,,,,,,,,,,,,,,,,,,,,,,,,,,,,,,,,,,,
D02_RD14-0003-43d2-15-0.125IP-Q1.0_004.20sec.fsa,D7S820,B,OL,255.4,1,7,258.24,14,8,262.04,415,9,266.05,273,OL,271.03,8,OL,279.84,5,OL,290.94,3,OL,291.97,1,16,293.94,1,,,,,,,,,,,,,,,,,,,,,,,,,,,,,,,,,,,,,,,,,,,,,,,,,,,,,,,,,,,,,,,,,,,,,,,,,,,,,,,,,,,,,,,,,,,,,,,,,,,,,,,,,,,,,,,,,,,,,,,,,,,,,,,,,,,,,,,,,,,,,,,,,,,,,,,,,,,,,,,,,,,,,,,,,,,,,,,,,,,,,,,,,,,,,,,,,,,,,,,,,,,,,,,,,,,,,,,,,,,,,,,,,,,,,,,,,,,,,,,,,,,,,,,,,,,,,,,,,,,,,,,,,,,,,,,,,
D02_RD14-0003-43d2-15-0.125IP-Q1.0_004.20sec.fsa,CSF1PO,B,OL,300,5,OL,302.01,3,OL,307.19,3,9,314.42,17,10,318.73,443,10.2,320.83,2,11,322.81,28,12,326.85,615,13,330.46,4,OL,332.83,6,OL,340.08,4,,,,,,,,,,,,,,,,,,,,,,,,,,,,,,,,,,,,,,,,,,,,,,,,,,,,,,,,,,,,,,,,,,,,,,,,,,,,,,,,,,,,,,,,,,,,,,,,,,,,,,,,,,,,,,,,,,,,,,,,,,,,,,,,,,,,,,,,,,,,,,,,,,,,,,,,,,,,,,,,,,,,,,,,,,,,,,,,,,,,,,,,,,,,,,,,,,,,,,,,,,,,,,,,,,,,,,,,,,,,,,,,,,,,,,,,,,,,,,,,,,,,,,,,,,,,,,,,,,,,,,,,,,,
D02_RD14-0003-43d2-15-0.125IP-Q1.0_004.20sec.fsa,D3S1358,G,OL,95.01,16,OL,96.27,8,OL,107.64,9,OL,116.17,10,14,118.34,166,OL,120.29,4,OL,120.87,10,15,122.26,2379,16,126.08,10,16.2,128.52,5,OL,131.64,4,18.2,136.37,21,OL,139.62,7,,,,,,,,,,,,,,,,,,,,,,,,,,,,,,,,,,,,,,,,,,,,,,,,,,,,,,,,,,,,,,,,,,,,,,,,,,,,,,,,,,,,,,,,,,,,,,,,,,,,,,,,,,,,,,,,,,,,,,,,,,,,,,,,,,,,,,,,,,,,,,,,,,,,,,,,,,,,,,,,,,,,,,,,,,,,,,,,,,,,,,,,,,,,,,,,,,,,,,,,,,,,,,,,,,,,,,,,,,,,,,,,,,,,,,,,,,,,,,,,,,,,,,,,,,,,,,,,,,,,,
D02_RD14-0003-43d2-15-0.125IP-Q1.0_004.20sec.fsa,TH01,G,OL,158.2,11,7,172.56,21,8,176.62,890,8.3,179.62,14,9.3,183.83,1371,OL,191.41,4,13.3,200.38,9,,,,,,,,,,,,,,,,,,,,,,,,,,,,,,,,,,,,,,,,,,,,,,,,,,,,,,,,,,,,,,,,,,,,,,,,,,,,,,,,,,,,,,,,,,,,,,,,,,,,,,,,,,,,,,,,,,,,,,,,,,,,,,,,,,,,,,,,,,,,,,,,,,,,,,,,,,,,,,,,,,,,,,,,,,,,,,,,,,,,,,,,,,,,,,,,,,,,,,,,,,,,,,,,,,,,,,,,,,,,,,,,,,,,,,,,,,,,,,,,,,,,,,,,,,,,,,,,,,,,,,,,,,,,,,,,,,,,,,,
D02_RD14-0003-43d2-15-0.125IP-Q1.0_004.20sec.fsa,D13S317,G,OL,209.7,8,OL,213.54,4,OL,214.71,7,9,219.37,9,10,223.19,23,OL,224.83,9,11,227.25,760,12,231.23,1433,13,235.14,10,OL,246.49,8,,,,,,,,,,,,,,,,,,,,,,,,,,,,,,,,,,,,,,,,,,,,,,,,,,,,,,,,,,,,,,,,,,,,,,,,,,,,,,,,,,,,,,,,,,,,,,,,,,,,,,,,,,,,,,,,,,,,,,,,,,,,,,,,,,,,,,,,,,,,,,,,,,,,,,,,,,,,,,,,,,,,,,,,,,,,,,,,,,,,,,,,,,,,,,,,,,,,,,,,,,,,,,,,,,,,,,,,,,,,,,,,,,,,,,,,,,,,,,,,,,,,,,,,,,,,,,,,,,,,,,,,,,,,,,
D02_RD14-0003-43d2-15-0.125IP-Q1.0_004.20sec.fsa,D16S539,G,OL,254.09,4,7,259.46,6,9,267.24,102,10,271.19,1860,11,275.07,9,12,279.44,7,OL,287.79,2,,,,,,,,,,,,,,,,,,,,,,,,,,,,,,,,,,,,,,,,,,,,,,,,,,,,,,,,,,,,,,,,,,,,,,,,,,,,,,,,,,,,,,,,,,,,,,,,,,,,,,,,,,,,,,,,,,,,,,,,,,,,,,,,,,,,,,,,,,,,,,,,,,,,,,,,,,,,,,,,,,,,,,,,,,,,,,,,,,,,,,,,,,,,,,,,,,,,,,,,,,,,,,,,,,,,,,,,,,,,,,,,,,,,,,,,,,,,,,,,,,,,,,,,,,,,,,,,,,,,,,,,,,,,,,,,,,,,,,,
D02_RD14-0003-43d2-15-0.125IP-Q1.0_004.20sec.fsa,D2S1338,G,14,301.16,4,OL,313.43,5,18,316.7,44,19,320.99,691,20,325.04,13,21,329.15,123,22,333.16,1215,OL,340.66,5,OL,346.85,1,OL,348.09,3,OL,359.25,21,OL,363.86,3,,,,,,,,,,,,,,,,,,,,,,,,,,,,,,,,,,,,,,,,,,,,,,,,,,,,,,,,,,,,,,,,,,,,,,,,,,,,,,,,,,,,,,,,,,,,,,,,,,,,,,,,,,,,,,,,,,,,,,,,,,,,,,,,,,,,,,,,,,,,,,,,,,,,,,,,,,,,,,,,,,,,,,,,,,,,,,,,,,,,,,,,,,,,,,,,,,,,,,,,,,,,,,,,,,,,,,,,,,,,,,,,,,,,,,,,,,,,,,,,,,,,,,,,,,,,,,,,,,,,,,,,
D02_RD14-0003-43d2-15-0.125IP-Q1.0_004.20sec.fsa,D19S433,Y,OL,96.87,8,OL,101.22,8,OL,103.03,6,12,112.06,6,12.2,114.29,102,13,116.17,61,13.2,118.2,1140,14,120.15,986,15.2,125.79,38,OL,128.74,4,17.2,134.49,6,OL,137.27,10,,,,,,,,,,,,,,,,,,,,,,,,,,,,,,,,,,,,,,,,,,,,,,,,,,,,,,,,,,,,,,,,,,,,,,,,,,,,,,,,,,,,,,,,,,,,,,,,,,,,,,,,,,,,,,,,,,,,,,,,,,,,,,,,,,,,,,,,,,,,,,,,,,,,,,,,,,,,,,,,,,,,,,,,,,,,,,,,,,,,,,,,,,,,,,,,,,,,,,,,,,,,,,,,,,,,,,,,,,,,,,,,,,,,,,,,,,,,,,,,,,,,,,,,,,,,,,,,,,,,,,,,
D02_RD14-0003-43d2-15-0.125IP-Q1.0_004.20sec.fsa,vWA,Y,OL,149.42,7,OL,152.91,11,12,155.79,21,OL,156.96,5,13,160,610,OL,162.98,2,OL,169.49,5,16,172.17,66,17,176.24,768,OL,186.1,6,OL,190.63,6,OL,197.58,9,OL,199.92,12,OL,204.04,10,25,208.62,5,,,,,,,,,,,,,,,,,,,,,,,,,,,,,,,,,,,,,,,,,,,,,,,,,,,,,,,,,,,,,,,,,,,,,,,,,,,,,,,,,,,,,,,,,,,,,,,,,,,,,,,,,,,,,,,,,,,,,,,,,,,,,,,,,,,,,,,,,,,,,,,,,,,,,,,,,,,,,,,,,,,,,,,,,,,,,,,,,,,,,,,,,,,,,,,,,,,,,,,,,,,,,,,,,,,,,,,,,,,,,,,,,,,,,,,,,,,,,,,,,,,,,,,,,,,,,,,
D02_RD14-0003-43d2-15-0.125IP-Q1.0_004.20sec.fsa,TPOX,Y,OL,213.77,7,OL,220.08,7,8,228.65,841,OL,235.38,6,10,236.71,23,11,240.8,499,OL,247.05,6,OL,255.17,4,,,,,,,,,,,,,,,,,,,,,,,,,,,,,,,,,,,,,,,,,,,,,,,,,,,,,,,,,,,,,,,,,,,,,,,,,,,,,,,,,,,,,,,,,,,,,,,,,,,,,,,,,,,,,,,,,,,,,,,,,,,,,,,,,,,,,,,,,,,,,,,,,,,,,,,,,,,,,,,,,,,,,,,,,,,,,,,,,,,,,,,,,,,,,,,,,,,,,,,,,,,,,,,,,,,,,,,,,,,,,,,,,,,,,,,,,,,,,,,,,,,,,,,,,,,,,,,,,,,,,,,,,,,,,,,,,,,,
D02_RD14-0003-43d2-15-0.125IP-Q1.0_004.20sec.fsa,D18S51,Y,OL,262.9,5,OL,263.93,7,OL,265.97,7,OL,267.16,13,OL,268.42,6,OL,273.64,7,10.2,274.59,5,14,289.05,5,OL,289.84,4,OL,298.27,7,17,300.93,53,18,305.06,415,19,309.02,573,OL,328.49,8,OL,336.1,8,OL,340,10,,,,,,,,,,,,,,,,,,,,,,,,,,,,,,,,,,,,,,,,,,,,,,,,,,,,,,,,,,,,,,,,,,,,,,,,,,,,,,,,,,,,,,,,,,,,,,,,,,,,,,,,,,,,,,,,,,,,,,,,,,,,,,,,,,,,,,,,,,,,,,,,,,,,,,,,,,,,,,,,,,,,,,,,,,,,,,,,,,,,,,,,,,,,,,,,,,,,,,,,,,,,,,,,,,,,,,,,,,,,,,,,,,,,,,,,,,,,,,,,,,,,,,,,,,,,
D02_RD14-0003-43d2-15-0.125IP-Q1.0_004.20sec.fsa,AMEL,R,X,104.92,769,OL,107.11,3,Y,110.86,455,,,,,,,,,,,,,,,,,,,,,,,,,,,,,,,,,,,,,,,,,,,,,,,,,,,,,,,,,,,,,,,,,,,,,,,,,,,,,,,,,,,,,,,,,,,,,,,,,,,,,,,,,,,,,,,,,,,,,,,,,,,,,,,,,,,,,,,,,,,,,,,,,,,,,,,,,,,,,,,,,,,,,,,,,,,,,,,,,,,,,,,,,,,,,,,,,,,,,,,,,,,,,,,,,,,,,,,,,,,,,,,,,,,,,,,,,,,,,,,,,,,,,,,,,,,,,,,,,,,,,,,,,,,,,,,,,,,,,,,,,,,,,,,,,,,
D02_RD14-0003-43d2-15-0.125IP-Q1.0_004.20sec.fsa,D5S818,R,6,128.45,7,OL,141.39,10,10,144.7,45,11,148.88,791,12,152.99,534,13,157.5,11,OL,158.75,7,17,173.78,6,OL,175.01,5,OL,175.7,4,OL,176.93,18,OL,178.08,9,,,,,,,,,,,,,,,,,,,,,,,,,,,,,,,,,,,,,,,,,,,,,,,,,,,,,,,,,,,,,,,,,,,,,,,,,,,,,,,,,,,,,,,,,,,,,,,,,,,,,,,,,,,,,,,,,,,,,,,,,,,,,,,,,,,,,,,,,,,,,,,,,,,,,,,,,,,,,,,,,,,,,,,,,,,,,,,,,,,,,,,,,,,,,,,,,,,,,,,,,,,,,,,,,,,,,,,,,,,,,,,,,,,,,,,,,,,,,,,,,,,,,,,,,,,,,,,,,,,,,,,,
D02_RD14-0003-43d2-15-0.125IP-Q1.0_004.20sec.fsa,FGA,R,OL,204.57,10,17,213.08,9,17.2,214.55,9,OL,221.63,8,20,224.99,37,21,229.12,436,OL,249.12,6,27,253.47,38,28,257.55,414,OL,264.32,5,OL,268.66,7,32,273.32,7,OL,274.12,7,OL,277.61,7,OL,287.87,5,OL,289.45,5,OL,301.08,13,OL,321.24,11,OL,322.23,7,46.2,332.34,7,OL,338.78,7,51.2,352.97,5,OL,355.45,5,,,,,,,,,,,,,,,,,,,,,,,,,,,,,,,,,,,,,,,,,,,,,,,,,,,,,,,,,,,,,,,,,,,,,,,,,,,,,,,,,,,,,,,,,,,,,,,,,,,,,,,,,,,,,,,,,,,,,,,,,,,,,,,,,,,,,,,,,,,,,,,,,,,,,,,,,,,,,,,,,,,,,,,,,,,,,,,,,,,,,,,,,,,,,,,,,,,,,,,,,,,,,,,,,,,,,,,,,,,,,,,,,,,,,,,
D03_RD14-0003-43d1-30-0.25IP-Q1.4_004.20sec.fsa,D8S1179,B,OL,111.96,4,OL,114.88,7,7,117.88,9,OL,122.45,24,OL,122.82,24,OL,128.29,10,10,129.65,63,11,133.68,1100,12,137.83,95,13,141.97,1724,14,146.15,10,OL,160.78,9,OL,173.21,4,OL,174.47,3,OL,177.31,3,,,,,,,,,,,,,,,,,,,,,,,,,,,,,,,,,,,,,,,,,,,,,,,,,,,,,,,,,,,,,,,,,,,,,,,,,,,,,,,,,,,,,,,,,,,,,,,,,,,,,,,,,,,,,,,,,,,,,,,,,,,,,,,,,,,,,,,,,,,,,,,,,,,,,,,,,,,,,,,,,,,,,,,,,,,,,,,,,,,,,,,,,,,,,,,,,,,,,,,,,,,,,,,,,,,,,,,,,,,,,,,,,,,,,,,,,,,,,,,,,,,,,,,,,,,,,,,
D03_RD14-0003-43d1-30-0.25IP-Q1.4_004.20sec.fsa,D21S11,B,24,182.75,3,24.2,184.77,4,OL,185.58,5,26,190.6,44,26.2,192.62,8,27,194.65,1031,28,198.7,75,28.2,200.71,8,29,202.7,1046,30,206.67,8,31.2,212.64,4,33,219.11,6,34,222.75,3,34.2,224.94,4,35.2,229.1,5,37,234.74,4,OL,240,5,,,,,,,,,,,,,,,,,,,,,,,,,,,,,,,,,,,,,,,,,,,,,,,,,,,,,,,,,,,,,,,,,,,,,,,,,,,,,,,,,,,,,,,,,,,,,,,,,,,,,,,,,,,,,,,,,,,,,,,,,,,,,,,,,,,,,,,,,,,,,,,,,,,,,,,,,,,,,,,,,,,,,,,,,,,,,,,,,,,,,,,,,,,,,,,,,,,,,,,,,,,,,,,,,,,,,,,,,,,,,,,,,,,,,,,,,,,,,,,,,,,,,,,,,
D03_RD14-0003-43d1-30-0.25IP-Q1.4_004.20sec.fsa,D7S820,B,5,249.83,4,7,257.99,30,8,262.06,979,9,266.11,610,10,269.92,4,OL,273.24,6,OL,274.74,2,OL,279.92,5,13,281.9,5,16,293.88,2,,,,,,,,,,,,,,,,,,,,,,,,,,,,,,,,,,,,,,,,,,,,,,,,,,,,,,,,,,,,,,,,,,,,,,,,,,,,,,,,,,,,,,,,,,,,,,,,,,,,,,,,,,,,,,,,,,,,,,,,,,,,,,,,,,,,,,,,,,,,,,,,,,,,,,,,,,,,,,,,,,,,,,,,,,,,,,,,,,,,,,,,,,,,,,,,,,,,,,,,,,,,,,,,,,,,,,,,,,,,,,,,,,,,,,,,,,,,,,,,,,,,,,,,,,,,,,,,,,,,,,,,,,,,,,
D03_RD14-0003-43d1-30-0.25IP-Q1.4_004.20sec.fsa,CSF1PO,B,5,298.59,3,OL,300,4,9,314.53,25,10,318.76,821,11,322.85,49,12,326.81,825,OL,328.71,2,13,330.77,3,OL,333.08,10,OL,337.61,4,OL,340,6,OL,343.38,4,,,,,,,,,,,,,,,,,,,,,,,,,,,,,,,,,,,,,,,,,,,,,,,,,,,,,,,,,,,,,,,,,,,,,,,,,,,,,,,,,,,,,,,,,,,,,,,,,,,,,,,,,,,,,,,,,,,,,,,,,,,,,,,,,,,,,,,,,,,,,,,,,,,,,,,,,,,,,,,,,,,,,,,,,,,,,,,,,,,,,,,,,,,,,,,,,,,,,,,,,,,,,,,,,,,,,,,,,,,,,,,,,,,,,,,,,,,,,,,,,,,,,,,,,,,,,,,,,,,,,,,,
D03_RD14-0003-43d1-30-0.25IP-Q1.4_004.20sec.fsa,D3S1358,G,OL,97.44,4,OL,98.42,3,OL,102.15,4,OL,105.05,7,OL,109.46,5,13,114.44,23,OL,116.05,26,14,118.32,277,15,122.3,4506,16,126.26,28,OL,131.85,5,OL,137.14,4,OL,139.61,5,OL,143.15,13,OL,144.17,4,,,,,,,,,,,,,,,,,,,,,,,,,,,,,,,,,,,,,,,,,,,,,,,,,,,,,,,,,,,,,,,,,,,,,,,,,,,,,,,,,,,,,,,,,,,,,,,,,,,,,,,,,,,,,,,,,,,,,,,,,,,,,,,,,,,,,,,,,,,,,,,,,,,,,,,,,,,,,,,,,,,,,,,,,,,,,,,,,,,,,,,,,,,,,,,,,,,,,,,,,,,,,,,,,,,,,,,,,,,,,,,,,,,,,,,,,,,,,,,,,,,,,,,,,,,,,,,
D03_RD14-0003-43d1-30-0.25IP-Q1.4_004.20sec.fsa,TH01,G,OL,159.52,11,7,172.65,40,8,176.68,1322,8.3,179.6,22,9.3,183.88,2442,13,197.32,3,,,,,,,,,,,,,,,,,,,,,,,,,,,,,,,,,,,,,,,,,,,,,,,,,,,,,,,,,,,,,,,,,,,,,,,,,,,,,,,,,,,,,,,,,,,,,,,,,,,,,,,,,,,,,,,,,,,,,,,,,,,,,,,,,,,,,,,,,,,,,,,,,,,,,,,,,,,,,,,,,,,,,,,,,,,,,,,,,,,,,,,,,,,,,,,,,,,,,,,,,,,,,,,,,,,,,,,,,,,,,,,,,,,,,,,,,,,,,,,,,,,,,,,,,,,,,,,,,,,,,,,,,,,,,,,,,,,,,,,,,,
D03_RD14-0003-43d1-30-0.25IP-Q1.4_004.20sec.fsa,D13S317,G,OL,209.85,3,OL,212.01,5,OL,213.76,6,OL,214.48,4,8,215.13,4,OL,218.46,4,10,223.16,55,11,227.22,1494,12,231.22,1021,13,235.15,19,14,239.51,7,,,,,,,,,,,,,,,,,,,,,,,,,,,,,,,,,,,,,,,,,,,,,,,,,,,,,,,,,,,,,,,,,,,,,,,,,,,,,,,,,,,,,,,,,,,,,,,,,,,,,,,,,,,,,,,,,,,,,,,,,,,,,,,,,,,,,,,,,,,,,,,,,,,,,,,,,,,,,,,,,,,,,,,,,,,,,,,,,,,,,,,,,,,,,,,,,,,,,,,,,,,,,,,,,,,,,,,,,,,,,,,,,,,,,,,,,,,,,,,,,,,,,,,,,,,,,,,,,,,,,,,,,,,
D03_RD14-0003-43d1-30-0.25IP-Q1.4_004.20sec.fsa,D16S539,G,8,263.13,8,9,267.26,140,10,271.24,2273,12,279.67,7,OL,280.58,7,OL,288.51,4,,,,,,,,,,,,,,,,,,,,,,,,,,,,,,,,,,,,,,,,,,,,,,,,,,,,,,,,,,,,,,,,,,,,,,,,,,,,,,,,,,,,,,,,,,,,,,,,,,,,,,,,,,,,,,,,,,,,,,,,,,,,,,,,,,,,,,,,,,,,,,,,,,,,,,,,,,,,,,,,,,,,,,,,,,,,,,,,,,,,,,,,,,,,,,,,,,,,,,,,,,,,,,,,,,,,,,,,,,,,,,,,,,,,,,,,,,,,,,,,,,,,,,,,,,,,,,,,,,,,,,,,,,,,,,,,,,,,,,,,,,
D03_RD14-0003-43d1-30-0.25IP-Q1.4_004.20sec.fsa,D2S1338,G,14,300.49,5,OL,311.2,4,17,312.81,11,18,316.9,147,19,321.04,790,20,324.92,16,21,329.14,182,22,333.08,962,OL,339.4,13,OL,360.78,5,,,,,,,,,,,,,,,,,,,,,,,,,,,,,,,,,,,,,,,,,,,,,,,,,,,,,,,,,,,,,,,,,,,,,,,,,,,,,,,,,,,,,,,,,,,,,,,,,,,,,,,,,,,,,,,,,,,,,,,,,,,,,,,,,,,,,,,,,,,,,,,,,,,,,,,,,,,,,,,,,,,,,,,,,,,,,,,,,,,,,,,,,,,,,,,,,,,,,,,,,,,,,,,,,,,,,,,,,,,,,,,,,,,,,,,,,,,,,,,,,,,,,,,,,,,,,,,,,,,,,,,,,,,,,,
D03_RD14-0003-43d1-30-0.25IP-Q1.4_004.20sec.fsa,D19S433,Y,OL,98.04,8,OL,101.07,8,10.2,105.74,8,OL,107.34,7,11.2,110.22,19,12.2,114.29,110,13,116.2,69,13.2,118.17,1510,14,120.15,1354,OL,128.97,10,OL,131.32,10,OL,136.9,7,OL,137.6,5,OL,139.22,6,OL,139.92,11,,,,,,,,,,,,,,,,,,,,,,,,,,,,,,,,,,,,,,,,,,,,,,,,,,,,,,,,,,,,,,,,,,,,,,,,,,,,,,,,,,,,,,,,,,,,,,,,,,,,,,,,,,,,,,,,,,,,,,,,,,,,,,,,,,,,,,,,,,,,,,,,,,,,,,,,,,,,,,,,,,,,,,,,,,,,,,,,,,,,,,,,,,,,,,,,,,,,,,,,,,,,,,,,,,,,,,,,,,,,,,,,,,,,,,,,,,,,,,,,,,,,,,,,,,,,,,,
D03_RD14-0003-43d1-30-0.25IP-Q1.4_004.20sec.fsa,vWA,Y,OL,149.79,6,11,152.02,15,OL,152.89,17,12,155.76,44,13,160,1661,OL,166.04,9,16,172.26,143,17,176.28,1664,19,184.85,9,20,188.41,11,,,,,,,,,,,,,,,,,,,,,,,,,,,,,,,,,,,,,,,,,,,,,,,,,,,,,,,,,,,,,,,,,,,,,,,,,,,,,,,,,,,,,,,,,,,,,,,,,,,,,,,,,,,,,,,,,,,,,,,,,,,,,,,,,,,,,,,,,,,,,,,,,,,,,,,,,,,,,,,,,,,,,,,,,,,,,,,,,,,,,,,,,,,,,,,,,,,,,,,,,,,,,,,,,,,,,,,,,,,,,,,,,,,,,,,,,,,,,,,,,,,,,,,,,,,,,,,,,,,,,,,,,,,,,,
D03_RD14-0003-43d1-30-0.25IP-Q1.4_004.20sec.fsa,TPOX,Y,7,224.54,17,8,228.69,913,10,236.71,61,11,240.84,1347,OL,247.18,10,14,252.91,7,OL,254.52,10,OL,256.94,13,,,,,,,,,,,,,,,,,,,,,,,,,,,,,,,,,,,,,,,,,,,,,,,,,,,,,,,,,,,,,,,,,,,,,,,,,,,,,,,,,,,,,,,,,,,,,,,,,,,,,,,,,,,,,,,,,,,,,,,,,,,,,,,,,,,,,,,,,,,,,,,,,,,,,,,,,,,,,,,,,,,,,,,,,,,,,,,,,,,,,,,,,,,,,,,,,,,,,,,,,,,,,,,,,,,,,,,,,,,,,,,,,,,,,,,,,,,,,,,,,,,,,,,,,,,,,,,,,,,,,,,,,,,,,,,,,,,,
D03_RD14-0003-43d1-30-0.25IP-Q1.4_004.20sec.fsa,D18S51,Y,OL,262.47,6,OL,263.46,6,9,268.51,9,10,273.24,10,OL,281.9,7,OL,283.88,10,16,297.1,7,17,301.06,52,17.2,303.11,4,18,305.1,517,19,309.1,957,OL,328.96,6,OL,331.54,10,OL,336.07,4,,,,,,,,,,,,,,,,,,,,,,,,,,,,,,,,,,,,,,,,,,,,,,,,,,,,,,,,,,,,,,,,,,,,,,,,,,,,,,,,,,,,,,,,,,,,,,,,,,,,,,,,,,,,,,,,,,,,,,,,,,,,,,,,,,,,,,,,,,,,,,,,,,,,,,,,,,,,,,,,,,,,,,,,,,,,,,,,,,,,,,,,,,,,,,,,,,,,,,,,,,,,,,,,,,,,,,,,,,,,,,,,,,,,,,,,,,,,,,,,,,,,,,,,,,,,,,,,,,
D03_RD14-0003-43d1-30-0.25IP-Q1.4_004.20sec.fsa,AMEL,R,X,104.9,1829,Y,110.83,1771,,,,,,,,,,,,,,,,,,,,,,,,,,,,,,,,,,,,,,,,,,,,,,,,,,,,,,,,,,,,,,,,,,,,,,,,,,,,,,,,,,,,,,,,,,,,,,,,,,,,,,,,,,,,,,,,,,,,,,,,,,,,,,,,,,,,,,,,,,,,,,,,,,,,,,,,,,,,,,,,,,,,,,,,,,,,,,,,,,,,,,,,,,,,,,,,,,,,,,,,,,,,,,,,,,,,,,,,,,,,,,,,,,,,,,,,,,,,,,,,,,,,,,,,,,,,,,,,,,,,,,,,,,,,,,,,,,,,,,,,,,,,,,,,,,,,,,
D03_RD14-0003-43d1-30-0.25IP-Q1.4_004.20sec.fsa,D5S818,R,OL,134.91,6,10,144.73,60,11,148.92,1393,12,152.97,1594,OL,176.6,11,OL,177.23,11,,,,,,,,,,,,,,,,,,,,,,,,,,,,,,,,,,,,,,,,,,,,,,,,,,,,,,,,,,,,,,,,,,,,,,,,,,,,,,,,,,,,,,,,,,,,,,,,,,,,,,,,,,,,,,,,,,,,,,,,,,,,,,,,,,,,,,,,,,,,,,,,,,,,,,,,,,,,,,,,,,,,,,,,,,,,,,,,,,,,,,,,,,,,,,,,,,,,,,,,,,,,,,,,,,,,,,,,,,,,,,,,,,,,,,,,,,,,,,,,,,,,,,,,,,,,,,,,,,,,,,,,,,,,,,,,,,,,,,,,,,
D03_RD14-0003-43d1-30-0.25IP-Q1.4_004.20sec.fsa,FGA,R,OL,205.88,7,OL,211.61,7,17,213.2,13,18.2,218.62,8,19,220.97,8,20,225.03,54,21,229.1,953,25,245.51,7,26.2,251.38,5,27,253.56,56,OL,254.85,3,28,257.59,739,29,261.15,11,31,269.58,6,OL,279.16,6,OL,313.23,6,OL,329.74,6,47.2,336.33,7,OL,341.21,10,OL,342.08,6,OL,343.04,10,OL,354.16,7,OL,356.77,4,,,,,,,,,,,,,,,,,,,,,,,,,,,,,,,,,,,,,,,,,,,,,,,,,,,,,,,,,,,,,,,,,,,,,,,,,,,,,,,,,,,,,,,,,,,,,,,,,,,,,,,,,,,,,,,,,,,,,,,,,,,,,,,,,,,,,,,,,,,,,,,,,,,,,,,,,,,,,,,,,,,,,,,,,,,,,,,,,,,,,,,,,,,,,,,,,,,,,,,,,,,,,,,,,,,,,,,,,,,,,,,,,,,,,,,
D04_RD14-0003-43d1-45-0.25IP-Q1.3_004.20sec.fsa,D8S1179,B,OL,114.67,5,7,117.63,2,OL,122.9,22,10,129.67,93,11,133.78,1731,12,137.92,84,13,142.04,1611,14,145.99,7,17,158.48,7,OL,169.07,2,OL,169.94,3,OL,177.62,3,,,,,,,,,,,,,,,,,,,,,,,,,,,,,,,,,,,,,,,,,,,,,,,,,,,,,,,,,,,,,,,,,,,,,,,,,,,,,,,,,,,,,,,,,,,,,,,,,,,,,,,,,,,,,,,,,,,,,,,,,,,,,,,,,,,,,,,,,,,,,,,,,,,,,,,,,,,,,,,,,,,,,,,,,,,,,,,,,,,,,,,,,,,,,,,,,,,,,,,,,,,,,,,,,,,,,,,,,,,,,,,,,,,,,,,,,,,,,,,,,,,,,,,,,,,,,,,,,,,,,,,,
D04_RD14-0003-43d1-45-0.25IP-Q1.3_004.20sec.fsa,D21S11,B,24.2,184.85,3,26,190.51,50,27,194.57,1041,28,198.62,58,29,202.63,713,OL,214.16,4,OL,215.56,3,OL,220.08,4,OL,233.66,7,OL,234.48,3,,,,,,,,,,,,,,,,,,,,,,,,,,,,,,,,,,,,,,,,,,,,,,,,,,,,,,,,,,,,,,,,,,,,,,,,,,,,,,,,,,,,,,,,,,,,,,,,,,,,,,,,,,,,,,,,,,,,,,,,,,,,,,,,,,,,,,,,,,,,,,,,,,,,,,,,,,,,,,,,,,,,,,,,,,,,,,,,,,,,,,,,,,,,,,,,,,,,,,,,,,,,,,,,,,,,,,,,,,,,,,,,,,,,,,,,,,,,,,,,,,,,,,,,,,,,,,,,,,,,,,,,,,,,,,
D04_RD14-0003-43d1-45-0.25IP-Q1.3_004.20sec.fsa,D7S820,B,OL,255.38,2,7,258.06,28,8,262.07,493,9,266.05,640,10,270.21,2,OL,270.96,6,OL,272.88,4,OL,279.83,4,14,285.83,3,,,,,,,,,,,,,,,,,,,,,,,,,,,,,,,,,,,,,,,,,,,,,,,,,,,,,,,,,,,,,,,,,,,,,,,,,,,,,,,,,,,,,,,,,,,,,,,,,,,,,,,,,,,,,,,,,,,,,,,,,,,,,,,,,,,,,,,,,,,,,,,,,,,,,,,,,,,,,,,,,,,,,,,,,,,,,,,,,,,,,,,,,,,,,,,,,,,,,,,,,,,,,,,,,,,,,,,,,,,,,,,,,,,,,,,,,,,,,,,,,,,,,,,,,,,,,,,,,,,,,,,,,,,,,,,,,
D04_RD14-0003-43d1-45-0.25IP-Q1.3_004.20sec.fsa,CSF1PO,B,9,314.53,27,10,318.65,752,11,322.8,41,12,326.82,714,OL,328.74,6,OL,333.17,5,15,339.05,3,OL,340.09,7,OL,343.85,4,,,,,,,,,,,,,,,,,,,,,,,,,,,,,,,,,,,,,,,,,,,,,,,,,,,,,,,,,,,,,,,,,,,,,,,,,,,,,,,,,,,,,,,,,,,,,,,,,,,,,,,,,,,,,,,,,,,,,,,,,,,,,,,,,,,,,,,,,,,,,,,,,,,,,,,,,,,,,,,,,,,,,,,,,,,,,,,,,,,,,,,,,,,,,,,,,,,,,,,,,,,,,,,,,,,,,,,,,,,,,,,,,,,,,,,,,,,,,,,,,,,,,,,,,,,,,,,,,,,,,,,,,,,,,,,,,
D04_RD14-0003-43d1-45-0.25IP-Q1.3_004.20sec.fsa,D3S1358,G,OL,94.37,8,OL,116.22,9,14,118.3,230,15,122.38,4018,16,126.2,19,16.2,128.84,4,18.2,136,7,,,,,,,,,,,,,,,,,,,,,,,,,,,,,,,,,,,,,,,,,,,,,,,,,,,,,,,,,,,,,,,,,,,,,,,,,,,,,,,,,,,,,,,,,,,,,,,,,,,,,,,,,,,,,,,,,,,,,,,,,,,,,,,,,,,,,,,,,,,,,,,,,,,,,,,,,,,,,,,,,,,,,,,,,,,,,,,,,,,,,,,,,,,,,,,,,,,,,,,,,,,,,,,,,,,,,,,,,,,,,,,,,,,,,,,,,,,,,,,,,,,,,,,,,,,,,,,,,,,,,,,,,,,,,,,,,,,,,,,
D04_RD14-0003-43d1-45-0.25IP-Q1.3_004.20sec.fsa,TH01,G,3,156.96,5,OL,159.68,12,OL,161.73,5,7,172.62,42,8,176.67,2010,8.3,179.68,21,9,180.73,5,9.3,183.8,1917,12,193.43,3,OL,194.4,3,OL,198.54,4,13.3,200.72,6,,,,,,,,,,,,,,,,,,,,,,,,,,,,,,,,,,,,,,,,,,,,,,,,,,,,,,,,,,,,,,,,,,,,,,,,,,,,,,,,,,,,,,,,,,,,,,,,,,,,,,,,,,,,,,,,,,,,,,,,,,,,,,,,,,,,,,,,,,,,,,,,,,,,,,,,,,,,,,,,,,,,,,,,,,,,,,,,,,,,,,,,,,,,,,,,,,,,,,,,,,,,,,,,,,,,,,,,,,,,,,,,,,,,,,,,,,,,,,,,,,,,,,,,,,,,,,,,,,,,,,,,
D04_RD14-0003-43d1-45-0.25IP-Q1.3_004.20sec.fsa,D13S317,G,OL,205.42,3,OL,206.06,3,OL,208.06,4,OL,213.28,6,10,223.18,31,11,227.18,962,12,231.28,1462,OL,237.44,3,OL,241.6,4,,,,,,,,,,,,,,,,,,,,,,,,,,,,,,,,,,,,,,,,,,,,,,,,,,,,,,,,,,,,,,,,,,,,,,,,,,,,,,,,,,,,,,,,,,,,,,,,,,,,,,,,,,,,,,,,,,,,,,,,,,,,,,,,,,,,,,,,,,,,,,,,,,,,,,,,,,,,,,,,,,,,,,,,,,,,,,,,,,,,,,,,,,,,,,,,,,,,,,,,,,,,,,,,,,,,,,,,,,,,,,,,,,,,,,,,,,,,,,,,,,,,,,,,,,,,,,,,,,,,,,,,,,,,,,,,,
D04_RD14-0003-43d1-45-0.25IP-Q1.3_004.20sec.fsa,D16S539,G,7,259.51,5,OL,260.41,7,9,267.21,115,OL,269.46,12,10,271.21,2577,11,275.14,9,OL,280.5,3,OL,285.74,3,OL,291.74,5,OL,292.41,4,,,,,,,,,,,,,,,,,,,,,,,,,,,,,,,,,,,,,,,,,,,,,,,,,,,,,,,,,,,,,,,,,,,,,,,,,,,,,,,,,,,,,,,,,,,,,,,,,,,,,,,,,,,,,,,,,,,,,,,,,,,,,,,,,,,,,,,,,,,,,,,,,,,,,,,,,,,,,,,,,,,,,,,,,,,,,,,,,,,,,,,,,,,,,,,,,,,,,,,,,,,,,,,,,,,,,,,,,,,,,,,,,,,,,,,,,,,,,,,,,,,,,,,,,,,,,,,,,,,,,,,,,,,,,,
D04_RD14-0003-43d1-45-0.25IP-Q1.3_004.20sec.fsa,D2S1338,G,OL,302.3,5,OL,303.37,5,OL,307.63,5,OL,312.12,2,OL,314.53,3,18,316.95,30,OL,319.19,6,19,321.05,490,21,329.18,53,22,333.08,503,23,337.15,3,OL,339.57,5,OL,346.92,5,26,348.76,5,OL,359.56,7,OL,362.44,5,OL,364.02,5,,,,,,,,,,,,,,,,,,,,,,,,,,,,,,,,,,,,,,,,,,,,,,,,,,,,,,,,,,,,,,,,,,,,,,,,,,,,,,,,,,,,,,,,,,,,,,,,,,,,,,,,,,,,,,,,,,,,,,,,,,,,,,,,,,,,,,,,,,,,,,,,,,,,,,,,,,,,,,,,,,,,,,,,,,,,,,,,,,,,,,,,,,,,,,,,,,,,,,,,,,,,,,,,,,,,,,,,,,,,,,,,,,,,,,,,,,,,,,,,,,,,,,,,,
D04_RD14-0003-43d1-45-0.25IP-Q1.3_004.20sec.fsa,D19S433,Y,OL,94.89,15,10,103.89,12,12,111.8,11,OL,113.17,10,12.2,114.22,111,13,116.22,112,13.2,118.22,1705,14,120.15,1985,18,136.3,6,OL,140.16,6,,,,,,,,,,,,,,,,,,,,,,,,,,,,,,,,,,,,,,,,,,,,,,,,,,,,,,,,,,,,,,,,,,,,,,,,,,,,,,,,,,,,,,,,,,,,,,,,,,,,,,,,,,,,,,,,,,,,,,,,,,,,,,,,,,,,,,,,,,,,,,,,,,,,,,,,,,,,,,,,,,,,,,,,,,,,,,,,,,,,,,,,,,,,,,,,,,,,,,,,,,,,,,,,,,,,,,,,,,,,,,,,,,,,,,,,,,,,,,,,,,,,,,,,,,,,,,,,,,,,,,,,,,,,,,
D04_RD14-0003-43d1-45-0.25IP-Q1.3_004.20sec.fsa,vWA,Y,OL,146.86,10,10,148.28,11,12,155.84,57,13,160,1229,OL,165.75,10,16,172.23,57,17,176.27,830,OL,185.74,7,OL,200,14,OL,201.91,10,,,,,,,,,,,,,,,,,,,,,,,,,,,,,,,,,,,,,,,,,,,,,,,,,,,,,,,,,,,,,,,,,,,,,,,,,,,,,,,,,,,,,,,,,,,,,,,,,,,,,,,,,,,,,,,,,,,,,,,,,,,,,,,,,,,,,,,,,,,,,,,,,,,,,,,,,,,,,,,,,,,,,,,,,,,,,,,,,,,,,,,,,,,,,,,,,,,,,,,,,,,,,,,,,,,,,,,,,,,,,,,,,,,,,,,,,,,,,,,,,,,,,,,,,,,,,,,,,,,,,,,,,,,,,,
D04_RD14-0003-43d1-45-0.25IP-Q1.3_004.20sec.fsa,TPOX,Y,OL,214.08,12,OL,218.85,5,OL,222.52,5,7,224.65,17,8,228.65,861,10,236.7,75,11,240.67,1312,OL,253.99,8,OL,256.35,6,,,,,,,,,,,,,,,,,,,,,,,,,,,,,,,,,,,,,,,,,,,,,,,,,,,,,,,,,,,,,,,,,,,,,,,,,,,,,,,,,,,,,,,,,,,,,,,,,,,,,,,,,,,,,,,,,,,,,,,,,,,,,,,,,,,,,,,,,,,,,,,,,,,,,,,,,,,,,,,,,,,,,,,,,,,,,,,,,,,,,,,,,,,,,,,,,,,,,,,,,,,,,,,,,,,,,,,,,,,,,,,,,,,,,,,,,,,,,,,,,,,,,,,,,,,,,,,,,,,,,,,,,,,,,,,,,
D04_RD14-0003-43d1-45-0.25IP-Q1.3_004.20sec.fsa,D18S51,Y,OL,268.04,5,10,272.96,4,13.2,287.08,8,14,288.91,10,17,301.07,89,18,305.03,1061,19,309.06,500,21.2,319.1,11,23.2,328.04,3,27,341.75,8,OL,342.54,6,OL,345.43,8,,,,,,,,,,,,,,,,,,,,,,,,,,,,,,,,,,,,,,,,,,,,,,,,,,,,,,,,,,,,,,,,,,,,,,,,,,,,,,,,,,,,,,,,,,,,,,,,,,,,,,,,,,,,,,,,,,,,,,,,,,,,,,,,,,,,,,,,,,,,,,,,,,,,,,,,,,,,,,,,,,,,,,,,,,,,,,,,,,,,,,,,,,,,,,,,,,,,,,,,,,,,,,,,,,,,,,,,,,,,,,,,,,,,,,,,,,,,,,,,,,,,,,,,,,,,,,,,,,,,,,,,
D04_RD14-0003-43d1-45-0.25IP-Q1.3_004.20sec.fsa,AMEL,R,X,104.88,1150,Y,110.82,1206,,,,,,,,,,,,,,,,,,,,,,,,,,,,,,,,,,,,,,,,,,,,,,,,,,,,,,,,,,,,,,,,,,,,,,,,,,,,,,,,,,,,,,,,,,,,,,,,,,,,,,,,,,,,,,,,,,,,,,,,,,,,,,,,,,,,,,,,,,,,,,,,,,,,,,,,,,,,,,,,,,,,,,,,,,,,,,,,,,,,,,,,,,,,,,,,,,,,,,,,,,,,,,,,,,,,,,,,,,,,,,,,,,,,,,,,,,,,,,,,,,,,,,,,,,,,,,,,,,,,,,,,,,,,,,,,,,,,,,,,,,,,,,,,,,,,,,
D04_RD14-0003-43d1-45-0.25IP-Q1.3_004.20sec.fsa,D5S818,R,6,128.39,6,OL,137.22,7,OL,138.3,8,10,144.72,70,OL,146.38,5,11,148.92,1183,12,152.97,1016,OL,155.6,5,13,157.12,14,14,160.87,10,OL,162.44,3,OL,172.86,7,OL,175,6,,,,,,,,,,,,,,,,,,,,,,,,,,,,,,,,,,,,,,,,,,,,,,,,,,,,,,,,,,,,,,,,,,,,,,,,,,,,,,,,,,,,,,,,,,,,,,,,,,,,,,,,,,,,,,,,,,,,,,,,,,,,,,,,,,,,,,,,,,,,,,,,,,,,,,,,,,,,,,,,,,,,,,,,,,,,,,,,,,,,,,,,,,,,,,,,,,,,,,,,,,,,,,,,,,,,,,,,,,,,,,,,,,,,,,,,,,,,,,,,,,,,,,,,,,,,,,,,,,,,,
D04_RD14-0003-43d1-45-0.25IP-Q1.3_004.20sec.fsa,FGA,R,OL,206.3,6,17,212.63,14,17.2,215.07,9,OL,223.75,7,20,225.05,65,21,229.06,879,OL,235.88,10,25,245.47,11,27,253.59,56,28,257.57,851,30.2,267.71,7,32,273.97,9,32.2,275.64,7,OL,276.31,9,OL,287.82,9,OL,295.08,6,OL,343.24,8,OL,355.34,4,,,,,,,,,,,,,,,,,,,,,,,,,,,,,,,,,,,,,,,,,,,,,,,,,,,,,,,,,,,,,,,,,,,,,,,,,,,,,,,,,,,,,,,,,,,,,,,,,,,,,,,,,,,,,,,,,,,,,,,,,,,,,,,,,,,,,,,,,,,,,,,,,,,,,,,,,,,,,,,,,,,,,,,,,,,,,,,,,,,,,,,,,,,,,,,,,,,,,,,,,,,,,,,,,,,,,,,,,,,,,,,,,,,,,,,,,,,,,,,,,,,,,,
D06_RD14-0003-44d3a-0.0078IP-Q0.9_004.20sec.fsa,D8S1179,B,OL,113.84,7,7,117.57,5,OL,118.26,5,OL,119.09,4,OL,124.22,28,OL,130.52,4,OL,132.32,10,11,133.81,3,OL,135.55,7,OL,152.61,4,OL,156.3,3,17,158.35,3,OL,160.73,14,OL,163.88,15,OL,175.13,20,,,,,,,,,,,,,,,,,,,,,,,,,,,,,,,,,,,,,,,,,,,,,,,,,,,,,,,,,,,,,,,,,,,,,,,,,,,,,,,,,,,,,,,,,,,,,,,,,,,,,,,,,,,,,,,,,,,,,,,,,,,,,,,,,,,,,,,,,,,,,,,,,,,,,,,,,,,,,,,,,,,,,,,,,,,,,,,,,,,,,,,,,,,,,,,,,,,,,,,,,,,,,,,,,,,,,,,,,,,,,,,,,,,,,,,,,,,,,,,,,,,,,,,,,,,,,,,
D06_RD14-0003-44d3a-0.0078IP-Q0.9_004.20sec.fsa,D21S11,B,OL,197.68,4,OL,199.83,5,OL,207.55,18,32.2,216.83,4,OL,220,5,OL,221.81,2,OL,225.43,6,OL,227.5,4,,,,,,,,,,,,,,,,,,,,,,,,,,,,,,,,,,,,,,,,,,,,,,,,,,,,,,,,,,,,,,,,,,,,,,,,,,,,,,,,,,,,,,,,,,,,,,,,,,,,,,,,,,,,,,,,,,,,,,,,,,,,,,,,,,,,,,,,,,,,,,,,,,,,,,,,,,,,,,,,,,,,,,,,,,,,,,,,,,,,,,,,,,,,,,,,,,,,,,,,,,,,,,,,,,,,,,,,,,,,,,,,,,,,,,,,,,,,,,,,,,,,,,,,,,,,,,,,,,,,,,,,,,,,,,,,,,,,
D06_RD14-0003-44d3a-0.0078IP-Q0.9_004.20sec.fsa,D7S820,B,OL,247.38,3,OL,258.87,5,OL,271.92,5,OL,275.33,6,OL,280.08,7,OL,283.31,4,OL,287.69,5,OL,292.07,3,,,,,,,,,,,,,,,,,,,,,,,,,,,,,,,,,,,,,,,,,,,,,,,,,,,,,,,,,,,,,,,,,,,,,,,,,,,,,,,,,,,,,,,,,,,,,,,,,,,,,,,,,,,,,,,,,,,,,,,,,,,,,,,,,,,,,,,,,,,,,,,,,,,,,,,,,,,,,,,,,,,,,,,,,,,,,,,,,,,,,,,,,,,,,,,,,,,,,,,,,,,,,,,,,,,,,,,,,,,,,,,,,,,,,,,,,,,,,,,,,,,,,,,,,,,,,,,,,,,,,,,,,,,,,,,,,,,,
D06_RD14-0003-44d3a-0.0078IP-Q0.9_004.20sec.fsa,CSF1PO,B,OL,302.03,4,OL,309.21,4,8,310.38,4,OL,312.48,3,OL,314,8,OL,320,4,OL,326.16,5,OL,328.12,6,OL,336.23,3,OL,337.99,4,OL,339.92,7,,,,,,,,,,,,,,,,,,,,,,,,,,,,,,,,,,,,,,,,,,,,,,,,,,,,,,,,,,,,,,,,,,,,,,,,,,,,,,,,,,,,,,,,,,,,,,,,,,,,,,,,,,,,,,,,,,,,,,,,,,,,,,,,,,,,,,,,,,,,,,,,,,,,,,,,,,,,,,,,,,,,,,,,,,,,,,,,,,,,,,,,,,,,,,,,,,,,,,,,,,,,,,,,,,,,,,,,,,,,,,,,,,,,,,,,,,,,,,,,,,,,,,,,,,,,,,,,,,,,,,,,,,,
D06_RD14-0003-44d3a-0.0078IP-Q0.9_004.20sec.fsa,D3S1358,G,OL,99.45,5,OL,107.39,9,OL,116.21,21,OL,116.97,19,15,122.38,106,16,126.47,81,17,130.36,11,OL,133.42,11,OL,135.08,5,OL,141.05,6,OL,143.81,4,,,,,,,,,,,,,,,,,,,,,,,,,,,,,,,,,,,,,,,,,,,,,,,,,,,,,,,,,,,,,,,,,,,,,,,,,,,,,,,,,,,,,,,,,,,,,,,,,,,,,,,,,,,,,,,,,,,,,,,,,,,,,,,,,,,,,,,,,,,,,,,,,,,,,,,,,,,,,,,,,,,,,,,,,,,,,,,,,,,,,,,,,,,,,,,,,,,,,,,,,,,,,,,,,,,,,,,,,,,,,,,,,,,,,,,,,,,,,,,,,,,,,,,,,,,,,,,,,,,,,,,,,,,
D06_RD14-0003-44d3a-0.0078IP-Q0.9_004.20sec.fsa,TH01,G,OL,161.78,33,OL,169.22,12,OL,169.94,4,OL,179.19,5,9.3,184.13,11,OL,187.19,6,12,192.56,6,13,197.44,26,OL,199.59,8,,,,,,,,,,,,,,,,,,,,,,,,,,,,,,,,,,,,,,,,,,,,,,,,,,,,,,,,,,,,,,,,,,,,,,,,,,,,,,,,,,,,,,,,,,,,,,,,,,,,,,,,,,,,,,,,,,,,,,,,,,,,,,,,,,,,,,,,,,,,,,,,,,,,,,,,,,,,,,,,,,,,,,,,,,,,,,,,,,,,,,,,,,,,,,,,,,,,,,,,,,,,,,,,,,,,,,,,,,,,,,,,,,,,,,,,,,,,,,,,,,,,,,,,,,,,,,,,,,,,,,,,,,,,,,,,,
D06_RD14-0003-44d3a-0.0078IP-Q0.9_004.20sec.fsa,D13S317,G,OL,207.39,13,OL,212.53,5,8,215.16,170,OL,220.41,9,OL,222.47,6,OL,226.59,5,OL,237.43,7,,,,,,,,,,,,,,,,,,,,,,,,,,,,,,,,,,,,,,,,,,,,,,,,,,,,,,,,,,,,,,,,,,,,,,,,,,,,,,,,,,,,,,,,,,,,,,,,,,,,,,,,,,,,,,,,,,,,,,,,,,,,,,,,,,,,,,,,,,,,,,,,,,,,,,,,,,,,,,,,,,,,,,,,,,,,,,,,,,,,,,,,,,,,,,,,,,,,,,,,,,,,,,,,,,,,,,,,,,,,,,,,,,,,,,,,,,,,,,,,,,,,,,,,,,,,,,,,,,,,,,,,,,,,,,,,,,,,,,,
D06_RD14-0003-44d3a-0.0078IP-Q0.9_004.20sec.fsa,D16S539,G,OL,254.65,3,OL,264.63,6,OL,270.01,5,OL,273.75,5,OL,276.75,4,12,279.25,7,14,287.19,6,OL,289.26,6,16,295.04,5,,,,,,,,,,,,,,,,,,,,,,,,,,,,,,,,,,,,,,,,,,,,,,,,,,,,,,,,,,,,,,,,,,,,,,,,,,,,,,,,,,,,,,,,,,,,,,,,,,,,,,,,,,,,,,,,,,,,,,,,,,,,,,,,,,,,,,,,,,,,,,,,,,,,,,,,,,,,,,,,,,,,,,,,,,,,,,,,,,,,,,,,,,,,,,,,,,,,,,,,,,,,,,,,,,,,,,,,,,,,,,,,,,,,,,,,,,,,,,,,,,,,,,,,,,,,,,,,,,,,,,,,,,,,,,,,,
D06_RD14-0003-44d3a-0.0078IP-Q0.9_004.20sec.fsa,D2S1338,G,OL,303.91,7,16,308.46,5,OL,311.13,7,18,316.82,6,OL,319.56,6,19,320.69,5,OL,322.49,6,21,329.22,4,23,337.07,7,OL,337.74,4,OL,339.58,12,OL,342.22,4,OL,359.32,7,,,,,,,,,,,,,,,,,,,,,,,,,,,,,,,,,,,,,,,,,,,,,,,,,,,,,,,,,,,,,,,,,,,,,,,,,,,,,,,,,,,,,,,,,,,,,,,,,,,,,,,,,,,,,,,,,,,,,,,,,,,,,,,,,,,,,,,,,,,,,,,,,,,,,,,,,,,,,,,,,,,,,,,,,,,,,,,,,,,,,,,,,,,,,,,,,,,,,,,,,,,,,,,,,,,,,,,,,,,,,,,,,,,,,,,,,,,,,,,,,,,,,,,,,,,,,,,,,,,,,
D06_RD14-0003-44d3a-0.0078IP-Q0.9_004.20sec.fsa,D19S433,Y,9,100.16,16,11,108.49,8,11.2,109.68,10,OL,110.86,6,12,112.27,6,14,119.92,7,OL,128.95,4,17,132.48,12,17.2,134.21,11,OL,135.39,15,18.2,138.01,8,,,,,,,,,,,,,,,,,,,,,,,,,,,,,,,,,,,,,,,,,,,,,,,,,,,,,,,,,,,,,,,,,,,,,,,,,,,,,,,,,,,,,,,,,,,,,,,,,,,,,,,,,,,,,,,,,,,,,,,,,,,,,,,,,,,,,,,,,,,,,,,,,,,,,,,,,,,,,,,,,,,,,,,,,,,,,,,,,,,,,,,,,,,,,,,,,,,,,,,,,,,,,,,,,,,,,,,,,,,,,,,,,,,,,,,,,,,,,,,,,,,,,,,,,,,,,,,,,,,,,,,,,,,
D06_RD14-0003-44d3a-0.0078IP-Q0.9_004.20sec.fsa,vWA,Y,OL,146.9,11,10,148.12,10,OL,150.89,8,OL,158.35,16,13,160.4,19,OL,175.37,14,17,176.18,12,20,188.51,75,24,204.95,8,25,209.43,10,,,,,,,,,,,,,,,,,,,,,,,,,,,,,,,,,,,,,,,,,,,,,,,,,,,,,,,,,,,,,,,,,,,,,,,,,,,,,,,,,,,,,,,,,,,,,,,,,,,,,,,,,,,,,,,,,,,,,,,,,,,,,,,,,,,,,,,,,,,,,,,,,,,,,,,,,,,,,,,,,,,,,,,,,,,,,,,,,,,,,,,,,,,,,,,,,,,,,,,,,,,,,,,,,,,,,,,,,,,,,,,,,,,,,,,,,,,,,,,,,,,,,,,,,,,,,,,,,,,,,,,,,,,,,,
D06_RD14-0003-44d3a-0.0078IP-Q0.9_004.20sec.fsa,TPOX,Y,OL,214.08,9,OL,227.5,10,OL,237.84,8,11,240.85,68,13,249.58,7,OL,250.33,11,14,253.1,4,,,,,,,,,,,,,,,,,,,,,,,,,,,,,,,,,,,,,,,,,,,,,,,,,,,,,,,,,,,,,,,,,,,,,,,,,,,,,,,,,,,,,,,,,,,,,,,,,,,,,,,,,,,,,,,,,,,,,,,,,,,,,,,,,,,,,,,,,,,,,,,,,,,,,,,,,,,,,,,,,,,,,,,,,,,,,,,,,,,,,,,,,,,,,,,,,,,,,,,,,,,,,,,,,,,,,,,,,,,,,,,,,,,,,,,,,,,,,,,,,,,,,,,,,,,,,,,,,,,,,,,,,,,,,,,,,,,,,,,
D06_RD14-0003-44d3a-0.0078IP-Q0.9_004.20sec.fsa,D18S51,Y,OL,276.16,8,11,277.41,14,12,281.16,56,16.2,298.84,9,OL,299.92,7,17.2,302.85,6,OL,314.09,10,20.2,314.97,12,OL,320,8,23,325.99,6,24,329.56,7,OL,338.83,11,OL,344.02,6,OL,346.07,8,,,,,,,,,,,,,,,,,,,,,,,,,,,,,,,,,,,,,,,,,,,,,,,,,,,,,,,,,,,,,,,,,,,,,,,,,,,,,,,,,,,,,,,,,,,,,,,,,,,,,,,,,,,,,,,,,,,,,,,,,,,,,,,,,,,,,,,,,,,,,,,,,,,,,,,,,,,,,,,,,,,,,,,,,,,,,,,,,,,,,,,,,,,,,,,,,,,,,,,,,,,,,,,,,,,,,,,,,,,,,,,,,,,,,,,,,,,,,,,,,,,,,,,,,,,,,,,,,,
D06_RD14-0003-44d3a-0.0078IP-Q0.9_004.20sec.fsa,AMEL,R,OL,107.39,9,OL,108.97,16,OL,110.07,8,,,,,,,,,,,,,,,,,,,,,,,,,,,,,,,,,,,,,,,,,,,,,,,,,,,,,,,,,,,,,,,,,,,,,,,,,,,,,,,,,,,,,,,,,,,,,,,,,,,,,,,,,,,,,,,,,,,,,,,,,,,,,,,,,,,,,,,,,,,,,,,,,,,,,,,,,,,,,,,,,,,,,,,,,,,,,,,,,,,,,,,,,,,,,,,,,,,,,,,,,,,,,,,,,,,,,,,,,,,,,,,,,,,,,,,,,,,,,,,,,,,,,,,,,,,,,,,,,,,,,,,,,,,,,,,,,,,,,,,,,,,,,,,,,,,
D06_RD14-0003-44d3a-0.0078IP-Q0.9_004.20sec.fsa,D5S818,R,OL,129.42,9,OL,138.88,9,OL,143.24,8,10,144.7,7,11,148.94,56,OL,174.24,4,OL,175.13,13,OL,177.16,9,,,,,,,,,,,,,,,,,,,,,,,,,,,,,,,,,,,,,,,,,,,,,,,,,,,,,,,,,,,,,,,,,,,,,,,,,,,,,,,,,,,,,,,,,,,,,,,,,,,,,,,,,,,,,,,,,,,,,,,,,,,,,,,,,,,,,,,,,,,,,,,,,,,,,,,,,,,,,,,,,,,,,,,,,,,,,,,,,,,,,,,,,,,,,,,,,,,,,,,,,,,,,,,,,,,,,,,,,,,,,,,,,,,,,,,,,,,,,,,,,,,,,,,,,,,,,,,,,,,,,,,,,,,,,,,,,,,,
D06_RD14-0003-44d3a-0.0078IP-Q0.9_004.20sec.fsa,FGA,R,OL,205.36,5,OL,207.39,7,18,216.41,7,19,221.15,10,OL,222.3,9,20.2,227,8,OL,230.3,7,22,233.45,16,23,237.26,82,OL,242.38,10,25,245.1,8,28.2,259.35,7,OL,270.01,8,32,273.25,5,OL,284.63,7,OL,288.68,7,OL,295.29,8,OL,296.78,9,OL,313.41,5,42.2,315.85,11,OL,321.12,7,OL,335.64,10,47.2,336.82,7,OL,338.49,11,OL,341.28,8,OL,345.81,8,OL,349.91,9,OL,357.18,5,,,,,,,,,,,,,,,,,,,,,,,,,,,,,,,,,,,,,,,,,,,,,,,,,,,,,,,,,,,,,,,,,,,,,,,,,,,,,,,,,,,,,,,,,,,,,,,,,,,,,,,,,,,,,,,,,,,,,,,,,,,,,,,,,,,,,,,,,,,,,,,,,,,,,,,,,,,,,,,,,,,,,,,,,,,,,,,,,,,,,,,,,,,,,,,,,,,,,,,,,,,,,,,,,,,,,,,,
D08_RD14-0003-44d3-30-0.0078IP-Q1.5_004.20sec.fsa,D8S1179,B,7,117.75,5,OL,122.79,32,11,133.83,6,14,146.16,61,15,150.34,105,,,,,,,,,,,,,,,,,,,,,,,,,,,,,,,,,,,,,,,,,,,,,,,,,,,,,,,,,,,,,,,,,,,,,,,,,,,,,,,,,,,,,,,,,,,,,,,,,,,,,,,,,,,,,,,,,,,,,,,,,,,,,,,,,,,,,,,,,,,,,,,,,,,,,,,,,,,,,,,,,,,,,,,,,,,,,,,,,,,,,,,,,,,,,,,,,,,,,,,,,,,,,,,,,,,,,,,,,,,,,,,,,,,,,,,,,,,,,,,,,,,,,,,,,,,,,,,,,,,,,,,,,,,,,,,,,,,,,,,,,,,,,
D08_RD14-0003-44d3-30-0.0078IP-Q1.5_004.20sec.fsa,D21S11,B,23.2,180.82,6,24.2,184.11,4,28.2,201.05,5,OL,211.3,2,34,222.9,7,OL,223.97,4,38,238.57,9,,,,,,,,,,,,,,,,,,,,,,,,,,,,,,,,,,,,,,,,,,,,,,,,,,,,,,,,,,,,,,,,,,,,,,,,,,,,,,,,,,,,,,,,,,,,,,,,,,,,,,,,,,,,,,,,,,,,,,,,,,,,,,,,,,,,,,,,,,,,,,,,,,,,,,,,,,,,,,,,,,,,,,,,,,,,,,,,,,,,,,,,,,,,,,,,,,,,,,,,,,,,,,,,,,,,,,,,,,,,,,,,,,,,,,,,,,,,,,,,,,,,,,,,,,,,,,,,,,,,,,,,,,,,,,,,,,,,,,,
D08_RD14-0003-44d3-30-0.0078IP-Q1.5_004.20sec.fsa,D7S820,B,5,249.91,10,6,254.39,6,7,258.6,17,8,262.03,18,9,266.09,8,OL,266.94,8,11,274.01,21,OL,275.72,6,12,278.37,6,OL,280.08,6,OL,281.52,5,15,290.08,6,,,,,,,,,,,,,,,,,,,,,,,,,,,,,,,,,,,,,,,,,,,,,,,,,,,,,,,,,,,,,,,,,,,,,,,,,,,,,,,,,,,,,,,,,,,,,,,,,,,,,,,,,,,,,,,,,,,,,,,,,,,,,,,,,,,,,,,,,,,,,,,,,,,,,,,,,,,,,,,,,,,,,,,,,,,,,,,,,,,,,,,,,,,,,,,,,,,,,,,,,,,,,,,,,,,,,,,,,,,,,,,,,,,,,,,,,,,,,,,,,,,,,,,,,,,,,,,,,,,,,,,,
D08_RD14-0003-44d3-30-0.0078IP-Q1.5_004.20sec.fsa,CSF1PO,B,OL,300.08,8,OL,307.24,5,OL,308.61,28,8,310.42,3,OL,314.09,5,OL,317.04,5,OL,329.49,5,15,338.52,3,16,342.86,5,,,,,,,,,,,,,,,,,,,,,,,,,,,,,,,,,,,,,,,,,,,,,,,,,,,,,,,,,,,,,,,,,,,,,,,,,,,,,,,,,,,,,,,,,,,,,,,,,,,,,,,,,,,,,,,,,,,,,,,,,,,,,,,,,,,,,,,,,,,,,,,,,,,,,,,,,,,,,,,,,,,,,,,,,,,,,,,,,,,,,,,,,,,,,,,,,,,,,,,,,,,,,,,,,,,,,,,,,,,,,,,,,,,,,,,,,,,,,,,,,,,,,,,,,,,,,,,,,,,,,,,,,,,,,,,,,
D08_RD14-0003-44d3-30-0.0078IP-Q1.5_004.20sec.fsa,D3S1358,G,OL,99.24,4,OL,104.94,8,OL,105.63,9,OL,108.86,5,OL,115.5,23,OL,116.1,19,15,122.34,100,16,126.52,140,17.2,132.59,7,OL,140.4,6,,,,,,,,,,,,,,,,,,,,,,,,,,,,,,,,,,,,,,,,,,,,,,,,,,,,,,,,,,,,,,,,,,,,,,,,,,,,,,,,,,,,,,,,,,,,,,,,,,,,,,,,,,,,,,,,,,,,,,,,,,,,,,,,,,,,,,,,,,,,,,,,,,,,,,,,,,,,,,,,,,,,,,,,,,,,,,,,,,,,,,,,,,,,,,,,,,,,,,,,,,,,,,,,,,,,,,,,,,,,,,,,,,,,,,,,,,,,,,,,,,,,,,,,,,,,,,,,,,,,,,,,,,,,,,
D08_RD14-0003-44d3-30-0.0078IP-Q1.5_004.20sec.fsa,TH01,G,OL,162.57,6,OL,163.69,6,OL,171.1,8,7.3,175.47,10,9.3,183.94,49,OL,185.75,5,OL,195.63,2,,,,,,,,,,,,,,,,,,,,,,,,,,,,,,,,,,,,,,,,,,,,,,,,,,,,,,,,,,,,,,,,,,,,,,,,,,,,,,,,,,,,,,,,,,,,,,,,,,,,,,,,,,,,,,,,,,,,,,,,,,,,,,,,,,,,,,,,,,,,,,,,,,,,,,,,,,,,,,,,,,,,,,,,,,,,,,,,,,,,,,,,,,,,,,,,,,,,,,,,,,,,,,,,,,,,,,,,,,,,,,,,,,,,,,,,,,,,,,,,,,,,,,,,,,,,,,,,,,,,,,,,,,,,,,,,,,,,,,,
D08_RD14-0003-44d3-30-0.0078IP-Q1.5_004.20sec.fsa,D13S317,G,OL,210.24,8,7,211.3,5,OL,212.53,4,8,215.16,102,OL,220.5,14,OL,225.63,6,OL,236.22,11,15,243.86,4,OL,246.33,7,,,,,,,,,,,,,,,,,,,,,,,,,,,,,,,,,,,,,,,,,,,,,,,,,,,,,,,,,,,,,,,,,,,,,,,,,,,,,,,,,,,,,,,,,,,,,,,,,,,,,,,,,,,,,,,,,,,,,,,,,,,,,,,,,,,,,,,,,,,,,,,,,,,,,,,,,,,,,,,,,,,,,,,,,,,,,,,,,,,,,,,,,,,,,,,,,,,,,,,,,,,,,,,,,,,,,,,,,,,,,,,,,,,,,,,,,,,,,,,,,,,,,,,,,,,,,,,,,,,,,,,,,,,,,,,,,
D08_RD14-0003-44d3-30-0.0078IP-Q1.5_004.20sec.fsa,D16S539,G,OL,258.43,8,7,259.84,40,10,271.28,99,11,275.2,134,OL,284.06,6,14,287.11,5,OL,289.74,17,,,,,,,,,,,,,,,,,,,,,,,,,,,,,,,,,,,,,,,,,,,,,,,,,,,,,,,,,,,,,,,,,,,,,,,,,,,,,,,,,,,,,,,,,,,,,,,,,,,,,,,,,,,,,,,,,,,,,,,,,,,,,,,,,,,,,,,,,,,,,,,,,,,,,,,,,,,,,,,,,,,,,,,,,,,,,,,,,,,,,,,,,,,,,,,,,,,,,,,,,,,,,,,,,,,,,,,,,,,,,,,,,,,,,,,,,,,,,,,,,,,,,,,,,,,,,,,,,,,,,,,,,,,,,,,,,,,,,,,
D08_RD14-0003-44d3-30-0.0078IP-Q1.5_004.20sec.fsa,D2S1338,G,OL,301.83,9,OL,306.47,14,OL,308.01,15,OL,314.37,7,18,316.94,8,OL,319.44,12,OL,324.54,8,20,325.52,7,OL,326.67,6,OL,332.31,8,22,332.93,7,24,340.98,10,OL,342.86,6,OL,344.29,8,OL,348.24,14,OL,351.55,10,27,352.9,5,OL,362.58,7,,,,,,,,,,,,,,,,,,,,,,,,,,,,,,,,,,,,,,,,,,,,,,,,,,,,,,,,,,,,,,,,,,,,,,,,,,,,,,,,,,,,,,,,,,,,,,,,,,,,,,,,,,,,,,,,,,,,,,,,,,,,,,,,,,,,,,,,,,,,,,,,,,,,,,,,,,,,,,,,,,,,,,,,,,,,,,,,,,,,,,,,,,,,,,,,,,,,,,,,,,,,,,,,,,,,,,,,,,,,,,,,,,,,,,,,,,,,,,,,,,,,,,
D08_RD14-0003-44d3-30-0.0078IP-Q1.5_004.20sec.fsa,D19S433,Y,OL,96.34,9,9,100.15,14,10,103.71,9,OL,110.86,7,12,112.01,11,13,116.25,117,14,119.93,10,OL,125.15,8,OL,126.9,13,,,,,,,,,,,,,,,,,,,,,,,,,,,,,,,,,,,,,,,,,,,,,,,,,,,,,,,,,,,,,,,,,,,,,,,,,,,,,,,,,,,,,,,,,,,,,,,,,,,,,,,,,,,,,,,,,,,,,,,,,,,,,,,,,,,,,,,,,,,,,,,,,,,,,,,,,,,,,,,,,,,,,,,,,,,,,,,,,,,,,,,,,,,,,,,,,,,,,,,,,,,,,,,,,,,,,,,,,,,,,,,,,,,,,,,,,,,,,,,,,,,,,,,,,,,,,,,,,,,,,,,,,,,,,,,,,
D08_RD14-0003-44d3-30-0.0078IP-Q1.5_004.20sec.fsa,vWA,Y,OL,154.23,7,OL,162.09,8,14,164.5,11,20,188.55,163,OL,202.84,6,,,,,,,,,,,,,,,,,,,,,,,,,,,,,,,,,,,,,,,,,,,,,,,,,,,,,,,,,,,,,,,,,,,,,,,,,,,,,,,,,,,,,,,,,,,,,,,,,,,,,,,,,,,,,,,,,,,,,,,,,,,,,,,,,,,,,,,,,,,,,,,,,,,,,,,,,,,,,,,,,,,,,,,,,,,,,,,,,,,,,,,,,,,,,,,,,,,,,,,,,,,,,,,,,,,,,,,,,,,,,,,,,,,,,,,,,,,,,,,,,,,,,,,,,,,,,,,,,,,,,,,,,,,,,,,,,,,,,,,,,,,,,
D08_RD14-0003-44d3-30-0.0078IP-Q1.5_004.20sec.fsa,TPOX,Y,OL,218.91,9,OL,219.92,4,OL,234.38,11,11,240.77,55,12,245.39,6,OL,250.83,13,OL,255.88,19,,,,,,,,,,,,,,,,,,,,,,,,,,,,,,,,,,,,,,,,,,,,,,,,,,,,,,,,,,,,,,,,,,,,,,,,,,,,,,,,,,,,,,,,,,,,,,,,,,,,,,,,,,,,,,,,,,,,,,,,,,,,,,,,,,,,,,,,,,,,,,,,,,,,,,,,,,,,,,,,,,,,,,,,,,,,,,,,,,,,,,,,,,,,,,,,,,,,,,,,,,,,,,,,,,,,,,,,,,,,,,,,,,,,,,,,,,,,,,,,,,,,,,,,,,,,,,,,,,,,,,,,,,,,,,,,,,,,,,,
D08_RD14-0003-44d3-30-0.0078IP-Q1.5_004.20sec.fsa,D18S51,Y,OL,267.7,11,OL,269.66,9,10.2,274.69,24,11,277.08,15,11.2,278.88,6,13,284.74,8,OL,304.52,6,OL,309.9,9,OL,316.76,8,22.2,323.3,9,OL,324.98,6,OL,330.73,5,OL,337.39,9,,,,,,,,,,,,,,,,,,,,,,,,,,,,,,,,,,,,,,,,,,,,,,,,,,,,,,,,,,,,,,,,,,,,,,,,,,,,,,,,,,,,,,,,,,,,,,,,,,,,,,,,,,,,,,,,,,,,,,,,,,,,,,,,,,,,,,,,,,,,,,,,,,,,,,,,,,,,,,,,,,,,,,,,,,,,,,,,,,,,,,,,,,,,,,,,,,,,,,,,,,,,,,,,,,,,,,,,,,,,,,,,,,,,,,,,,,,,,,,,,,,,,,,,,,,,,,,,,,,,,
D08_RD14-0003-44d3-30-0.0078IP-Q1.5_004.20sec.fsa,AMEL,R,Y,110.78,90,,,,,,,,,,,,,,,,,,,,,,,,,,,,,,,,,,,,,,,,,,,,,,,,,,,,,,,,,,,,,,,,,,,,,,,,,,,,,,,,,,,,,,,,,,,,,,,,,,,,,,,,,,,,,,,,,,,,,,,,,,,,,,,,,,,,,,,,,,,,,,,,,,,,,,,,,,,,,,,,,,,,,,,,,,,,,,,,,,,,,,,,,,,,,,,,,,,,,,,,,,,,,,,,,,,,,,,,,,,,,,,,,,,,,,,,,,,,,,,,,,,,,,,,,,,,,,,,,,,,,,,,,,,,,,,,,,,,,,,,,,,,,,,,,,,,,,,,,
D08_RD14-0003-44d3-30-0.0078IP-Q1.5_004.20sec.fsa,D5S818,R,OL,137.41,5,OL,139.29,9,11,148.89,186,12,153.01,54,OL,162.65,8,OL,163.94,8,17,173.2,8,,,,,,,,,,,,,,,,,,,,,,,,,,,,,,,,,,,,,,,,,,,,,,,,,,,,,,,,,,,,,,,,,,,,,,,,,,,,,,,,,,,,,,,,,,,,,,,,,,,,,,,,,,,,,,,,,,,,,,,,,,,,,,,,,,,,,,,,,,,,,,,,,,,,,,,,,,,,,,,,,,,,,,,,,,,,,,,,,,,,,,,,,,,,,,,,,,,,,,,,,,,,,,,,,,,,,,,,,,,,,,,,,,,,,,,,,,,,,,,,,,,,,,,,,,,,,,,,,,,,,,,,,,,,,,,,,,,,,,,
D08_RD14-0003-44d3-30-0.0078IP-Q1.5_004.20sec.fsa,FGA,R,16.2,211.14,13,OL,212.04,10,OL,216.08,10,18.2,219.25,5,OL,232.63,6,22,233.63,11,OL,238.24,8,24,241.37,45,OL,246.76,8,29,261.52,14,29.2,263.13,10,OL,270.6,11,31.2,271.87,9,OL,274.18,21,OL,281.78,11,OL,290.67,8,OL,298.73,8,OL,309.04,15,OL,312.16,5,OL,312.86,4,OL,325.34,7,OL,327.2,8,OL,341.7,6,OL,346.62,7,,,,,,,,,,,,,,,,,,,,,,,,,,,,,,,,,,,,,,,,,,,,,,,,,,,,,,,,,,,,,,,,,,,,,,,,,,,,,,,,,,,,,,,,,,,,,,,,,,,,,,,,,,,,,,,,,,,,,,,,,,,,,,,,,,,,,,,,,,,,,,,,,,,,,,,,,,,,,,,,,,,,,,,,,,,,,,,,,,,,,,,,,,,,,,,,,,,,,,,,,,,,,,,,,,,,,,,,,,,,,,,,,,,,
D09_RD14-0003-44d3-45-0.0078IP-Q3.5_004.20sec.fsa,D8S1179,B,OL,123.49,31,10,130,4,OL,136.54,2,OL,143.62,4,OL,155.81,3,OL,156.48,4,18,162.81,5,,,,,,,,,,,,,,,,,,,,,,,,,,,,,,,,,,,,,,,,,,,,,,,,,,,,,,,,,,,,,,,,,,,,,,,,,,,,,,,,,,,,,,,,,,,,,,,,,,,,,,,,,,,,,,,,,,,,,,,,,,,,,,,,,,,,,,,,,,,,,,,,,,,,,,,,,,,,,,,,,,,,,,,,,,,,,,,,,,,,,,,,,,,,,,,,,,,,,,,,,,,,,,,,,,,,,,,,,,,,,,,,,,,,,,,,,,,,,,,,,,,,,,,,,,,,,,,,,,,,,,,,,,,,,,,,,,,,,,,
D09_RD14-0003-44d3-45-0.0078IP-Q3.5_004.20sec.fsa,D21S11,B,23.2,180,7,24,181.87,4,OL,187.57,5,OL,191.74,5,27,194.63,5,28,198.72,28,28.2,200.25,5,30,206.94,3,30.2,208.62,3,31,210.72,4,OL,230.12,8,38,239.04,4,39,242.58,3,,,,,,,,,,,,,,,,,,,,,,,,,,,,,,,,,,,,,,,,,,,,,,,,,,,,,,,,,,,,,,,,,,,,,,,,,,,,,,,,,,,,,,,,,,,,,,,,,,,,,,,,,,,,,,,,,,,,,,,,,,,,,,,,,,,,,,,,,,,,,,,,,,,,,,,,,,,,,,,,,,,,,,,,,,,,,,,,,,,,,,,,,,,,,,,,,,,,,,,,,,,,,,,,,,,,,,,,,,,,,,,,,,,,,,,,,,,,,,,,,,,,,,,,,,,,,,,,,,,,,
D09_RD14-0003-44d3-45-0.0078IP-Q3.5_004.20sec.fsa,D7S820,B,5,250.34,4,OL,256.88,5,8.2,263.65,8,OL,271.52,5,OL,283.59,7,OL,287.63,4,15,290.08,3,16,294.12,5,,,,,,,,,,,,,,,,,,,,,,,,,,,,,,,,,,,,,,,,,,,,,,,,,,,,,,,,,,,,,,,,,,,,,,,,,,,,,,,,,,,,,,,,,,,,,,,,,,,,,,,,,,,,,,,,,,,,,,,,,,,,,,,,,,,,,,,,,,,,,,,,,,,,,,,,,,,,,,,,,,,,,,,,,,,,,,,,,,,,,,,,,,,,,,,,,,,,,,,,,,,,,,,,,,,,,,,,,,,,,,,,,,,,,,,,,,,,,,,,,,,,,,,,,,,,,,,,,,,,,,,,,,,,,,,,,,,,
D09_RD14-0003-44d3-45-0.0078IP-Q3.5_004.20sec.fsa,CSF1PO,B,7,306.26,9,OL,311.31,3,OL,312.83,4,10.2,320.64,5,OL,321.74,4,OL,323.94,2,OL,325.4,5,OL,340.09,6,,,,,,,,,,,,,,,,,,,,,,,,,,,,,,,,,,,,,,,,,,,,,,,,,,,,,,,,,,,,,,,,,,,,,,,,,,,,,,,,,,,,,,,,,,,,,,,,,,,,,,,,,,,,,,,,,,,,,,,,,,,,,,,,,,,,,,,,,,,,,,,,,,,,,,,,,,,,,,,,,,,,,,,,,,,,,,,,,,,,,,,,,,,,,,,,,,,,,,,,,,,,,,,,,,,,,,,,,,,,,,,,,,,,,,,,,,,,,,,,,,,,,,,,,,,,,,,,,,,,,,,,,,,,,,,,,,,,
D09_RD14-0003-44d3-45-0.0078IP-Q3.5_004.20sec.fsa,D3S1358,G,OL,97.26,7,OL,100.48,9,OL,107.29,5,OL,116.46,25,OL,121.24,7,15.2,124.74,7,17,130.64,7,17.2,132.78,7,18,134.77,6,OL,139.19,4,,,,,,,,,,,,,,,,,,,,,,,,,,,,,,,,,,,,,,,,,,,,,,,,,,,,,,,,,,,,,,,,,,,,,,,,,,,,,,,,,,,,,,,,,,,,,,,,,,,,,,,,,,,,,,,,,,,,,,,,,,,,,,,,,,,,,,,,,,,,,,,,,,,,,,,,,,,,,,,,,,,,,,,,,,,,,,,,,,,,,,,,,,,,,,,,,,,,,,,,,,,,,,,,,,,,,,,,,,,,,,,,,,,,,,,,,,,,,,,,,,,,,,,,,,,,,,,,,,,,,,,,,,,,,,
D09_RD14-0003-44d3-45-0.0078IP-Q3.5_004.20sec.fsa,TH01,G,3,156.06,5,OL,159.66,9,4,160.74,6,6,168.6,86,OL,173.58,9,9.3,183.99,52,OL,185.86,11,OL,191.57,6,OL,198.89,6,,,,,,,,,,,,,,,,,,,,,,,,,,,,,,,,,,,,,,,,,,,,,,,,,,,,,,,,,,,,,,,,,,,,,,,,,,,,,,,,,,,,,,,,,,,,,,,,,,,,,,,,,,,,,,,,,,,,,,,,,,,,,,,,,,,,,,,,,,,,,,,,,,,,,,,,,,,,,,,,,,,,,,,,,,,,,,,,,,,,,,,,,,,,,,,,,,,,,,,,,,,,,,,,,,,,,,,,,,,,,,,,,,,,,,,,,,,,,,,,,,,,,,,,,,,,,,,,,,,,,,,,,,,,,,,,,
D09_RD14-0003-44d3-45-0.0078IP-Q3.5_004.20sec.fsa,D13S317,G,OL,213.49,10,OL,216.57,7,OL,221.02,5,OL,222.65,3,OL,224.96,10,OL,236.78,5,14,238.95,10,OL,240.62,9,15,243.47,8,OL,244.26,6,,,,,,,,,,,,,,,,,,,,,,,,,,,,,,,,,,,,,,,,,,,,,,,,,,,,,,,,,,,,,,,,,,,,,,,,,,,,,,,,,,,,,,,,,,,,,,,,,,,,,,,,,,,,,,,,,,,,,,,,,,,,,,,,,,,,,,,,,,,,,,,,,,,,,,,,,,,,,,,,,,,,,,,,,,,,,,,,,,,,,,,,,,,,,,,,,,,,,,,,,,,,,,,,,,,,,,,,,,,,,,,,,,,,,,,,,,,,,,,,,,,,,,,,,,,,,,,,,,,,,,,,,,,,,,
D09_RD14-0003-44d3-45-0.0078IP-Q3.5_004.20sec.fsa,D16S539,G,OL,257.38,7,8,263.3,6,OL,267.84,4,OL,268.72,7,OL,272.14,8,12.2,281.66,15,OL,288.5,7,OL,291.66,5,,,,,,,,,,,,,,,,,,,,,,,,,,,,,,,,,,,,,,,,,,,,,,,,,,,,,,,,,,,,,,,,,,,,,,,,,,,,,,,,,,,,,,,,,,,,,,,,,,,,,,,,,,,,,,,,,,,,,,,,,,,,,,,,,,,,,,,,,,,,,,,,,,,,,,,,,,,,,,,,,,,,,,,,,,,,,,,,,,,,,,,,,,,,,,,,,,,,,,,,,,,,,,,,,,,,,,,,,,,,,,,,,,,,,,,,,,,,,,,,,,,,,,,,,,,,,,,,,,,,,,,,,,,,,,,,,,,,
D09_RD14-0003-44d3-45-0.0078IP-Q3.5_004.20sec.fsa,D2S1338,G,OL,303.46,7,OL,311.76,12,OL,331.32,10,22,333.5,8,OL,334.67,5,23,336.84,8,OL,339.46,10,24,341.28,6,OL,342.75,7,OL,349.9,5,27,353.11,5,OL,355.23,5,OL,360.54,6,OL,366.09,8,,,,,,,,,,,,,,,,,,,,,,,,,,,,,,,,,,,,,,,,,,,,,,,,,,,,,,,,,,,,,,,,,,,,,,,,,,,,,,,,,,,,,,,,,,,,,,,,,,,,,,,,,,,,,,,,,,,,,,,,,,,,,,,,,,,,,,,,,,,,,,,,,,,,,,,,,,,,,,,,,,,,,,,,,,,,,,,,,,,,,,,,,,,,,,,,,,,,,,,,,,,,,,,,,,,,,,,,,,,,,,,,,,,,,,,,,,,,,,,,,,,,,,,,,,,,,,,,,,
D09_RD14-0003-44d3-45-0.0078IP-Q3.5_004.20sec.fsa,D19S433,Y,9.2,102.07,7,OL,106.82,8,12,112.11,9,12.2,114.23,11,OL,115.39,10,13,116,10,15,124.11,55,OL,126.93,9,OL,137.34,10,,,,,,,,,,,,,,,,,,,,,,,,,,,,,,,,,,,,,,,,,,,,,,,,,,,,,,,,,,,,,,,,,,,,,,,,,,,,,,,,,,,,,,,,,,,,,,,,,,,,,,,,,,,,,,,,,,,,,,,,,,,,,,,,,,,,,,,,,,,,,,,,,,,,,,,,,,,,,,,,,,,,,,,,,,,,,,,,,,,,,,,,,,,,,,,,,,,,,,,,,,,,,,,,,,,,,,,,,,,,,,,,,,,,,,,,,,,,,,,,,,,,,,,,,,,,,,,,,,,,,,,,,,,,,,,,,
D09_RD14-0003-44d3-45-0.0078IP-Q3.5_004.20sec.fsa,vWA,Y,OL,146.5,7,13,160,10,OL,179.08,11,OL,181.53,8,19,184.42,38,OL,195.74,6,OL,200.17,11,25,208.62,12,,,,,,,,,,,,,,,,,,,,,,,,,,,,,,,,,,,,,,,,,,,,,,,,,,,,,,,,,,,,,,,,,,,,,,,,,,,,,,,,,,,,,,,,,,,,,,,,,,,,,,,,,,,,,,,,,,,,,,,,,,,,,,,,,,,,,,,,,,,,,,,,,,,,,,,,,,,,,,,,,,,,,,,,,,,,,,,,,,,,,,,,,,,,,,,,,,,,,,,,,,,,,,,,,,,,,,,,,,,,,,,,,,,,,,,,,,,,,,,,,,,,,,,,,,,,,,,,,,,,,,,,,,,,,,,,,,,,
D09_RD14-0003-44d3-45-0.0078IP-Q3.5_004.20sec.fsa,TPOX,Y,OL,214.09,14,OL,225.82,7,OL,239.83,11,OL,248.24,7,OL,250.68,7,OL,254.67,16,,,,,,,,,,,,,,,,,,,,,,,,,,,,,,,,,,,,,,,,,,,,,,,,,,,,,,,,,,,,,,,,,,,,,,,,,,,,,,,,,,,,,,,,,,,,,,,,,,,,,,,,,,,,,,,,,,,,,,,,,,,,,,,,,,,,,,,,,,,,,,,,,,,,,,,,,,,,,,,,,,,,,,,,,,,,,,,,,,,,,,,,,,,,,,,,,,,,,,,,,,,,,,,,,,,,,,,,,,,,,,,,,,,,,,,,,,,,,,,,,,,,,,,,,,,,,,,,,,,,,,,,,,,,,,,,,,,,,,,,,,
D09_RD14-0003-44d3-45-0.0078IP-Q3.5_004.20sec.fsa,D18S51,Y,OL,266.62,10,OL,277.7,13,OL,284.38,9,OL,287.8,9,OL,295.87,9,17,300.86,5,OL,323.02,9,23,325.49,8,25,333.86,8,OL,339.1,15,,,,,,,,,,,,,,,,,,,,,,,,,,,,,,,,,,,,,,,,,,,,,,,,,,,,,,,,,,,,,,,,,,,,,,,,,,,,,,,,,,,,,,,,,,,,,,,,,,,,,,,,,,,,,,,,,,,,,,,,,,,,,,,,,,,,,,,,,,,,,,,,,,,,,,,,,,,,,,,,,,,,,,,,,,,,,,,,,,,,,,,,,,,,,,,,,,,,,,,,,,,,,,,,,,,,,,,,,,,,,,,,,,,,,,,,,,,,,,,,,,,,,,,,,,,,,,,,,,,,,,,,,,,,,,
D09_RD14-0003-44d3-45-0.0078IP-Q3.5_004.20sec.fsa,AMEL,R,X,104.92,24,OL,109.43,9,,,,,,,,,,,,,,,,,,,,,,,,,,,,,,,,,,,,,,,,,,,,,,,,,,,,,,,,,,,,,,,,,,,,,,,,,,,,,,,,,,,,,,,,,,,,,,,,,,,,,,,,,,,,,,,,,,,,,,,,,,,,,,,,,,,,,,,,,,,,,,,,,,,,,,,,,,,,,,,,,,,,,,,,,,,,,,,,,,,,,,,,,,,,,,,,,,,,,,,,,,,,,,,,,,,,,,,,,,,,,,,,,,,,,,,,,,,,,,,,,,,,,,,,,,,,,,,,,,,,,,,,,,,,,,,,,,,,,,,,,,,,,,,,,,,,,,
D09_RD14-0003-44d3-45-0.0078IP-Q3.5_004.20sec.fsa,D5S818,R,OL,176.25,4,,,,,,,,,,,,,,,,,,,,,,,,,,,,,,,,,,,,,,,,,,,,,,,,,,,,,,,,,,,,,,,,,,,,,,,,,,,,,,,,,,,,,,,,,,,,,,,,,,,,,,,,,,,,,,,,,,,,,,,,,,,,,,,,,,,,,,,,,,,,,,,,,,,,,,,,,,,,,,,,,,,,,,,,,,,,,,,,,,,,,,,,,,,,,,,,,,,,,,,,,,,,,,,,,,,,,,,,,,,,,,,,,,,,,,,,,,,,,,,,,,,,,,,,,,,,,,,,,,,,,,,,,,,,,,,,,,,,,,,,,,,,,,,,,,,,,,,,,
D09_RD14-0003-44d3-45-0.0078IP-Q3.5_004.20sec.fsa,FGA,R,OL,210.13,5,OL,218.11,9,OL,219.83,3,OL,226.16,8,23.2,239.04,8,OL,260.61,5,OL,276.19,9,OL,287.45,10,OL,288.33,12,OL,296.4,13,OL,302.59,7,OL,354.31,9,,,,,,,,,,,,,,,,,,,,,,,,,,,,,,,,,,,,,,,,,,,,,,,,,,,,,,,,,,,,,,,,,,,,,,,,,,,,,,,,,,,,,,,,,,,,,,,,,,,,,,,,,,,,,,,,,,,,,,,,,,,,,,,,,,,,,,,,,,,,,,,,,,,,,,,,,,,,,,,,,,,,,,,,,,,,,,,,,,,,,,,,,,,,,,,,,,,,,,,,,,,,,,,,,,,,,,,,,,,,,,,,,,,,,,,,,,,,,,,,,,,,,,,,,,,,,,,,,,,,,,,,
E01_RD14-0003-43d3a-0.0625IP-Q0.9_001.20sec.fsa,D8S1179,B,OL,112.32,3,OL,118.29,3,8,122.05,27,OL,128.72,6,10,129.6,12,11,133.72,151,12,137.87,14,OL,140,5,13,142,258,14,146.09,3,OL,149.45,3,15,150.54,2,OL,160,8,OL,167.67,1,,,,,,,,,,,,,,,,,,,,,,,,,,,,,,,,,,,,,,,,,,,,,,,,,,,,,,,,,,,,,,,,,,,,,,,,,,,,,,,,,,,,,,,,,,,,,,,,,,,,,,,,,,,,,,,,,,,,,,,,,,,,,,,,,,,,,,,,,,,,,,,,,,,,,,,,,,,,,,,,,,,,,,,,,,,,,,,,,,,,,,,,,,,,,,,,,,,,,,,,,,,,,,,,,,,,,,,,,,,,,,,,,,,,,,,,,,,,,,,,,,,,,,,,,,,,,,,,,,
E01_RD14-0003-43d3a-0.0625IP-Q0.9_001.20sec.fsa,D21S11,B,23.2,180,9,OL,185.23,3,26,190.47,28,27,194.67,301,28,198.71,22,OL,200,6,29,202.68,328,30,206.72,5,30.2,208.66,2,OL,214.09,9,OL,220,7,37.2,236.79,2,OL,239.91,11,,,,,,,,,,,,,,,,,,,,,,,,,,,,,,,,,,,,,,,,,,,,,,,,,,,,,,,,,,,,,,,,,,,,,,,,,,,,,,,,,,,,,,,,,,,,,,,,,,,,,,,,,,,,,,,,,,,,,,,,,,,,,,,,,,,,,,,,,,,,,,,,,,,,,,,,,,,,,,,,,,,,,,,,,,,,,,,,,,,,,,,,,,,,,,,,,,,,,,,,,,,,,,,,,,,,,,,,,,,,,,,,,,,,,,,,,,,,,,,,,,,,,,,,,,,,,,,,,,,,,
E01_RD14-0003-43d3a-0.0625IP-Q0.9_001.20sec.fsa,D7S820,B,5,249.91,4,OL,250.68,2,7,258.15,10,8,262.08,385,9,266.07,341,OL,272,3,OL,275.51,2,OL,276.65,2,12,278.33,4,OL,280,10,,,,,,,,,,,,,,,,,,,,,,,,,,,,,,,,,,,,,,,,,,,,,,,,,,,,,,,,,,,,,,,,,,,,,,,,,,,,,,,,,,,,,,,,,,,,,,,,,,,,,,,,,,,,,,,,,,,,,,,,,,,,,,,,,,,,,,,,,,,,,,,,,,,,,,,,,,,,,,,,,,,,,,,,,,,,,,,,,,,,,,,,,,,,,,,,,,,,,,,,,,,,,,,,,,,,,,,,,,,,,,,,,,,,,,,,,,,,,,,,,,,,,,,,,,,,,,,,,,,,,,,,,,,,,,
E01_RD14-0003-43d3a-0.0625IP-Q0.9_001.20sec.fsa,CSF1PO,B,OL,300,8,OL,314,9,10,318.78,168,OL,324.54,2,12,326.88,62,OL,339.91,11,,,,,,,,,,,,,,,,,,,,,,,,,,,,,,,,,,,,,,,,,,,,,,,,,,,,,,,,,,,,,,,,,,,,,,,,,,,,,,,,,,,,,,,,,,,,,,,,,,,,,,,,,,,,,,,,,,,,,,,,,,,,,,,,,,,,,,,,,,,,,,,,,,,,,,,,,,,,,,,,,,,,,,,,,,,,,,,,,,,,,,,,,,,,,,,,,,,,,,,,,,,,,,,,,,,,,,,,,,,,,,,,,,,,,,,,,,,,,,,,,,,,,,,,,,,,,,,,,,,,,,,,,,,,,,,,,,,,,,,,,,
E01_RD14-0003-43d3a-0.0625IP-Q0.9_001.20sec.fsa,D3S1358,G,OL,112.4,3,OL,115.48,13,OL,116.26,14,14,118.44,20,15,122.44,428,OL,129.92,4,17.2,132.26,3,18,134.45,3,OL,135.83,6,18.2,136.72,4,OL,140.58,2,,,,,,,,,,,,,,,,,,,,,,,,,,,,,,,,,,,,,,,,,,,,,,,,,,,,,,,,,,,,,,,,,,,,,,,,,,,,,,,,,,,,,,,,,,,,,,,,,,,,,,,,,,,,,,,,,,,,,,,,,,,,,,,,,,,,,,,,,,,,,,,,,,,,,,,,,,,,,,,,,,,,,,,,,,,,,,,,,,,,,,,,,,,,,,,,,,,,,,,,,,,,,,,,,,,,,,,,,,,,,,,,,,,,,,,,,,,,,,,,,,,,,,,,,,,,,,,,,,,,,,,,,,,
E01_RD14-0003-43d3a-0.0625IP-Q0.9_001.20sec.fsa,TH01,G,OL,157.63,4,OL,159.49,6,4,160.58,5,8,176.64,253,OL,181.37,3,9.3,183.86,436,13,197.51,7,13.3,200.59,7,,,,,,,,,,,,,,,,,,,,,,,,,,,,,,,,,,,,,,,,,,,,,,,,,,,,,,,,,,,,,,,,,,,,,,,,,,,,,,,,,,,,,,,,,,,,,,,,,,,,,,,,,,,,,,,,,,,,,,,,,,,,,,,,,,,,,,,,,,,,,,,,,,,,,,,,,,,,,,,,,,,,,,,,,,,,,,,,,,,,,,,,,,,,,,,,,,,,,,,,,,,,,,,,,,,,,,,,,,,,,,,,,,,,,,,,,,,,,,,,,,,,,,,,,,,,,,,,,,,,,,,,,,,,,,,,,,,,
E01_RD14-0003-43d3a-0.0625IP-Q0.9_001.20sec.fsa,D13S317,G,OL,203.69,4,OL,206.13,3,OL,207.4,4,OL,208.07,3,OL,210.19,3,9,219.48,5,10,223,6,OL,225.48,2,11,227.2,131,12,231.25,420,14,239.48,6,OL,240.45,6,OL,245.46,4,,,,,,,,,,,,,,,,,,,,,,,,,,,,,,,,,,,,,,,,,,,,,,,,,,,,,,,,,,,,,,,,,,,,,,,,,,,,,,,,,,,,,,,,,,,,,,,,,,,,,,,,,,,,,,,,,,,,,,,,,,,,,,,,,,,,,,,,,,,,,,,,,,,,,,,,,,,,,,,,,,,,,,,,,,,,,,,,,,,,,,,,,,,,,,,,,,,,,,,,,,,,,,,,,,,,,,,,,,,,,,,,,,,,,,,,,,,,,,,,,,,,,,,,,,,,,,,,,,,,,
E01_RD14-0003-43d3a-0.0625IP-Q0.9_001.20sec.fsa,D16S539,G,7,259.58,7,8,263.64,3,9,267.2,17,10,271.22,487,12,279.56,6,OL,280.61,5,15,291.62,2,,,,,,,,,,,,,,,,,,,,,,,,,,,,,,,,,,,,,,,,,,,,,,,,,,,,,,,,,,,,,,,,,,,,,,,,,,,,,,,,,,,,,,,,,,,,,,,,,,,,,,,,,,,,,,,,,,,,,,,,,,,,,,,,,,,,,,,,,,,,,,,,,,,,,,,,,,,,,,,,,,,,,,,,,,,,,,,,,,,,,,,,,,,,,,,,,,,,,,,,,,,,,,,,,,,,,,,,,,,,,,,,,,,,,,,,,,,,,,,,,,,,,,,,,,,,,,,,,,,,,,,,,,,,,,,,,,,,,,,
E01_RD14-0003-43d3a-0.0625IP-Q0.9_001.20sec.fsa,D2S1338,G,14,301.02,3,OL,312.22,4,19,321.09,113,21,329.13,17,22,333.16,75,OL,335.92,3,OL,339.38,5,OL,340.63,4,OL,343.7,3,OL,355.01,2,OL,358.19,2,OL,364.87,3,,,,,,,,,,,,,,,,,,,,,,,,,,,,,,,,,,,,,,,,,,,,,,,,,,,,,,,,,,,,,,,,,,,,,,,,,,,,,,,,,,,,,,,,,,,,,,,,,,,,,,,,,,,,,,,,,,,,,,,,,,,,,,,,,,,,,,,,,,,,,,,,,,,,,,,,,,,,,,,,,,,,,,,,,,,,,,,,,,,,,,,,,,,,,,,,,,,,,,,,,,,,,,,,,,,,,,,,,,,,,,,,,,,,,,,,,,,,,,,,,,,,,,,,,,,,,,,,,,,,,,,,
E01_RD14-0003-43d3a-0.0625IP-Q0.9_001.20sec.fsa,D19S433,Y,11,108.15,5,OL,113.2,5,12.2,114.31,27,13,116.18,23,13.2,118.21,439,14,120.16,413,15,123.94,9,16,128.56,4,,,,,,,,,,,,,,,,,,,,,,,,,,,,,,,,,,,,,,,,,,,,,,,,,,,,,,,,,,,,,,,,,,,,,,,,,,,,,,,,,,,,,,,,,,,,,,,,,,,,,,,,,,,,,,,,,,,,,,,,,,,,,,,,,,,,,,,,,,,,,,,,,,,,,,,,,,,,,,,,,,,,,,,,,,,,,,,,,,,,,,,,,,,,,,,,,,,,,,,,,,,,,,,,,,,,,,,,,,,,,,,,,,,,,,,,,,,,,,,,,,,,,,,,,,,,,,,,,,,,,,,,,,,,,,,,,,,,
E01_RD14-0003-43d3a-0.0625IP-Q0.9_001.20sec.fsa,vWA,Y,OL,147.01,7,12,155.93,16,13,160,518,16,172.19,15,17,176.22,207,,,,,,,,,,,,,,,,,,,,,,,,,,,,,,,,,,,,,,,,,,,,,,,,,,,,,,,,,,,,,,,,,,,,,,,,,,,,,,,,,,,,,,,,,,,,,,,,,,,,,,,,,,,,,,,,,,,,,,,,,,,,,,,,,,,,,,,,,,,,,,,,,,,,,,,,,,,,,,,,,,,,,,,,,,,,,,,,,,,,,,,,,,,,,,,,,,,,,,,,,,,,,,,,,,,,,,,,,,,,,,,,,,,,,,,,,,,,,,,,,,,,,,,,,,,,,,,,,,,,,,,,,,,,,,,,,,,,,,,,,,,,,
E01_RD14-0003-43d3a-0.0625IP-Q0.9_001.20sec.fsa,TPOX,Y,OL,222.82,6,8,228.58,126,9,233.32,4,OL,234.1,4,11,240.72,178,OL,255.11,7,,,,,,,,,,,,,,,,,,,,,,,,,,,,,,,,,,,,,,,,,,,,,,,,,,,,,,,,,,,,,,,,,,,,,,,,,,,,,,,,,,,,,,,,,,,,,,,,,,,,,,,,,,,,,,,,,,,,,,,,,,,,,,,,,,,,,,,,,,,,,,,,,,,,,,,,,,,,,,,,,,,,,,,,,,,,,,,,,,,,,,,,,,,,,,,,,,,,,,,,,,,,,,,,,,,,,,,,,,,,,,,,,,,,,,,,,,,,,,,,,,,,,,,,,,,,,,,,,,,,,,,,,,,,,,,,,,,,,,,,,,
E01_RD14-0003-43d3a-0.0625IP-Q0.9_001.20sec.fsa,D18S51,Y,OL,262.51,10,OL,267.46,4,11,277.01,7,OL,288.04,5,17,300.93,22,18,305.05,261,19,309.05,367,21,317.27,5,23,325.62,6,,,,,,,,,,,,,,,,,,,,,,,,,,,,,,,,,,,,,,,,,,,,,,,,,,,,,,,,,,,,,,,,,,,,,,,,,,,,,,,,,,,,,,,,,,,,,,,,,,,,,,,,,,,,,,,,,,,,,,,,,,,,,,,,,,,,,,,,,,,,,,,,,,,,,,,,,,,,,,,,,,,,,,,,,,,,,,,,,,,,,,,,,,,,,,,,,,,,,,,,,,,,,,,,,,,,,,,,,,,,,,,,,,,,,,,,,,,,,,,,,,,,,,,,,,,,,,,,,,,,,,,,,,,,,,,,,
E01_RD14-0003-43d3a-0.0625IP-Q0.9_001.20sec.fsa,AMEL,R,X,104.85,309,Y,110.8,136,,,,,,,,,,,,,,,,,,,,,,,,,,,,,,,,,,,,,,,,,,,,,,,,,,,,,,,,,,,,,,,,,,,,,,,,,,,,,,,,,,,,,,,,,,,,,,,,,,,,,,,,,,,,,,,,,,,,,,,,,,,,,,,,,,,,,,,,,,,,,,,,,,,,,,,,,,,,,,,,,,,,,,,,,,,,,,,,,,,,,,,,,,,,,,,,,,,,,,,,,,,,,,,,,,,,,,,,,,,,,,,,,,,,,,,,,,,,,,,,,,,,,,,,,,,,,,,,,,,,,,,,,,,,,,,,,,,,,,,,,,,,,,,,,,,,,,
E01_RD14-0003-43d3a-0.0625IP-Q0.9_001.20sec.fsa,D5S818,R,OL,127.92,5,OL,137.7,8,OL,139.18,7,10,144.75,34,OL,147.52,9,11,148.86,574,12,152.98,318,13,156.95,4,16,169.51,6,OL,176.13,6,,,,,,,,,,,,,,,,,,,,,,,,,,,,,,,,,,,,,,,,,,,,,,,,,,,,,,,,,,,,,,,,,,,,,,,,,,,,,,,,,,,,,,,,,,,,,,,,,,,,,,,,,,,,,,,,,,,,,,,,,,,,,,,,,,,,,,,,,,,,,,,,,,,,,,,,,,,,,,,,,,,,,,,,,,,,,,,,,,,,,,,,,,,,,,,,,,,,,,,,,,,,,,,,,,,,,,,,,,,,,,,,,,,,,,,,,,,,,,,,,,,,,,,,,,,,,,,,,,,,,,,,,,,,,,
E01_RD14-0003-43d3a-0.0625IP-Q0.9_001.20sec.fsa,FGA,R,OL,207.9,6,19.2,222.57,8,20,224.88,15,21,229.01,235,OL,236.7,6,27,253.66,12,OL,254.77,3,28,257.56,204,OL,260.78,11,OL,264.51,4,OL,276.3,8,OL,280.52,9,OL,300.25,5,OL,304.62,7,OL,313.29,5,OL,314.56,11,OL,318.59,4,OL,320.91,6,44.2,324.81,4,OL,335.92,5,OL,339.29,8,48.2,340.72,12,OL,351.3,5,OL,355.29,7,OL,356.28,6,OL,359.09,11,,,,,,,,,,,,,,,,,,,,,,,,,,,,,,,,,,,,,,,,,,,,,,,,,,,,,,,,,,,,,,,,,,,,,,,,,,,,,,,,,,,,,,,,,,,,,,,,,,,,,,,,,,,,,,,,,,,,,,,,,,,,,,,,,,,,,,,,,,,,,,,,,,,,,,,,,,,,,,,,,,,,,,,,,,,,,,,,,,,,,,,,,,,,,,,,,,,,,,,,,,,,,,,,,,,,,,,,,,,,,,
E02_RD14-0003-43d3-15-0.0625IP-Q1.1_001.20sec.fsa,D8S1179,B,OL,114,10,OL,115.54,3,OL,116.77,2,OL,120.08,4,8,121.94,27,10,129.65,14,11,133.63,259,12,137.81,27,OL,140,6,13,141.98,437,14,146.19,4,OL,157.41,2,OL,160,7,OL,165.83,1,OL,176.12,4,,,,,,,,,,,,,,,,,,,,,,,,,,,,,,,,,,,,,,,,,,,,,,,,,,,,,,,,,,,,,,,,,,,,,,,,,,,,,,,,,,,,,,,,,,,,,,,,,,,,,,,,,,,,,,,,,,,,,,,,,,,,,,,,,,,,,,,,,,,,,,,,,,,,,,,,,,,,,,,,,,,,,,,,,,,,,,,,,,,,,,,,,,,,,,,,,,,,,,,,,,,,,,,,,,,,,,,,,,,,,,,,,,,,,,,,,,,,,,,,,,,,,,,,,,,,,,,
E02_RD14-0003-43d3-15-0.0625IP-Q1.1_001.20sec.fsa,D21S11,B,23.2,180,8,25.2,187.99,1,26,190.59,24,27,194.71,522,28,198.74,91,OL,200.08,7,29,202.7,240,30,207.21,3,OL,211.67,2,OL,213.92,8,OL,219.91,6,34,222.52,1,34,223.19,2,35.2,229.41,2,37.2,237.31,3,OL,240.09,8,,,,,,,,,,,,,,,,,,,,,,,,,,,,,,,,,,,,,,,,,,,,,,,,,,,,,,,,,,,,,,,,,,,,,,,,,,,,,,,,,,,,,,,,,,,,,,,,,,,,,,,,,,,,,,,,,,,,,,,,,,,,,,,,,,,,,,,,,,,,,,,,,,,,,,,,,,,,,,,,,,,,,,,,,,,,,,,,,,,,,,,,,,,,,,,,,,,,,,,,,,,,,,,,,,,,,,,,,,,,,,,,,,,,,,,,,,,,,,,,,,,,,,,,,,,,
E02_RD14-0003-43d3-15-0.0625IP-Q1.1_001.20sec.fsa,D7S820,B,5,249.91,4,OL,253.26,3,7,258.09,11,OL,260,6,8,262.11,383,9,266.08,417,OL,268.62,2,OL,269.21,1,10,270.4,5,OL,272.78,2,OL,275.83,2,OL,279.91,10,13,281.77,4,16,294.51,2,,,,,,,,,,,,,,,,,,,,,,,,,,,,,,,,,,,,,,,,,,,,,,,,,,,,,,,,,,,,,,,,,,,,,,,,,,,,,,,,,,,,,,,,,,,,,,,,,,,,,,,,,,,,,,,,,,,,,,,,,,,,,,,,,,,,,,,,,,,,,,,,,,,,,,,,,,,,,,,,,,,,,,,,,,,,,,,,,,,,,,,,,,,,,,,,,,,,,,,,,,,,,,,,,,,,,,,,,,,,,,,,,,,,,,,,,,,,,,,,,,,,,,,,,,,,,,,,,,
E02_RD14-0003-43d3-15-0.0625IP-Q1.1_001.20sec.fsa,CSF1PO,B,5,298.73,2,OL,299.92,10,9,314.63,11,10,318.9,250,11,322.9,16,12,327,278,OL,335.47,2,OL,339.91,11,,,,,,,,,,,,,,,,,,,,,,,,,,,,,,,,,,,,,,,,,,,,,,,,,,,,,,,,,,,,,,,,,,,,,,,,,,,,,,,,,,,,,,,,,,,,,,,,,,,,,,,,,,,,,,,,,,,,,,,,,,,,,,,,,,,,,,,,,,,,,,,,,,,,,,,,,,,,,,,,,,,,,,,,,,,,,,,,,,,,,,,,,,,,,,,,,,,,,,,,,,,,,,,,,,,,,,,,,,,,,,,,,,,,,,,,,,,,,,,,,,,,,,,,,,,,,,,,,,,,,,,,,,,,,,,,,,,,
E02_RD14-0003-43d3-15-0.0625IP-Q1.1_001.20sec.fsa,D3S1358,G,OL,103.04,4,OL,104.32,4,OL,111.47,5,OL,115.23,17,OL,116,15,14,118.23,40,15,122.33,482,18.2,136.28,3,OL,137.57,3,OL,140.41,4,,,,,,,,,,,,,,,,,,,,,,,,,,,,,,,,,,,,,,,,,,,,,,,,,,,,,,,,,,,,,,,,,,,,,,,,,,,,,,,,,,,,,,,,,,,,,,,,,,,,,,,,,,,,,,,,,,,,,,,,,,,,,,,,,,,,,,,,,,,,,,,,,,,,,,,,,,,,,,,,,,,,,,,,,,,,,,,,,,,,,,,,,,,,,,,,,,,,,,,,,,,,,,,,,,,,,,,,,,,,,,,,,,,,,,,,,,,,,,,,,,,,,,,,,,,,,,,,,,,,,,,,,,,,,,
E02_RD14-0003-43d3-15-0.0625IP-Q1.1_001.20sec.fsa,TH01,G,OL,163.28,2,OL,166.9,3,OL,169.61,2,6.3,171.67,6,7,172.66,7,8,176.78,202,9.3,183.95,358,,,,,,,,,,,,,,,,,,,,,,,,,,,,,,,,,,,,,,,,,,,,,,,,,,,,,,,,,,,,,,,,,,,,,,,,,,,,,,,,,,,,,,,,,,,,,,,,,,,,,,,,,,,,,,,,,,,,,,,,,,,,,,,,,,,,,,,,,,,,,,,,,,,,,,,,,,,,,,,,,,,,,,,,,,,,,,,,,,,,,,,,,,,,,,,,,,,,,,,,,,,,,,,,,,,,,,,,,,,,,,,,,,,,,,,,,,,,,,,,,,,,,,,,,,,,,,,,,,,,,,,,,,,,,,,,,,,,,,,
E02_RD14-0003-43d3-15-0.0625IP-Q1.1_001.20sec.fsa,D13S317,G,OL,203.68,2,OL,206.31,4,OL,209.19,3,10,223.28,9,11,227.31,233,12,231.26,360,OL,237.73,3,OL,246.3,6,,,,,,,,,,,,,,,,,,,,,,,,,,,,,,,,,,,,,,,,,,,,,,,,,,,,,,,,,,,,,,,,,,,,,,,,,,,,,,,,,,,,,,,,,,,,,,,,,,,,,,,,,,,,,,,,,,,,,,,,,,,,,,,,,,,,,,,,,,,,,,,,,,,,,,,,,,,,,,,,,,,,,,,,,,,,,,,,,,,,,,,,,,,,,,,,,,,,,,,,,,,,,,,,,,,,,,,,,,,,,,,,,,,,,,,,,,,,,,,,,,,,,,,,,,,,,,,,,,,,,,,,,,,,,,,,,,,,
E02_RD14-0003-43d3-15-0.0625IP-Q1.1_001.20sec.fsa,D16S539,G,7,259.42,7,9,267.35,39,10,271.25,1109,OL,278.38,4,12,279.49,5,13,283.12,5,OL,292.66,5,OL,293.92,5,,,,,,,,,,,,,,,,,,,,,,,,,,,,,,,,,,,,,,,,,,,,,,,,,,,,,,,,,,,,,,,,,,,,,,,,,,,,,,,,,,,,,,,,,,,,,,,,,,,,,,,,,,,,,,,,,,,,,,,,,,,,,,,,,,,,,,,,,,,,,,,,,,,,,,,,,,,,,,,,,,,,,,,,,,,,,,,,,,,,,,,,,,,,,,,,,,,,,,,,,,,,,,,,,,,,,,,,,,,,,,,,,,,,,,,,,,,,,,,,,,,,,,,,,,,,,,,,,,,,,,,,,,,,,,,,,,,,
E02_RD14-0003-43d3-15-0.0625IP-Q1.1_001.20sec.fsa,D2S1338,G,15,304.42,2,OL,308.06,3,17,312.78,5,OL,313.57,5,18,316.9,33,19,321.14,468,OL,326.04,6,21,329.26,58,22,333.23,550,OL,342.89,3,,,,,,,,,,,,,,,,,,,,,,,,,,,,,,,,,,,,,,,,,,,,,,,,,,,,,,,,,,,,,,,,,,,,,,,,,,,,,,,,,,,,,,,,,,,,,,,,,,,,,,,,,,,,,,,,,,,,,,,,,,,,,,,,,,,,,,,,,,,,,,,,,,,,,,,,,,,,,,,,,,,,,,,,,,,,,,,,,,,,,,,,,,,,,,,,,,,,,,,,,,,,,,,,,,,,,,,,,,,,,,,,,,,,,,,,,,,,,,,,,,,,,,,,,,,,,,,,,,,,,,,,,,,,,,
E02_RD14-0003-43d3-15-0.0625IP-Q1.1_001.20sec.fsa,D19S433,Y,OL,96.76,4,12.2,114.31,43,13,116.23,42,13.2,118.23,462,14,120.23,633,15.2,126.17,6,17.2,134.19,8,OL,138.95,3,,,,,,,,,,,,,,,,,,,,,,,,,,,,,,,,,,,,,,,,,,,,,,,,,,,,,,,,,,,,,,,,,,,,,,,,,,,,,,,,,,,,,,,,,,,,,,,,,,,,,,,,,,,,,,,,,,,,,,,,,,,,,,,,,,,,,,,,,,,,,,,,,,,,,,,,,,,,,,,,,,,,,,,,,,,,,,,,,,,,,,,,,,,,,,,,,,,,,,,,,,,,,,,,,,,,,,,,,,,,,,,,,,,,,,,,,,,,,,,,,,,,,,,,,,,,,,,,,,,,,,,,,,,,,,,,,,,,
E02_RD14-0003-43d3-15-0.0625IP-Q1.1_001.20sec.fsa,vWA,Y,OL,149.33,4,12,155.9,16,13,160.08,364,OL,166.16,9,16,172.25,32,17,176.37,434,OL,197.4,7,,,,,,,,,,,,,,,,,,,,,,,,,,,,,,,,,,,,,,,,,,,,,,,,,,,,,,,,,,,,,,,,,,,,,,,,,,,,,,,,,,,,,,,,,,,,,,,,,,,,,,,,,,,,,,,,,,,,,,,,,,,,,,,,,,,,,,,,,,,,,,,,,,,,,,,,,,,,,,,,,,,,,,,,,,,,,,,,,,,,,,,,,,,,,,,,,,,,,,,,,,,,,,,,,,,,,,,,,,,,,,,,,,,,,,,,,,,,,,,,,,,,,,,,,,,,,,,,,,,,,,,,,,,,,,,,,,,,,,,
E02_RD14-0003-43d3-15-0.0625IP-Q1.1_001.20sec.fsa,TPOX,Y,OL,225.96,7,8,228.82,383,10,236.64,20,11,240.87,495,OL,248.54,7,OL,255.26,10,,,,,,,,,,,,,,,,,,,,,,,,,,,,,,,,,,,,,,,,,,,,,,,,,,,,,,,,,,,,,,,,,,,,,,,,,,,,,,,,,,,,,,,,,,,,,,,,,,,,,,,,,,,,,,,,,,,,,,,,,,,,,,,,,,,,,,,,,,,,,,,,,,,,,,,,,,,,,,,,,,,,,,,,,,,,,,,,,,,,,,,,,,,,,,,,,,,,,,,,,,,,,,,,,,,,,,,,,,,,,,,,,,,,,,,,,,,,,,,,,,,,,,,,,,,,,,,,,,,,,,,,,,,,,,,,,,,,,,,,,,
E02_RD14-0003-43d3-15-0.0625IP-Q1.1_001.20sec.fsa,D18S51,Y,OL,261.43,6,9,269.21,9,10.2,274.73,8,17,301.16,18,18,305.09,144,19,309.08,237,20,312.78,7,20.2,315.63,6,21,317.36,7,23,325.78,9,,,,,,,,,,,,,,,,,,,,,,,,,,,,,,,,,,,,,,,,,,,,,,,,,,,,,,,,,,,,,,,,,,,,,,,,,,,,,,,,,,,,,,,,,,,,,,,,,,,,,,,,,,,,,,,,,,,,,,,,,,,,,,,,,,,,,,,,,,,,,,,,,,,,,,,,,,,,,,,,,,,,,,,,,,,,,,,,,,,,,,,,,,,,,,,,,,,,,,,,,,,,,,,,,,,,,,,,,,,,,,,,,,,,,,,,,,,,,,,,,,,,,,,,,,,,,,,,,,,,,,,,,,,,,,
E02_RD14-0003-43d3-15-0.0625IP-Q1.1_001.20sec.fsa,AMEL,R,X,104.96,533,Y,110.84,326,,,,,,,,,,,,,,,,,,,,,,,,,,,,,,,,,,,,,,,,,,,,,,,,,,,,,,,,,,,,,,,,,,,,,,,,,,,,,,,,,,,,,,,,,,,,,,,,,,,,,,,,,,,,,,,,,,,,,,,,,,,,,,,,,,,,,,,,,,,,,,,,,,,,,,,,,,,,,,,,,,,,,,,,,,,,,,,,,,,,,,,,,,,,,,,,,,,,,,,,,,,,,,,,,,,,,,,,,,,,,,,,,,,,,,,,,,,,,,,,,,,,,,,,,,,,,,,,,,,,,,,,,,,,,,,,,,,,,,,,,,,,,,,,,,,,,,
E02_RD14-0003-43d3-15-0.0625IP-Q1.1_001.20sec.fsa,D5S818,R,OL,129.57,7,OL,138.54,7,OL,141.73,9,10,144.86,38,OL,147.01,10,11,148.92,648,OL,151.49,6,12,153.07,263,OL,163.12,8,17,172.99,9,OL,174.56,7,,,,,,,,,,,,,,,,,,,,,,,,,,,,,,,,,,,,,,,,,,,,,,,,,,,,,,,,,,,,,,,,,,,,,,,,,,,,,,,,,,,,,,,,,,,,,,,,,,,,,,,,,,,,,,,,,,,,,,,,,,,,,,,,,,,,,,,,,,,,,,,,,,,,,,,,,,,,,,,,,,,,,,,,,,,,,,,,,,,,,,,,,,,,,,,,,,,,,,,,,,,,,,,,,,,,,,,,,,,,,,,,,,,,,,,,,,,,,,,,,,,,,,,,,,,,,,,,,,,,,,,,,,,
E02_RD14-0003-43d3-15-0.0625IP-Q1.1_001.20sec.fsa,FGA,R,OL,207.38,5,OL,208.2,5,OL,209.85,4,16.2,211.18,10,OL,211.92,7,21,229.07,52,22,233.1,5,OL,238.32,7,28,257.59,156,30.2,267.44,8,OL,279.06,8,OL,289.53,6,OL,312.18,8,OL,331.16,8,OL,333.4,11,OL,346.14,6,OL,349.64,4,OL,358.86,11,,,,,,,,,,,,,,,,,,,,,,,,,,,,,,,,,,,,,,,,,,,,,,,,,,,,,,,,,,,,,,,,,,,,,,,,,,,,,,,,,,,,,,,,,,,,,,,,,,,,,,,,,,,,,,,,,,,,,,,,,,,,,,,,,,,,,,,,,,,,,,,,,,,,,,,,,,,,,,,,,,,,,,,,,,,,,,,,,,,,,,,,,,,,,,,,,,,,,,,,,,,,,,,,,,,,,,,,,,,,,,,,,,,,,,,,,,,,,,,,,,,,,,
E03_RD14-0003-43d2-30-0.125IP-Q1.4_001.20sec.fsa,D8S1179,B,7,117.38,3,OL,122.35,22,OL,122.8,21,10,129.62,51,11,133.65,770,12,137.87,46,OL,139.92,6,13,142,724,14,146.01,5,OL,148.43,3,OL,153.02,4,OL,155.37,3,OL,156.59,2,OL,160,8,OL,167.91,8,20,171.19,2,OL,171.91,4,OL,174.31,3,,,,,,,,,,,,,,,,,,,,,,,,,,,,,,,,,,,,,,,,,,,,,,,,,,,,,,,,,,,,,,,,,,,,,,,,,,,,,,,,,,,,,,,,,,,,,,,,,,,,,,,,,,,,,,,,,,,,,,,,,,,,,,,,,,,,,,,,,,,,,,,,,,,,,,,,,,,,,,,,,,,,,,,,,,,,,,,,,,,,,,,,,,,,,,,,,,,,,,,,,,,,,,,,,,,,,,,,,,,,,,,,,,,,,,,,,,,,,,,,,,,,,,
E03_RD14-0003-43d2-30-0.125IP-Q1.4_001.20sec.fsa,D21S11,B,OL,180.89,3,OL,185.69,5,26,190.57,30,27,194.72,738,28,198.62,20,OL,200.08,5,29,202.71,294,31,211.19,3,OL,214,11,OL,220,8,34.2,224.78,5,36,231.12,3,OL,232.26,5,OL,236.33,3,OL,239.92,9,,,,,,,,,,,,,,,,,,,,,,,,,,,,,,,,,,,,,,,,,,,,,,,,,,,,,,,,,,,,,,,,,,,,,,,,,,,,,,,,,,,,,,,,,,,,,,,,,,,,,,,,,,,,,,,,,,,,,,,,,,,,,,,,,,,,,,,,,,,,,,,,,,,,,,,,,,,,,,,,,,,,,,,,,,,,,,,,,,,,,,,,,,,,,,,,,,,,,,,,,,,,,,,,,,,,,,,,,,,,,,,,,,,,,,,,,,,,,,,,,,,,,,,,,,,,,,,
E03_RD14-0003-43d2-30-0.125IP-Q1.4_001.20sec.fsa,D7S820,B,5,250.08,6,5.2,252.65,3,OL,256.81,2,7,258.09,14,8,262.04,520,9,266.04,330,OL,271.2,5,OL,274.9,3,OL,277.03,4,12,277.77,4,OL,279.92,11,OL,287.24,4,,,,,,,,,,,,,,,,,,,,,,,,,,,,,,,,,,,,,,,,,,,,,,,,,,,,,,,,,,,,,,,,,,,,,,,,,,,,,,,,,,,,,,,,,,,,,,,,,,,,,,,,,,,,,,,,,,,,,,,,,,,,,,,,,,,,,,,,,,,,,,,,,,,,,,,,,,,,,,,,,,,,,,,,,,,,,,,,,,,,,,,,,,,,,,,,,,,,,,,,,,,,,,,,,,,,,,,,,,,,,,,,,,,,,,,,,,,,,,,,,,,,,,,,,,,,,,,,,,,,,,,,
E03_RD14-0003-43d2-30-0.125IP-Q1.4_001.20sec.fsa,CSF1PO,B,OL,300,10,OL,301.2,3,7,306.27,4,9,314.61,24,10,318.78,575,11,323.04,30,12,326.98,542,OL,332.4,3,OL,340,12,,,,,,,,,,,,,,,,,,,,,,,,,,,,,,,,,,,,,,,,,,,,,,,,,,,,,,,,,,,,,,,,,,,,,,,,,,,,,,,,,,,,,,,,,,,,,,,,,,,,,,,,,,,,,,,,,,,,,,,,,,,,,,,,,,,,,,,,,,,,,,,,,,,,,,,,,,,,,,,,,,,,,,,,,,,,,,,,,,,,,,,,,,,,,,,,,,,,,,,,,,,,,,,,,,,,,,,,,,,,,,,,,,,,,,,,,,,,,,,,,,,,,,,,,,,,,,,,,,,,,,,,,,,,,,,,,
E03_RD14-0003-43d2-30-0.125IP-Q1.4_001.20sec.fsa,D3S1358,G,OL,96.38,3,OL,100.08,7,OL,102.04,4,12,110.21,5,13,114.53,12,OL,115.73,15,OL,116.33,15,14,118.28,86,15,122.27,1470,16,126.08,11,,,,,,,,,,,,,,,,,,,,,,,,,,,,,,,,,,,,,,,,,,,,,,,,,,,,,,,,,,,,,,,,,,,,,,,,,,,,,,,,,,,,,,,,,,,,,,,,,,,,,,,,,,,,,,,,,,,,,,,,,,,,,,,,,,,,,,,,,,,,,,,,,,,,,,,,,,,,,,,,,,,,,,,,,,,,,,,,,,,,,,,,,,,,,,,,,,,,,,,,,,,,,,,,,,,,,,,,,,,,,,,,,,,,,,,,,,,,,,,,,,,,,,,,,,,,,,,,,,,,,,,,,,,,,,
E03_RD14-0003-43d2-30-0.125IP-Q1.4_001.20sec.fsa,TH01,G,OL,157.64,9,OL,161.12,6,5.3,167.67,9,7,172.71,18,8,176.71,883,8.3,179.68,10,9.3,183.9,757,OL,190.33,5,,,,,,,,,,,,,,,,,,,,,,,,,,,,,,,,,,,,,,,,,,,,,,,,,,,,,,,,,,,,,,,,,,,,,,,,,,,,,,,,,,,,,,,,,,,,,,,,,,,,,,,,,,,,,,,,,,,,,,,,,,,,,,,,,,,,,,,,,,,,,,,,,,,,,,,,,,,,,,,,,,,,,,,,,,,,,,,,,,,,,,,,,,,,,,,,,,,,,,,,,,,,,,,,,,,,,,,,,,,,,,,,,,,,,,,,,,,,,,,,,,,,,,,,,,,,,,,,,,,,,,,,,,,,,,,,,,,,
E03_RD14-0003-43d2-30-0.125IP-Q1.4_001.20sec.fsa,D13S317,G,OL,204.86,4,OL,207.74,5,9,219.18,8,10,223,17,11,227.22,442,12,231.2,790,14,239.76,6,,,,,,,,,,,,,,,,,,,,,,,,,,,,,,,,,,,,,,,,,,,,,,,,,,,,,,,,,,,,,,,,,,,,,,,,,,,,,,,,,,,,,,,,,,,,,,,,,,,,,,,,,,,,,,,,,,,,,,,,,,,,,,,,,,,,,,,,,,,,,,,,,,,,,,,,,,,,,,,,,,,,,,,,,,,,,,,,,,,,,,,,,,,,,,,,,,,,,,,,,,,,,,,,,,,,,,,,,,,,,,,,,,,,,,,,,,,,,,,,,,,,,,,,,,,,,,,,,,,,,,,,,,,,,,,,,,,,,,,
E03_RD14-0003-43d2-30-0.125IP-Q1.4_001.20sec.fsa,D16S539,G,6,255.86,3,7,259.6,8,OL,260.49,5,9,267.27,39,10,271.28,1072,OL,284.48,4,OL,289.93,3,,,,,,,,,,,,,,,,,,,,,,,,,,,,,,,,,,,,,,,,,,,,,,,,,,,,,,,,,,,,,,,,,,,,,,,,,,,,,,,,,,,,,,,,,,,,,,,,,,,,,,,,,,,,,,,,,,,,,,,,,,,,,,,,,,,,,,,,,,,,,,,,,,,,,,,,,,,,,,,,,,,,,,,,,,,,,,,,,,,,,,,,,,,,,,,,,,,,,,,,,,,,,,,,,,,,,,,,,,,,,,,,,,,,,,,,,,,,,,,,,,,,,,,,,,,,,,,,,,,,,,,,,,,,,,,,,,,,,,,
E03_RD14-0003-43d2-30-0.125IP-Q1.4_001.20sec.fsa,D2S1338,G,14,300.64,2,15,304.49,5,18,316.95,55,19,321.18,602,OL,324.55,6,21,329.15,30,22,333.23,321,OL,340.5,3,OL,344.11,4,,,,,,,,,,,,,,,,,,,,,,,,,,,,,,,,,,,,,,,,,,,,,,,,,,,,,,,,,,,,,,,,,,,,,,,,,,,,,,,,,,,,,,,,,,,,,,,,,,,,,,,,,,,,,,,,,,,,,,,,,,,,,,,,,,,,,,,,,,,,,,,,,,,,,,,,,,,,,,,,,,,,,,,,,,,,,,,,,,,,,,,,,,,,,,,,,,,,,,,,,,,,,,,,,,,,,,,,,,,,,,,,,,,,,,,,,,,,,,,,,,,,,,,,,,,,,,,,,,,,,,,,,,,,,,,,,
E03_RD14-0003-43d2-30-0.125IP-Q1.4_001.20sec.fsa,D19S433,Y,9,99.38,10,12.2,114.3,33,13,116.25,25,13.2,118.28,647,14,120.23,516,OL,137.01,6,,,,,,,,,,,,,,,,,,,,,,,,,,,,,,,,,,,,,,,,,,,,,,,,,,,,,,,,,,,,,,,,,,,,,,,,,,,,,,,,,,,,,,,,,,,,,,,,,,,,,,,,,,,,,,,,,,,,,,,,,,,,,,,,,,,,,,,,,,,,,,,,,,,,,,,,,,,,,,,,,,,,,,,,,,,,,,,,,,,,,,,,,,,,,,,,,,,,,,,,,,,,,,,,,,,,,,,,,,,,,,,,,,,,,,,,,,,,,,,,,,,,,,,,,,,,,,,,,,,,,,,,,,,,,,,,,,,,,,,,,,
E03_RD14-0003-43d2-30-0.125IP-Q1.4_001.20sec.fsa,vWA,Y,11,151.73,7,OL,154.81,6,12,155.94,21,13,160,647,OL,165.59,9,OL,168.95,6,16,172.15,49,17,176.31,630,18,180.73,6,22,196.34,8,OL,198.62,6,25,208.86,3,,,,,,,,,,,,,,,,,,,,,,,,,,,,,,,,,,,,,,,,,,,,,,,,,,,,,,,,,,,,,,,,,,,,,,,,,,,,,,,,,,,,,,,,,,,,,,,,,,,,,,,,,,,,,,,,,,,,,,,,,,,,,,,,,,,,,,,,,,,,,,,,,,,,,,,,,,,,,,,,,,,,,,,,,,,,,,,,,,,,,,,,,,,,,,,,,,,,,,,,,,,,,,,,,,,,,,,,,,,,,,,,,,,,,,,,,,,,,,,,,,,,,,,,,,,,,,,,,,,,,,,,
E03_RD14-0003-43d2-30-0.125IP-Q1.4_001.20sec.fsa,TPOX,Y,5,217.04,6,OL,221.46,9,OL,226,6,8,228.76,599,OL,233.4,7,OL,235.03,6,OL,238.78,5,11,240.84,231,OL,245.6,8,OL,251.61,6,OL,254.9,7,,,,,,,,,,,,,,,,,,,,,,,,,,,,,,,,,,,,,,,,,,,,,,,,,,,,,,,,,,,,,,,,,,,,,,,,,,,,,,,,,,,,,,,,,,,,,,,,,,,,,,,,,,,,,,,,,,,,,,,,,,,,,,,,,,,,,,,,,,,,,,,,,,,,,,,,,,,,,,,,,,,,,,,,,,,,,,,,,,,,,,,,,,,,,,,,,,,,,,,,,,,,,,,,,,,,,,,,,,,,,,,,,,,,,,,,,,,,,,,,,,,,,,,,,,,,,,,,,,,,,,,,,,,
E03_RD14-0003-43d2-30-0.125IP-Q1.4_001.20sec.fsa,D18S51,Y,OL,268.25,5,OL,270.05,7,11,276.7,7,OL,277.69,7,OL,281.87,7,OL,283.99,8,14.2,290.74,6,OL,294.56,5,16,296.92,9,16.2,298.7,10,17,301.12,30,18,305.13,292,19,309.12,207,19.2,310.93,3,21,317.82,7,21.2,319.39,9,23.2,328.07,10,OL,331.32,9,OL,341.01,7,,,,,,,,,,,,,,,,,,,,,,,,,,,,,,,,,,,,,,,,,,,,,,,,,,,,,,,,,,,,,,,,,,,,,,,,,,,,,,,,,,,,,,,,,,,,,,,,,,,,,,,,,,,,,,,,,,,,,,,,,,,,,,,,,,,,,,,,,,,,,,,,,,,,,,,,,,,,,,,,,,,,,,,,,,,,,,,,,,,,,,,,,,,,,,,,,,,,,,,,,,,,,,,,,,,,,,,,,,,,,,,,,,,,,,,,,,,,,,,,,,,
E03_RD14-0003-43d2-30-0.125IP-Q1.4_001.20sec.fsa,AMEL,R,X,104.93,539,OL,106.02,28,Y,110.83,1264,,,,,,,,,,,,,,,,,,,,,,,,,,,,,,,,,,,,,,,,,,,,,,,,,,,,,,,,,,,,,,,,,,,,,,,,,,,,,,,,,,,,,,,,,,,,,,,,,,,,,,,,,,,,,,,,,,,,,,,,,,,,,,,,,,,,,,,,,,,,,,,,,,,,,,,,,,,,,,,,,,,,,,,,,,,,,,,,,,,,,,,,,,,,,,,,,,,,,,,,,,,,,,,,,,,,,,,,,,,,,,,,,,,,,,,,,,,,,,,,,,,,,,,,,,,,,,,,,,,,,,,,,,,,,,,,,,,,,,,,,,,,,,,,,,,
E03_RD14-0003-43d2-30-0.125IP-Q1.4_001.20sec.fsa,D5S818,R,10,144.73,33,11,148.91,679,12,153.02,683,13,157.07,11,14,161.12,6,OL,167.03,5,17,173.59,9,,,,,,,,,,,,,,,,,,,,,,,,,,,,,,,,,,,,,,,,,,,,,,,,,,,,,,,,,,,,,,,,,,,,,,,,,,,,,,,,,,,,,,,,,,,,,,,,,,,,,,,,,,,,,,,,,,,,,,,,,,,,,,,,,,,,,,,,,,,,,,,,,,,,,,,,,,,,,,,,,,,,,,,,,,,,,,,,,,,,,,,,,,,,,,,,,,,,,,,,,,,,,,,,,,,,,,,,,,,,,,,,,,,,,,,,,,,,,,,,,,,,,,,,,,,,,,,,,,,,,,,,,,,,,,,,,,,,,,,
E03_RD14-0003-43d2-30-0.125IP-Q1.4_001.20sec.fsa,FGA,R,OL,204.54,3,OL,212.23,12,21,229.09,378,22,232.99,5,OL,246.1,8,OL,251.13,5,27,253.61,19,28,257.53,251,OL,260.49,9,OL,268.58,9,OL,274.07,9,OL,285.29,6,OL,299.35,6,OL,301.43,7,OL,315.04,5,OL,322.19,9,OL,325.73,11,OL,341.43,9,,,,,,,,,,,,,,,,,,,,,,,,,,,,,,,,,,,,,,,,,,,,,,,,,,,,,,,,,,,,,,,,,,,,,,,,,,,,,,,,,,,,,,,,,,,,,,,,,,,,,,,,,,,,,,,,,,,,,,,,,,,,,,,,,,,,,,,,,,,,,,,,,,,,,,,,,,,,,,,,,,,,,,,,,,,,,,,,,,,,,,,,,,,,,,,,,,,,,,,,,,,,,,,,,,,,,,,,,,,,,,,,,,,,,,,,,,,,,,,,,,,,,,
E04_RD14-0003-43d2-45-0.125IP-Q1.5_001.20sec.fsa,D8S1179,B,8,121.97,30,OL,122.66,26,OL,126.25,4,10,129.57,10,11,133.7,211,OL,135.19,3,12,137.86,43,13,142.01,513,16,154.05,7,OL,164.67,4,OL,174.02,2,,,,,,,,,,,,,,,,,,,,,,,,,,,,,,,,,,,,,,,,,,,,,,,,,,,,,,,,,,,,,,,,,,,,,,,,,,,,,,,,,,,,,,,,,,,,,,,,,,,,,,,,,,,,,,,,,,,,,,,,,,,,,,,,,,,,,,,,,,,,,,,,,,,,,,,,,,,,,,,,,,,,,,,,,,,,,,,,,,,,,,,,,,,,,,,,,,,,,,,,,,,,,,,,,,,,,,,,,,,,,,,,,,,,,,,,,,,,,,,,,,,,,,,,,,,,,,,,,,,,,,,,,,,
E04_RD14-0003-43d2-45-0.125IP-Q1.5_001.20sec.fsa,D21S11,B,25.2,188.12,4,25.2,188.7,3,26,190.58,15,27,194.76,326,28,198.69,22,OL,199.75,5,29,202.73,320,29.2,205.06,2,OL,209.97,2,31,211.18,4,OL,214,8,33,218.76,3,OL,220,7,OL,225.72,2,36.2,233.01,2,OL,233.83,5,37.2,236.54,4,OL,239.92,7,,,,,,,,,,,,,,,,,,,,,,,,,,,,,,,,,,,,,,,,,,,,,,,,,,,,,,,,,,,,,,,,,,,,,,,,,,,,,,,,,,,,,,,,,,,,,,,,,,,,,,,,,,,,,,,,,,,,,,,,,,,,,,,,,,,,,,,,,,,,,,,,,,,,,,,,,,,,,,,,,,,,,,,,,,,,,,,,,,,,,,,,,,,,,,,,,,,,,,,,,,,,,,,,,,,,,,,,,,,,,,,,,,,,,,,,,,,,,,,,,,,,,,
E04_RD14-0003-43d2-45-0.125IP-Q1.5_001.20sec.fsa,D7S820,B,OL,247.68,9,6,253.72,4,OL,258.63,15,8,262.13,280,9,266.15,180,OL,280,9,OL,284.5,4,OL,291.85,7,16,293.73,3,,,,,,,,,,,,,,,,,,,,,,,,,,,,,,,,,,,,,,,,,,,,,,,,,,,,,,,,,,,,,,,,,,,,,,,,,,,,,,,,,,,,,,,,,,,,,,,,,,,,,,,,,,,,,,,,,,,,,,,,,,,,,,,,,,,,,,,,,,,,,,,,,,,,,,,,,,,,,,,,,,,,,,,,,,,,,,,,,,,,,,,,,,,,,,,,,,,,,,,,,,,,,,,,,,,,,,,,,,,,,,,,,,,,,,,,,,,,,,,,,,,,,,,,,,,,,,,,,,,,,,,,,,,,,,,,,
E04_RD14-0003-43d2-45-0.125IP-Q1.5_001.20sec.fsa,CSF1PO,B,5,298.7,5,OL,300,8,OL,301.59,7,OL,314,8,OL,319.82,5,11,323.06,4,12,327.03,49,OL,339.92,9,OL,341.1,5,,,,,,,,,,,,,,,,,,,,,,,,,,,,,,,,,,,,,,,,,,,,,,,,,,,,,,,,,,,,,,,,,,,,,,,,,,,,,,,,,,,,,,,,,,,,,,,,,,,,,,,,,,,,,,,,,,,,,,,,,,,,,,,,,,,,,,,,,,,,,,,,,,,,,,,,,,,,,,,,,,,,,,,,,,,,,,,,,,,,,,,,,,,,,,,,,,,,,,,,,,,,,,,,,,,,,,,,,,,,,,,,,,,,,,,,,,,,,,,,,,,,,,,,,,,,,,,,,,,,,,,,,,,,,,,,,
E04_RD14-0003-43d2-45-0.125IP-Q1.5_001.20sec.fsa,D3S1358,G,11,106.14,8,OL,108.17,5,13,114.83,16,OL,115.58,14,OL,116.25,13,14,118.35,107,15,122.35,1668,16,126.25,8,16.2,128.18,4,,,,,,,,,,,,,,,,,,,,,,,,,,,,,,,,,,,,,,,,,,,,,,,,,,,,,,,,,,,,,,,,,,,,,,,,,,,,,,,,,,,,,,,,,,,,,,,,,,,,,,,,,,,,,,,,,,,,,,,,,,,,,,,,,,,,,,,,,,,,,,,,,,,,,,,,,,,,,,,,,,,,,,,,,,,,,,,,,,,,,,,,,,,,,,,,,,,,,,,,,,,,,,,,,,,,,,,,,,,,,,,,,,,,,,,,,,,,,,,,,,,,,,,,,,,,,,,,,,,,,,,,,,,,,,,,,
E04_RD14-0003-43d2-45-0.125IP-Q1.5_001.20sec.fsa,TH01,G,OL,159.1,7,6.3,171.68,4,7,172.81,19,8,176.77,804,8.3,179.68,11,9.3,183.94,921,OL,188.45,5,OL,198.12,7,13.3,200,8,,,,,,,,,,,,,,,,,,,,,,,,,,,,,,,,,,,,,,,,,,,,,,,,,,,,,,,,,,,,,,,,,,,,,,,,,,,,,,,,,,,,,,,,,,,,,,,,,,,,,,,,,,,,,,,,,,,,,,,,,,,,,,,,,,,,,,,,,,,,,,,,,,,,,,,,,,,,,,,,,,,,,,,,,,,,,,,,,,,,,,,,,,,,,,,,,,,,,,,,,,,,,,,,,,,,,,,,,,,,,,,,,,,,,,,,,,,,,,,,,,,,,,,,,,,,,,,,,,,,,,,,,,,,,,,,,
E04_RD14-0003-43d2-45-0.125IP-Q1.5_001.20sec.fsa,D13S317,G,OL,207.79,4,OL,209.08,5,10,222.86,9,11,227.19,196,12,231.21,346,15,243.93,4,OL,245.51,22,,,,,,,,,,,,,,,,,,,,,,,,,,,,,,,,,,,,,,,,,,,,,,,,,,,,,,,,,,,,,,,,,,,,,,,,,,,,,,,,,,,,,,,,,,,,,,,,,,,,,,,,,,,,,,,,,,,,,,,,,,,,,,,,,,,,,,,,,,,,,,,,,,,,,,,,,,,,,,,,,,,,,,,,,,,,,,,,,,,,,,,,,,,,,,,,,,,,,,,,,,,,,,,,,,,,,,,,,,,,,,,,,,,,,,,,,,,,,,,,,,,,,,,,,,,,,,,,,,,,,,,,,,,,,,,,,,,,,,,
E04_RD14-0003-43d2-45-0.125IP-Q1.5_001.20sec.fsa,D16S539,G,OL,250.49,5,OL,261.8,5,9,267.3,33,10,271.33,701,12.2,281.72,17,OL,292.01,10,,,,,,,,,,,,,,,,,,,,,,,,,,,,,,,,,,,,,,,,,,,,,,,,,,,,,,,,,,,,,,,,,,,,,,,,,,,,,,,,,,,,,,,,,,,,,,,,,,,,,,,,,,,,,,,,,,,,,,,,,,,,,,,,,,,,,,,,,,,,,,,,,,,,,,,,,,,,,,,,,,,,,,,,,,,,,,,,,,,,,,,,,,,,,,,,,,,,,,,,,,,,,,,,,,,,,,,,,,,,,,,,,,,,,,,,,,,,,,,,,,,,,,,,,,,,,,,,,,,,,,,,,,,,,,,,,,,,,,,,,,
E04_RD14-0003-43d2-45-0.125IP-Q1.5_001.20sec.fsa,D2S1338,G,17,312.41,5,18,316.9,44,19,321.11,286,21,328.96,16,22,333.22,122,OL,339.59,6,OL,346.07,6,26,349.7,6,OL,359.83,7,OL,360.67,6,,,,,,,,,,,,,,,,,,,,,,,,,,,,,,,,,,,,,,,,,,,,,,,,,,,,,,,,,,,,,,,,,,,,,,,,,,,,,,,,,,,,,,,,,,,,,,,,,,,,,,,,,,,,,,,,,,,,,,,,,,,,,,,,,,,,,,,,,,,,,,,,,,,,,,,,,,,,,,,,,,,,,,,,,,,,,,,,,,,,,,,,,,,,,,,,,,,,,,,,,,,,,,,,,,,,,,,,,,,,,,,,,,,,,,,,,,,,,,,,,,,,,,,,,,,,,,,,,,,,,,,,,,,,,,
E04_RD14-0003-43d2-45-0.125IP-Q1.5_001.20sec.fsa,D19S433,Y,12,112.76,9,12.2,114.45,47,13,116.33,41,13.2,118.28,650,14,120.23,648,OL,133.54,8,,,,,,,,,,,,,,,,,,,,,,,,,,,,,,,,,,,,,,,,,,,,,,,,,,,,,,,,,,,,,,,,,,,,,,,,,,,,,,,,,,,,,,,,,,,,,,,,,,,,,,,,,,,,,,,,,,,,,,,,,,,,,,,,,,,,,,,,,,,,,,,,,,,,,,,,,,,,,,,,,,,,,,,,,,,,,,,,,,,,,,,,,,,,,,,,,,,,,,,,,,,,,,,,,,,,,,,,,,,,,,,,,,,,,,,,,,,,,,,,,,,,,,,,,,,,,,,,,,,,,,,,,,,,,,,,,,,,,,,,,,
E04_RD14-0003-43d2-45-0.125IP-Q1.5_001.20sec.fsa,vWA,Y,OL,149.83,7,13,160,357,14,164.59,15,16,172.24,22,17,176.28,258,OL,195.5,7,,,,,,,,,,,,,,,,,,,,,,,,,,,,,,,,,,,,,,,,,,,,,,,,,,,,,,,,,,,,,,,,,,,,,,,,,,,,,,,,,,,,,,,,,,,,,,,,,,,,,,,,,,,,,,,,,,,,,,,,,,,,,,,,,,,,,,,,,,,,,,,,,,,,,,,,,,,,,,,,,,,,,,,,,,,,,,,,,,,,,,,,,,,,,,,,,,,,,,,,,,,,,,,,,,,,,,,,,,,,,,,,,,,,,,,,,,,,,,,,,,,,,,,,,,,,,,,,,,,,,,,,,,,,,,,,,,,,,,,,,,
E04_RD14-0003-43d2-45-0.125IP-Q1.5_001.20sec.fsa,TPOX,Y,OL,213.43,11,OL,219.67,7,6,220.49,9,8,228.83,430,10,236.87,20,11,240.92,400,OL,246.26,8,14,252.67,6,,,,,,,,,,,,,,,,,,,,,,,,,,,,,,,,,,,,,,,,,,,,,,,,,,,,,,,,,,,,,,,,,,,,,,,,,,,,,,,,,,,,,,,,,,,,,,,,,,,,,,,,,,,,,,,,,,,,,,,,,,,,,,,,,,,,,,,,,,,,,,,,,,,,,,,,,,,,,,,,,,,,,,,,,,,,,,,,,,,,,,,,,,,,,,,,,,,,,,,,,,,,,,,,,,,,,,,,,,,,,,,,,,,,,,,,,,,,,,,,,,,,,,,,,,,,,,,,,,,,,,,,,,,,,,,,,,,,
E04_RD14-0003-43d2-45-0.125IP-Q1.5_001.20sec.fsa,D18S51,Y,OL,267.71,10,9,269.03,7,OL,270.1,9,OL,290.06,6,18,305.12,88,19,309.11,51,OL,331.64,4,OL,336.37,6,26,337.45,6,,,,,,,,,,,,,,,,,,,,,,,,,,,,,,,,,,,,,,,,,,,,,,,,,,,,,,,,,,,,,,,,,,,,,,,,,,,,,,,,,,,,,,,,,,,,,,,,,,,,,,,,,,,,,,,,,,,,,,,,,,,,,,,,,,,,,,,,,,,,,,,,,,,,,,,,,,,,,,,,,,,,,,,,,,,,,,,,,,,,,,,,,,,,,,,,,,,,,,,,,,,,,,,,,,,,,,,,,,,,,,,,,,,,,,,,,,,,,,,,,,,,,,,,,,,,,,,,,,,,,,,,,,,,,,,,,
E04_RD14-0003-43d2-45-0.125IP-Q1.5_001.20sec.fsa,AMEL,R,X,104.96,640,OL,109.65,9,Y,110.9,611,,,,,,,,,,,,,,,,,,,,,,,,,,,,,,,,,,,,,,,,,,,,,,,,,,,,,,,,,,,,,,,,,,,,,,,,,,,,,,,,,,,,,,,,,,,,,,,,,,,,,,,,,,,,,,,,,,,,,,,,,,,,,,,,,,,,,,,,,,,,,,,,,,,,,,,,,,,,,,,,,,,,,,,,,,,,,,,,,,,,,,,,,,,,,,,,,,,,,,,,,,,,,,,,,,,,,,,,,,,,,,,,,,,,,,,,,,,,,,,,,,,,,,,,,,,,,,,,,,,,,,,,,,,,,,,,,,,,,,,,,,,,,,,,,,,
E04_RD14-0003-43d2-45-0.125IP-Q1.5_001.20sec.fsa,D5S818,R,OL,127.56,8,8,136.13,6,9,140.64,9,OL,142.73,4,10,144.82,22,11,148.86,511,12,152.99,383,14,160.8,11,OL,174.75,10,,,,,,,,,,,,,,,,,,,,,,,,,,,,,,,,,,,,,,,,,,,,,,,,,,,,,,,,,,,,,,,,,,,,,,,,,,,,,,,,,,,,,,,,,,,,,,,,,,,,,,,,,,,,,,,,,,,,,,,,,,,,,,,,,,,,,,,,,,,,,,,,,,,,,,,,,,,,,,,,,,,,,,,,,,,,,,,,,,,,,,,,,,,,,,,,,,,,,,,,,,,,,,,,,,,,,,,,,,,,,,,,,,,,,,,,,,,,,,,,,,,,,,,,,,,,,,,,,,,,,,,,,,,,,,,,,
E04_RD14-0003-43d2-45-0.125IP-Q1.5_001.20sec.fsa,FGA,R,17.2,214.33,9,20,224.9,19,21,229.08,243,22.2,235.15,2,24.2,243.01,8,27,253.8,18,28,257.51,134,OL,258.8,15,OL,262.29,10,29.2,263.36,6,30,265.25,6,OL,278.1,9,34.2,283.36,8,OL,286.54,8,OL,293.24,6,OL,296.82,5,OL,300.71,8,OL,314.26,10,OL,321.28,11,44.2,324.08,3,OL,327.95,8,OL,346.32,8,,,,,,,,,,,,,,,,,,,,,,,,,,,,,,,,,,,,,,,,,,,,,,,,,,,,,,,,,,,,,,,,,,,,,,,,,,,,,,,,,,,,,,,,,,,,,,,,,,,,,,,,,,,,,,,,,,,,,,,,,,,,,,,,,,,,,,,,,,,,,,,,,,,,,,,,,,,,,,,,,,,,,,,,,,,,,,,,,,,,,,,,,,,,,,,,,,,,,,,,,,,,,,,,,,,,,,,,,,,,,,,,,,,,,,,,,,
E07_RD14-0003-44d3-15-0.4IP-Q1.1_001.20sec.fsa,D8S1179,B,OL,116.36,5,8,121.61,16,OL,123.22,32,OL,128.87,3,OL,140.08,8,13,142.03,171,14,146.19,2770,15,150.36,2542,OL,153.23,5,OL,169.75,5,OL,173.73,3,,,,,,,,,,,,,,,,,,,,,,,,,,,,,,,,,,,,,,,,,,,,,,,,,,,,,,,,,,,,,,,,,,,,,,,,,,,,,,,,,,,,,,,,,,,,,,,,,,,,,,,,,,,,,,,,,,,,,,,,,,,,,,,,,,,,,,,,,,,,,,,,,,,,,,,,,,,,,,,,,,,,,,,,,,,,,,,,,,,,,,,,,,,,,,,,,,,,,,,,,,,,,,,,,,,,,,,,,,,,,,,,,,,,,,,,,,,,,,,,,,,,,,,,,,,,,,,,,,,,,,,,,,,
E07_RD14-0003-44d3-15-0.4IP-Q1.1_001.20sec.fsa,D21S11,B,23.2,180.08,9,25,186.44,7,OL,187.1,7,25.2,188.59,9,27,194.62,127,27.2,196.61,11,28,198.68,2225,29,202.53,15,31,210.8,135,31.2,212.85,11,32,214.83,1610,33,218.91,19,34.2,225.11,2,35,226.6,3,35.2,228.84,5,37.2,237.24,4,OL,238.24,9,38,238.83,4,OL,239.92,6,,,,,,,,,,,,,,,,,,,,,,,,,,,,,,,,,,,,,,,,,,,,,,,,,,,,,,,,,,,,,,,,,,,,,,,,,,,,,,,,,,,,,,,,,,,,,,,,,,,,,,,,,,,,,,,,,,,,,,,,,,,,,,,,,,,,,,,,,,,,,,,,,,,,,,,,,,,,,,,,,,,,,,,,,,,,,,,,,,,,,,,,,,,,,,,,,,,,,,,,,,,,,,,,,,,,,,,,,,,,,,,,,,,,,,,,,,,,,,,,,,,
E07_RD14-0003-44d3-15-0.4IP-Q1.1_001.20sec.fsa,D7S820,B,OL,248.98,4,5.2,252.14,2,OL,255.92,4,7,258.21,28,8,262.17,1014,9,266.11,49,10,270.14,1185,OL,280,9,OL,283.59,5,,,,,,,,,,,,,,,,,,,,,,,,,,,,,,,,,,,,,,,,,,,,,,,,,,,,,,,,,,,,,,,,,,,,,,,,,,,,,,,,,,,,,,,,,,,,,,,,,,,,,,,,,,,,,,,,,,,,,,,,,,,,,,,,,,,,,,,,,,,,,,,,,,,,,,,,,,,,,,,,,,,,,,,,,,,,,,,,,,,,,,,,,,,,,,,,,,,,,,,,,,,,,,,,,,,,,,,,,,,,,,,,,,,,,,,,,,,,,,,,,,,,,,,,,,,,,,,,,,,,,,,,,,,,,,,,,
E07_RD14-0003-44d3-15-0.4IP-Q1.1_001.20sec.fsa,CSF1PO,B,OL,313.91,8,OL,316.86,2,10,318.65,30,OL,319.73,7,10.2,321.04,1,11,322.87,652,12,326.85,943,14,335.07,6,OL,337.03,4,OL,340.09,10,OL,342.16,2,,,,,,,,,,,,,,,,,,,,,,,,,,,,,,,,,,,,,,,,,,,,,,,,,,,,,,,,,,,,,,,,,,,,,,,,,,,,,,,,,,,,,,,,,,,,,,,,,,,,,,,,,,,,,,,,,,,,,,,,,,,,,,,,,,,,,,,,,,,,,,,,,,,,,,,,,,,,,,,,,,,,,,,,,,,,,,,,,,,,,,,,,,,,,,,,,,,,,,,,,,,,,,,,,,,,,,,,,,,,,,,,,,,,,,,,,,,,,,,,,,,,,,,,,,,,,,,,,,,,,,,,,,,
E07_RD14-0003-44d3-15-0.4IP-Q1.1_001.20sec.fsa,D3S1358,G,OL,103.48,5,OL,105.45,7,12,110.64,11,13,114.53,25,OL,115.52,29,14,118.41,246,OL,120.38,6,15,122.3,3680,15.2,124.53,12,16,126.46,2771,17,130.43,12,OL,137.85,7,OL,141.79,9,,,,,,,,,,,,,,,,,,,,,,,,,,,,,,,,,,,,,,,,,,,,,,,,,,,,,,,,,,,,,,,,,,,,,,,,,,,,,,,,,,,,,,,,,,,,,,,,,,,,,,,,,,,,,,,,,,,,,,,,,,,,,,,,,,,,,,,,,,,,,,,,,,,,,,,,,,,,,,,,,,,,,,,,,,,,,,,,,,,,,,,,,,,,,,,,,,,,,,,,,,,,,,,,,,,,,,,,,,,,,,,,,,,,,,,,,,,,,,,,,,,,,,,,,,,,,,,,,,,,,
E07_RD14-0003-44d3-15-0.4IP-Q1.1_001.20sec.fsa,TH01,G,OL,155.29,11,3,156.94,7,4,160.08,12,5,164.55,44,6,168.61,3422,OL,175.11,7,8,176.91,9,8.3,179.84,46,9.3,183.96,3601,11,189.41,13,OL,190.65,9,,,,,,,,,,,,,,,,,,,,,,,,,,,,,,,,,,,,,,,,,,,,,,,,,,,,,,,,,,,,,,,,,,,,,,,,,,,,,,,,,,,,,,,,,,,,,,,,,,,,,,,,,,,,,,,,,,,,,,,,,,,,,,,,,,,,,,,,,,,,,,,,,,,,,,,,,,,,,,,,,,,,,,,,,,,,,,,,,,,,,,,,,,,,,,,,,,,,,,,,,,,,,,,,,,,,,,,,,,,,,,,,,,,,,,,,,,,,,,,,,,,,,,,,,,,,,,,,,,,,,,,,,,,
E07_RD14-0003-44d3-15-0.4IP-Q1.1_001.20sec.fsa,D13S317,G,OL,205.55,7,OL,208.34,5,7,211.12,87,8,215.16,3941,9,219.17,10,OL,242.32,8,,,,,,,,,,,,,,,,,,,,,,,,,,,,,,,,,,,,,,,,,,,,,,,,,,,,,,,,,,,,,,,,,,,,,,,,,,,,,,,,,,,,,,,,,,,,,,,,,,,,,,,,,,,,,,,,,,,,,,,,,,,,,,,,,,,,,,,,,,,,,,,,,,,,,,,,,,,,,,,,,,,,,,,,,,,,,,,,,,,,,,,,,,,,,,,,,,,,,,,,,,,,,,,,,,,,,,,,,,,,,,,,,,,,,,,,,,,,,,,,,,,,,,,,,,,,,,,,,,,,,,,,,,,,,,,,,,,,,,,,,,
E07_RD14-0003-44d3-15-0.4IP-Q1.1_001.20sec.fsa,D16S539,G,9,267.2,100,10,271.31,1779,11,275.27,1909,12,279.41,13,13,282.84,5,OL,285.42,5,OL,292.84,5,,,,,,,,,,,,,,,,,,,,,,,,,,,,,,,,,,,,,,,,,,,,,,,,,,,,,,,,,,,,,,,,,,,,,,,,,,,,,,,,,,,,,,,,,,,,,,,,,,,,,,,,,,,,,,,,,,,,,,,,,,,,,,,,,,,,,,,,,,,,,,,,,,,,,,,,,,,,,,,,,,,,,,,,,,,,,,,,,,,,,,,,,,,,,,,,,,,,,,,,,,,,,,,,,,,,,,,,,,,,,,,,,,,,,,,,,,,,,,,,,,,,,,,,,,,,,,,,,,,,,,,,,,,,,,,,,,,,,,,
E07_RD14-0003-44d3-15-0.4IP-Q1.1_001.20sec.fsa,D2S1338,G,14,301.14,5,OL,302.69,6,15,304.84,72,16,308.75,1551,18,316.86,85,19,321.04,1198,20,325.64,7,OL,328.14,6,OL,334.48,6,OL,346.32,8,OL,351.86,4,OL,363.61,6,OL,365.68,10,,,,,,,,,,,,,,,,,,,,,,,,,,,,,,,,,,,,,,,,,,,,,,,,,,,,,,,,,,,,,,,,,,,,,,,,,,,,,,,,,,,,,,,,,,,,,,,,,,,,,,,,,,,,,,,,,,,,,,,,,,,,,,,,,,,,,,,,,,,,,,,,,,,,,,,,,,,,,,,,,,,,,,,,,,,,,,,,,,,,,,,,,,,,,,,,,,,,,,,,,,,,,,,,,,,,,,,,,,,,,,,,,,,,,,,,,,,,,,,,,,,,,,,,,,,,,,,,,,,,,
E07_RD14-0003-44d3-15-0.4IP-Q1.1_001.20sec.fsa,D19S433,Y,10,104.35,9,12,112.28,111,OL,114.84,9,13,116.21,1932,14,120.15,191,OL,122.99,36,15,124.14,2270,OL,125.22,48,,,,,,,,,,,,,,,,,,,,,,,,,,,,,,,,,,,,,,,,,,,,,,,,,,,,,,,,,,,,,,,,,,,,,,,,,,,,,,,,,,,,,,,,,,,,,,,,,,,,,,,,,,,,,,,,,,,,,,,,,,,,,,,,,,,,,,,,,,,,,,,,,,,,,,,,,,,,,,,,,,,,,,,,,,,,,,,,,,,,,,,,,,,,,,,,,,,,,,,,,,,,,,,,,,,,,,,,,,,,,,,,,,,,,,,,,,,,,,,,,,,,,,,,,,,,,,,,,,,,,,,,,,,,,,,,,,,,
E07_RD14-0003-44d3-15-0.4IP-Q1.1_001.20sec.fsa,vWA,Y,OL,146.68,17,10,147.66,10,OL,148.8,19,OL,149.79,16,11,151.51,10,OL,165.11,17,OL,173.57,8,17,176.5,8,OL,177.31,6,OL,178.29,7,18,180.33,26,19,184.46,359,20,188.51,3465,21,192.47,13,OL,205.72,16,OL,207.93,9,,,,,,,,,,,,,,,,,,,,,,,,,,,,,,,,,,,,,,,,,,,,,,,,,,,,,,,,,,,,,,,,,,,,,,,,,,,,,,,,,,,,,,,,,,,,,,,,,,,,,,,,,,,,,,,,,,,,,,,,,,,,,,,,,,,,,,,,,,,,,,,,,,,,,,,,,,,,,,,,,,,,,,,,,,,,,,,,,,,,,,,,,,,,,,,,,,,,,,,,,,,,,,,,,,,,,,,,,,,,,,,,,,,,,,,,,,,,,,,,,,,,,,,,,,,,
E07_RD14-0003-44d3-15-0.4IP-Q1.1_001.20sec.fsa,TPOX,Y,5,216.58,14,10,236.74,123,11,240.77,3670,OL,243.6,6,12,244.97,22,,,,,,,,,,,,,,,,,,,,,,,,,,,,,,,,,,,,,,,,,,,,,,,,,,,,,,,,,,,,,,,,,,,,,,,,,,,,,,,,,,,,,,,,,,,,,,,,,,,,,,,,,,,,,,,,,,,,,,,,,,,,,,,,,,,,,,,,,,,,,,,,,,,,,,,,,,,,,,,,,,,,,,,,,,,,,,,,,,,,,,,,,,,,,,,,,,,,,,,,,,,,,,,,,,,,,,,,,,,,,,,,,,,,,,,,,,,,,,,,,,,,,,,,,,,,,,,,,,,,,,,,,,,,,,,,,,,,,,,,,,,,,
E07_RD14-0003-44d3-15-0.4IP-Q1.1_001.20sec.fsa,D18S51,Y,OL,261.67,9,OL,267.62,9,9,269.21,14,OL,272.32,24,OL,274.34,21,11,277.13,64,12,281.17,1082,13,285.09,43,14,289.18,769,OL,318.74,9,23.2,327.79,13,OL,331.91,12,,,,,,,,,,,,,,,,,,,,,,,,,,,,,,,,,,,,,,,,,,,,,,,,,,,,,,,,,,,,,,,,,,,,,,,,,,,,,,,,,,,,,,,,,,,,,,,,,,,,,,,,,,,,,,,,,,,,,,,,,,,,,,,,,,,,,,,,,,,,,,,,,,,,,,,,,,,,,,,,,,,,,,,,,,,,,,,,,,,,,,,,,,,,,,,,,,,,,,,,,,,,,,,,,,,,,,,,,,,,,,,,,,,,,,,,,,,,,,,,,,,,,,,,,,,,,,,,,,,,,,,,
E07_RD14-0003-44d3-15-0.4IP-Q1.1_001.20sec.fsa,AMEL,R,X,104.9,2511,Y,110.79,2384,,,,,,,,,,,,,,,,,,,,,,,,,,,,,,,,,,,,,,,,,,,,,,,,,,,,,,,,,,,,,,,,,,,,,,,,,,,,,,,,,,,,,,,,,,,,,,,,,,,,,,,,,,,,,,,,,,,,,,,,,,,,,,,,,,,,,,,,,,,,,,,,,,,,,,,,,,,,,,,,,,,,,,,,,,,,,,,,,,,,,,,,,,,,,,,,,,,,,,,,,,,,,,,,,,,,,,,,,,,,,,,,,,,,,,,,,,,,,,,,,,,,,,,,,,,,,,,,,,,,,,,,,,,,,,,,,,,,,,,,,,,,,,,,,,,,,,
E07_RD14-0003-44d3-15-0.4IP-Q1.1_001.20sec.fsa,D5S818,R,6,128.64,12,OL,133.97,7,9,140.49,14,10,144.8,90,11,148.89,1957,12,152.99,1748,13,157.11,16,OL,162.52,7,,,,,,,,,,,,,,,,,,,,,,,,,,,,,,,,,,,,,,,,,,,,,,,,,,,,,,,,,,,,,,,,,,,,,,,,,,,,,,,,,,,,,,,,,,,,,,,,,,,,,,,,,,,,,,,,,,,,,,,,,,,,,,,,,,,,,,,,,,,,,,,,,,,,,,,,,,,,,,,,,,,,,,,,,,,,,,,,,,,,,,,,,,,,,,,,,,,,,,,,,,,,,,,,,,,,,,,,,,,,,,,,,,,,,,,,,,,,,,,,,,,,,,,,,,,,,,,,,,,,,,,,,,,,,,,,,,,,
E07_RD14-0003-44d3-15-0.4IP-Q1.1_001.20sec.fsa,FGA,R,OL,205.55,13,OL,216.16,5,OL,217.66,7,OL,218.25,6,21,229.09,15,22,233.16,85,23,237.24,1253,24,241.37,1017,28,257.23,7,OL,260.58,11,OL,272.74,9,33.2,279.58,7,OL,290.34,8,OL,302.04,6,OL,307.41,11,48.2,340.86,14,OL,342.42,9,OL,343.37,10,49.2,344.33,5,OL,347.87,13,OL,354.63,9,,,,,,,,,,,,,,,,,,,,,,,,,,,,,,,,,,,,,,,,,,,,,,,,,,,,,,,,,,,,,,,,,,,,,,,,,,,,,,,,,,,,,,,,,,,,,,,,,,,,,,,,,,,,,,,,,,,,,,,,,,,,,,,,,,,,,,,,,,,,,,,,,,,,,,,,,,,,,,,,,,,,,,,,,,,,,,,,,,,,,,,,,,,,,,,,,,,,,,,,,,,,,,,,,,,,,,,,,,,,,,,,,,,,,,,,,,,,,
E08_RD14-0003-44d3-30-0.2IP-Q1.5_001.20sec.fsa,D8S1179,B,OL,120.08,10,OL,124.02,34,OL,127.84,6,10,129.92,3,OL,130.65,2,OL,131.61,4,11,133.47,3,OL,140,6,13,142.08,70,14,146.26,1179,15,150.37,760,OL,160.08,9,OL,160.83,4,18,162.49,3,OL,177.41,3,,,,,,,,,,,,,,,,,,,,,,,,,,,,,,,,,,,,,,,,,,,,,,,,,,,,,,,,,,,,,,,,,,,,,,,,,,,,,,,,,,,,,,,,,,,,,,,,,,,,,,,,,,,,,,,,,,,,,,,,,,,,,,,,,,,,,,,,,,,,,,,,,,,,,,,,,,,,,,,,,,,,,,,,,,,,,,,,,,,,,,,,,,,,,,,,,,,,,,,,,,,,,,,,,,,,,,,,,,,,,,,,,,,,,,,,,,,,,,,,,,,,,,,,,,,,,,,
E08_RD14-0003-44d3-30-0.2IP-Q1.5_001.20sec.fsa,D21S11,B,23.2,180.09,11,23.2,180.85,4,24,182.48,4,OL,183.67,6,27,194.7,31,27.2,196.49,5,28,198.8,480,31,210.79,42,OL,212.06,4,32,214.87,523,36.2,233.12,4,38,238.8,6,OL,239.91,9,,,,,,,,,,,,,,,,,,,,,,,,,,,,,,,,,,,,,,,,,,,,,,,,,,,,,,,,,,,,,,,,,,,,,,,,,,,,,,,,,,,,,,,,,,,,,,,,,,,,,,,,,,,,,,,,,,,,,,,,,,,,,,,,,,,,,,,,,,,,,,,,,,,,,,,,,,,,,,,,,,,,,,,,,,,,,,,,,,,,,,,,,,,,,,,,,,,,,,,,,,,,,,,,,,,,,,,,,,,,,,,,,,,,,,,,,,,,,,,,,,,,,,,,,,,,,,,,,,,,,
E08_RD14-0003-44d3-30-0.2IP-Q1.5_001.20sec.fsa,D7S820,B,OL,248.34,6,5,249.83,6,7,257.97,9,OL,260.09,9,8,262.15,348,9,266.12,20,10,270.19,414,11,274.17,12,OL,280.09,10,OL,284.74,4,,,,,,,,,,,,,,,,,,,,,,,,,,,,,,,,,,,,,,,,,,,,,,,,,,,,,,,,,,,,,,,,,,,,,,,,,,,,,,,,,,,,,,,,,,,,,,,,,,,,,,,,,,,,,,,,,,,,,,,,,,,,,,,,,,,,,,,,,,,,,,,,,,,,,,,,,,,,,,,,,,,,,,,,,,,,,,,,,,,,,,,,,,,,,,,,,,,,,,,,,,,,,,,,,,,,,,,,,,,,,,,,,,,,,,,,,,,,,,,,,,,,,,,,,,,,,,,,,,,,,,,,,,,,,,
E08_RD14-0003-44d3-30-0.2IP-Q1.5_001.20sec.fsa,CSF1PO,B,OL,300,11,OL,307.35,5,OL,311.27,3,OL,314,6,10,318.79,23,11,322.97,511,12,326.99,443,14,335.25,5,15,338.42,6,OL,340,12,16,343.03,4,,,,,,,,,,,,,,,,,,,,,,,,,,,,,,,,,,,,,,,,,,,,,,,,,,,,,,,,,,,,,,,,,,,,,,,,,,,,,,,,,,,,,,,,,,,,,,,,,,,,,,,,,,,,,,,,,,,,,,,,,,,,,,,,,,,,,,,,,,,,,,,,,,,,,,,,,,,,,,,,,,,,,,,,,,,,,,,,,,,,,,,,,,,,,,,,,,,,,,,,,,,,,,,,,,,,,,,,,,,,,,,,,,,,,,,,,,,,,,,,,,,,,,,,,,,,,,,,,,,,,,,,,,,
E08_RD14-0003-44d3-30-0.2IP-Q1.5_001.20sec.fsa,D3S1358,G,OL,97.36,7,OL,99.28,7,OL,115.25,16,14,118.44,89,15,122.36,1251,16,126.48,1233,16.2,128.56,4,OL,143.42,9,,,,,,,,,,,,,,,,,,,,,,,,,,,,,,,,,,,,,,,,,,,,,,,,,,,,,,,,,,,,,,,,,,,,,,,,,,,,,,,,,,,,,,,,,,,,,,,,,,,,,,,,,,,,,,,,,,,,,,,,,,,,,,,,,,,,,,,,,,,,,,,,,,,,,,,,,,,,,,,,,,,,,,,,,,,,,,,,,,,,,,,,,,,,,,,,,,,,,,,,,,,,,,,,,,,,,,,,,,,,,,,,,,,,,,,,,,,,,,,,,,,,,,,,,,,,,,,,,,,,,,,,,,,,,,,,,,,,
E08_RD14-0003-44d3-30-0.2IP-Q1.5_001.20sec.fsa,TH01,G,3,156.53,3,OL,159.58,9,5,164.57,22,6,168.73,892,8.3,179.75,7,9.3,184.02,656,OL,187.01,4,OL,189.66,7,OL,193.93,2,,,,,,,,,,,,,,,,,,,,,,,,,,,,,,,,,,,,,,,,,,,,,,,,,,,,,,,,,,,,,,,,,,,,,,,,,,,,,,,,,,,,,,,,,,,,,,,,,,,,,,,,,,,,,,,,,,,,,,,,,,,,,,,,,,,,,,,,,,,,,,,,,,,,,,,,,,,,,,,,,,,,,,,,,,,,,,,,,,,,,,,,,,,,,,,,,,,,,,,,,,,,,,,,,,,,,,,,,,,,,,,,,,,,,,,,,,,,,,,,,,,,,,,,,,,,,,,,,,,,,,,,,,,,,,,,,
E08_RD14-0003-44d3-30-0.2IP-Q1.5_001.20sec.fsa,D13S317,G,7,211.13,30,8,215.13,1952,9,219.21,6,OL,225.06,6,OL,228.14,6,14,239.4,9,OL,245.98,6,,,,,,,,,,,,,,,,,,,,,,,,,,,,,,,,,,,,,,,,,,,,,,,,,,,,,,,,,,,,,,,,,,,,,,,,,,,,,,,,,,,,,,,,,,,,,,,,,,,,,,,,,,,,,,,,,,,,,,,,,,,,,,,,,,,,,,,,,,,,,,,,,,,,,,,,,,,,,,,,,,,,,,,,,,,,,,,,,,,,,,,,,,,,,,,,,,,,,,,,,,,,,,,,,,,,,,,,,,,,,,,,,,,,,,,,,,,,,,,,,,,,,,,,,,,,,,,,,,,,,,,,,,,,,,,,,,,,,,,
E08_RD14-0003-44d3-30-0.2IP-Q1.5_001.20sec.fsa,D16S539,G,OL,257.55,6,OL,258.73,6,OL,260.52,7,9,267.33,26,10,271.31,745,11,275.3,492,OL,277.3,6,OL,280.6,6,12.2,281.55,3,OL,284.92,5,OL,285.69,6,,,,,,,,,,,,,,,,,,,,,,,,,,,,,,,,,,,,,,,,,,,,,,,,,,,,,,,,,,,,,,,,,,,,,,,,,,,,,,,,,,,,,,,,,,,,,,,,,,,,,,,,,,,,,,,,,,,,,,,,,,,,,,,,,,,,,,,,,,,,,,,,,,,,,,,,,,,,,,,,,,,,,,,,,,,,,,,,,,,,,,,,,,,,,,,,,,,,,,,,,,,,,,,,,,,,,,,,,,,,,,,,,,,,,,,,,,,,,,,,,,,,,,,,,,,,,,,,,,,,,,,,,,,
E08_RD14-0003-44d3-30-0.2IP-Q1.5_001.20sec.fsa,D2S1338,G,14,301.18,5,15,304.94,24,16,308.91,474,OL,313.65,9,18,317.13,29,19,321.17,370,OL,339.39,10,OL,345.8,6,,,,,,,,,,,,,,,,,,,,,,,,,,,,,,,,,,,,,,,,,,,,,,,,,,,,,,,,,,,,,,,,,,,,,,,,,,,,,,,,,,,,,,,,,,,,,,,,,,,,,,,,,,,,,,,,,,,,,,,,,,,,,,,,,,,,,,,,,,,,,,,,,,,,,,,,,,,,,,,,,,,,,,,,,,,,,,,,,,,,,,,,,,,,,,,,,,,,,,,,,,,,,,,,,,,,,,,,,,,,,,,,,,,,,,,,,,,,,,,,,,,,,,,,,,,,,,,,,,,,,,,,,,,,,,,,,,,,
E08_RD14-0003-44d3-30-0.2IP-Q1.5_001.20sec.fsa,D19S433,Y,11,107.88,10,12,112.39,71,13,116.34,1043,14,120.24,62,15,124.26,943,,,,,,,,,,,,,,,,,,,,,,,,,,,,,,,,,,,,,,,,,,,,,,,,,,,,,,,,,,,,,,,,,,,,,,,,,,,,,,,,,,,,,,,,,,,,,,,,,,,,,,,,,,,,,,,,,,,,,,,,,,,,,,,,,,,,,,,,,,,,,,,,,,,,,,,,,,,,,,,,,,,,,,,,,,,,,,,,,,,,,,,,,,,,,,,,,,,,,,,,,,,,,,,,,,,,,,,,,,,,,,,,,,,,,,,,,,,,,,,,,,,,,,,,,,,,,,,,,,,,,,,,,,,,,,,,,,,,,,,,,,,,,
E08_RD14-0003-44d3-30-0.2IP-Q1.5_001.20sec.fsa,vWA,Y,OL,148.69,7,OL,149.79,13,OL,164.98,21,OL,165.65,21,OL,177.49,8,19,184.44,134,20,188.54,1477,OL,199.74,10,,,,,,,,,,,,,,,,,,,,,,,,,,,,,,,,,,,,,,,,,,,,,,,,,,,,,,,,,,,,,,,,,,,,,,,,,,,,,,,,,,,,,,,,,,,,,,,,,,,,,,,,,,,,,,,,,,,,,,,,,,,,,,,,,,,,,,,,,,,,,,,,,,,,,,,,,,,,,,,,,,,,,,,,,,,,,,,,,,,,,,,,,,,,,,,,,,,,,,,,,,,,,,,,,,,,,,,,,,,,,,,,,,,,,,,,,,,,,,,,,,,,,,,,,,,,,,,,,,,,,,,,,,,,,,,,,,,,
E08_RD14-0003-44d3-30-0.2IP-Q1.5_001.20sec.fsa,TPOX,Y,OL,227.8,10,9,232.35,9,OL,235.61,7,10,236.99,39,11,240.97,931,OL,245.63,7,OL,247.03,9,,,,,,,,,,,,,,,,,,,,,,,,,,,,,,,,,,,,,,,,,,,,,,,,,,,,,,,,,,,,,,,,,,,,,,,,,,,,,,,,,,,,,,,,,,,,,,,,,,,,,,,,,,,,,,,,,,,,,,,,,,,,,,,,,,,,,,,,,,,,,,,,,,,,,,,,,,,,,,,,,,,,,,,,,,,,,,,,,,,,,,,,,,,,,,,,,,,,,,,,,,,,,,,,,,,,,,,,,,,,,,,,,,,,,,,,,,,,,,,,,,,,,,,,,,,,,,,,,,,,,,,,,,,,,,,,,,,,,,,
E08_RD14-0003-44d3-30-0.2IP-Q1.5_001.20sec.fsa,D18S51,Y,12,281.21,159,OL,288.02,10,14,289.31,33,OL,294.23,11,OL,309.87,10,OL,316.21,11,23,325.48,12,OL,337.19,8,,,,,,,,,,,,,,,,,,,,,,,,,,,,,,,,,,,,,,,,,,,,,,,,,,,,,,,,,,,,,,,,,,,,,,,,,,,,,,,,,,,,,,,,,,,,,,,,,,,,,,,,,,,,,,,,,,,,,,,,,,,,,,,,,,,,,,,,,,,,,,,,,,,,,,,,,,,,,,,,,,,,,,,,,,,,,,,,,,,,,,,,,,,,,,,,,,,,,,,,,,,,,,,,,,,,,,,,,,,,,,,,,,,,,,,,,,,,,,,,,,,,,,,,,,,,,,,,,,,,,,,,,,,,,,,,,,,,
E08_RD14-0003-44d3-30-0.2IP-Q1.5_001.20sec.fsa,AMEL,R,X,104.96,1158,Y,110.94,487,,,,,,,,,,,,,,,,,,,,,,,,,,,,,,,,,,,,,,,,,,,,,,,,,,,,,,,,,,,,,,,,,,,,,,,,,,,,,,,,,,,,,,,,,,,,,,,,,,,,,,,,,,,,,,,,,,,,,,,,,,,,,,,,,,,,,,,,,,,,,,,,,,,,,,,,,,,,,,,,,,,,,,,,,,,,,,,,,,,,,,,,,,,,,,,,,,,,,,,,,,,,,,,,,,,,,,,,,,,,,,,,,,,,,,,,,,,,,,,,,,,,,,,,,,,,,,,,,,,,,,,,,,,,,,,,,,,,,,,,,,,,,,,,,,,,,,
E08_RD14-0003-44d3-30-0.2IP-Q1.5_001.20sec.fsa,D5S818,R,OL,133.39,7,10,144.92,35,11,149.03,668,12,153.07,374,14,161.66,8,OL,164.24,7,16,168.9,15,17,173.65,10,,,,,,,,,,,,,,,,,,,,,,,,,,,,,,,,,,,,,,,,,,,,,,,,,,,,,,,,,,,,,,,,,,,,,,,,,,,,,,,,,,,,,,,,,,,,,,,,,,,,,,,,,,,,,,,,,,,,,,,,,,,,,,,,,,,,,,,,,,,,,,,,,,,,,,,,,,,,,,,,,,,,,,,,,,,,,,,,,,,,,,,,,,,,,,,,,,,,,,,,,,,,,,,,,,,,,,,,,,,,,,,,,,,,,,,,,,,,,,,,,,,,,,,,,,,,,,,,,,,,,,,,,,,,,,,,,,,,
E08_RD14-0003-44d3-30-0.2IP-Q1.5_001.20sec.fsa,FGA,R,OL,206.17,6,20,224.97,7,20.2,227.54,10,21,229.09,9,22,233.21,39,23,237.25,469,24,241.41,402,28,257.55,12,29.2,263.19,11,OL,268.02,8,OL,272.27,9,OL,280.69,10,OL,288.19,6,OL,317.13,13,OL,327.89,6,OL,330.2,7,OL,334.9,10,OL,337.54,9,OL,341.78,6,,,,,,,,,,,,,,,,,,,,,,,,,,,,,,,,,,,,,,,,,,,,,,,,,,,,,,,,,,,,,,,,,,,,,,,,,,,,,,,,,,,,,,,,,,,,,,,,,,,,,,,,,,,,,,,,,,,,,,,,,,,,,,,,,,,,,,,,,,,,,,,,,,,,,,,,,,,,,,,,,,,,,,,,,,,,,,,,,,,,,,,,,,,,,,,,,,,,,,,,,,,,,,,,,,,,,,,,,,,,,,,,,,,,,,,,,,,,,,,,,,,
F01_RD14-0003-43d3a-0.03125IP-Q0.9_002.20sec.fsa,D8S1179,B,OL,114.23,4,OL,120.31,1,OL,122.28,20,OL,127.44,2,10,129.6,16,OL,132.5,2,11,133.64,146,12,137.87,9,13,142,181,OL,156.78,3,OL,161.17,2,,,,,,,,,,,,,,,,,,,,,,,,,,,,,,,,,,,,,,,,,,,,,,,,,,,,,,,,,,,,,,,,,,,,,,,,,,,,,,,,,,,,,,,,,,,,,,,,,,,,,,,,,,,,,,,,,,,,,,,,,,,,,,,,,,,,,,,,,,,,,,,,,,,,,,,,,,,,,,,,,,,,,,,,,,,,,,,,,,,,,,,,,,,,,,,,,,,,,,,,,,,,,,,,,,,,,,,,,,,,,,,,,,,,,,,,,,,,,,,,,,,,,,,,,,,,,,,,,,,,,,,,,,,
F01_RD14-0003-43d3a-0.03125IP-Q0.9_002.20sec.fsa,D21S11,B,24.2,184.69,4,26,190.42,10,26.2,192.47,3,27,194.61,260,28,198.63,5,29,202.62,55,32,214.95,1,OL,220,3,34.2,225.32,2,35.2,229.11,3,36.2,232.91,2,OL,235.76,2,OL,240.18,5,,,,,,,,,,,,,,,,,,,,,,,,,,,,,,,,,,,,,,,,,,,,,,,,,,,,,,,,,,,,,,,,,,,,,,,,,,,,,,,,,,,,,,,,,,,,,,,,,,,,,,,,,,,,,,,,,,,,,,,,,,,,,,,,,,,,,,,,,,,,,,,,,,,,,,,,,,,,,,,,,,,,,,,,,,,,,,,,,,,,,,,,,,,,,,,,,,,,,,,,,,,,,,,,,,,,,,,,,,,,,,,,,,,,,,,,,,,,,,,,,,,,,,,,,,,,,,,,,,,,,
F01_RD14-0003-43d3a-0.03125IP-Q0.9_002.20sec.fsa,D7S820,B,OL,266.87,3,OL,271.32,5,OL,273.07,2,OL,275.79,3,12,278.24,3,OL,280.17,5,OL,291.13,3,,,,,,,,,,,,,,,,,,,,,,,,,,,,,,,,,,,,,,,,,,,,,,,,,,,,,,,,,,,,,,,,,,,,,,,,,,,,,,,,,,,,,,,,,,,,,,,,,,,,,,,,,,,,,,,,,,,,,,,,,,,,,,,,,,,,,,,,,,,,,,,,,,,,,,,,,,,,,,,,,,,,,,,,,,,,,,,,,,,,,,,,,,,,,,,,,,,,,,,,,,,,,,,,,,,,,,,,,,,,,,,,,,,,,,,,,,,,,,,,,,,,,,,,,,,,,,,,,,,,,,,,,,,,,,,,,,,,,,,
F01_RD14-0003-43d3a-0.03125IP-Q0.9_002.20sec.fsa,CSF1PO,B,5,298.35,3,8,310.52,3,9,314.47,7,OL,316.8,2,10,318.78,141,OL,320.27,7,OL,329.67,3,OL,331.91,2,OL,340.09,4,,,,,,,,,,,,,,,,,,,,,,,,,,,,,,,,,,,,,,,,,,,,,,,,,,,,,,,,,,,,,,,,,,,,,,,,,,,,,,,,,,,,,,,,,,,,,,,,,,,,,,,,,,,,,,,,,,,,,,,,,,,,,,,,,,,,,,,,,,,,,,,,,,,,,,,,,,,,,,,,,,,,,,,,,,,,,,,,,,,,,,,,,,,,,,,,,,,,,,,,,,,,,,,,,,,,,,,,,,,,,,,,,,,,,,,,,,,,,,,,,,,,,,,,,,,,,,,,,,,,,,,,,,,,,,,,,
F01_RD14-0003-43d3a-0.03125IP-Q0.9_002.20sec.fsa,D3S1358,G,OL,94.9,2,OL,98.24,4,11,106.7,4,OL,107.99,3,OL,116.81,11,14,118.29,22,15,122.2,292,OL,143.5,4,,,,,,,,,,,,,,,,,,,,,,,,,,,,,,,,,,,,,,,,,,,,,,,,,,,,,,,,,,,,,,,,,,,,,,,,,,,,,,,,,,,,,,,,,,,,,,,,,,,,,,,,,,,,,,,,,,,,,,,,,,,,,,,,,,,,,,,,,,,,,,,,,,,,,,,,,,,,,,,,,,,,,,,,,,,,,,,,,,,,,,,,,,,,,,,,,,,,,,,,,,,,,,,,,,,,,,,,,,,,,,,,,,,,,,,,,,,,,,,,,,,,,,,,,,,,,,,,,,,,,,,,,,,,,,,,,,,,
F01_RD14-0003-43d3a-0.03125IP-Q0.9_002.20sec.fsa,TH01,G,OL,159.92,6,OL,163.01,3,OL,174.44,5,8,176.71,128,9.3,183.93,173,OL,199.31,3,,,,,,,,,,,,,,,,,,,,,,,,,,,,,,,,,,,,,,,,,,,,,,,,,,,,,,,,,,,,,,,,,,,,,,,,,,,,,,,,,,,,,,,,,,,,,,,,,,,,,,,,,,,,,,,,,,,,,,,,,,,,,,,,,,,,,,,,,,,,,,,,,,,,,,,,,,,,,,,,,,,,,,,,,,,,,,,,,,,,,,,,,,,,,,,,,,,,,,,,,,,,,,,,,,,,,,,,,,,,,,,,,,,,,,,,,,,,,,,,,,,,,,,,,,,,,,,,,,,,,,,,,,,,,,,,,,,,,,,,,,
F01_RD14-0003-43d3a-0.03125IP-Q0.9_002.20sec.fsa,D13S317,G,OL,209.91,3,OL,214.17,4,OL,218.61,4,OL,221.54,4,10,223.26,14,11,227.3,268,12,231.27,76,OL,236.28,3,OL,237.23,3,OL,246.65,5,,,,,,,,,,,,,,,,,,,,,,,,,,,,,,,,,,,,,,,,,,,,,,,,,,,,,,,,,,,,,,,,,,,,,,,,,,,,,,,,,,,,,,,,,,,,,,,,,,,,,,,,,,,,,,,,,,,,,,,,,,,,,,,,,,,,,,,,,,,,,,,,,,,,,,,,,,,,,,,,,,,,,,,,,,,,,,,,,,,,,,,,,,,,,,,,,,,,,,,,,,,,,,,,,,,,,,,,,,,,,,,,,,,,,,,,,,,,,,,,,,,,,,,,,,,,,,,,,,,,,,,,,,,,,,
F01_RD14-0003-43d3a-0.03125IP-Q0.9_002.20sec.fsa,D16S539,G,OL,250.09,5,OL,260.09,6,8,263.48,4,9,267.4,16,10,271.32,359,OL,280,4,OL,291.65,3,OL,293.82,5,16,295.21,5,,,,,,,,,,,,,,,,,,,,,,,,,,,,,,,,,,,,,,,,,,,,,,,,,,,,,,,,,,,,,,,,,,,,,,,,,,,,,,,,,,,,,,,,,,,,,,,,,,,,,,,,,,,,,,,,,,,,,,,,,,,,,,,,,,,,,,,,,,,,,,,,,,,,,,,,,,,,,,,,,,,,,,,,,,,,,,,,,,,,,,,,,,,,,,,,,,,,,,,,,,,,,,,,,,,,,,,,,,,,,,,,,,,,,,,,,,,,,,,,,,,,,,,,,,,,,,,,,,,,,,,,,,,,,,,,,
F01_RD14-0003-43d3a-0.03125IP-Q0.9_002.20sec.fsa,D2S1338,G,OL,302.48,4,18,316.99,11,19,321.09,140,OL,327.87,2,21,329.4,6,22,333.25,31,OL,336.19,4,OL,340,4,OL,350.85,4,OL,359.91,5,OL,364.49,1,,,,,,,,,,,,,,,,,,,,,,,,,,,,,,,,,,,,,,,,,,,,,,,,,,,,,,,,,,,,,,,,,,,,,,,,,,,,,,,,,,,,,,,,,,,,,,,,,,,,,,,,,,,,,,,,,,,,,,,,,,,,,,,,,,,,,,,,,,,,,,,,,,,,,,,,,,,,,,,,,,,,,,,,,,,,,,,,,,,,,,,,,,,,,,,,,,,,,,,,,,,,,,,,,,,,,,,,,,,,,,,,,,,,,,,,,,,,,,,,,,,,,,,,,,,,,,,,,,,,,,,,,,,
F01_RD14-0003-43d3a-0.03125IP-Q0.9_002.20sec.fsa,D19S433,Y,12.2,114.08,13,OL,115.33,7,13.2,118.21,110,14.2,121.89,6,,,,,,,,,,,,,,,,,,,,,,,,,,,,,,,,,,,,,,,,,,,,,,,,,,,,,,,,,,,,,,,,,,,,,,,,,,,,,,,,,,,,,,,,,,,,,,,,,,,,,,,,,,,,,,,,,,,,,,,,,,,,,,,,,,,,,,,,,,,,,,,,,,,,,,,,,,,,,,,,,,,,,,,,,,,,,,,,,,,,,,,,,,,,,,,,,,,,,,,,,,,,,,,,,,,,,,,,,,,,,,,,,,,,,,,,,,,,,,,,,,,,,,,,,,,,,,,,,,,,,,,,,,,,,,,,,,,,,,,,,,,,,,,,
F01_RD14-0003-43d3a-0.03125IP-Q0.9_002.20sec.fsa,vWA,Y,OL,153.06,8,OL,157.54,3,13,160,69,OL,165.53,11,OL,166.28,8,16,172.25,24,17,176.29,333,19,184.61,6,20,188.45,7,OL,191.27,7,22,196.83,4,25,209.4,3,,,,,,,,,,,,,,,,,,,,,,,,,,,,,,,,,,,,,,,,,,,,,,,,,,,,,,,,,,,,,,,,,,,,,,,,,,,,,,,,,,,,,,,,,,,,,,,,,,,,,,,,,,,,,,,,,,,,,,,,,,,,,,,,,,,,,,,,,,,,,,,,,,,,,,,,,,,,,,,,,,,,,,,,,,,,,,,,,,,,,,,,,,,,,,,,,,,,,,,,,,,,,,,,,,,,,,,,,,,,,,,,,,,,,,,,,,,,,,,,,,,,,,,,,,,,,,,,,,,,,,,,
F01_RD14-0003-43d3a-0.03125IP-Q0.9_002.20sec.fsa,TPOX,Y,6,221.29,5,7,224.72,9,8,228.77,170,11,240.8,80,OL,256.59,6,,,,,,,,,,,,,,,,,,,,,,,,,,,,,,,,,,,,,,,,,,,,,,,,,,,,,,,,,,,,,,,,,,,,,,,,,,,,,,,,,,,,,,,,,,,,,,,,,,,,,,,,,,,,,,,,,,,,,,,,,,,,,,,,,,,,,,,,,,,,,,,,,,,,,,,,,,,,,,,,,,,,,,,,,,,,,,,,,,,,,,,,,,,,,,,,,,,,,,,,,,,,,,,,,,,,,,,,,,,,,,,,,,,,,,,,,,,,,,,,,,,,,,,,,,,,,,,,,,,,,,,,,,,,,,,,,,,,,,,,,,,,,
F01_RD14-0003-43d3a-0.03125IP-Q0.9_002.20sec.fsa,D18S51,Y,OL,276.31,5,12,280.7,5,OL,287.82,6,15.2,294.87,3,16,297.22,4,17,300.94,10,18,305.08,119,19,309.02,138,OL,315.68,6,22.2,323.63,6,,,,,,,,,,,,,,,,,,,,,,,,,,,,,,,,,,,,,,,,,,,,,,,,,,,,,,,,,,,,,,,,,,,,,,,,,,,,,,,,,,,,,,,,,,,,,,,,,,,,,,,,,,,,,,,,,,,,,,,,,,,,,,,,,,,,,,,,,,,,,,,,,,,,,,,,,,,,,,,,,,,,,,,,,,,,,,,,,,,,,,,,,,,,,,,,,,,,,,,,,,,,,,,,,,,,,,,,,,,,,,,,,,,,,,,,,,,,,,,,,,,,,,,,,,,,,,,,,,,,,,,,,,,,,,
F01_RD14-0003-43d3a-0.03125IP-Q0.9_002.20sec.fsa,AMEL,R,X,104.93,148,OL,107.83,4,Y,110.8,198,,,,,,,,,,,,,,,,,,,,,,,,,,,,,,,,,,,,,,,,,,,,,,,,,,,,,,,,,,,,,,,,,,,,,,,,,,,,,,,,,,,,,,,,,,,,,,,,,,,,,,,,,,,,,,,,,,,,,,,,,,,,,,,,,,,,,,,,,,,,,,,,,,,,,,,,,,,,,,,,,,,,,,,,,,,,,,,,,,,,,,,,,,,,,,,,,,,,,,,,,,,,,,,,,,,,,,,,,,,,,,,,,,,,,,,,,,,,,,,,,,,,,,,,,,,,,,,,,,,,,,,,,,,,,,,,,,,,,,,,,,,,,,,,,,,
F01_RD14-0003-43d3a-0.03125IP-Q0.9_002.20sec.fsa,D5S818,R,9,140.75,7,OL,142.41,8,10,144.58,8,11,148.85,109,OL,151.63,6,12,152.97,165,OL,167.79,6,OL,170.82,5,17,173.26,4,,,,,,,,,,,,,,,,,,,,,,,,,,,,,,,,,,,,,,,,,,,,,,,,,,,,,,,,,,,,,,,,,,,,,,,,,,,,,,,,,,,,,,,,,,,,,,,,,,,,,,,,,,,,,,,,,,,,,,,,,,,,,,,,,,,,,,,,,,,,,,,,,,,,,,,,,,,,,,,,,,,,,,,,,,,,,,,,,,,,,,,,,,,,,,,,,,,,,,,,,,,,,,,,,,,,,,,,,,,,,,,,,,,,,,,,,,,,,,,,,,,,,,,,,,,,,,,,,,,,,,,,,,,,,,,,,
F01_RD14-0003-43d3a-0.03125IP-Q0.9_002.20sec.fsa,FGA,R,OL,205.49,6,OL,207.27,6,17.2,214.43,12,OL,217.74,9,18.2,219.22,6,20,224.98,22,21,229.11,122,OL,238.53,7,OL,244.97,6,OL,256.25,5,28,257.53,56,OL,266.44,6,OL,281.22,6,OL,292.26,6,OL,295.13,4,OL,298.87,6,OL,312.21,4,OL,314.47,8,46.2,332.71,3,47.2,336.01,7,OL,343.44,6,OL,349.23,2,51.2,353.03,4,OL,356.47,4,,,,,,,,,,,,,,,,,,,,,,,,,,,,,,,,,,,,,,,,,,,,,,,,,,,,,,,,,,,,,,,,,,,,,,,,,,,,,,,,,,,,,,,,,,,,,,,,,,,,,,,,,,,,,,,,,,,,,,,,,,,,,,,,,,,,,,,,,,,,,,,,,,,,,,,,,,,,,,,,,,,,,,,,,,,,,,,,,,,,,,,,,,,,,,,,,,,,,,,,,,,,,,,,,,,,,,,,,,,,,,,,,,,,
F02_RD14-0003-43d3-15-0.03125IP-Q1.1_002.20sec.fsa,D8S1179,B,OL,118.69,2,8,121.94,20,10,129.65,12,11,133.63,189,12,137.65,8,13,141.98,120,15,149.91,5,OL,160.16,3,OL,173.4,2,OL,176.29,3,OL,178.18,3,,,,,,,,,,,,,,,,,,,,,,,,,,,,,,,,,,,,,,,,,,,,,,,,,,,,,,,,,,,,,,,,,,,,,,,,,,,,,,,,,,,,,,,,,,,,,,,,,,,,,,,,,,,,,,,,,,,,,,,,,,,,,,,,,,,,,,,,,,,,,,,,,,,,,,,,,,,,,,,,,,,,,,,,,,,,,,,,,,,,,,,,,,,,,,,,,,,,,,,,,,,,,,,,,,,,,,,,,,,,,,,,,,,,,,,,,,,,,,,,,,,,,,,,,,,,,,,,,,,,,,,,,,,
F02_RD14-0003-43d3-15-0.03125IP-Q1.1_002.20sec.fsa,D21S11,B,23.2,180.25,5,OL,181.43,3,24.2,184.62,2,25,186.31,3,OL,187.48,3,26.2,192.94,3,27,194.71,55,28,198.66,12,29,202.7,191,OL,219.66,6,34.2,224.87,3,35,227.39,4,35.2,228.65,2,36.2,232.94,1,37,235.04,1,38,238.82,3,OL,240,5,39,242.86,3,,,,,,,,,,,,,,,,,,,,,,,,,,,,,,,,,,,,,,,,,,,,,,,,,,,,,,,,,,,,,,,,,,,,,,,,,,,,,,,,,,,,,,,,,,,,,,,,,,,,,,,,,,,,,,,,,,,,,,,,,,,,,,,,,,,,,,,,,,,,,,,,,,,,,,,,,,,,,,,,,,,,,,,,,,,,,,,,,,,,,,,,,,,,,,,,,,,,,,,,,,,,,,,,,,,,,,,,,,,,,,,,,,,,,,,,,,,,,,,,,,,,,,
F02_RD14-0003-43d3-15-0.03125IP-Q1.1_002.20sec.fsa,D7S820,B,OL,251.33,4,7,258.03,4,OL,258.85,3,8,262.03,140,9,266.1,72,OL,280.25,6,,,,,,,,,,,,,,,,,,,,,,,,,,,,,,,,,,,,,,,,,,,,,,,,,,,,,,,,,,,,,,,,,,,,,,,,,,,,,,,,,,,,,,,,,,,,,,,,,,,,,,,,,,,,,,,,,,,,,,,,,,,,,,,,,,,,,,,,,,,,,,,,,,,,,,,,,,,,,,,,,,,,,,,,,,,,,,,,,,,,,,,,,,,,,,,,,,,,,,,,,,,,,,,,,,,,,,,,,,,,,,,,,,,,,,,,,,,,,,,,,,,,,,,,,,,,,,,,,,,,,,,,,,,,,,,,,,,,,,,,,,
F02_RD14-0003-43d3-15-0.03125IP-Q1.1_002.20sec.fsa,CSF1PO,B,OL,300.25,6,OL,303.64,2,9,314.45,9,10,318.9,77,OL,320.18,5,12,327,106,OL,340.09,5,OL,342.36,3,OL,344.8,2,,,,,,,,,,,,,,,,,,,,,,,,,,,,,,,,,,,,,,,,,,,,,,,,,,,,,,,,,,,,,,,,,,,,,,,,,,,,,,,,,,,,,,,,,,,,,,,,,,,,,,,,,,,,,,,,,,,,,,,,,,,,,,,,,,,,,,,,,,,,,,,,,,,,,,,,,,,,,,,,,,,,,,,,,,,,,,,,,,,,,,,,,,,,,,,,,,,,,,,,,,,,,,,,,,,,,,,,,,,,,,,,,,,,,,,,,,,,,,,,,,,,,,,,,,,,,,,,,,,,,,,,,,,,,,,,,
F02_RD14-0003-43d3-15-0.03125IP-Q1.1_002.20sec.fsa,D3S1358,G,OL,95.03,10,OL,100,7,OL,107.07,3,OL,115.46,16,OL,116.08,16,14,118.16,19,OL,120.31,8,15,122.18,354,16.2,128.3,4,OL,131.87,6,OL,143.96,4,,,,,,,,,,,,,,,,,,,,,,,,,,,,,,,,,,,,,,,,,,,,,,,,,,,,,,,,,,,,,,,,,,,,,,,,,,,,,,,,,,,,,,,,,,,,,,,,,,,,,,,,,,,,,,,,,,,,,,,,,,,,,,,,,,,,,,,,,,,,,,,,,,,,,,,,,,,,,,,,,,,,,,,,,,,,,,,,,,,,,,,,,,,,,,,,,,,,,,,,,,,,,,,,,,,,,,,,,,,,,,,,,,,,,,,,,,,,,,,,,,,,,,,,,,,,,,,,,,,,,,,,,,,
F02_RD14-0003-43d3-15-0.03125IP-Q1.1_002.20sec.fsa,TH01,G,OL,170.44,4,7,172.66,7,8,176.78,250,8.3,180,7,9.3,183.95,51,12,192.61,4,OL,194.2,3,13.3,199.92,6,,,,,,,,,,,,,,,,,,,,,,,,,,,,,,,,,,,,,,,,,,,,,,,,,,,,,,,,,,,,,,,,,,,,,,,,,,,,,,,,,,,,,,,,,,,,,,,,,,,,,,,,,,,,,,,,,,,,,,,,,,,,,,,,,,,,,,,,,,,,,,,,,,,,,,,,,,,,,,,,,,,,,,,,,,,,,,,,,,,,,,,,,,,,,,,,,,,,,,,,,,,,,,,,,,,,,,,,,,,,,,,,,,,,,,,,,,,,,,,,,,,,,,,,,,,,,,,,,,,,,,,,,,,,,,,,,,,,
F02_RD14-0003-43d3-15-0.03125IP-Q1.1_002.20sec.fsa,D13S317,G,OL,207.46,4,OL,209.19,5,7,211.59,4,OL,212.26,4,OL,214.09,7,OL,220.08,5,11,227.31,398,OL,238.49,3,OL,241.21,3,,,,,,,,,,,,,,,,,,,,,,,,,,,,,,,,,,,,,,,,,,,,,,,,,,,,,,,,,,,,,,,,,,,,,,,,,,,,,,,,,,,,,,,,,,,,,,,,,,,,,,,,,,,,,,,,,,,,,,,,,,,,,,,,,,,,,,,,,,,,,,,,,,,,,,,,,,,,,,,,,,,,,,,,,,,,,,,,,,,,,,,,,,,,,,,,,,,,,,,,,,,,,,,,,,,,,,,,,,,,,,,,,,,,,,,,,,,,,,,,,,,,,,,,,,,,,,,,,,,,,,,,,,,,,,,,,
F02_RD14-0003-43d3-15-0.03125IP-Q1.1_002.20sec.fsa,D16S539,G,5,251.83,5,OL,252.82,7,OL,261.94,5,9,267.2,25,10,271.28,537,OL,278.11,5,12,278.8,4,OL,280.08,5,OL,286.42,4,16,294.69,3,,,,,,,,,,,,,,,,,,,,,,,,,,,,,,,,,,,,,,,,,,,,,,,,,,,,,,,,,,,,,,,,,,,,,,,,,,,,,,,,,,,,,,,,,,,,,,,,,,,,,,,,,,,,,,,,,,,,,,,,,,,,,,,,,,,,,,,,,,,,,,,,,,,,,,,,,,,,,,,,,,,,,,,,,,,,,,,,,,,,,,,,,,,,,,,,,,,,,,,,,,,,,,,,,,,,,,,,,,,,,,,,,,,,,,,,,,,,,,,,,,,,,,,,,,,,,,,,,,,,,,,,,,,,,,
F02_RD14-0003-43d3-15-0.03125IP-Q1.1_002.20sec.fsa,D2S1338,G,OL,313.83,5,18,316.99,22,19,321.14,301,OL,323.86,3,OL,327.87,6,21,329.35,14,22,333.23,113,OL,335.56,4,23,336.84,2,OL,340.17,5,OL,350.21,13,OL,351.26,17,27,353.71,5,OL,358.51,5,OL,359.91,6,29,361.82,3,OL,365.46,4,,,,,,,,,,,,,,,,,,,,,,,,,,,,,,,,,,,,,,,,,,,,,,,,,,,,,,,,,,,,,,,,,,,,,,,,,,,,,,,,,,,,,,,,,,,,,,,,,,,,,,,,,,,,,,,,,,,,,,,,,,,,,,,,,,,,,,,,,,,,,,,,,,,,,,,,,,,,,,,,,,,,,,,,,,,,,,,,,,,,,,,,,,,,,,,,,,,,,,,,,,,,,,,,,,,,,,,,,,,,,,,,,,,,,,,,,,,,,,,,,,,,,,,,,
F02_RD14-0003-43d3-15-0.03125IP-Q1.1_002.20sec.fsa,D19S433,Y,9,100,10,OL,101.13,7,OL,103.06,7,11,107.71,9,12.2,114.23,11,13,116.31,16,13.2,118.23,118,14,120.23,191,OL,132.75,7,OL,138.95,7,OL,141.65,4,,,,,,,,,,,,,,,,,,,,,,,,,,,,,,,,,,,,,,,,,,,,,,,,,,,,,,,,,,,,,,,,,,,,,,,,,,,,,,,,,,,,,,,,,,,,,,,,,,,,,,,,,,,,,,,,,,,,,,,,,,,,,,,,,,,,,,,,,,,,,,,,,,,,,,,,,,,,,,,,,,,,,,,,,,,,,,,,,,,,,,,,,,,,,,,,,,,,,,,,,,,,,,,,,,,,,,,,,,,,,,,,,,,,,,,,,,,,,,,,,,,,,,,,,,,,,,,,,,,,,,,,,,,
F02_RD14-0003-43d3-15-0.03125IP-Q1.1_002.20sec.fsa,vWA,Y,13,160.08,119,OL,170.93,3,16,172.33,27,17,176.37,318,18,180,9,OL,185.89,4,OL,195.3,5,23,200.24,7,OL,203.35,6,,,,,,,,,,,,,,,,,,,,,,,,,,,,,,,,,,,,,,,,,,,,,,,,,,,,,,,,,,,,,,,,,,,,,,,,,,,,,,,,,,,,,,,,,,,,,,,,,,,,,,,,,,,,,,,,,,,,,,,,,,,,,,,,,,,,,,,,,,,,,,,,,,,,,,,,,,,,,,,,,,,,,,,,,,,,,,,,,,,,,,,,,,,,,,,,,,,,,,,,,,,,,,,,,,,,,,,,,,,,,,,,,,,,,,,,,,,,,,,,,,,,,,,,,,,,,,,,,,,,,,,,,,,,,,,,,
F02_RD14-0003-43d3-15-0.03125IP-Q1.1_002.20sec.fsa,TPOX,Y,OL,226.47,6,8,228.82,126,OL,235.21,5,11,241.21,5,12,245.27,10,OL,246.05,13,OL,247.86,10,OL,250.08,7,OL,252.41,6,14,253.07,5,OL,255.88,8,OL,257.04,6,,,,,,,,,,,,,,,,,,,,,,,,,,,,,,,,,,,,,,,,,,,,,,,,,,,,,,,,,,,,,,,,,,,,,,,,,,,,,,,,,,,,,,,,,,,,,,,,,,,,,,,,,,,,,,,,,,,,,,,,,,,,,,,,,,,,,,,,,,,,,,,,,,,,,,,,,,,,,,,,,,,,,,,,,,,,,,,,,,,,,,,,,,,,,,,,,,,,,,,,,,,,,,,,,,,,,,,,,,,,,,,,,,,,,,,,,,,,,,,,,,,,,,,,,,,,,,,,,,,,,,,,
F02_RD14-0003-43d3-15-0.03125IP-Q1.1_002.20sec.fsa,D18S51,Y,OL,266.77,6,OL,280,11,17,300.91,11,17.2,303.31,10,18,305.06,120,19,309.11,210,OL,322.2,9,,,,,,,,,,,,,,,,,,,,,,,,,,,,,,,,,,,,,,,,,,,,,,,,,,,,,,,,,,,,,,,,,,,,,,,,,,,,,,,,,,,,,,,,,,,,,,,,,,,,,,,,,,,,,,,,,,,,,,,,,,,,,,,,,,,,,,,,,,,,,,,,,,,,,,,,,,,,,,,,,,,,,,,,,,,,,,,,,,,,,,,,,,,,,,,,,,,,,,,,,,,,,,,,,,,,,,,,,,,,,,,,,,,,,,,,,,,,,,,,,,,,,,,,,,,,,,,,,,,,,,,,,,,,,,,,,,,,,,,
F02_RD14-0003-43d3-15-0.03125IP-Q1.1_002.20sec.fsa,AMEL,R,X,104.83,49,Y,110.82,177,,,,,,,,,,,,,,,,,,,,,,,,,,,,,,,,,,,,,,,,,,,,,,,,,,,,,,,,,,,,,,,,,,,,,,,,,,,,,,,,,,,,,,,,,,,,,,,,,,,,,,,,,,,,,,,,,,,,,,,,,,,,,,,,,,,,,,,,,,,,,,,,,,,,,,,,,,,,,,,,,,,,,,,,,,,,,,,,,,,,,,,,,,,,,,,,,,,,,,,,,,,,,,,,,,,,,,,,,,,,,,,,,,,,,,,,,,,,,,,,,,,,,,,,,,,,,,,,,,,,,,,,,,,,,,,,,,,,,,,,,,,,,,,,,,,,,,
F02_RD14-0003-43d3-15-0.03125IP-Q1.1_002.20sec.fsa,D5S818,R,OL,127.67,4,6,128.38,6,OL,135.31,6,8,136.84,4,11,148.92,61,12,152.99,57,14,161.15,9,OL,170.68,8,17,172.91,8,,,,,,,,,,,,,,,,,,,,,,,,,,,,,,,,,,,,,,,,,,,,,,,,,,,,,,,,,,,,,,,,,,,,,,,,,,,,,,,,,,,,,,,,,,,,,,,,,,,,,,,,,,,,,,,,,,,,,,,,,,,,,,,,,,,,,,,,,,,,,,,,,,,,,,,,,,,,,,,,,,,,,,,,,,,,,,,,,,,,,,,,,,,,,,,,,,,,,,,,,,,,,,,,,,,,,,,,,,,,,,,,,,,,,,,,,,,,,,,,,,,,,,,,,,,,,,,,,,,,,,,,,,,,,,,,,
F02_RD14-0003-43d3-15-0.03125IP-Q1.1_002.20sec.fsa,FGA,R,16.2,210.35,5,21,229.07,112,22,233.19,8,23,237.14,5,OL,244.76,5,25,245.7,5,OL,248.54,10,28,257.53,86,OL,260.59,9,29,261.27,7,29,261.94,9,32,273.33,3,OL,281.94,8,OL,296.72,6,OL,311.41,7,OL,327.87,8,OL,333.84,7,OL,346.89,7,OL,358.69,13,OL,359.39,11,,,,,,,,,,,,,,,,,,,,,,,,,,,,,,,,,,,,,,,,,,,,,,,,,,,,,,,,,,,,,,,,,,,,,,,,,,,,,,,,,,,,,,,,,,,,,,,,,,,,,,,,,,,,,,,,,,,,,,,,,,,,,,,,,,,,,,,,,,,,,,,,,,,,,,,,,,,,,,,,,,,,,,,,,,,,,,,,,,,,,,,,,,,,,,,,,,,,,,,,,,,,,,,,,,,,,,,,,,,,,,,,,,,,,,,,,,,,,,,,
F03_RD14-0003-43d2-30-0.0625IP-Q1.4_002.20sec.fsa,D8S1179,B,OL,113.07,3,7,118.05,3,OL,120.3,4,OL,123.04,20,10,129.65,19,11,133.7,364,12,138.02,13,13,142.08,149,OL,145.13,3,OL,149.63,2,16,154.48,3,OL,160.24,4,OL,169.38,3,OL,174.12,3,,,,,,,,,,,,,,,,,,,,,,,,,,,,,,,,,,,,,,,,,,,,,,,,,,,,,,,,,,,,,,,,,,,,,,,,,,,,,,,,,,,,,,,,,,,,,,,,,,,,,,,,,,,,,,,,,,,,,,,,,,,,,,,,,,,,,,,,,,,,,,,,,,,,,,,,,,,,,,,,,,,,,,,,,,,,,,,,,,,,,,,,,,,,,,,,,,,,,,,,,,,,,,,,,,,,,,,,,,,,,,,,,,,,,,,,,,,,,,,,,,,,,,,,,,,,,,,,,,
F03_RD14-0003-43d2-30-0.0625IP-Q1.4_002.20sec.fsa,D21S11,B,OL,185.89,3,OL,189.48,3,26,190.62,15,27,194.7,260,28,198.86,11,29,202.71,153,32,214.41,5,32.2,216.54,3,OL,217.61,4,34,223.32,5,35.2,229.25,5,OL,240.08,5,,,,,,,,,,,,,,,,,,,,,,,,,,,,,,,,,,,,,,,,,,,,,,,,,,,,,,,,,,,,,,,,,,,,,,,,,,,,,,,,,,,,,,,,,,,,,,,,,,,,,,,,,,,,,,,,,,,,,,,,,,,,,,,,,,,,,,,,,,,,,,,,,,,,,,,,,,,,,,,,,,,,,,,,,,,,,,,,,,,,,,,,,,,,,,,,,,,,,,,,,,,,,,,,,,,,,,,,,,,,,,,,,,,,,,,,,,,,,,,,,,,,,,,,,,,,,,,,,,,,,,,,
F03_RD14-0003-43d2-30-0.0625IP-Q1.4_002.20sec.fsa,D7S820,B,7,258.09,8,8,262.12,243,9,266.12,42,9.2,268,1,OL,275.31,4,OL,283.1,3,16,294.57,4,,,,,,,,,,,,,,,,,,,,,,,,,,,,,,,,,,,,,,,,,,,,,,,,,,,,,,,,,,,,,,,,,,,,,,,,,,,,,,,,,,,,,,,,,,,,,,,,,,,,,,,,,,,,,,,,,,,,,,,,,,,,,,,,,,,,,,,,,,,,,,,,,,,,,,,,,,,,,,,,,,,,,,,,,,,,,,,,,,,,,,,,,,,,,,,,,,,,,,,,,,,,,,,,,,,,,,,,,,,,,,,,,,,,,,,,,,,,,,,,,,,,,,,,,,,,,,,,,,,,,,,,,,,,,,,,,,,,,,,
F03_RD14-0003-43d2-30-0.0625IP-Q1.4_002.20sec.fsa,CSF1PO,B,OL,299.27,3,OL,300.32,6,OL,303.74,4,9,314.17,7,10,318.78,70,11,322.88,13,12,326.92,235,OL,338.26,3,,,,,,,,,,,,,,,,,,,,,,,,,,,,,,,,,,,,,,,,,,,,,,,,,,,,,,,,,,,,,,,,,,,,,,,,,,,,,,,,,,,,,,,,,,,,,,,,,,,,,,,,,,,,,,,,,,,,,,,,,,,,,,,,,,,,,,,,,,,,,,,,,,,,,,,,,,,,,,,,,,,,,,,,,,,,,,,,,,,,,,,,,,,,,,,,,,,,,,,,,,,,,,,,,,,,,,,,,,,,,,,,,,,,,,,,,,,,,,,,,,,,,,,,,,,,,,,,,,,,,,,,,,,,,,,,,,,,
F03_RD14-0003-43d2-30-0.0625IP-Q1.4_002.20sec.fsa,D3S1358,G,OL,99.92,8,OL,104.41,9,OL,116.18,15,14,118.35,24,15,122.28,478,OL,141.6,7,,,,,,,,,,,,,,,,,,,,,,,,,,,,,,,,,,,,,,,,,,,,,,,,,,,,,,,,,,,,,,,,,,,,,,,,,,,,,,,,,,,,,,,,,,,,,,,,,,,,,,,,,,,,,,,,,,,,,,,,,,,,,,,,,,,,,,,,,,,,,,,,,,,,,,,,,,,,,,,,,,,,,,,,,,,,,,,,,,,,,,,,,,,,,,,,,,,,,,,,,,,,,,,,,,,,,,,,,,,,,,,,,,,,,,,,,,,,,,,,,,,,,,,,,,,,,,,,,,,,,,,,,,,,,,,,,,,,,,,,,,
F03_RD14-0003-43d2-30-0.0625IP-Q1.4_002.20sec.fsa,TH01,G,OL,161.44,5,OL,162.88,5,OL,163.45,4,7,172.68,76,8,176.78,282,10,184.74,9,12,193.15,7,,,,,,,,,,,,,,,,,,,,,,,,,,,,,,,,,,,,,,,,,,,,,,,,,,,,,,,,,,,,,,,,,,,,,,,,,,,,,,,,,,,,,,,,,,,,,,,,,,,,,,,,,,,,,,,,,,,,,,,,,,,,,,,,,,,,,,,,,,,,,,,,,,,,,,,,,,,,,,,,,,,,,,,,,,,,,,,,,,,,,,,,,,,,,,,,,,,,,,,,,,,,,,,,,,,,,,,,,,,,,,,,,,,,,,,,,,,,,,,,,,,,,,,,,,,,,,,,,,,,,,,,,,,,,,,,,,,,,,,
F03_RD14-0003-43d2-30-0.0625IP-Q1.4_002.20sec.fsa,D13S317,G,OL,207.26,6,OL,216.95,5,OL,220.49,6,10,223.24,11,11,227.22,352,12,231.28,326,OL,239.92,8,OL,241.34,4,OL,244.35,7,16,247.18,4,,,,,,,,,,,,,,,,,,,,,,,,,,,,,,,,,,,,,,,,,,,,,,,,,,,,,,,,,,,,,,,,,,,,,,,,,,,,,,,,,,,,,,,,,,,,,,,,,,,,,,,,,,,,,,,,,,,,,,,,,,,,,,,,,,,,,,,,,,,,,,,,,,,,,,,,,,,,,,,,,,,,,,,,,,,,,,,,,,,,,,,,,,,,,,,,,,,,,,,,,,,,,,,,,,,,,,,,,,,,,,,,,,,,,,,,,,,,,,,,,,,,,,,,,,,,,,,,,,,,,,,,,,,,,,
F03_RD14-0003-43d2-30-0.0625IP-Q1.4_002.20sec.fsa,D16S539,G,7,260,8,OL,260.57,9,OL,261.47,8,9,267.02,16,OL,268.58,3,10,271.28,384,12.2,281.3,7,OL,284.4,5,15,290.83,6,15,291.48,6,,,,,,,,,,,,,,,,,,,,,,,,,,,,,,,,,,,,,,,,,,,,,,,,,,,,,,,,,,,,,,,,,,,,,,,,,,,,,,,,,,,,,,,,,,,,,,,,,,,,,,,,,,,,,,,,,,,,,,,,,,,,,,,,,,,,,,,,,,,,,,,,,,,,,,,,,,,,,,,,,,,,,,,,,,,,,,,,,,,,,,,,,,,,,,,,,,,,,,,,,,,,,,,,,,,,,,,,,,,,,,,,,,,,,,,,,,,,,,,,,,,,,,,,,,,,,,,,,,,,,,,,,,,,,,
F03_RD14-0003-43d2-30-0.0625IP-Q1.4_002.20sec.fsa,D2S1338,G,14,300.95,4,OL,313.59,5,19,321.1,110,21,329.52,9,22,333.28,81,OL,335.77,3,25,345.4,6,OL,346.84,6,27,352.83,4,OL,359.66,4,,,,,,,,,,,,,,,,,,,,,,,,,,,,,,,,,,,,,,,,,,,,,,,,,,,,,,,,,,,,,,,,,,,,,,,,,,,,,,,,,,,,,,,,,,,,,,,,,,,,,,,,,,,,,,,,,,,,,,,,,,,,,,,,,,,,,,,,,,,,,,,,,,,,,,,,,,,,,,,,,,,,,,,,,,,,,,,,,,,,,,,,,,,,,,,,,,,,,,,,,,,,,,,,,,,,,,,,,,,,,,,,,,,,,,,,,,,,,,,,,,,,,,,,,,,,,,,,,,,,,,,,,,,,,,
F03_RD14-0003-43d2-30-0.0625IP-Q1.4_002.20sec.fsa,D19S433,Y,OL,100.87,7,10,104.41,8,OL,107.47,7,12.2,114.38,28,13,116.4,26,13.2,118.28,306,14,120.23,337,15.2,126.49,7,OL,132.69,8,17.2,134.17,7,18,135.66,9,,,,,,,,,,,,,,,,,,,,,,,,,,,,,,,,,,,,,,,,,,,,,,,,,,,,,,,,,,,,,,,,,,,,,,,,,,,,,,,,,,,,,,,,,,,,,,,,,,,,,,,,,,,,,,,,,,,,,,,,,,,,,,,,,,,,,,,,,,,,,,,,,,,,,,,,,,,,,,,,,,,,,,,,,,,,,,,,,,,,,,,,,,,,,,,,,,,,,,,,,,,,,,,,,,,,,,,,,,,,,,,,,,,,,,,,,,,,,,,,,,,,,,,,,,,,,,,,,,,,,,,,,,,
F03_RD14-0003-43d2-30-0.0625IP-Q1.4_002.20sec.fsa,vWA,Y,11,151.41,11,12,155.94,14,13,160,310,16,172.36,15,OL,174.93,6,17,176.38,190,18,180.16,12,OL,187.11,7,OL,192.01,7,OL,198.94,5,OL,200,8,,,,,,,,,,,,,,,,,,,,,,,,,,,,,,,,,,,,,,,,,,,,,,,,,,,,,,,,,,,,,,,,,,,,,,,,,,,,,,,,,,,,,,,,,,,,,,,,,,,,,,,,,,,,,,,,,,,,,,,,,,,,,,,,,,,,,,,,,,,,,,,,,,,,,,,,,,,,,,,,,,,,,,,,,,,,,,,,,,,,,,,,,,,,,,,,,,,,,,,,,,,,,,,,,,,,,,,,,,,,,,,,,,,,,,,,,,,,,,,,,,,,,,,,,,,,,,,,,,,,,,,,,,,
F03_RD14-0003-43d2-30-0.0625IP-Q1.4_002.20sec.fsa,TPOX,Y,OL,214,9,5,216.63,7,OL,219.34,7,OL,223.24,10,8,228.84,245,OL,232.18,10,9,232.83,9,11,240.84,156,,,,,,,,,,,,,,,,,,,,,,,,,,,,,,,,,,,,,,,,,,,,,,,,,,,,,,,,,,,,,,,,,,,,,,,,,,,,,,,,,,,,,,,,,,,,,,,,,,,,,,,,,,,,,,,,,,,,,,,,,,,,,,,,,,,,,,,,,,,,,,,,,,,,,,,,,,,,,,,,,,,,,,,,,,,,,,,,,,,,,,,,,,,,,,,,,,,,,,,,,,,,,,,,,,,,,,,,,,,,,,,,,,,,,,,,,,,,,,,,,,,,,,,,,,,,,,,,,,,,,,,,,,,,,,,,,,,,
F03_RD14-0003-43d2-30-0.0625IP-Q1.4_002.20sec.fsa,D18S51,Y,8,264.73,4,OL,267.51,7,9,269.07,8,OL,272.1,10,OL,280,10,OL,286.03,9,17,301.27,18,18,305.1,199,19,308.98,90,21,316.95,9,OL,324.65,6,24,329.69,4,26,337.52,6,OL,339.75,7,,,,,,,,,,,,,,,,,,,,,,,,,,,,,,,,,,,,,,,,,,,,,,,,,,,,,,,,,,,,,,,,,,,,,,,,,,,,,,,,,,,,,,,,,,,,,,,,,,,,,,,,,,,,,,,,,,,,,,,,,,,,,,,,,,,,,,,,,,,,,,,,,,,,,,,,,,,,,,,,,,,,,,,,,,,,,,,,,,,,,,,,,,,,,,,,,,,,,,,,,,,,,,,,,,,,,,,,,,,,,,,,,,,,,,,,,,,,,,,,,,,,,,,,,,,,,,,,,,
F03_RD14-0003-43d2-30-0.0625IP-Q1.4_002.20sec.fsa,AMEL,R,X,104.96,348,Y,110.9,296,,,,,,,,,,,,,,,,,,,,,,,,,,,,,,,,,,,,,,,,,,,,,,,,,,,,,,,,,,,,,,,,,,,,,,,,,,,,,,,,,,,,,,,,,,,,,,,,,,,,,,,,,,,,,,,,,,,,,,,,,,,,,,,,,,,,,,,,,,,,,,,,,,,,,,,,,,,,,,,,,,,,,,,,,,,,,,,,,,,,,,,,,,,,,,,,,,,,,,,,,,,,,,,,,,,,,,,,,,,,,,,,,,,,,,,,,,,,,,,,,,,,,,,,,,,,,,,,,,,,,,,,,,,,,,,,,,,,,,,,,,,,,,,,,,,,,,
F03_RD14-0003-43d2-30-0.0625IP-Q1.4_002.20sec.fsa,D5S818,R,OL,129.19,9,OL,137.71,10,OL,138.81,7,10,144.65,13,OL,146.09,7,11,148.91,206,OL,151.81,4,12,153.02,44,OL,158.7,5,14,161.04,10,OL,162.08,8,OL,164.01,4,OL,172.76,8,,,,,,,,,,,,,,,,,,,,,,,,,,,,,,,,,,,,,,,,,,,,,,,,,,,,,,,,,,,,,,,,,,,,,,,,,,,,,,,,,,,,,,,,,,,,,,,,,,,,,,,,,,,,,,,,,,,,,,,,,,,,,,,,,,,,,,,,,,,,,,,,,,,,,,,,,,,,,,,,,,,,,,,,,,,,,,,,,,,,,,,,,,,,,,,,,,,,,,,,,,,,,,,,,,,,,,,,,,,,,,,,,,,,,,,,,,,,,,,,,,,,,,,,,,,,,,,,,,,,,
F03_RD14-0003-43d2-30-0.0625IP-Q1.4_002.20sec.fsa,FGA,R,OL,204.14,5,17,212.55,13,18.2,218.68,4,21,229.09,135,21.2,230.87,8,22.2,235.43,7,OL,250.56,6,OL,254.5,10,27.2,255.14,6,28,257.53,180,29.2,263.67,8,31.2,271.45,12,OL,278.43,9,OL,285.62,7,OL,291.48,3,OL,303.5,4,OL,308.01,4,OL,314.95,12,42.2,316.25,7,OL,321.1,9,OL,324.98,7,OL,335.36,6,OL,348.02,8,51.2,352.24,7,OL,355.02,6,OL,356.21,11,,,,,,,,,,,,,,,,,,,,,,,,,,,,,,,,,,,,,,,,,,,,,,,,,,,,,,,,,,,,,,,,,,,,,,,,,,,,,,,,,,,,,,,,,,,,,,,,,,,,,,,,,,,,,,,,,,,,,,,,,,,,,,,,,,,,,,,,,,,,,,,,,,,,,,,,,,,,,,,,,,,,,,,,,,,,,,,,,,,,,,,,,,,,,,,,,,,,,,,,,,,,,,,,,,,,,,,,,,,,,,
F04_RD14-0003-43d2-45-0.0625IP-Q1.5_002.20sec.fsa,D8S1179,B,OL,117.04,23,OL,120,3,OL,122.67,22,OL,127.2,7,10,129.83,14,11,133.72,217,OL,136.38,4,12,137.87,9,13,142.01,197,14,146.44,6,OL,148.3,17,19,167.06,8,OL,172.92,5,,,,,,,,,,,,,,,,,,,,,,,,,,,,,,,,,,,,,,,,,,,,,,,,,,,,,,,,,,,,,,,,,,,,,,,,,,,,,,,,,,,,,,,,,,,,,,,,,,,,,,,,,,,,,,,,,,,,,,,,,,,,,,,,,,,,,,,,,,,,,,,,,,,,,,,,,,,,,,,,,,,,,,,,,,,,,,,,,,,,,,,,,,,,,,,,,,,,,,,,,,,,,,,,,,,,,,,,,,,,,,,,,,,,,,,,,,,,,,,,,,,,,,,,,,,,,,,,,,,,,
F04_RD14-0003-43d2-45-0.0625IP-Q1.5_002.20sec.fsa,D21S11,B,23.2,180.24,9,26,190.61,12,27,194.69,140,28,198.69,15,29,202.73,146,31.2,212.95,5,OL,216.22,4,35.2,228.86,2,36,231.07,5,OL,236.22,2,OL,240.17,6,39,242.95,6,,,,,,,,,,,,,,,,,,,,,,,,,,,,,,,,,,,,,,,,,,,,,,,,,,,,,,,,,,,,,,,,,,,,,,,,,,,,,,,,,,,,,,,,,,,,,,,,,,,,,,,,,,,,,,,,,,,,,,,,,,,,,,,,,,,,,,,,,,,,,,,,,,,,,,,,,,,,,,,,,,,,,,,,,,,,,,,,,,,,,,,,,,,,,,,,,,,,,,,,,,,,,,,,,,,,,,,,,,,,,,,,,,,,,,,,,,,,,,,,,,,,,,,,,,,,,,,,,,,,,,,,
F04_RD14-0003-43d2-45-0.0625IP-Q1.5_002.20sec.fsa,D7S820,B,OL,247.91,3,8,262.12,120,9,266.13,69,OL,269.57,4,OL,271.21,6,11,274.41,4,OL,276.3,3,OL,277.04,4,12,278.52,4,OL,281.47,5,OL,291.1,3,,,,,,,,,,,,,,,,,,,,,,,,,,,,,,,,,,,,,,,,,,,,,,,,,,,,,,,,,,,,,,,,,,,,,,,,,,,,,,,,,,,,,,,,,,,,,,,,,,,,,,,,,,,,,,,,,,,,,,,,,,,,,,,,,,,,,,,,,,,,,,,,,,,,,,,,,,,,,,,,,,,,,,,,,,,,,,,,,,,,,,,,,,,,,,,,,,,,,,,,,,,,,,,,,,,,,,,,,,,,,,,,,,,,,,,,,,,,,,,,,,,,,,,,,,,,,,,,,,,,,,,,,,,
F04_RD14-0003-43d2-45-0.0625IP-Q1.5_002.20sec.fsa,CSF1PO,B,OL,309.18,3,10,318.78,111,OL,320.26,4,12,326.95,62,OL,337.01,4,15,338.84,4,OL,340.17,7,,,,,,,,,,,,,,,,,,,,,,,,,,,,,,,,,,,,,,,,,,,,,,,,,,,,,,,,,,,,,,,,,,,,,,,,,,,,,,,,,,,,,,,,,,,,,,,,,,,,,,,,,,,,,,,,,,,,,,,,,,,,,,,,,,,,,,,,,,,,,,,,,,,,,,,,,,,,,,,,,,,,,,,,,,,,,,,,,,,,,,,,,,,,,,,,,,,,,,,,,,,,,,,,,,,,,,,,,,,,,,,,,,,,,,,,,,,,,,,,,,,,,,,,,,,,,,,,,,,,,,,,,,,,,,,,,,,,,,,
F04_RD14-0003-43d2-45-0.0625IP-Q1.5_002.20sec.fsa,D3S1358,G,OL,98.68,10,OL,104.71,40,12,110.26,7,OL,115.37,19,OL,116.43,14,14,118.33,38,15,122.44,661,16.2,128.44,11,OL,131.15,13,17.2,132.31,4,19,138.34,35,OL,139.68,3,OL,140.48,5,,,,,,,,,,,,,,,,,,,,,,,,,,,,,,,,,,,,,,,,,,,,,,,,,,,,,,,,,,,,,,,,,,,,,,,,,,,,,,,,,,,,,,,,,,,,,,,,,,,,,,,,,,,,,,,,,,,,,,,,,,,,,,,,,,,,,,,,,,,,,,,,,,,,,,,,,,,,,,,,,,,,,,,,,,,,,,,,,,,,,,,,,,,,,,,,,,,,,,,,,,,,,,,,,,,,,,,,,,,,,,,,,,,,,,,,,,,,,,,,,,,,,,,,,,,,,,,,,,,,,
F04_RD14-0003-43d2-45-0.0625IP-Q1.5_002.20sec.fsa,TH01,G,OL,158.53,8,7,172.68,24,7.3,175.58,16,8,176.78,821,8.3,179.92,13,9.3,183.92,364,12,192.74,7,OL,199.02,8,,,,,,,,,,,,,,,,,,,,,,,,,,,,,,,,,,,,,,,,,,,,,,,,,,,,,,,,,,,,,,,,,,,,,,,,,,,,,,,,,,,,,,,,,,,,,,,,,,,,,,,,,,,,,,,,,,,,,,,,,,,,,,,,,,,,,,,,,,,,,,,,,,,,,,,,,,,,,,,,,,,,,,,,,,,,,,,,,,,,,,,,,,,,,,,,,,,,,,,,,,,,,,,,,,,,,,,,,,,,,,,,,,,,,,,,,,,,,,,,,,,,,,,,,,,,,,,,,,,,,,,,,,,,,,,,,,,,
F04_RD14-0003-43d2-45-0.0625IP-Q1.5_002.20sec.fsa,D13S317,G,OL,212.55,7,OL,213.92,7,8,214.82,6,OL,219.84,6,10,223.41,12,OL,224.22,3,11,227.23,246,12,231.23,299,OL,244.38,7,,,,,,,,,,,,,,,,,,,,,,,,,,,,,,,,,,,,,,,,,,,,,,,,,,,,,,,,,,,,,,,,,,,,,,,,,,,,,,,,,,,,,,,,,,,,,,,,,,,,,,,,,,,,,,,,,,,,,,,,,,,,,,,,,,,,,,,,,,,,,,,,,,,,,,,,,,,,,,,,,,,,,,,,,,,,,,,,,,,,,,,,,,,,,,,,,,,,,,,,,,,,,,,,,,,,,,,,,,,,,,,,,,,,,,,,,,,,,,,,,,,,,,,,,,,,,,,,,,,,,,,,,,,,,,,,,
F04_RD14-0003-43d2-45-0.0625IP-Q1.5_002.20sec.fsa,D16S539,G,7,259.92,7,9,267.27,22,OL,269.32,4,10,271.29,532,11,275.23,3,13,283.67,4,OL,289.23,8,OL,292.25,9,,,,,,,,,,,,,,,,,,,,,,,,,,,,,,,,,,,,,,,,,,,,,,,,,,,,,,,,,,,,,,,,,,,,,,,,,,,,,,,,,,,,,,,,,,,,,,,,,,,,,,,,,,,,,,,,,,,,,,,,,,,,,,,,,,,,,,,,,,,,,,,,,,,,,,,,,,,,,,,,,,,,,,,,,,,,,,,,,,,,,,,,,,,,,,,,,,,,,,,,,,,,,,,,,,,,,,,,,,,,,,,,,,,,,,,,,,,,,,,,,,,,,,,,,,,,,,,,,,,,,,,,,,,,,,,,,,,,
F04_RD14-0003-43d2-45-0.0625IP-Q1.5_002.20sec.fsa,D2S1338,G,OL,301.53,6,OL,302.33,2,16,308.61,6,18,316.95,28,19,321.11,235,20,324.92,3,21,329.14,11,22,333.16,92,23,337.67,5,OL,340.42,7,OL,342.87,8,,,,,,,,,,,,,,,,,,,,,,,,,,,,,,,,,,,,,,,,,,,,,,,,,,,,,,,,,,,,,,,,,,,,,,,,,,,,,,,,,,,,,,,,,,,,,,,,,,,,,,,,,,,,,,,,,,,,,,,,,,,,,,,,,,,,,,,,,,,,,,,,,,,,,,,,,,,,,,,,,,,,,,,,,,,,,,,,,,,,,,,,,,,,,,,,,,,,,,,,,,,,,,,,,,,,,,,,,,,,,,,,,,,,,,,,,,,,,,,,,,,,,,,,,,,,,,,,,,,,,,,,,,,
F04_RD14-0003-43d2-45-0.0625IP-Q1.5_002.20sec.fsa,D19S433,Y,OL,97.14,11,OL,101.18,17,OL,103.22,22,OL,107.53,9,12.2,114.38,31,13,116.28,21,13.2,118.26,317,14,120.23,316,OL,124.97,10,OL,130.99,6,OL,137.48,6,OL,139.92,7,OL,141.37,12,,,,,,,,,,,,,,,,,,,,,,,,,,,,,,,,,,,,,,,,,,,,,,,,,,,,,,,,,,,,,,,,,,,,,,,,,,,,,,,,,,,,,,,,,,,,,,,,,,,,,,,,,,,,,,,,,,,,,,,,,,,,,,,,,,,,,,,,,,,,,,,,,,,,,,,,,,,,,,,,,,,,,,,,,,,,,,,,,,,,,,,,,,,,,,,,,,,,,,,,,,,,,,,,,,,,,,,,,,,,,,,,,,,,,,,,,,,,,,,,,,,,,,,,,,,,,,,,,,,,,
F04_RD14-0003-43d2-45-0.0625IP-Q1.5_002.20sec.fsa,vWA,Y,OL,151.21,9,13,160,156,14,164.81,8,OL,165.61,12,16,172.28,26,17,176.38,209,OL,183.59,6,OL,205.78,6,OL,207.87,3,,,,,,,,,,,,,,,,,,,,,,,,,,,,,,,,,,,,,,,,,,,,,,,,,,,,,,,,,,,,,,,,,,,,,,,,,,,,,,,,,,,,,,,,,,,,,,,,,,,,,,,,,,,,,,,,,,,,,,,,,,,,,,,,,,,,,,,,,,,,,,,,,,,,,,,,,,,,,,,,,,,,,,,,,,,,,,,,,,,,,,,,,,,,,,,,,,,,,,,,,,,,,,,,,,,,,,,,,,,,,,,,,,,,,,,,,,,,,,,,,,,,,,,,,,,,,,,,,,,,,,,,,,,,,,,,,
F04_RD14-0003-43d2-45-0.0625IP-Q1.5_002.20sec.fsa,TPOX,Y,7,224.38,6,8,228.78,92,OL,233.44,7,OL,237.62,8,11,240.84,34,OL,248.49,5,,,,,,,,,,,,,,,,,,,,,,,,,,,,,,,,,,,,,,,,,,,,,,,,,,,,,,,,,,,,,,,,,,,,,,,,,,,,,,,,,,,,,,,,,,,,,,,,,,,,,,,,,,,,,,,,,,,,,,,,,,,,,,,,,,,,,,,,,,,,,,,,,,,,,,,,,,,,,,,,,,,,,,,,,,,,,,,,,,,,,,,,,,,,,,,,,,,,,,,,,,,,,,,,,,,,,,,,,,,,,,,,,,,,,,,,,,,,,,,,,,,,,,,,,,,,,,,,,,,,,,,,,,,,,,,,,,,,,,,,,,
F04_RD14-0003-43d2-45-0.0625IP-Q1.5_002.20sec.fsa,D18S51,Y,OL,271.86,7,10.2,275.48,7,OL,288.65,7,OL,289.72,5,OL,290.53,7,14.2,291.43,6,OL,294.53,8,OL,300.56,6,18,305.01,60,19,309.1,58,OL,345.49,5,,,,,,,,,,,,,,,,,,,,,,,,,,,,,,,,,,,,,,,,,,,,,,,,,,,,,,,,,,,,,,,,,,,,,,,,,,,,,,,,,,,,,,,,,,,,,,,,,,,,,,,,,,,,,,,,,,,,,,,,,,,,,,,,,,,,,,,,,,,,,,,,,,,,,,,,,,,,,,,,,,,,,,,,,,,,,,,,,,,,,,,,,,,,,,,,,,,,,,,,,,,,,,,,,,,,,,,,,,,,,,,,,,,,,,,,,,,,,,,,,,,,,,,,,,,,,,,,,,,,,,,,,,,
F04_RD14-0003-43d2-45-0.0625IP-Q1.5_002.20sec.fsa,AMEL,R,X,104.87,269,Y,110.89,262,,,,,,,,,,,,,,,,,,,,,,,,,,,,,,,,,,,,,,,,,,,,,,,,,,,,,,,,,,,,,,,,,,,,,,,,,,,,,,,,,,,,,,,,,,,,,,,,,,,,,,,,,,,,,,,,,,,,,,,,,,,,,,,,,,,,,,,,,,,,,,,,,,,,,,,,,,,,,,,,,,,,,,,,,,,,,,,,,,,,,,,,,,,,,,,,,,,,,,,,,,,,,,,,,,,,,,,,,,,,,,,,,,,,,,,,,,,,,,,,,,,,,,,,,,,,,,,,,,,,,,,,,,,,,,,,,,,,,,,,,,,,,,,,,,,,,,
F04_RD14-0003-43d2-45-0.0625IP-Q1.5_002.20sec.fsa,D5S818,R,6,128.82,11,OL,129.91,7,OL,130.76,7,OL,135.36,4,8,136.38,8,9,140.64,10,10,144.83,13,11,148.94,166,12,153.08,358,14,161.04,8,OL,167.3,9,,,,,,,,,,,,,,,,,,,,,,,,,,,,,,,,,,,,,,,,,,,,,,,,,,,,,,,,,,,,,,,,,,,,,,,,,,,,,,,,,,,,,,,,,,,,,,,,,,,,,,,,,,,,,,,,,,,,,,,,,,,,,,,,,,,,,,,,,,,,,,,,,,,,,,,,,,,,,,,,,,,,,,,,,,,,,,,,,,,,,,,,,,,,,,,,,,,,,,,,,,,,,,,,,,,,,,,,,,,,,,,,,,,,,,,,,,,,,,,,,,,,,,,,,,,,,,,,,,,,,,,,,,,
F04_RD14-0003-43d2-45-0.0625IP-Q1.5_002.20sec.fsa,FGA,R,18,217.04,8,21,229.03,145,22,232.87,7,OL,242.7,7,OL,243.96,6,28,257.59,100,OL,260.82,12,31.2,271.21,14,OL,276.96,9,OL,282.94,7,OL,286.04,7,OL,300.8,7,OL,318.43,8,OL,330.06,4,47.2,336.09,12,47.2,336.84,8,48.2,340.68,7,OL,341.27,7,OL,345.82,8,,,,,,,,,,,,,,,,,,,,,,,,,,,,,,,,,,,,,,,,,,,,,,,,,,,,,,,,,,,,,,,,,,,,,,,,,,,,,,,,,,,,,,,,,,,,,,,,,,,,,,,,,,,,,,,,,,,,,,,,,,,,,,,,,,,,,,,,,,,,,,,,,,,,,,,,,,,,,,,,,,,,,,,,,,,,,,,,,,,,,,,,,,,,,,,,,,,,,,,,,,,,,,,,,,,,,,,,,,,,,,,,,,,,,,,,,,,,,,,,,,,
F06_RD14-0003-44d2-15-0.25IP-Q1.0_002.20sec.fsa,D8S1179,B,OL,118.9,4,OL,120.64,5,OL,123.67,29,OL,136.36,3,OL,139.42,6,13,142.02,87,14,146.16,1564,15,150.32,1552,16,154.33,13,19,167.07,6,20,171.17,4,,,,,,,,,,,,,,,,,,,,,,,,,,,,,,,,,,,,,,,,,,,,,,,,,,,,,,,,,,,,,,,,,,,,,,,,,,,,,,,,,,,,,,,,,,,,,,,,,,,,,,,,,,,,,,,,,,,,,,,,,,,,,,,,,,,,,,,,,,,,,,,,,,,,,,,,,,,,,,,,,,,,,,,,,,,,,,,,,,,,,,,,,,,,,,,,,,,,,,,,,,,,,,,,,,,,,,,,,,,,,,,,,,,,,,,,,,,,,,,,,,,,,,,,,,,,,,,,,,,,,,,,,,,
F06_RD14-0003-44d2-15-0.25IP-Q1.0_002.20sec.fsa,D21S11,B,OL,184.95,9,27,194.69,56,27.2,196.69,5,28,198.69,779,29,202.58,8,30.2,208.8,2,31,210.79,97,32,214.79,975,OL,230.44,5,OL,240.46,8,,,,,,,,,,,,,,,,,,,,,,,,,,,,,,,,,,,,,,,,,,,,,,,,,,,,,,,,,,,,,,,,,,,,,,,,,,,,,,,,,,,,,,,,,,,,,,,,,,,,,,,,,,,,,,,,,,,,,,,,,,,,,,,,,,,,,,,,,,,,,,,,,,,,,,,,,,,,,,,,,,,,,,,,,,,,,,,,,,,,,,,,,,,,,,,,,,,,,,,,,,,,,,,,,,,,,,,,,,,,,,,,,,,,,,,,,,,,,,,,,,,,,,,,,,,,,,,,,,,,,,,,,,,,,,
F06_RD14-0003-44d2-15-0.25IP-Q1.0_002.20sec.fsa,D7S820,B,OL,255.58,6,7,258.18,26,8,262.13,689,9,266.12,39,10,270.13,823,OL,275.33,11,OL,293.3,2,,,,,,,,,,,,,,,,,,,,,,,,,,,,,,,,,,,,,,,,,,,,,,,,,,,,,,,,,,,,,,,,,,,,,,,,,,,,,,,,,,,,,,,,,,,,,,,,,,,,,,,,,,,,,,,,,,,,,,,,,,,,,,,,,,,,,,,,,,,,,,,,,,,,,,,,,,,,,,,,,,,,,,,,,,,,,,,,,,,,,,,,,,,,,,,,,,,,,,,,,,,,,,,,,,,,,,,,,,,,,,,,,,,,,,,,,,,,,,,,,,,,,,,,,,,,,,,,,,,,,,,,,,,,,,,,,,,,,,,
F06_RD14-0003-44d2-15-0.25IP-Q1.0_002.20sec.fsa,CSF1PO,B,OL,300.26,7,OL,305.31,4,10,318.76,68,11,322.89,1388,12,326.89,752,OL,336.6,3,OL,337.89,4,OL,340.28,6,OL,344.3,3,,,,,,,,,,,,,,,,,,,,,,,,,,,,,,,,,,,,,,,,,,,,,,,,,,,,,,,,,,,,,,,,,,,,,,,,,,,,,,,,,,,,,,,,,,,,,,,,,,,,,,,,,,,,,,,,,,,,,,,,,,,,,,,,,,,,,,,,,,,,,,,,,,,,,,,,,,,,,,,,,,,,,,,,,,,,,,,,,,,,,,,,,,,,,,,,,,,,,,,,,,,,,,,,,,,,,,,,,,,,,,,,,,,,,,,,,,,,,,,,,,,,,,,,,,,,,,,,,,,,,,,,,,,,,,,,,
F06_RD14-0003-44d2-15-0.25IP-Q1.0_002.20sec.fsa,D3S1358,G,OL,115.58,11,14,118.42,163,15,122.39,2049,16,126.48,3012,OL,129.24,3,17,130.46,17,OL,131.6,10,OL,143.71,9,,,,,,,,,,,,,,,,,,,,,,,,,,,,,,,,,,,,,,,,,,,,,,,,,,,,,,,,,,,,,,,,,,,,,,,,,,,,,,,,,,,,,,,,,,,,,,,,,,,,,,,,,,,,,,,,,,,,,,,,,,,,,,,,,,,,,,,,,,,,,,,,,,,,,,,,,,,,,,,,,,,,,,,,,,,,,,,,,,,,,,,,,,,,,,,,,,,,,,,,,,,,,,,,,,,,,,,,,,,,,,,,,,,,,,,,,,,,,,,,,,,,,,,,,,,,,,,,,,,,,,,,,,,,,,,,,,,,
F06_RD14-0003-44d2-15-0.25IP-Q1.0_002.20sec.fsa,TH01,G,OL,155.36,12,5,164.43,21,6,168.61,1766,6.3,171.34,7,OL,174.08,9,OL,176.31,7,8.3,179.83,21,9.3,183.91,1753,OL,190.42,8,OL,196.34,7,13.3,200.09,9,,,,,,,,,,,,,,,,,,,,,,,,,,,,,,,,,,,,,,,,,,,,,,,,,,,,,,,,,,,,,,,,,,,,,,,,,,,,,,,,,,,,,,,,,,,,,,,,,,,,,,,,,,,,,,,,,,,,,,,,,,,,,,,,,,,,,,,,,,,,,,,,,,,,,,,,,,,,,,,,,,,,,,,,,,,,,,,,,,,,,,,,,,,,,,,,,,,,,,,,,,,,,,,,,,,,,,,,,,,,,,,,,,,,,,,,,,,,,,,,,,,,,,,,,,,,,,,,,,,,,,,,,,,
F06_RD14-0003-44d2-15-0.25IP-Q1.0_002.20sec.fsa,D13S317,G,7,211.13,57,8,215.14,2934,OL,217.17,8,9,219.12,11,OL,221.13,9,10,223.76,6,OL,237.69,9,15,243.19,9,OL,244.65,13,,,,,,,,,,,,,,,,,,,,,,,,,,,,,,,,,,,,,,,,,,,,,,,,,,,,,,,,,,,,,,,,,,,,,,,,,,,,,,,,,,,,,,,,,,,,,,,,,,,,,,,,,,,,,,,,,,,,,,,,,,,,,,,,,,,,,,,,,,,,,,,,,,,,,,,,,,,,,,,,,,,,,,,,,,,,,,,,,,,,,,,,,,,,,,,,,,,,,,,,,,,,,,,,,,,,,,,,,,,,,,,,,,,,,,,,,,,,,,,,,,,,,,,,,,,,,,,,,,,,,,,,,,,,,,,,,
F06_RD14-0003-44d2-15-0.25IP-Q1.0_002.20sec.fsa,D16S539,G,OL,253.41,7,9,267.28,62,OL,269.51,3,10,271.3,1517,11,275.24,1133,12,279.73,9,OL,288.3,8,,,,,,,,,,,,,,,,,,,,,,,,,,,,,,,,,,,,,,,,,,,,,,,,,,,,,,,,,,,,,,,,,,,,,,,,,,,,,,,,,,,,,,,,,,,,,,,,,,,,,,,,,,,,,,,,,,,,,,,,,,,,,,,,,,,,,,,,,,,,,,,,,,,,,,,,,,,,,,,,,,,,,,,,,,,,,,,,,,,,,,,,,,,,,,,,,,,,,,,,,,,,,,,,,,,,,,,,,,,,,,,,,,,,,,,,,,,,,,,,,,,,,,,,,,,,,,,,,,,,,,,,,,,,,,,,,,,,,,,
F06_RD14-0003-44d2-15-0.25IP-Q1.0_002.20sec.fsa,D2S1338,G,15,304.87,72,OL,306.56,3,16,308.81,1241,OL,310.71,10,17,312.72,9,18,316.94,130,19,321.03,1224,OL,335.12,3,OL,348.6,4,OL,359.81,8,OL,365.54,4,,,,,,,,,,,,,,,,,,,,,,,,,,,,,,,,,,,,,,,,,,,,,,,,,,,,,,,,,,,,,,,,,,,,,,,,,,,,,,,,,,,,,,,,,,,,,,,,,,,,,,,,,,,,,,,,,,,,,,,,,,,,,,,,,,,,,,,,,,,,,,,,,,,,,,,,,,,,,,,,,,,,,,,,,,,,,,,,,,,,,,,,,,,,,,,,,,,,,,,,,,,,,,,,,,,,,,,,,,,,,,,,,,,,,,,,,,,,,,,,,,,,,,,,,,,,,,,,,,,,,,,,,,,
F06_RD14-0003-44d2-15-0.25IP-Q1.0_002.20sec.fsa,D19S433,Y,OL,100.82,10,OL,103.44,10,OL,108.73,12,12,112.3,90,13,116.29,1509,14,120.16,136,15,124.15,1787,17.2,134.13,7,OL,135.04,6,OL,135.61,6,OL,140.17,9,,,,,,,,,,,,,,,,,,,,,,,,,,,,,,,,,,,,,,,,,,,,,,,,,,,,,,,,,,,,,,,,,,,,,,,,,,,,,,,,,,,,,,,,,,,,,,,,,,,,,,,,,,,,,,,,,,,,,,,,,,,,,,,,,,,,,,,,,,,,,,,,,,,,,,,,,,,,,,,,,,,,,,,,,,,,,,,,,,,,,,,,,,,,,,,,,,,,,,,,,,,,,,,,,,,,,,,,,,,,,,,,,,,,,,,,,,,,,,,,,,,,,,,,,,,,,,,,,,,,,,,,,,,
F06_RD14-0003-44d2-15-0.25IP-Q1.0_002.20sec.fsa,vWA,Y,OL,148.88,12,12,156.3,9,13,160.51,5,14,164.09,2,OL,166.39,16,18,180.26,19,19,184.43,174,20,188.51,2017,OL,203.27,8,,,,,,,,,,,,,,,,,,,,,,,,,,,,,,,,,,,,,,,,,,,,,,,,,,,,,,,,,,,,,,,,,,,,,,,,,,,,,,,,,,,,,,,,,,,,,,,,,,,,,,,,,,,,,,,,,,,,,,,,,,,,,,,,,,,,,,,,,,,,,,,,,,,,,,,,,,,,,,,,,,,,,,,,,,,,,,,,,,,,,,,,,,,,,,,,,,,,,,,,,,,,,,,,,,,,,,,,,,,,,,,,,,,,,,,,,,,,,,,,,,,,,,,,,,,,,,,,,,,,,,,,,,,,,,,,,
F06_RD14-0003-44d2-15-0.25IP-Q1.0_002.20sec.fsa,TPOX,Y,OL,218.5,7,OL,230.08,11,10,236.8,101,11,240.82,2878,OL,243.92,8,12,244.92,11,OL,256.19,7,,,,,,,,,,,,,,,,,,,,,,,,,,,,,,,,,,,,,,,,,,,,,,,,,,,,,,,,,,,,,,,,,,,,,,,,,,,,,,,,,,,,,,,,,,,,,,,,,,,,,,,,,,,,,,,,,,,,,,,,,,,,,,,,,,,,,,,,,,,,,,,,,,,,,,,,,,,,,,,,,,,,,,,,,,,,,,,,,,,,,,,,,,,,,,,,,,,,,,,,,,,,,,,,,,,,,,,,,,,,,,,,,,,,,,,,,,,,,,,,,,,,,,,,,,,,,,,,,,,,,,,,,,,,,,,,,,,,,,,
F06_RD14-0003-44d2-15-0.25IP-Q1.0_002.20sec.fsa,D18S51,Y,7,261.24,9,OL,273.62,10,11,277.03,41,12,281.07,894,12.2,283.03,6,13,285.17,59,14,289.1,971,OL,297.76,8,18,304.69,8,OL,306.21,11,OL,318.85,12,23,325.87,12,OL,340.09,9,,,,,,,,,,,,,,,,,,,,,,,,,,,,,,,,,,,,,,,,,,,,,,,,,,,,,,,,,,,,,,,,,,,,,,,,,,,,,,,,,,,,,,,,,,,,,,,,,,,,,,,,,,,,,,,,,,,,,,,,,,,,,,,,,,,,,,,,,,,,,,,,,,,,,,,,,,,,,,,,,,,,,,,,,,,,,,,,,,,,,,,,,,,,,,,,,,,,,,,,,,,,,,,,,,,,,,,,,,,,,,,,,,,,,,,,,,,,,,,,,,,,,,,,,,,,,,,,,,,,,
F06_RD14-0003-44d2-15-0.25IP-Q1.0_002.20sec.fsa,AMEL,R,X,104.9,1439,Y,110.84,1644,,,,,,,,,,,,,,,,,,,,,,,,,,,,,,,,,,,,,,,,,,,,,,,,,,,,,,,,,,,,,,,,,,,,,,,,,,,,,,,,,,,,,,,,,,,,,,,,,,,,,,,,,,,,,,,,,,,,,,,,,,,,,,,,,,,,,,,,,,,,,,,,,,,,,,,,,,,,,,,,,,,,,,,,,,,,,,,,,,,,,,,,,,,,,,,,,,,,,,,,,,,,,,,,,,,,,,,,,,,,,,,,,,,,,,,,,,,,,,,,,,,,,,,,,,,,,,,,,,,,,,,,,,,,,,,,,,,,,,,,,,,,,,,,,,,,,,
F06_RD14-0003-44d2-15-0.25IP-Q1.0_002.20sec.fsa,D5S818,R,OL,129.64,10,OL,134.63,5,10,144.89,75,11,148.96,1398,12,152.96,1284,OL,158.28,13,OL,164,11,OL,176.14,13,,,,,,,,,,,,,,,,,,,,,,,,,,,,,,,,,,,,,,,,,,,,,,,,,,,,,,,,,,,,,,,,,,,,,,,,,,,,,,,,,,,,,,,,,,,,,,,,,,,,,,,,,,,,,,,,,,,,,,,,,,,,,,,,,,,,,,,,,,,,,,,,,,,,,,,,,,,,,,,,,,,,,,,,,,,,,,,,,,,,,,,,,,,,,,,,,,,,,,,,,,,,,,,,,,,,,,,,,,,,,,,,,,,,,,,,,,,,,,,,,,,,,,,,,,,,,,,,,,,,,,,,,,,,,,,,,,,,
F06_RD14-0003-44d2-15-0.25IP-Q1.0_002.20sec.fsa,FGA,R,16,208.28,6,19,220.87,14,OL,224.28,9,22,233.17,95,23,237.25,1350,24,241.37,891,27.2,255.76,7,OL,258.36,5,29.2,263.55,6,OL,282.85,6,OL,284.82,7,OL,289.55,12,OL,292.76,7,OL,296.51,6,OL,297.5,6,OL,301.94,8,OL,303.8,6,OL,305.4,5,OL,317.71,8,OL,321.4,14,48.2,341.03,8,OL,350,10,OL,351.59,6,,,,,,,,,,,,,,,,,,,,,,,,,,,,,,,,,,,,,,,,,,,,,,,,,,,,,,,,,,,,,,,,,,,,,,,,,,,,,,,,,,,,,,,,,,,,,,,,,,,,,,,,,,,,,,,,,,,,,,,,,,,,,,,,,,,,,,,,,,,,,,,,,,,,,,,,,,,,,,,,,,,,,,,,,,,,,,,,,,,,,,,,,,,,,,,,,,,,,,,,,,,,,,,,,,,,,,,,,,,,,,,,,,,,,,,
F07_RD14-0003-44d1-30-0.5IP-Q1.6_002.20sec.fsa,D8S1179,B,OL,123.22,28,OL,128.48,9,OL,132.08,5,OL,133.18,6,OL,139.52,6,OL,140.33,3,13,142.03,171,14,146.19,2550,15,150.28,2256,16,154.64,15,OL,155.71,2,OL,161.37,2,OL,163.23,3,OL,164.36,6,20,170.43,2,,,,,,,,,,,,,,,,,,,,,,,,,,,,,,,,,,,,,,,,,,,,,,,,,,,,,,,,,,,,,,,,,,,,,,,,,,,,,,,,,,,,,,,,,,,,,,,,,,,,,,,,,,,,,,,,,,,,,,,,,,,,,,,,,,,,,,,,,,,,,,,,,,,,,,,,,,,,,,,,,,,,,,,,,,,,,,,,,,,,,,,,,,,,,,,,,,,,,,,,,,,,,,,,,,,,,,,,,,,,,,,,,,,,,,,,,,,,,,,,,,,,,,,,,,,,,,,
F07_RD14-0003-44d1-30-0.5IP-Q1.6_002.20sec.fsa,D21S11,B,OL,191.78,1,26.2,192.78,3,27,194.6,53,28,198.75,992,OL,200.08,13,OL,201.61,2,29,202.59,12,30,206.72,18,30.2,208.43,5,31,210.72,129,32,214.76,1506,33,218.81,19,35,226.64,4,35,227.39,5,OL,232.28,4,OL,240.34,5,,,,,,,,,,,,,,,,,,,,,,,,,,,,,,,,,,,,,,,,,,,,,,,,,,,,,,,,,,,,,,,,,,,,,,,,,,,,,,,,,,,,,,,,,,,,,,,,,,,,,,,,,,,,,,,,,,,,,,,,,,,,,,,,,,,,,,,,,,,,,,,,,,,,,,,,,,,,,,,,,,,,,,,,,,,,,,,,,,,,,,,,,,,,,,,,,,,,,,,,,,,,,,,,,,,,,,,,,,,,,,,,,,,,,,,,,,,,,,,,,,,,,,,,,,,,
F07_RD14-0003-44d1-30-0.5IP-Q1.6_002.20sec.fsa,D7S820,B,5.2,252.06,6,6,253.7,4,7,258.2,26,8,262.08,572,9,266.08,37,10,270.09,857,OL,279.24,7,OL,280,5,,,,,,,,,,,,,,,,,,,,,,,,,,,,,,,,,,,,,,,,,,,,,,,,,,,,,,,,,,,,,,,,,,,,,,,,,,,,,,,,,,,,,,,,,,,,,,,,,,,,,,,,,,,,,,,,,,,,,,,,,,,,,,,,,,,,,,,,,,,,,,,,,,,,,,,,,,,,,,,,,,,,,,,,,,,,,,,,,,,,,,,,,,,,,,,,,,,,,,,,,,,,,,,,,,,,,,,,,,,,,,,,,,,,,,,,,,,,,,,,,,,,,,,,,,,,,,,,,,,,,,,,,,,,,,,,,,,,
F07_RD14-0003-44d1-30-0.5IP-Q1.6_002.20sec.fsa,CSF1PO,B,OL,301.88,3,7,306.41,3,OL,308.84,12,10,318.74,47,11,322.87,823,12,326.93,352,OL,332.43,3,OL,333.2,5,16,342.51,5,,,,,,,,,,,,,,,,,,,,,,,,,,,,,,,,,,,,,,,,,,,,,,,,,,,,,,,,,,,,,,,,,,,,,,,,,,,,,,,,,,,,,,,,,,,,,,,,,,,,,,,,,,,,,,,,,,,,,,,,,,,,,,,,,,,,,,,,,,,,,,,,,,,,,,,,,,,,,,,,,,,,,,,,,,,,,,,,,,,,,,,,,,,,,,,,,,,,,,,,,,,,,,,,,,,,,,,,,,,,,,,,,,,,,,,,,,,,,,,,,,,,,,,,,,,,,,,,,,,,,,,,,,,,,,,,,
F07_RD14-0003-44d1-30-0.5IP-Q1.6_002.20sec.fsa,D3S1358,G,OL,95.87,2,OL,100.08,8,11,106.56,8,OL,108.05,8,13,114.3,23,OL,115.37,17,14,118.33,236,15,122.3,3882,16,126.46,3113,17,130.2,17,OL,135.86,6,OL,137.21,10,,,,,,,,,,,,,,,,,,,,,,,,,,,,,,,,,,,,,,,,,,,,,,,,,,,,,,,,,,,,,,,,,,,,,,,,,,,,,,,,,,,,,,,,,,,,,,,,,,,,,,,,,,,,,,,,,,,,,,,,,,,,,,,,,,,,,,,,,,,,,,,,,,,,,,,,,,,,,,,,,,,,,,,,,,,,,,,,,,,,,,,,,,,,,,,,,,,,,,,,,,,,,,,,,,,,,,,,,,,,,,,,,,,,,,,,,,,,,,,,,,,,,,,,,,,,,,,,,,,,,,,,
F07_RD14-0003-44d1-30-0.5IP-Q1.6_002.20sec.fsa,TH01,G,OL,154.88,7,OL,155.96,9,3,156.78,7,4,160.16,9,5,164.6,43,6,168.65,2526,7,172.54,5,8.3,179.76,35,9.3,183.9,2671,,,,,,,,,,,,,,,,,,,,,,,,,,,,,,,,,,,,,,,,,,,,,,,,,,,,,,,,,,,,,,,,,,,,,,,,,,,,,,,,,,,,,,,,,,,,,,,,,,,,,,,,,,,,,,,,,,,,,,,,,,,,,,,,,,,,,,,,,,,,,,,,,,,,,,,,,,,,,,,,,,,,,,,,,,,,,,,,,,,,,,,,,,,,,,,,,,,,,,,,,,,,,,,,,,,,,,,,,,,,,,,,,,,,,,,,,,,,,,,,,,,,,,,,,,,,,,,,,,,,,,,,,,,,,,,,,
F07_RD14-0003-44d1-30-0.5IP-Q1.6_002.20sec.fsa,D13S317,G,OL,204.94,4,7,211.05,64,8,215.1,3262,10,223.32,6,OL,229.38,7,OL,230.87,4,,,,,,,,,,,,,,,,,,,,,,,,,,,,,,,,,,,,,,,,,,,,,,,,,,,,,,,,,,,,,,,,,,,,,,,,,,,,,,,,,,,,,,,,,,,,,,,,,,,,,,,,,,,,,,,,,,,,,,,,,,,,,,,,,,,,,,,,,,,,,,,,,,,,,,,,,,,,,,,,,,,,,,,,,,,,,,,,,,,,,,,,,,,,,,,,,,,,,,,,,,,,,,,,,,,,,,,,,,,,,,,,,,,,,,,,,,,,,,,,,,,,,,,,,,,,,,,,,,,,,,,,,,,,,,,,,,,,,,,,,,
F07_RD14-0003-44d1-30-0.5IP-Q1.6_002.20sec.fsa,D16S539,G,5,251.98,7,OL,253.78,4,OL,258.04,5,9,267.25,67,10,271.26,1556,11,275.21,891,12,278.91,4,OL,289.96,6,,,,,,,,,,,,,,,,,,,,,,,,,,,,,,,,,,,,,,,,,,,,,,,,,,,,,,,,,,,,,,,,,,,,,,,,,,,,,,,,,,,,,,,,,,,,,,,,,,,,,,,,,,,,,,,,,,,,,,,,,,,,,,,,,,,,,,,,,,,,,,,,,,,,,,,,,,,,,,,,,,,,,,,,,,,,,,,,,,,,,,,,,,,,,,,,,,,,,,,,,,,,,,,,,,,,,,,,,,,,,,,,,,,,,,,,,,,,,,,,,,,,,,,,,,,,,,,,,,,,,,,,,,,,,,,,,,,,
F07_RD14-0003-44d1-30-0.5IP-Q1.6_002.20sec.fsa,D2S1338,G,OL,302.94,7,15,305,50,16,308.84,874,18,316.86,77,19,321.13,1174,OL,332.26,6,OL,338.64,6,OL,351.94,7,OL,360.95,5,OL,362.5,8,OL,363.87,8,,,,,,,,,,,,,,,,,,,,,,,,,,,,,,,,,,,,,,,,,,,,,,,,,,,,,,,,,,,,,,,,,,,,,,,,,,,,,,,,,,,,,,,,,,,,,,,,,,,,,,,,,,,,,,,,,,,,,,,,,,,,,,,,,,,,,,,,,,,,,,,,,,,,,,,,,,,,,,,,,,,,,,,,,,,,,,,,,,,,,,,,,,,,,,,,,,,,,,,,,,,,,,,,,,,,,,,,,,,,,,,,,,,,,,,,,,,,,,,,,,,,,,,,,,,,,,,,,,,,,,,,,,,
F07_RD14-0003-44d1-30-0.5IP-Q1.6_002.20sec.fsa,D19S433,Y,OL,95.64,9,9,99.53,13,9,100.24,14,10,103.88,9,11,108.13,27,12,112.28,199,13,116.28,3191,14,120.15,198,15,124.14,2408,OL,127,16,16,128.09,15,OL,129.26,8,OL,137.61,7,,,,,,,,,,,,,,,,,,,,,,,,,,,,,,,,,,,,,,,,,,,,,,,,,,,,,,,,,,,,,,,,,,,,,,,,,,,,,,,,,,,,,,,,,,,,,,,,,,,,,,,,,,,,,,,,,,,,,,,,,,,,,,,,,,,,,,,,,,,,,,,,,,,,,,,,,,,,,,,,,,,,,,,,,,,,,,,,,,,,,,,,,,,,,,,,,,,,,,,,,,,,,,,,,,,,,,,,,,,,,,,,,,,,,,,,,,,,,,,,,,,,,,,,,,,,,,,,,,,,,
F07_RD14-0003-44d1-30-0.5IP-Q1.6_002.20sec.fsa,vWA,Y,13,160,14,14,164.36,12,OL,171.81,8,18,180.25,31,19,184.4,397,20,188.46,3177,21,192.53,13,OL,200,10,,,,,,,,,,,,,,,,,,,,,,,,,,,,,,,,,,,,,,,,,,,,,,,,,,,,,,,,,,,,,,,,,,,,,,,,,,,,,,,,,,,,,,,,,,,,,,,,,,,,,,,,,,,,,,,,,,,,,,,,,,,,,,,,,,,,,,,,,,,,,,,,,,,,,,,,,,,,,,,,,,,,,,,,,,,,,,,,,,,,,,,,,,,,,,,,,,,,,,,,,,,,,,,,,,,,,,,,,,,,,,,,,,,,,,,,,,,,,,,,,,,,,,,,,,,,,,,,,,,,,,,,,,,,,,,,,,,,
F07_RD14-0003-44d1-30-0.5IP-Q1.6_002.20sec.fsa,TPOX,Y,OL,223.65,12,9,232.45,14,OL,234.36,6,10,236.85,97,11,240.77,2592,OL,249.83,6,,,,,,,,,,,,,,,,,,,,,,,,,,,,,,,,,,,,,,,,,,,,,,,,,,,,,,,,,,,,,,,,,,,,,,,,,,,,,,,,,,,,,,,,,,,,,,,,,,,,,,,,,,,,,,,,,,,,,,,,,,,,,,,,,,,,,,,,,,,,,,,,,,,,,,,,,,,,,,,,,,,,,,,,,,,,,,,,,,,,,,,,,,,,,,,,,,,,,,,,,,,,,,,,,,,,,,,,,,,,,,,,,,,,,,,,,,,,,,,,,,,,,,,,,,,,,,,,,,,,,,,,,,,,,,,,,,,,,,,,,,
F07_RD14-0003-44d1-30-0.5IP-Q1.6_002.20sec.fsa,D18S51,Y,OL,263.16,12,OL,266,8,OL,268.08,11,10,273.02,28,OL,274.11,25,11,277.14,62,12,281.09,1159,13,285.11,53,14,289.13,689,15,293.56,9,16,296.91,7,OL,300,7,26,338.22,7,OL,342.77,12,,,,,,,,,,,,,,,,,,,,,,,,,,,,,,,,,,,,,,,,,,,,,,,,,,,,,,,,,,,,,,,,,,,,,,,,,,,,,,,,,,,,,,,,,,,,,,,,,,,,,,,,,,,,,,,,,,,,,,,,,,,,,,,,,,,,,,,,,,,,,,,,,,,,,,,,,,,,,,,,,,,,,,,,,,,,,,,,,,,,,,,,,,,,,,,,,,,,,,,,,,,,,,,,,,,,,,,,,,,,,,,,,,,,,,,,,,,,,,,,,,,,,,,,,,,,,,,,,,
F07_RD14-0003-44d1-30-0.5IP-Q1.6_002.20sec.fsa,AMEL,R,X,104.9,2397,Y,110.87,2586,,,,,,,,,,,,,,,,,,,,,,,,,,,,,,,,,,,,,,,,,,,,,,,,,,,,,,,,,,,,,,,,,,,,,,,,,,,,,,,,,,,,,,,,,,,,,,,,,,,,,,,,,,,,,,,,,,,,,,,,,,,,,,,,,,,,,,,,,,,,,,,,,,,,,,,,,,,,,,,,,,,,,,,,,,,,,,,,,,,,,,,,,,,,,,,,,,,,,,,,,,,,,,,,,,,,,,,,,,,,,,,,,,,,,,,,,,,,,,,,,,,,,,,,,,,,,,,,,,,,,,,,,,,,,,,,,,,,,,,,,,,,,,,,,,,,,,
F07_RD14-0003-44d1-30-0.5IP-Q1.6_002.20sec.fsa,D5S818,R,OL,135.55,6,10,144.8,78,OL,146.44,6,11,148.89,1585,12,152.99,1224,OL,155.96,6,13,157.36,15,OL,158.02,11,OL,160.57,13,OL,162.02,11,OL,164.77,9,16,168.89,19,17,173.75,6,,,,,,,,,,,,,,,,,,,,,,,,,,,,,,,,,,,,,,,,,,,,,,,,,,,,,,,,,,,,,,,,,,,,,,,,,,,,,,,,,,,,,,,,,,,,,,,,,,,,,,,,,,,,,,,,,,,,,,,,,,,,,,,,,,,,,,,,,,,,,,,,,,,,,,,,,,,,,,,,,,,,,,,,,,,,,,,,,,,,,,,,,,,,,,,,,,,,,,,,,,,,,,,,,,,,,,,,,,,,,,,,,,,,,,,,,,,,,,,,,,,,,,,,,,,,,,,,,,,,,
F07_RD14-0003-44d1-30-0.5IP-Q1.6_002.20sec.fsa,FGA,R,19,220.5,7,19,221.49,10,19.2,223.07,8,22,233.19,51,23,237.26,661,24,241.36,678,26.2,251.32,11,OL,261,12,OL,266.5,8,32.2,275.37,20,OL,281.01,13,34.2,283.69,7,OL,285.28,7,OL,289.29,9,OL,292.98,5,OL,308.92,19,OL,313.57,8,OL,321.39,28,OL,342.34,7,OL,347.27,8,51.2,352.81,6,,,,,,,,,,,,,,,,,,,,,,,,,,,,,,,,,,,,,,,,,,,,,,,,,,,,,,,,,,,,,,,,,,,,,,,,,,,,,,,,,,,,,,,,,,,,,,,,,,,,,,,,,,,,,,,,,,,,,,,,,,,,,,,,,,,,,,,,,,,,,,,,,,,,,,,,,,,,,,,,,,,,,,,,,,,,,,,,,,,,,,,,,,,,,,,,,,,,,,,,,,,,,,,,,,,,,,,,,,,,,,,,,,,,,,,,,,,,,
F08_RD14-0003-44d1-45-0.5IP-Q2.2_002.20sec.fsa,D8S1179,B,OL,123.23,29,OL,123.94,30,OL,127.44,3,OL,136.24,6,13,142.08,98,14,146.18,1744,15,150.37,1574,16,154.5,9,17,158.39,7,18,163.17,3,OL,169.94,6,,,,,,,,,,,,,,,,,,,,,,,,,,,,,,,,,,,,,,,,,,,,,,,,,,,,,,,,,,,,,,,,,,,,,,,,,,,,,,,,,,,,,,,,,,,,,,,,,,,,,,,,,,,,,,,,,,,,,,,,,,,,,,,,,,,,,,,,,,,,,,,,,,,,,,,,,,,,,,,,,,,,,,,,,,,,,,,,,,,,,,,,,,,,,,,,,,,,,,,,,,,,,,,,,,,,,,,,,,,,,,,,,,,,,,,,,,,,,,,,,,,,,,,,,,,,,,,,,,,,,,,,,,,
F08_RD14-0003-44d1-45-0.5IP-Q2.2_002.20sec.fsa,D21S11,B,OL,183.84,7,25,186.06,5,OL,189.14,4,26,191.02,7,27,194.7,63,28,198.8,762,30,206.82,10,31,210.87,118,32,214.86,1036,32.2,216.91,3,33,219.06,11,OL,220.08,4,33.2,221.27,5,38,239.13,5,39,242.58,7,,,,,,,,,,,,,,,,,,,,,,,,,,,,,,,,,,,,,,,,,,,,,,,,,,,,,,,,,,,,,,,,,,,,,,,,,,,,,,,,,,,,,,,,,,,,,,,,,,,,,,,,,,,,,,,,,,,,,,,,,,,,,,,,,,,,,,,,,,,,,,,,,,,,,,,,,,,,,,,,,,,,,,,,,,,,,,,,,,,,,,,,,,,,,,,,,,,,,,,,,,,,,,,,,,,,,,,,,,,,,,,,,,,,,,,,,,,,,,,,,,,,,,,,,,,,,,,
F08_RD14-0003-44d1-45-0.5IP-Q2.2_002.20sec.fsa,D7S820,B,OL,251.44,4,7,258.33,15,8,262.16,517,9,266.13,31,10,270.22,403,OL,283.45,4,OL,293.11,3,,,,,,,,,,,,,,,,,,,,,,,,,,,,,,,,,,,,,,,,,,,,,,,,,,,,,,,,,,,,,,,,,,,,,,,,,,,,,,,,,,,,,,,,,,,,,,,,,,,,,,,,,,,,,,,,,,,,,,,,,,,,,,,,,,,,,,,,,,,,,,,,,,,,,,,,,,,,,,,,,,,,,,,,,,,,,,,,,,,,,,,,,,,,,,,,,,,,,,,,,,,,,,,,,,,,,,,,,,,,,,,,,,,,,,,,,,,,,,,,,,,,,,,,,,,,,,,,,,,,,,,,,,,,,,,,,,,,,,,
F08_RD14-0003-44d1-45-0.5IP-Q2.2_002.20sec.fsa,CSF1PO,B,OL,309.26,9,8,310.13,6,8,310.74,4,OL,311.88,3,OL,316.21,5,10,318.89,19,10.2,321.08,8,11,322.97,418,12,326.99,311,13,330.82,4,,,,,,,,,,,,,,,,,,,,,,,,,,,,,,,,,,,,,,,,,,,,,,,,,,,,,,,,,,,,,,,,,,,,,,,,,,,,,,,,,,,,,,,,,,,,,,,,,,,,,,,,,,,,,,,,,,,,,,,,,,,,,,,,,,,,,,,,,,,,,,,,,,,,,,,,,,,,,,,,,,,,,,,,,,,,,,,,,,,,,,,,,,,,,,,,,,,,,,,,,,,,,,,,,,,,,,,,,,,,,,,,,,,,,,,,,,,,,,,,,,,,,,,,,,,,,,,,,,,,,,,,,,,,,,
F08_RD14-0003-44d1-45-0.5IP-Q2.2_002.20sec.fsa,D3S1358,G,OL,107.56,10,OL,108.53,5,13,114.62,20,14,118.44,283,OL,121.26,23,15,122.36,3228,16,126.48,3305,17,130.41,17,OL,133.96,6,OL,135.67,9,19,138.44,7,OL,140.67,8,,,,,,,,,,,,,,,,,,,,,,,,,,,,,,,,,,,,,,,,,,,,,,,,,,,,,,,,,,,,,,,,,,,,,,,,,,,,,,,,,,,,,,,,,,,,,,,,,,,,,,,,,,,,,,,,,,,,,,,,,,,,,,,,,,,,,,,,,,,,,,,,,,,,,,,,,,,,,,,,,,,,,,,,,,,,,,,,,,,,,,,,,,,,,,,,,,,,,,,,,,,,,,,,,,,,,,,,,,,,,,,,,,,,,,,,,,,,,,,,,,,,,,,,,,,,,,,,,,,,,,,,
F08_RD14-0003-44d1-45-0.5IP-Q2.2_002.20sec.fsa,TH01,G,3,156.19,17,OL,157.88,9,5,164.59,56,5.3,167.34,25,6,168.68,3122,7,172.78,6,8.3,179.92,27,OL,182.65,20,9.3,183.93,1943,,,,,,,,,,,,,,,,,,,,,,,,,,,,,,,,,,,,,,,,,,,,,,,,,,,,,,,,,,,,,,,,,,,,,,,,,,,,,,,,,,,,,,,,,,,,,,,,,,,,,,,,,,,,,,,,,,,,,,,,,,,,,,,,,,,,,,,,,,,,,,,,,,,,,,,,,,,,,,,,,,,,,,,,,,,,,,,,,,,,,,,,,,,,,,,,,,,,,,,,,,,,,,,,,,,,,,,,,,,,,,,,,,,,,,,,,,,,,,,,,,,,,,,,,,,,,,,,,,,,,,,,,,,,,,,,,
F08_RD14-0003-44d1-45-0.5IP-Q2.2_002.20sec.fsa,D13S317,G,OL,206.15,4,7,211.21,65,8,215.11,2426,9,219.4,13,OL,222.55,9,OL,229.65,8,OL,233,10,13,235.84,6,OL,240.71,10,OL,244.62,4,,,,,,,,,,,,,,,,,,,,,,,,,,,,,,,,,,,,,,,,,,,,,,,,,,,,,,,,,,,,,,,,,,,,,,,,,,,,,,,,,,,,,,,,,,,,,,,,,,,,,,,,,,,,,,,,,,,,,,,,,,,,,,,,,,,,,,,,,,,,,,,,,,,,,,,,,,,,,,,,,,,,,,,,,,,,,,,,,,,,,,,,,,,,,,,,,,,,,,,,,,,,,,,,,,,,,,,,,,,,,,,,,,,,,,,,,,,,,,,,,,,,,,,,,,,,,,,,,,,,,,,,,,,,,,
F08_RD14-0003-44d1-45-0.5IP-Q2.2_002.20sec.fsa,D16S539,G,6,255.65,11,OL,265.44,12,9,267.18,26,10,271.35,512,11,275.36,741,,,,,,,,,,,,,,,,,,,,,,,,,,,,,,,,,,,,,,,,,,,,,,,,,,,,,,,,,,,,,,,,,,,,,,,,,,,,,,,,,,,,,,,,,,,,,,,,,,,,,,,,,,,,,,,,,,,,,,,,,,,,,,,,,,,,,,,,,,,,,,,,,,,,,,,,,,,,,,,,,,,,,,,,,,,,,,,,,,,,,,,,,,,,,,,,,,,,,,,,,,,,,,,,,,,,,,,,,,,,,,,,,,,,,,,,,,,,,,,,,,,,,,,,,,,,,,,,,,,,,,,,,,,,,,,,,,,,,,,,,,,,,
F08_RD14-0003-44d1-45-0.5IP-Q2.2_002.20sec.fsa,D2S1338,G,15,305.11,36,16,308.91,861,18,317.04,89,19,321.17,925,OL,331.09,9,OL,336.31,11,28,357.5,6,OL,360.71,8,,,,,,,,,,,,,,,,,,,,,,,,,,,,,,,,,,,,,,,,,,,,,,,,,,,,,,,,,,,,,,,,,,,,,,,,,,,,,,,,,,,,,,,,,,,,,,,,,,,,,,,,,,,,,,,,,,,,,,,,,,,,,,,,,,,,,,,,,,,,,,,,,,,,,,,,,,,,,,,,,,,,,,,,,,,,,,,,,,,,,,,,,,,,,,,,,,,,,,,,,,,,,,,,,,,,,,,,,,,,,,,,,,,,,,,,,,,,,,,,,,,,,,,,,,,,,,,,,,,,,,,,,,,,,,,,,,,,
F08_RD14-0003-44d1-45-0.5IP-Q2.2_002.20sec.fsa,D19S433,Y,OL,108.85,16,11.2,109.74,10,12,112.39,143,13,116.34,2508,14,120.24,196,15,124.26,2228,16,127.68,8,17.2,134.2,10,18,136.32,11,,,,,,,,,,,,,,,,,,,,,,,,,,,,,,,,,,,,,,,,,,,,,,,,,,,,,,,,,,,,,,,,,,,,,,,,,,,,,,,,,,,,,,,,,,,,,,,,,,,,,,,,,,,,,,,,,,,,,,,,,,,,,,,,,,,,,,,,,,,,,,,,,,,,,,,,,,,,,,,,,,,,,,,,,,,,,,,,,,,,,,,,,,,,,,,,,,,,,,,,,,,,,,,,,,,,,,,,,,,,,,,,,,,,,,,,,,,,,,,,,,,,,,,,,,,,,,,,,,,,,,,,,,,,,,,,,
F08_RD14-0003-44d1-45-0.5IP-Q2.2_002.20sec.fsa,vWA,Y,11,151.38,13,OL,158.64,11,OL,164.84,14,OL,165.34,13,15.2,170.19,13,OL,178.74,11,18.2,182.39,6,19,184.44,194,20,188.54,1767,21,192.56,54,OL,199.91,13,OL,201.51,10,,,,,,,,,,,,,,,,,,,,,,,,,,,,,,,,,,,,,,,,,,,,,,,,,,,,,,,,,,,,,,,,,,,,,,,,,,,,,,,,,,,,,,,,,,,,,,,,,,,,,,,,,,,,,,,,,,,,,,,,,,,,,,,,,,,,,,,,,,,,,,,,,,,,,,,,,,,,,,,,,,,,,,,,,,,,,,,,,,,,,,,,,,,,,,,,,,,,,,,,,,,,,,,,,,,,,,,,,,,,,,,,,,,,,,,,,,,,,,,,,,,,,,,,,,,,,,,,,,,,,,,,
F08_RD14-0003-44d1-45-0.5IP-Q2.2_002.20sec.fsa,TPOX,Y,OL,221.96,6,OL,226.48,8,9,233.17,13,10,236.8,92,11,240.89,2542,,,,,,,,,,,,,,,,,,,,,,,,,,,,,,,,,,,,,,,,,,,,,,,,,,,,,,,,,,,,,,,,,,,,,,,,,,,,,,,,,,,,,,,,,,,,,,,,,,,,,,,,,,,,,,,,,,,,,,,,,,,,,,,,,,,,,,,,,,,,,,,,,,,,,,,,,,,,,,,,,,,,,,,,,,,,,,,,,,,,,,,,,,,,,,,,,,,,,,,,,,,,,,,,,,,,,,,,,,,,,,,,,,,,,,,,,,,,,,,,,,,,,,,,,,,,,,,,,,,,,,,,,,,,,,,,,,,,,,,,,,,,,
F08_RD14-0003-44d1-45-0.5IP-Q2.2_002.20sec.fsa,D18S51,Y,OL,273.61,19,10.2,274.66,17,11,277.02,20,12,281.21,412,12.2,282.85,8,13,285.26,25,14,289.23,394,OL,294.66,6,OL,303.99,8,OL,313.73,11,OL,334.9,7,OL,346.07,11,,,,,,,,,,,,,,,,,,,,,,,,,,,,,,,,,,,,,,,,,,,,,,,,,,,,,,,,,,,,,,,,,,,,,,,,,,,,,,,,,,,,,,,,,,,,,,,,,,,,,,,,,,,,,,,,,,,,,,,,,,,,,,,,,,,,,,,,,,,,,,,,,,,,,,,,,,,,,,,,,,,,,,,,,,,,,,,,,,,,,,,,,,,,,,,,,,,,,,,,,,,,,,,,,,,,,,,,,,,,,,,,,,,,,,,,,,,,,,,,,,,,,,,,,,,,,,,,,,,,,,,,
F08_RD14-0003-44d1-45-0.5IP-Q2.2_002.20sec.fsa,AMEL,R,X,104.97,2234,Y,110.95,2342,,,,,,,,,,,,,,,,,,,,,,,,,,,,,,,,,,,,,,,,,,,,,,,,,,,,,,,,,,,,,,,,,,,,,,,,,,,,,,,,,,,,,,,,,,,,,,,,,,,,,,,,,,,,,,,,,,,,,,,,,,,,,,,,,,,,,,,,,,,,,,,,,,,,,,,,,,,,,,,,,,,,,,,,,,,,,,,,,,,,,,,,,,,,,,,,,,,,,,,,,,,,,,,,,,,,,,,,,,,,,,,,,,,,,,,,,,,,,,,,,,,,,,,,,,,,,,,,,,,,,,,,,,,,,,,,,,,,,,,,,,,,,,,,,,,,,,
F08_RD14-0003-44d1-45-0.5IP-Q2.2_002.20sec.fsa,D5S818,R,OL,131.86,7,9,140.83,17,10,144.84,74,11,148.94,1602,12,152.98,1294,13,157.2,14,,,,,,,,,,,,,,,,,,,,,,,,,,,,,,,,,,,,,,,,,,,,,,,,,,,,,,,,,,,,,,,,,,,,,,,,,,,,,,,,,,,,,,,,,,,,,,,,,,,,,,,,,,,,,,,,,,,,,,,,,,,,,,,,,,,,,,,,,,,,,,,,,,,,,,,,,,,,,,,,,,,,,,,,,,,,,,,,,,,,,,,,,,,,,,,,,,,,,,,,,,,,,,,,,,,,,,,,,,,,,,,,,,,,,,,,,,,,,,,,,,,,,,,,,,,,,,,,,,,,,,,,,,,,,,,,,,,,,,,,,,
F08_RD14-0003-44d1-45-0.5IP-Q2.2_002.20sec.fsa,FGA,R,OL,206.65,6,OL,215.37,26,22,233.17,65,23,237.23,855,24,241.34,473,31.2,271.52,13,32.2,275.36,14,OL,277.37,10,OL,303.48,7,OL,314.55,10,OL,321.35,17,45.2,327.98,5,OL,343.21,8,OL,356.25,7,OL,357.23,5,,,,,,,,,,,,,,,,,,,,,,,,,,,,,,,,,,,,,,,,,,,,,,,,,,,,,,,,,,,,,,,,,,,,,,,,,,,,,,,,,,,,,,,,,,,,,,,,,,,,,,,,,,,,,,,,,,,,,,,,,,,,,,,,,,,,,,,,,,,,,,,,,,,,,,,,,,,,,,,,,,,,,,,,,,,,,,,,,,,,,,,,,,,,,,,,,,,,,,,,,,,,,,,,,,,,,,,,,,,,,,,,,,,,,,,,,,,,,,,,,,,,,,,,,,,,,,,
F09_RD14-0003-44d3-45-0.03IP-Q3.5_002.20sec.fsa,D8S1179,B,OL,115.67,6,OL,120.92,3,OL,123.24,26,OL,132.61,2,OL,139.36,4,13,142.42,4,14,146.14,12,15,150.36,124,OL,152.64,2,OL,163.65,7,OL,166.16,5,OL,169.74,5,20,170.55,7,,,,,,,,,,,,,,,,,,,,,,,,,,,,,,,,,,,,,,,,,,,,,,,,,,,,,,,,,,,,,,,,,,,,,,,,,,,,,,,,,,,,,,,,,,,,,,,,,,,,,,,,,,,,,,,,,,,,,,,,,,,,,,,,,,,,,,,,,,,,,,,,,,,,,,,,,,,,,,,,,,,,,,,,,,,,,,,,,,,,,,,,,,,,,,,,,,,,,,,,,,,,,,,,,,,,,,,,,,,,,,,,,,,,,,,,,,,,,,,,,,,,,,,,,,,,,,,,,,,,,
F09_RD14-0003-44d3-45-0.03IP-Q3.5_002.20sec.fsa,D21S11,B,23.2,180.17,5,OL,181.57,3,OL,183.15,5,OL,193.89,5,27.2,196.86,5,28,198.68,20,OL,207.89,6,OL,209.52,9,OL,214,8,OL,236.12,4,OL,237.69,5,,,,,,,,,,,,,,,,,,,,,,,,,,,,,,,,,,,,,,,,,,,,,,,,,,,,,,,,,,,,,,,,,,,,,,,,,,,,,,,,,,,,,,,,,,,,,,,,,,,,,,,,,,,,,,,,,,,,,,,,,,,,,,,,,,,,,,,,,,,,,,,,,,,,,,,,,,,,,,,,,,,,,,,,,,,,,,,,,,,,,,,,,,,,,,,,,,,,,,,,,,,,,,,,,,,,,,,,,,,,,,,,,,,,,,,,,,,,,,,,,,,,,,,,,,,,,,,,,,,,,,,,,,,
F09_RD14-0003-44d3-45-0.03IP-Q3.5_002.20sec.fsa,D7S820,B,5,250.08,6,OL,258.77,9,OL,269.15,4,10,270.23,6,OL,272.15,3,OL,291.07,6,,,,,,,,,,,,,,,,,,,,,,,,,,,,,,,,,,,,,,,,,,,,,,,,,,,,,,,,,,,,,,,,,,,,,,,,,,,,,,,,,,,,,,,,,,,,,,,,,,,,,,,,,,,,,,,,,,,,,,,,,,,,,,,,,,,,,,,,,,,,,,,,,,,,,,,,,,,,,,,,,,,,,,,,,,,,,,,,,,,,,,,,,,,,,,,,,,,,,,,,,,,,,,,,,,,,,,,,,,,,,,,,,,,,,,,,,,,,,,,,,,,,,,,,,,,,,,,,,,,,,,,,,,,,,,,,,,,,,,,,,,
F09_RD14-0003-44d3-45-0.03IP-Q3.5_002.20sec.fsa,CSF1PO,B,OL,301.06,7,OL,304.02,9,OL,313.32,3,11,322.75,13,OL,326.26,5,13,331.37,4,OL,333.41,2,OL,340,13,,,,,,,,,,,,,,,,,,,,,,,,,,,,,,,,,,,,,,,,,,,,,,,,,,,,,,,,,,,,,,,,,,,,,,,,,,,,,,,,,,,,,,,,,,,,,,,,,,,,,,,,,,,,,,,,,,,,,,,,,,,,,,,,,,,,,,,,,,,,,,,,,,,,,,,,,,,,,,,,,,,,,,,,,,,,,,,,,,,,,,,,,,,,,,,,,,,,,,,,,,,,,,,,,,,,,,,,,,,,,,,,,,,,,,,,,,,,,,,,,,,,,,,,,,,,,,,,,,,,,,,,,,,,,,,,,,,,
F09_RD14-0003-44d3-45-0.03IP-Q3.5_002.20sec.fsa,D3S1358,G,OL,97.58,9,OL,102.61,6,OL,115.14,17,OL,115.9,21,15,122.23,82,16,126.49,151,,,,,,,,,,,,,,,,,,,,,,,,,,,,,,,,,,,,,,,,,,,,,,,,,,,,,,,,,,,,,,,,,,,,,,,,,,,,,,,,,,,,,,,,,,,,,,,,,,,,,,,,,,,,,,,,,,,,,,,,,,,,,,,,,,,,,,,,,,,,,,,,,,,,,,,,,,,,,,,,,,,,,,,,,,,,,,,,,,,,,,,,,,,,,,,,,,,,,,,,,,,,,,,,,,,,,,,,,,,,,,,,,,,,,,,,,,,,,,,,,,,,,,,,,,,,,,,,,,,,,,,,,,,,,,,,,,,,,,,,,,
F09_RD14-0003-44d3-45-0.03IP-Q3.5_002.20sec.fsa,TH01,G,OL,163.81,10,6,168.6,38,9.3,183.97,127,OL,197.94,12,,,,,,,,,,,,,,,,,,,,,,,,,,,,,,,,,,,,,,,,,,,,,,,,,,,,,,,,,,,,,,,,,,,,,,,,,,,,,,,,,,,,,,,,,,,,,,,,,,,,,,,,,,,,,,,,,,,,,,,,,,,,,,,,,,,,,,,,,,,,,,,,,,,,,,,,,,,,,,,,,,,,,,,,,,,,,,,,,,,,,,,,,,,,,,,,,,,,,,,,,,,,,,,,,,,,,,,,,,,,,,,,,,,,,,,,,,,,,,,,,,,,,,,,,,,,,,,,,,,,,,,,,,,,,,,,,,,,,,,,,,,,,,,,
F09_RD14-0003-44d3-45-0.03IP-Q3.5_002.20sec.fsa,D13S317,G,OL,206.92,8,7,211.31,9,8,215.1,300,OL,218.73,5,10,223.65,8,OL,226.13,9,OL,232.08,13,OL,244.04,9,,,,,,,,,,,,,,,,,,,,,,,,,,,,,,,,,,,,,,,,,,,,,,,,,,,,,,,,,,,,,,,,,,,,,,,,,,,,,,,,,,,,,,,,,,,,,,,,,,,,,,,,,,,,,,,,,,,,,,,,,,,,,,,,,,,,,,,,,,,,,,,,,,,,,,,,,,,,,,,,,,,,,,,,,,,,,,,,,,,,,,,,,,,,,,,,,,,,,,,,,,,,,,,,,,,,,,,,,,,,,,,,,,,,,,,,,,,,,,,,,,,,,,,,,,,,,,,,,,,,,,,,,,,,,,,,,,,,
F09_RD14-0003-44d3-45-0.03IP-Q3.5_002.20sec.fsa,D16S539,G,OL,252.79,6,OL,258.45,9,OL,264.4,7,OL,265.24,4,10,271.32,38,OL,279.92,8,OL,284.21,7,OL,290.16,25,,,,,,,,,,,,,,,,,,,,,,,,,,,,,,,,,,,,,,,,,,,,,,,,,,,,,,,,,,,,,,,,,,,,,,,,,,,,,,,,,,,,,,,,,,,,,,,,,,,,,,,,,,,,,,,,,,,,,,,,,,,,,,,,,,,,,,,,,,,,,,,,,,,,,,,,,,,,,,,,,,,,,,,,,,,,,,,,,,,,,,,,,,,,,,,,,,,,,,,,,,,,,,,,,,,,,,,,,,,,,,,,,,,,,,,,,,,,,,,,,,,,,,,,,,,,,,,,,,,,,,,,,,,,,,,,,,,,
F09_RD14-0003-44d3-45-0.03IP-Q3.5_002.20sec.fsa,D2S1338,G,OL,303.53,8,15,305.18,10,16,308.85,71,OL,310.53,8,OL,314.79,8,OL,320.17,6,OL,334.17,6,23,337.64,8,OL,358.53,7,,,,,,,,,,,,,,,,,,,,,,,,,,,,,,,,,,,,,,,,,,,,,,,,,,,,,,,,,,,,,,,,,,,,,,,,,,,,,,,,,,,,,,,,,,,,,,,,,,,,,,,,,,,,,,,,,,,,,,,,,,,,,,,,,,,,,,,,,,,,,,,,,,,,,,,,,,,,,,,,,,,,,,,,,,,,,,,,,,,,,,,,,,,,,,,,,,,,,,,,,,,,,,,,,,,,,,,,,,,,,,,,,,,,,,,,,,,,,,,,,,,,,,,,,,,,,,,,,,,,,,,,,,,,,,,,,
F09_RD14-0003-44d3-45-0.03IP-Q3.5_002.20sec.fsa,D19S433,Y,OL,98.36,11,9,100.16,11,OL,107.11,7,11.2,110.17,11,13,116.28,97,15,124.24,68,OL,125.17,12,15.2,126.65,13,18.2,138.08,9,OL,139.92,13,,,,,,,,,,,,,,,,,,,,,,,,,,,,,,,,,,,,,,,,,,,,,,,,,,,,,,,,,,,,,,,,,,,,,,,,,,,,,,,,,,,,,,,,,,,,,,,,,,,,,,,,,,,,,,,,,,,,,,,,,,,,,,,,,,,,,,,,,,,,,,,,,,,,,,,,,,,,,,,,,,,,,,,,,,,,,,,,,,,,,,,,,,,,,,,,,,,,,,,,,,,,,,,,,,,,,,,,,,,,,,,,,,,,,,,,,,,,,,,,,,,,,,,,,,,,,,,,,,,,,,,,,,,,,,
F09_RD14-0003-44d3-45-0.03IP-Q3.5_002.20sec.fsa,vWA,Y,OL,152.64,13,12,155.58,11,OL,157.87,10,13,160.16,15,OL,165.67,21,OL,174.13,11,19,184.47,27,20,188.61,182,OL,201.28,15,,,,,,,,,,,,,,,,,,,,,,,,,,,,,,,,,,,,,,,,,,,,,,,,,,,,,,,,,,,,,,,,,,,,,,,,,,,,,,,,,,,,,,,,,,,,,,,,,,,,,,,,,,,,,,,,,,,,,,,,,,,,,,,,,,,,,,,,,,,,,,,,,,,,,,,,,,,,,,,,,,,,,,,,,,,,,,,,,,,,,,,,,,,,,,,,,,,,,,,,,,,,,,,,,,,,,,,,,,,,,,,,,,,,,,,,,,,,,,,,,,,,,,,,,,,,,,,,,,,,,,,,,,,,,,,,,
F09_RD14-0003-44d3-45-0.03IP-Q3.5_002.20sec.fsa,TPOX,Y,5,217.29,6,11,240.93,88,12,245.05,9,OL,251.4,13,,,,,,,,,,,,,,,,,,,,,,,,,,,,,,,,,,,,,,,,,,,,,,,,,,,,,,,,,,,,,,,,,,,,,,,,,,,,,,,,,,,,,,,,,,,,,,,,,,,,,,,,,,,,,,,,,,,,,,,,,,,,,,,,,,,,,,,,,,,,,,,,,,,,,,,,,,,,,,,,,,,,,,,,,,,,,,,,,,,,,,,,,,,,,,,,,,,,,,,,,,,,,,,,,,,,,,,,,,,,,,,,,,,,,,,,,,,,,,,,,,,,,,,,,,,,,,,,,,,,,,,,,,,,,,,,,,,,,,,,,,,,,,,,
F09_RD14-0003-44d3-45-0.03IP-Q3.5_002.20sec.fsa,D18S51,Y,OL,265.49,11,OL,273.82,10,OL,292.56,13,OL,326.69,8,OL,336.03,9,OL,345.6,12,,,,,,,,,,,,,,,,,,,,,,,,,,,,,,,,,,,,,,,,,,,,,,,,,,,,,,,,,,,,,,,,,,,,,,,,,,,,,,,,,,,,,,,,,,,,,,,,,,,,,,,,,,,,,,,,,,,,,,,,,,,,,,,,,,,,,,,,,,,,,,,,,,,,,,,,,,,,,,,,,,,,,,,,,,,,,,,,,,,,,,,,,,,,,,,,,,,,,,,,,,,,,,,,,,,,,,,,,,,,,,,,,,,,,,,,,,,,,,,,,,,,,,,,,,,,,,,,,,,,,,,,,,,,,,,,,,,,,,,,,,
F09_RD14-0003-44d3-45-0.03IP-Q3.5_002.20sec.fsa,AMEL,R,X,105.06,23,Y,110.8,65,,,,,,,,,,,,,,,,,,,,,,,,,,,,,,,,,,,,,,,,,,,,,,,,,,,,,,,,,,,,,,,,,,,,,,,,,,,,,,,,,,,,,,,,,,,,,,,,,,,,,,,,,,,,,,,,,,,,,,,,,,,,,,,,,,,,,,,,,,,,,,,,,,,,,,,,,,,,,,,,,,,,,,,,,,,,,,,,,,,,,,,,,,,,,,,,,,,,,,,,,,,,,,,,,,,,,,,,,,,,,,,,,,,,,,,,,,,,,,,,,,,,,,,,,,,,,,,,,,,,,,,,,,,,,,,,,,,,,,,,,,,,,,,,,,,,,,
F09_RD14-0003-44d3-45-0.03IP-Q3.5_002.20sec.fsa,D5S818,R,9,140.64,26,11,148.9,107,,,,,,,,,,,,,,,,,,,,,,,,,,,,,,,,,,,,,,,,,,,,,,,,,,,,,,,,,,,,,,,,,,,,,,,,,,,,,,,,,,,,,,,,,,,,,,,,,,,,,,,,,,,,,,,,,,,,,,,,,,,,,,,,,,,,,,,,,,,,,,,,,,,,,,,,,,,,,,,,,,,,,,,,,,,,,,,,,,,,,,,,,,,,,,,,,,,,,,,,,,,,,,,,,,,,,,,,,,,,,,,,,,,,,,,,,,,,,,,,,,,,,,,,,,,,,,,,,,,,,,,,,,,,,,,,,,,,,,,,,,,,,,,,,,,,,,
F09_RD14-0003-44d3-45-0.03IP-Q3.5_002.20sec.fsa,FGA,R,OL,205.63,7,19,221.24,12,OL,226.13,7,OL,227.95,8,OL,233.98,9,24,241.43,32,OL,244.63,11,OL,246.73,8,OL,252.22,10,32,273.4,5,OL,280.66,9,OL,281.9,11,OL,303.36,6,OL,311.29,8,42.2,316.38,6,OL,317.79,9,OL,321.03,12,OL,327.71,5,OL,347.15,9,50.2,348.7,7,51.2,352.93,12,,,,,,,,,,,,,,,,,,,,,,,,,,,,,,,,,,,,,,,,,,,,,,,,,,,,,,,,,,,,,,,,,,,,,,,,,,,,,,,,,,,,,,,,,,,,,,,,,,,,,,,,,,,,,,,,,,,,,,,,,,,,,,,,,,,,,,,,,,,,,,,,,,,,,,,,,,,,,,,,,,,,,,,,,,,,,,,,,,,,,,,,,,,,,,,,,,,,,,,,,,,,,,,,,,,,,,,,,,,,,,,,,,,,,,,,,,,,,
G01_RD14-0003-43d3a-0.0156IP-Q0.9_003.20sec.fsa,D8S1179,B,OL,111.93,4,OL,122.43,21,OL,128.13,2,10,129.57,10,11,133.66,148,12,137.88,3,13,142,14,OL,144.84,3,14,145.84,3,OL,148.02,1,OL,153.65,2,16,154.58,1,OL,160,4,OL,168.98,1,OL,169.73,2,OL,174.65,1,OL,176.07,2,,,,,,,,,,,,,,,,,,,,,,,,,,,,,,,,,,,,,,,,,,,,,,,,,,,,,,,,,,,,,,,,,,,,,,,,,,,,,,,,,,,,,,,,,,,,,,,,,,,,,,,,,,,,,,,,,,,,,,,,,,,,,,,,,,,,,,,,,,,,,,,,,,,,,,,,,,,,,,,,,,,,,,,,,,,,,,,,,,,,,,,,,,,,,,,,,,,,,,,,,,,,,,,,,,,,,,,,,,,,,,,,,,,,,,,,,,,,,,,,,,,,,,,,,
G01_RD14-0003-43d3a-0.0156IP-Q0.9_003.20sec.fsa,D21S11,B,23.2,179.92,5,OL,183.76,3,26,190.6,4,27,194.7,60,28,198.63,3,29,202.66,52,OL,211.38,4,31.2,212.39,3,OL,213.75,4,32.2,217.12,3,OL,219.91,4,34.2,225.06,4,OL,238.28,2,,,,,,,,,,,,,,,,,,,,,,,,,,,,,,,,,,,,,,,,,,,,,,,,,,,,,,,,,,,,,,,,,,,,,,,,,,,,,,,,,,,,,,,,,,,,,,,,,,,,,,,,,,,,,,,,,,,,,,,,,,,,,,,,,,,,,,,,,,,,,,,,,,,,,,,,,,,,,,,,,,,,,,,,,,,,,,,,,,,,,,,,,,,,,,,,,,,,,,,,,,,,,,,,,,,,,,,,,,,,,,,,,,,,,,,,,,,,,,,,,,,,,,,,,,,,,,,,,,,,,
G01_RD14-0003-43d3a-0.0156IP-Q0.9_003.20sec.fsa,D7S820,B,5,249.74,3,7,257.97,5,8,261.99,41,9,266.4,1,11,274.49,3,OL,275.19,3,OL,279.91,3,13,281.99,3,OL,288.58,2,OL,289.62,2,,,,,,,,,,,,,,,,,,,,,,,,,,,,,,,,,,,,,,,,,,,,,,,,,,,,,,,,,,,,,,,,,,,,,,,,,,,,,,,,,,,,,,,,,,,,,,,,,,,,,,,,,,,,,,,,,,,,,,,,,,,,,,,,,,,,,,,,,,,,,,,,,,,,,,,,,,,,,,,,,,,,,,,,,,,,,,,,,,,,,,,,,,,,,,,,,,,,,,,,,,,,,,,,,,,,,,,,,,,,,,,,,,,,,,,,,,,,,,,,,,,,,,,,,,,,,,,,,,,,,,,,,,,,,,
G01_RD14-0003-43d3a-0.0156IP-Q0.9_003.20sec.fsa,CSF1PO,B,OL,299.31,3,OL,300,3,6,303.14,2,OL,313.73,4,OL,320,5,OL,321.53,2,OL,323.7,2,OL,336.91,3,OL,340,6,,,,,,,,,,,,,,,,,,,,,,,,,,,,,,,,,,,,,,,,,,,,,,,,,,,,,,,,,,,,,,,,,,,,,,,,,,,,,,,,,,,,,,,,,,,,,,,,,,,,,,,,,,,,,,,,,,,,,,,,,,,,,,,,,,,,,,,,,,,,,,,,,,,,,,,,,,,,,,,,,,,,,,,,,,,,,,,,,,,,,,,,,,,,,,,,,,,,,,,,,,,,,,,,,,,,,,,,,,,,,,,,,,,,,,,,,,,,,,,,,,,,,,,,,,,,,,,,,,,,,,,,,,,,,,,,,
G01_RD14-0003-43d3a-0.0156IP-Q0.9_003.20sec.fsa,D3S1358,G,OL,103.13,6,OL,116.03,13,15,122.43,202,OL,131.89,2,18,134.96,4,OL,144.25,1,,,,,,,,,,,,,,,,,,,,,,,,,,,,,,,,,,,,,,,,,,,,,,,,,,,,,,,,,,,,,,,,,,,,,,,,,,,,,,,,,,,,,,,,,,,,,,,,,,,,,,,,,,,,,,,,,,,,,,,,,,,,,,,,,,,,,,,,,,,,,,,,,,,,,,,,,,,,,,,,,,,,,,,,,,,,,,,,,,,,,,,,,,,,,,,,,,,,,,,,,,,,,,,,,,,,,,,,,,,,,,,,,,,,,,,,,,,,,,,,,,,,,,,,,,,,,,,,,,,,,,,,,,,,,,,,,,,,,,,,,,
G01_RD14-0003-43d3a-0.0156IP-Q0.9_003.20sec.fsa,TH01,G,OL,163.4,4,5,164.32,4,OL,166.65,4,7,172.56,4,9.3,183.93,168,12,192.56,6,13.3,200.58,4,,,,,,,,,,,,,,,,,,,,,,,,,,,,,,,,,,,,,,,,,,,,,,,,,,,,,,,,,,,,,,,,,,,,,,,,,,,,,,,,,,,,,,,,,,,,,,,,,,,,,,,,,,,,,,,,,,,,,,,,,,,,,,,,,,,,,,,,,,,,,,,,,,,,,,,,,,,,,,,,,,,,,,,,,,,,,,,,,,,,,,,,,,,,,,,,,,,,,,,,,,,,,,,,,,,,,,,,,,,,,,,,,,,,,,,,,,,,,,,,,,,,,,,,,,,,,,,,,,,,,,,,,,,,,,,,,,,,,,,
G01_RD14-0003-43d3a-0.0156IP-Q0.9_003.20sec.fsa,D13S317,G,7,211.05,3,OL,213.58,3,OL,217.99,3,10,223.17,11,OL,225.4,3,11,227.29,93,,,,,,,,,,,,,,,,,,,,,,,,,,,,,,,,,,,,,,,,,,,,,,,,,,,,,,,,,,,,,,,,,,,,,,,,,,,,,,,,,,,,,,,,,,,,,,,,,,,,,,,,,,,,,,,,,,,,,,,,,,,,,,,,,,,,,,,,,,,,,,,,,,,,,,,,,,,,,,,,,,,,,,,,,,,,,,,,,,,,,,,,,,,,,,,,,,,,,,,,,,,,,,,,,,,,,,,,,,,,,,,,,,,,,,,,,,,,,,,,,,,,,,,,,,,,,,,,,,,,,,,,,,,,,,,,,,,,,,,,,,
G01_RD14-0003-43d3a-0.0156IP-Q0.9_003.20sec.fsa,D16S539,G,OL,252.47,3,OL,253.15,2,6,256.03,4,10,271.18,97,OL,280.52,6,14,287.45,4,OL,294.38,2,,,,,,,,,,,,,,,,,,,,,,,,,,,,,,,,,,,,,,,,,,,,,,,,,,,,,,,,,,,,,,,,,,,,,,,,,,,,,,,,,,,,,,,,,,,,,,,,,,,,,,,,,,,,,,,,,,,,,,,,,,,,,,,,,,,,,,,,,,,,,,,,,,,,,,,,,,,,,,,,,,,,,,,,,,,,,,,,,,,,,,,,,,,,,,,,,,,,,,,,,,,,,,,,,,,,,,,,,,,,,,,,,,,,,,,,,,,,,,,,,,,,,,,,,,,,,,,,,,,,,,,,,,,,,,,,,,,,,,,
G01_RD14-0003-43d3a-0.0156IP-Q0.9_003.20sec.fsa,D2S1338,G,OL,302.2,3,OL,310.05,3,OL,314.64,4,OL,318.42,4,21,329.52,3,OL,331.49,4,OL,334.51,3,OL,336.29,3,OL,346.82,4,26,349.42,5,OL,362.94,3,,,,,,,,,,,,,,,,,,,,,,,,,,,,,,,,,,,,,,,,,,,,,,,,,,,,,,,,,,,,,,,,,,,,,,,,,,,,,,,,,,,,,,,,,,,,,,,,,,,,,,,,,,,,,,,,,,,,,,,,,,,,,,,,,,,,,,,,,,,,,,,,,,,,,,,,,,,,,,,,,,,,,,,,,,,,,,,,,,,,,,,,,,,,,,,,,,,,,,,,,,,,,,,,,,,,,,,,,,,,,,,,,,,,,,,,,,,,,,,,,,,,,,,,,,,,,,,,,,,,,,,,,,,
G01_RD14-0003-43d3a-0.0156IP-Q0.9_003.20sec.fsa,D19S433,Y,OL,98.65,6,OL,104.58,5,12,112.41,9,12.2,113.92,10,13.2,118.21,33,14,120.08,46,14.2,121.88,7,15,123.69,11,15,124.56,9,OL,131.41,5,,,,,,,,,,,,,,,,,,,,,,,,,,,,,,,,,,,,,,,,,,,,,,,,,,,,,,,,,,,,,,,,,,,,,,,,,,,,,,,,,,,,,,,,,,,,,,,,,,,,,,,,,,,,,,,,,,,,,,,,,,,,,,,,,,,,,,,,,,,,,,,,,,,,,,,,,,,,,,,,,,,,,,,,,,,,,,,,,,,,,,,,,,,,,,,,,,,,,,,,,,,,,,,,,,,,,,,,,,,,,,,,,,,,,,,,,,,,,,,,,,,,,,,,,,,,,,,,,,,,,,,,,,,,,,
G01_RD14-0003-43d3a-0.0156IP-Q0.9_003.20sec.fsa,vWA,Y,OL,151.04,3,OL,155.43,4,13,160,41,OL,167.23,5,15.2,169.98,3,17,176.24,9,,,,,,,,,,,,,,,,,,,,,,,,,,,,,,,,,,,,,,,,,,,,,,,,,,,,,,,,,,,,,,,,,,,,,,,,,,,,,,,,,,,,,,,,,,,,,,,,,,,,,,,,,,,,,,,,,,,,,,,,,,,,,,,,,,,,,,,,,,,,,,,,,,,,,,,,,,,,,,,,,,,,,,,,,,,,,,,,,,,,,,,,,,,,,,,,,,,,,,,,,,,,,,,,,,,,,,,,,,,,,,,,,,,,,,,,,,,,,,,,,,,,,,,,,,,,,,,,,,,,,,,,,,,,,,,,,,,,,,,,,,
G01_RD14-0003-43d3a-0.0156IP-Q0.9_003.20sec.fsa,TPOX,Y,OL,219.91,8,OL,222.91,5,10,236.99,8,11,240.88,76,,,,,,,,,,,,,,,,,,,,,,,,,,,,,,,,,,,,,,,,,,,,,,,,,,,,,,,,,,,,,,,,,,,,,,,,,,,,,,,,,,,,,,,,,,,,,,,,,,,,,,,,,,,,,,,,,,,,,,,,,,,,,,,,,,,,,,,,,,,,,,,,,,,,,,,,,,,,,,,,,,,,,,,,,,,,,,,,,,,,,,,,,,,,,,,,,,,,,,,,,,,,,,,,,,,,,,,,,,,,,,,,,,,,,,,,,,,,,,,,,,,,,,,,,,,,,,,,,,,,,,,,,,,,,,,,,,,,,,,,,,,,,,,,
G01_RD14-0003-43d3a-0.0156IP-Q0.9_003.20sec.fsa,D18S51,Y,OL,269.79,6,9.2,270.75,8,OL,272.31,4,10.2,274.84,7,11,276.94,5,OL,277.81,5,13.2,286.93,4,17,300.93,4,18,305.11,32,19,309.09,56,OL,316.3,6,OL,320.09,10,OL,339.91,14,OL,341.17,2,,,,,,,,,,,,,,,,,,,,,,,,,,,,,,,,,,,,,,,,,,,,,,,,,,,,,,,,,,,,,,,,,,,,,,,,,,,,,,,,,,,,,,,,,,,,,,,,,,,,,,,,,,,,,,,,,,,,,,,,,,,,,,,,,,,,,,,,,,,,,,,,,,,,,,,,,,,,,,,,,,,,,,,,,,,,,,,,,,,,,,,,,,,,,,,,,,,,,,,,,,,,,,,,,,,,,,,,,,,,,,,,,,,,,,,,,,,,,,,,,,,,,,,,,,,,,,,,,,
G01_RD14-0003-43d3a-0.0156IP-Q0.9_003.20sec.fsa,AMEL,R,X,104.9,50,OL,108.58,4,Y,110.73,42,,,,,,,,,,,,,,,,,,,,,,,,,,,,,,,,,,,,,,,,,,,,,,,,,,,,,,,,,,,,,,,,,,,,,,,,,,,,,,,,,,,,,,,,,,,,,,,,,,,,,,,,,,,,,,,,,,,,,,,,,,,,,,,,,,,,,,,,,,,,,,,,,,,,,,,,,,,,,,,,,,,,,,,,,,,,,,,,,,,,,,,,,,,,,,,,,,,,,,,,,,,,,,,,,,,,,,,,,,,,,,,,,,,,,,,,,,,,,,,,,,,,,,,,,,,,,,,,,,,,,,,,,,,,,,,,,,,,,,,,,,,,,,,,,,,
G01_RD14-0003-43d3a-0.0156IP-Q0.9_003.20sec.fsa,D5S818,R,OL,133.74,6,OL,135.77,8,11,148.86,29,12,152.98,39,OL,172.65,6,OL,175.57,5,,,,,,,,,,,,,,,,,,,,,,,,,,,,,,,,,,,,,,,,,,,,,,,,,,,,,,,,,,,,,,,,,,,,,,,,,,,,,,,,,,,,,,,,,,,,,,,,,,,,,,,,,,,,,,,,,,,,,,,,,,,,,,,,,,,,,,,,,,,,,,,,,,,,,,,,,,,,,,,,,,,,,,,,,,,,,,,,,,,,,,,,,,,,,,,,,,,,,,,,,,,,,,,,,,,,,,,,,,,,,,,,,,,,,,,,,,,,,,,,,,,,,,,,,,,,,,,,,,,,,,,,,,,,,,,,,,,,,,,,,,
G01_RD14-0003-43d3a-0.0156IP-Q0.9_003.20sec.fsa,FGA,R,OL,204.33,4,OL,213.41,10,18,217.21,4,19,221.11,7,21,229.43,5,23,237.59,6,26.2,251.45,5,OL,256.87,6,OL,258.65,10,31,269.35,8,OL,276.24,5,OL,303.4,7,42.2,315.75,6,OL,317.87,8,OL,321.17,7,44.2,324.42,6,OL,329.61,4,OL,335.84,6,48.2,340.9,6,,,,,,,,,,,,,,,,,,,,,,,,,,,,,,,,,,,,,,,,,,,,,,,,,,,,,,,,,,,,,,,,,,,,,,,,,,,,,,,,,,,,,,,,,,,,,,,,,,,,,,,,,,,,,,,,,,,,,,,,,,,,,,,,,,,,,,,,,,,,,,,,,,,,,,,,,,,,,,,,,,,,,,,,,,,,,,,,,,,,,,,,,,,,,,,,,,,,,,,,,,,,,,,,,,,,,,,,,,,,,,,,,,,,,,,,,,,,,,,,,,,
G02_RD14-0003-43d3-15-0.0156IP-Q1.1_003.20sec.fsa,D8S1179,B,7,117.77,3,OL,122.25,22,10,129.61,7,11,133.66,166,12,137.5,6,13,141.97,33,OL,144.93,3,14,146.49,2,16,154.68,4,17,158.33,3,OL,175.48,4,,,,,,,,,,,,,,,,,,,,,,,,,,,,,,,,,,,,,,,,,,,,,,,,,,,,,,,,,,,,,,,,,,,,,,,,,,,,,,,,,,,,,,,,,,,,,,,,,,,,,,,,,,,,,,,,,,,,,,,,,,,,,,,,,,,,,,,,,,,,,,,,,,,,,,,,,,,,,,,,,,,,,,,,,,,,,,,,,,,,,,,,,,,,,,,,,,,,,,,,,,,,,,,,,,,,,,,,,,,,,,,,,,,,,,,,,,,,,,,,,,,,,,,,,,,,,,,,,,,,,,,,,,,
G02_RD14-0003-43d3-15-0.0156IP-Q1.1_003.20sec.fsa,D21S11,B,OL,185.36,3,25.2,188.12,4,OL,191.89,4,OL,195.23,3,29,202.77,59,30.2,208.41,2,33,218.73,3,OL,219.58,3,33.2,220.58,3,34,223,6,35,226.68,3,OL,228.02,4,,,,,,,,,,,,,,,,,,,,,,,,,,,,,,,,,,,,,,,,,,,,,,,,,,,,,,,,,,,,,,,,,,,,,,,,,,,,,,,,,,,,,,,,,,,,,,,,,,,,,,,,,,,,,,,,,,,,,,,,,,,,,,,,,,,,,,,,,,,,,,,,,,,,,,,,,,,,,,,,,,,,,,,,,,,,,,,,,,,,,,,,,,,,,,,,,,,,,,,,,,,,,,,,,,,,,,,,,,,,,,,,,,,,,,,,,,,,,,,,,,,,,,,,,,,,,,,,,,,,,,,,
G02_RD14-0003-43d3-15-0.0156IP-Q1.1_003.20sec.fsa,D7S820,B,8,262.02,48,9,265.8,3,OL,271.37,10,OL,279.83,4,OL,283.18,3,OL,285.28,2,,,,,,,,,,,,,,,,,,,,,,,,,,,,,,,,,,,,,,,,,,,,,,,,,,,,,,,,,,,,,,,,,,,,,,,,,,,,,,,,,,,,,,,,,,,,,,,,,,,,,,,,,,,,,,,,,,,,,,,,,,,,,,,,,,,,,,,,,,,,,,,,,,,,,,,,,,,,,,,,,,,,,,,,,,,,,,,,,,,,,,,,,,,,,,,,,,,,,,,,,,,,,,,,,,,,,,,,,,,,,,,,,,,,,,,,,,,,,,,,,,,,,,,,,,,,,,,,,,,,,,,,,,,,,,,,,,,,,,,,,,
G02_RD14-0003-43d3-15-0.0156IP-Q1.1_003.20sec.fsa,CSF1PO,B,OL,299.75,4,OL,329.98,2,14,334.62,2,15,338.38,2,,,,,,,,,,,,,,,,,,,,,,,,,,,,,,,,,,,,,,,,,,,,,,,,,,,,,,,,,,,,,,,,,,,,,,,,,,,,,,,,,,,,,,,,,,,,,,,,,,,,,,,,,,,,,,,,,,,,,,,,,,,,,,,,,,,,,,,,,,,,,,,,,,,,,,,,,,,,,,,,,,,,,,,,,,,,,,,,,,,,,,,,,,,,,,,,,,,,,,,,,,,,,,,,,,,,,,,,,,,,,,,,,,,,,,,,,,,,,,,,,,,,,,,,,,,,,,,,,,,,,,,,,,,,,,,,,,,,,,,,,,,,,,,,
G02_RD14-0003-43d3-15-0.0156IP-Q1.1_003.20sec.fsa,D3S1358,G,OL,107.27,4,OL,115.85,17,OL,119.31,3,15,122.25,113,16,126.31,3,OL,129.38,4,18.2,136.3,5,OL,137.18,5,,,,,,,,,,,,,,,,,,,,,,,,,,,,,,,,,,,,,,,,,,,,,,,,,,,,,,,,,,,,,,,,,,,,,,,,,,,,,,,,,,,,,,,,,,,,,,,,,,,,,,,,,,,,,,,,,,,,,,,,,,,,,,,,,,,,,,,,,,,,,,,,,,,,,,,,,,,,,,,,,,,,,,,,,,,,,,,,,,,,,,,,,,,,,,,,,,,,,,,,,,,,,,,,,,,,,,,,,,,,,,,,,,,,,,,,,,,,,,,,,,,,,,,,,,,,,,,,,,,,,,,,,,,,,,,,,,,,
G02_RD14-0003-43d3-15-0.0156IP-Q1.1_003.20sec.fsa,TH01,G,OL,169.25,4,OL,170.39,2,OL,174.58,3,8,176.79,95,OL,178.68,8,OL,185.86,5,,,,,,,,,,,,,,,,,,,,,,,,,,,,,,,,,,,,,,,,,,,,,,,,,,,,,,,,,,,,,,,,,,,,,,,,,,,,,,,,,,,,,,,,,,,,,,,,,,,,,,,,,,,,,,,,,,,,,,,,,,,,,,,,,,,,,,,,,,,,,,,,,,,,,,,,,,,,,,,,,,,,,,,,,,,,,,,,,,,,,,,,,,,,,,,,,,,,,,,,,,,,,,,,,,,,,,,,,,,,,,,,,,,,,,,,,,,,,,,,,,,,,,,,,,,,,,,,,,,,,,,,,,,,,,,,,,,,,,,,,,
G02_RD14-0003-43d3-15-0.0156IP-Q1.1_003.20sec.fsa,D13S317,G,OL,212.27,4,OL,213.34,6,OL,214.59,8,9,219.41,3,OL,220.25,6,OL,225.01,4,OL,226.01,3,11,227.18,93,,,,,,,,,,,,,,,,,,,,,,,,,,,,,,,,,,,,,,,,,,,,,,,,,,,,,,,,,,,,,,,,,,,,,,,,,,,,,,,,,,,,,,,,,,,,,,,,,,,,,,,,,,,,,,,,,,,,,,,,,,,,,,,,,,,,,,,,,,,,,,,,,,,,,,,,,,,,,,,,,,,,,,,,,,,,,,,,,,,,,,,,,,,,,,,,,,,,,,,,,,,,,,,,,,,,,,,,,,,,,,,,,,,,,,,,,,,,,,,,,,,,,,,,,,,,,,,,,,,,,,,,,,,,,,,,,,,,
G02_RD14-0003-43d3-15-0.0156IP-Q1.1_003.20sec.fsa,D16S539,G,OL,250.17,7,7,259.59,3,OL,262.35,5,OL,265.21,3,9,267.4,19,10,271.28,408,OL,278.47,5,OL,280.59,6,OL,289.8,3,16,295.07,4,,,,,,,,,,,,,,,,,,,,,,,,,,,,,,,,,,,,,,,,,,,,,,,,,,,,,,,,,,,,,,,,,,,,,,,,,,,,,,,,,,,,,,,,,,,,,,,,,,,,,,,,,,,,,,,,,,,,,,,,,,,,,,,,,,,,,,,,,,,,,,,,,,,,,,,,,,,,,,,,,,,,,,,,,,,,,,,,,,,,,,,,,,,,,,,,,,,,,,,,,,,,,,,,,,,,,,,,,,,,,,,,,,,,,,,,,,,,,,,,,,,,,,,,,,,,,,,,,,,,,,,,,,,,,,
G02_RD14-0003-43d3-15-0.0156IP-Q1.1_003.20sec.fsa,D2S1338,G,17,312.63,6,19,321.14,115,OL,327.22,5,OL,338.64,4,OL,339.49,4,OL,343.2,5,OL,356.8,6,OL,360.43,5,29,361.72,2,OL,363.27,5,OL,364.73,5,,,,,,,,,,,,,,,,,,,,,,,,,,,,,,,,,,,,,,,,,,,,,,,,,,,,,,,,,,,,,,,,,,,,,,,,,,,,,,,,,,,,,,,,,,,,,,,,,,,,,,,,,,,,,,,,,,,,,,,,,,,,,,,,,,,,,,,,,,,,,,,,,,,,,,,,,,,,,,,,,,,,,,,,,,,,,,,,,,,,,,,,,,,,,,,,,,,,,,,,,,,,,,,,,,,,,,,,,,,,,,,,,,,,,,,,,,,,,,,,,,,,,,,,,,,,,,,,,,,,,,,,,,,
G02_RD14-0003-43d3-15-0.0156IP-Q1.1_003.20sec.fsa,D19S433,Y,OL,99.21,7,9,99.92,8,12.2,114.08,14,13,116.31,8,13.2,118.31,186,14,120.23,123,OL,134.78,6,OL,139.92,9,OL,141.39,4,,,,,,,,,,,,,,,,,,,,,,,,,,,,,,,,,,,,,,,,,,,,,,,,,,,,,,,,,,,,,,,,,,,,,,,,,,,,,,,,,,,,,,,,,,,,,,,,,,,,,,,,,,,,,,,,,,,,,,,,,,,,,,,,,,,,,,,,,,,,,,,,,,,,,,,,,,,,,,,,,,,,,,,,,,,,,,,,,,,,,,,,,,,,,,,,,,,,,,,,,,,,,,,,,,,,,,,,,,,,,,,,,,,,,,,,,,,,,,,,,,,,,,,,,,,,,,,,,,,,,,,,,,,,,,,,,
G02_RD14-0003-43d3-15-0.0156IP-Q1.1_003.20sec.fsa,vWA,Y,10,147.4,5,OL,152.6,6,13,160,142,OL,170.97,6,OL,174.09,6,17,176.22,34,OL,199.92,13,25,208.49,5,,,,,,,,,,,,,,,,,,,,,,,,,,,,,,,,,,,,,,,,,,,,,,,,,,,,,,,,,,,,,,,,,,,,,,,,,,,,,,,,,,,,,,,,,,,,,,,,,,,,,,,,,,,,,,,,,,,,,,,,,,,,,,,,,,,,,,,,,,,,,,,,,,,,,,,,,,,,,,,,,,,,,,,,,,,,,,,,,,,,,,,,,,,,,,,,,,,,,,,,,,,,,,,,,,,,,,,,,,,,,,,,,,,,,,,,,,,,,,,,,,,,,,,,,,,,,,,,,,,,,,,,,,,,,,,,,,,,
G02_RD14-0003-43d3-15-0.0156IP-Q1.1_003.20sec.fsa,TPOX,Y,5,217.29,6,OL,219.92,11,OL,227.27,7,8,228.77,131,OL,240,16,OL,243.86,6,12,245.48,4,OL,249.91,7,OL,251.99,7,14,253.32,6,OL,253.98,7,,,,,,,,,,,,,,,,,,,,,,,,,,,,,,,,,,,,,,,,,,,,,,,,,,,,,,,,,,,,,,,,,,,,,,,,,,,,,,,,,,,,,,,,,,,,,,,,,,,,,,,,,,,,,,,,,,,,,,,,,,,,,,,,,,,,,,,,,,,,,,,,,,,,,,,,,,,,,,,,,,,,,,,,,,,,,,,,,,,,,,,,,,,,,,,,,,,,,,,,,,,,,,,,,,,,,,,,,,,,,,,,,,,,,,,,,,,,,,,,,,,,,,,,,,,,,,,,,,,,,,,,,,,
G02_RD14-0003-43d3-15-0.0156IP-Q1.1_003.20sec.fsa,D18S51,Y,7,261.01,3,10,272.8,5,OL,280,12,13.2,287.46,5,14,289.46,7,19,309.06,61,OL,310.33,5,OL,318.38,5,26,337.87,9,,,,,,,,,,,,,,,,,,,,,,,,,,,,,,,,,,,,,,,,,,,,,,,,,,,,,,,,,,,,,,,,,,,,,,,,,,,,,,,,,,,,,,,,,,,,,,,,,,,,,,,,,,,,,,,,,,,,,,,,,,,,,,,,,,,,,,,,,,,,,,,,,,,,,,,,,,,,,,,,,,,,,,,,,,,,,,,,,,,,,,,,,,,,,,,,,,,,,,,,,,,,,,,,,,,,,,,,,,,,,,,,,,,,,,,,,,,,,,,,,,,,,,,,,,,,,,,,,,,,,,,,,,,,,,,,,
G02_RD14-0003-43d3-15-0.0156IP-Q1.1_003.20sec.fsa,AMEL,R,X,104.88,112,OL,110.05,3,,,,,,,,,,,,,,,,,,,,,,,,,,,,,,,,,,,,,,,,,,,,,,,,,,,,,,,,,,,,,,,,,,,,,,,,,,,,,,,,,,,,,,,,,,,,,,,,,,,,,,,,,,,,,,,,,,,,,,,,,,,,,,,,,,,,,,,,,,,,,,,,,,,,,,,,,,,,,,,,,,,,,,,,,,,,,,,,,,,,,,,,,,,,,,,,,,,,,,,,,,,,,,,,,,,,,,,,,,,,,,,,,,,,,,,,,,,,,,,,,,,,,,,,,,,,,,,,,,,,,,,,,,,,,,,,,,,,,,,,,,,,,,,,,,,,,,
G02_RD14-0003-43d3-15-0.0156IP-Q1.1_003.20sec.fsa,D5S818,R,OL,126.31,6,OL,127.96,5,OL,134.06,10,OL,141.8,8,11,148.88,56,12,152.93,6,14,161.31,9,OL,162.53,8,OL,164.01,4,16,169.25,7,,,,,,,,,,,,,,,,,,,,,,,,,,,,,,,,,,,,,,,,,,,,,,,,,,,,,,,,,,,,,,,,,,,,,,,,,,,,,,,,,,,,,,,,,,,,,,,,,,,,,,,,,,,,,,,,,,,,,,,,,,,,,,,,,,,,,,,,,,,,,,,,,,,,,,,,,,,,,,,,,,,,,,,,,,,,,,,,,,,,,,,,,,,,,,,,,,,,,,,,,,,,,,,,,,,,,,,,,,,,,,,,,,,,,,,,,,,,,,,,,,,,,,,,,,,,,,,,,,,,,,,,,,,,,,
G02_RD14-0003-43d3-15-0.0156IP-Q1.1_003.20sec.fsa,FGA,R,OL,211.78,10,18.2,219.32,7,19,220.58,6,OL,238.74,8,OL,240.86,6,28,257.45,30,31,269.01,5,OL,276.7,7,OL,290.05,5,OL,302.8,8,OL,318.11,7,OL,321.66,8,OL,322.97,6,OL,326.01,4,47.2,335.99,10,50.2,348.31,5,OL,359.13,4,,,,,,,,,,,,,,,,,,,,,,,,,,,,,,,,,,,,,,,,,,,,,,,,,,,,,,,,,,,,,,,,,,,,,,,,,,,,,,,,,,,,,,,,,,,,,,,,,,,,,,,,,,,,,,,,,,,,,,,,,,,,,,,,,,,,,,,,,,,,,,,,,,,,,,,,,,,,,,,,,,,,,,,,,,,,,,,,,,,,,,,,,,,,,,,,,,,,,,,,,,,,,,,,,,,,,,,,,,,,,,,,,,,,,,,,,,,,,,,,,,,,,,,,,
G03_RD14-0003-43d3-30-0.03125IP-Q1.3_003.20sec.fsa,D8S1179,B,OL,123.02,21,OL,128.67,2,10,129.51,7,11,133.68,85,12,137.88,24,13,141.99,227,14,146.07,3,OL,158.06,3,OL,170.19,2,20,170.99,2,OL,175.45,3,,,,,,,,,,,,,,,,,,,,,,,,,,,,,,,,,,,,,,,,,,,,,,,,,,,,,,,,,,,,,,,,,,,,,,,,,,,,,,,,,,,,,,,,,,,,,,,,,,,,,,,,,,,,,,,,,,,,,,,,,,,,,,,,,,,,,,,,,,,,,,,,,,,,,,,,,,,,,,,,,,,,,,,,,,,,,,,,,,,,,,,,,,,,,,,,,,,,,,,,,,,,,,,,,,,,,,,,,,,,,,,,,,,,,,,,,,,,,,,,,,,,,,,,,,,,,,,,,,,,,,,,,,,
G03_RD14-0003-43d3-30-0.03125IP-Q1.3_003.20sec.fsa,D21S11,B,25.2,188.1,3,26,190.61,11,27,194.66,130,OL,199.84,3,29,202.69,52,32,215.15,3,OL,220.24,3,OL,239.59,4,,,,,,,,,,,,,,,,,,,,,,,,,,,,,,,,,,,,,,,,,,,,,,,,,,,,,,,,,,,,,,,,,,,,,,,,,,,,,,,,,,,,,,,,,,,,,,,,,,,,,,,,,,,,,,,,,,,,,,,,,,,,,,,,,,,,,,,,,,,,,,,,,,,,,,,,,,,,,,,,,,,,,,,,,,,,,,,,,,,,,,,,,,,,,,,,,,,,,,,,,,,,,,,,,,,,,,,,,,,,,,,,,,,,,,,,,,,,,,,,,,,,,,,,,,,,,,,,,,,,,,,,,,,,,,,,,,,,
G03_RD14-0003-43d3-30-0.03125IP-Q1.3_003.20sec.fsa,D7S820,B,5.2,251.99,5,OL,259.84,3,8,262.11,80,9,266.1,25,OL,278.85,5,OL,280.24,7,13,281.94,2,OL,285.5,2,,,,,,,,,,,,,,,,,,,,,,,,,,,,,,,,,,,,,,,,,,,,,,,,,,,,,,,,,,,,,,,,,,,,,,,,,,,,,,,,,,,,,,,,,,,,,,,,,,,,,,,,,,,,,,,,,,,,,,,,,,,,,,,,,,,,,,,,,,,,,,,,,,,,,,,,,,,,,,,,,,,,,,,,,,,,,,,,,,,,,,,,,,,,,,,,,,,,,,,,,,,,,,,,,,,,,,,,,,,,,,,,,,,,,,,,,,,,,,,,,,,,,,,,,,,,,,,,,,,,,,,,,,,,,,,,,,,,
G03_RD14-0003-43d3-30-0.03125IP-Q1.3_003.20sec.fsa,CSF1PO,B,OL,300.32,5,OL,307.16,1,12,326.86,38,OL,333.82,3,15,338.44,4,OL,339.67,6,,,,,,,,,,,,,,,,,,,,,,,,,,,,,,,,,,,,,,,,,,,,,,,,,,,,,,,,,,,,,,,,,,,,,,,,,,,,,,,,,,,,,,,,,,,,,,,,,,,,,,,,,,,,,,,,,,,,,,,,,,,,,,,,,,,,,,,,,,,,,,,,,,,,,,,,,,,,,,,,,,,,,,,,,,,,,,,,,,,,,,,,,,,,,,,,,,,,,,,,,,,,,,,,,,,,,,,,,,,,,,,,,,,,,,,,,,,,,,,,,,,,,,,,,,,,,,,,,,,,,,,,,,,,,,,,,,,,,,,,,,
G03_RD14-0003-43d3-30-0.03125IP-Q1.3_003.20sec.fsa,D3S1358,G,OL,102.12,3,OL,107.96,2,OL,115.8,15,14,118.13,7,OL,120,5,15,122.34,157,16,126.14,8,18.2,136.17,9,,,,,,,,,,,,,,,,,,,,,,,,,,,,,,,,,,,,,,,,,,,,,,,,,,,,,,,,,,,,,,,,,,,,,,,,,,,,,,,,,,,,,,,,,,,,,,,,,,,,,,,,,,,,,,,,,,,,,,,,,,,,,,,,,,,,,,,,,,,,,,,,,,,,,,,,,,,,,,,,,,,,,,,,,,,,,,,,,,,,,,,,,,,,,,,,,,,,,,,,,,,,,,,,,,,,,,,,,,,,,,,,,,,,,,,,,,,,,,,,,,,,,,,,,,,,,,,,,,,,,,,,,,,,,,,,,,,,
G03_RD14-0003-43d3-30-0.03125IP-Q1.3_003.20sec.fsa,TH01,G,OL,158.38,4,OL,166.45,3,6.3,171.78,6,9.3,183.89,53,OL,186.4,4,11,188.91,9,OL,195.87,3,OL,198.14,5,,,,,,,,,,,,,,,,,,,,,,,,,,,,,,,,,,,,,,,,,,,,,,,,,,,,,,,,,,,,,,,,,,,,,,,,,,,,,,,,,,,,,,,,,,,,,,,,,,,,,,,,,,,,,,,,,,,,,,,,,,,,,,,,,,,,,,,,,,,,,,,,,,,,,,,,,,,,,,,,,,,,,,,,,,,,,,,,,,,,,,,,,,,,,,,,,,,,,,,,,,,,,,,,,,,,,,,,,,,,,,,,,,,,,,,,,,,,,,,,,,,,,,,,,,,,,,,,,,,,,,,,,,,,,,,,,,,,
G03_RD14-0003-43d3-30-0.03125IP-Q1.3_003.20sec.fsa,D13S317,G,OL,212.56,8,11,227.2,27,12,231.25,356,OL,245.31,4,,,,,,,,,,,,,,,,,,,,,,,,,,,,,,,,,,,,,,,,,,,,,,,,,,,,,,,,,,,,,,,,,,,,,,,,,,,,,,,,,,,,,,,,,,,,,,,,,,,,,,,,,,,,,,,,,,,,,,,,,,,,,,,,,,,,,,,,,,,,,,,,,,,,,,,,,,,,,,,,,,,,,,,,,,,,,,,,,,,,,,,,,,,,,,,,,,,,,,,,,,,,,,,,,,,,,,,,,,,,,,,,,,,,,,,,,,,,,,,,,,,,,,,,,,,,,,,,,,,,,,,,,,,,,,,,,,,,,,,,,,,,,,,,
G03_RD14-0003-43d3-30-0.03125IP-Q1.3_003.20sec.fsa,D16S539,G,OL,253.35,4,OL,258.89,3,OL,260.89,4,OL,262.76,5,9,267.32,35,10,271.23,465,OL,293.4,5,,,,,,,,,,,,,,,,,,,,,,,,,,,,,,,,,,,,,,,,,,,,,,,,,,,,,,,,,,,,,,,,,,,,,,,,,,,,,,,,,,,,,,,,,,,,,,,,,,,,,,,,,,,,,,,,,,,,,,,,,,,,,,,,,,,,,,,,,,,,,,,,,,,,,,,,,,,,,,,,,,,,,,,,,,,,,,,,,,,,,,,,,,,,,,,,,,,,,,,,,,,,,,,,,,,,,,,,,,,,,,,,,,,,,,,,,,,,,,,,,,,,,,,,,,,,,,,,,,,,,,,,,,,,,,,,,,,,,,,
G03_RD14-0003-43d3-30-0.03125IP-Q1.3_003.20sec.fsa,D2S1338,G,14,301.34,5,OL,307.49,6,18,316.82,6,19,321.01,70,OL,328.1,4,22,333.16,53,,,,,,,,,,,,,,,,,,,,,,,,,,,,,,,,,,,,,,,,,,,,,,,,,,,,,,,,,,,,,,,,,,,,,,,,,,,,,,,,,,,,,,,,,,,,,,,,,,,,,,,,,,,,,,,,,,,,,,,,,,,,,,,,,,,,,,,,,,,,,,,,,,,,,,,,,,,,,,,,,,,,,,,,,,,,,,,,,,,,,,,,,,,,,,,,,,,,,,,,,,,,,,,,,,,,,,,,,,,,,,,,,,,,,,,,,,,,,,,,,,,,,,,,,,,,,,,,,,,,,,,,,,,,,,,,,,,,,,,,,,
G03_RD14-0003-43d3-30-0.03125IP-Q1.3_003.20sec.fsa,D19S433,Y,OL,103.52,6,11.2,110.06,6,13,116.25,33,13.2,118.28,58,14,120.23,359,,,,,,,,,,,,,,,,,,,,,,,,,,,,,,,,,,,,,,,,,,,,,,,,,,,,,,,,,,,,,,,,,,,,,,,,,,,,,,,,,,,,,,,,,,,,,,,,,,,,,,,,,,,,,,,,,,,,,,,,,,,,,,,,,,,,,,,,,,,,,,,,,,,,,,,,,,,,,,,,,,,,,,,,,,,,,,,,,,,,,,,,,,,,,,,,,,,,,,,,,,,,,,,,,,,,,,,,,,,,,,,,,,,,,,,,,,,,,,,,,,,,,,,,,,,,,,,,,,,,,,,,,,,,,,,,,,,,,,,,,,,,,
G03_RD14-0003-43d3-30-0.03125IP-Q1.3_003.20sec.fsa,vWA,Y,OL,149.43,5,11,151.85,7,13,160,226,OL,165.17,8,OL,165.73,8,17,176.33,36,OL,193.37,8,OL,197.41,8,24,204.67,4,,,,,,,,,,,,,,,,,,,,,,,,,,,,,,,,,,,,,,,,,,,,,,,,,,,,,,,,,,,,,,,,,,,,,,,,,,,,,,,,,,,,,,,,,,,,,,,,,,,,,,,,,,,,,,,,,,,,,,,,,,,,,,,,,,,,,,,,,,,,,,,,,,,,,,,,,,,,,,,,,,,,,,,,,,,,,,,,,,,,,,,,,,,,,,,,,,,,,,,,,,,,,,,,,,,,,,,,,,,,,,,,,,,,,,,,,,,,,,,,,,,,,,,,,,,,,,,,,,,,,,,,,,,,,,,,,
G03_RD14-0003-43d3-30-0.03125IP-Q1.3_003.20sec.fsa,TPOX,Y,OL,213.04,7,OL,220.16,13,6,220.81,6,8,228.82,95,OL,232.06,9,OL,233.52,7,11,240.91,107,13,248.69,11,OL,249.92,10,,,,,,,,,,,,,,,,,,,,,,,,,,,,,,,,,,,,,,,,,,,,,,,,,,,,,,,,,,,,,,,,,,,,,,,,,,,,,,,,,,,,,,,,,,,,,,,,,,,,,,,,,,,,,,,,,,,,,,,,,,,,,,,,,,,,,,,,,,,,,,,,,,,,,,,,,,,,,,,,,,,,,,,,,,,,,,,,,,,,,,,,,,,,,,,,,,,,,,,,,,,,,,,,,,,,,,,,,,,,,,,,,,,,,,,,,,,,,,,,,,,,,,,,,,,,,,,,,,,,,,,,,,,,,,,,,
G03_RD14-0003-43d3-30-0.03125IP-Q1.3_003.20sec.fsa,D18S51,Y,OL,267.97,4,OL,280,10,13.2,287.11,5,OL,294.05,11,17,301.03,5,17.2,302.93,6,18,305.16,33,19,309.1,24,OL,319.91,12,OL,332.17,3,OL,340,12,OL,343,5,OL,345.16,4,,,,,,,,,,,,,,,,,,,,,,,,,,,,,,,,,,,,,,,,,,,,,,,,,,,,,,,,,,,,,,,,,,,,,,,,,,,,,,,,,,,,,,,,,,,,,,,,,,,,,,,,,,,,,,,,,,,,,,,,,,,,,,,,,,,,,,,,,,,,,,,,,,,,,,,,,,,,,,,,,,,,,,,,,,,,,,,,,,,,,,,,,,,,,,,,,,,,,,,,,,,,,,,,,,,,,,,,,,,,,,,,,,,,,,,,,,,,,,,,,,,,,,,,,,,,,,,,,,,,,
G03_RD14-0003-43d3-30-0.03125IP-Q1.3_003.20sec.fsa,AMEL,R,X,104.93,208,Y,110.83,137,,,,,,,,,,,,,,,,,,,,,,,,,,,,,,,,,,,,,,,,,,,,,,,,,,,,,,,,,,,,,,,,,,,,,,,,,,,,,,,,,,,,,,,,,,,,,,,,,,,,,,,,,,,,,,,,,,,,,,,,,,,,,,,,,,,,,,,,,,,,,,,,,,,,,,,,,,,,,,,,,,,,,,,,,,,,,,,,,,,,,,,,,,,,,,,,,,,,,,,,,,,,,,,,,,,,,,,,,,,,,,,,,,,,,,,,,,,,,,,,,,,,,,,,,,,,,,,,,,,,,,,,,,,,,,,,,,,,,,,,,,,,,,,,,,,,,,
G03_RD14-0003-43d3-30-0.03125IP-Q1.3_003.20sec.fsa,D5S818,R,OL,127.67,6,OL,141.91,9,11,148.87,108,OL,151.12,6,12,152.97,138,14,160.87,10,OL,171.78,8,,,,,,,,,,,,,,,,,,,,,,,,,,,,,,,,,,,,,,,,,,,,,,,,,,,,,,,,,,,,,,,,,,,,,,,,,,,,,,,,,,,,,,,,,,,,,,,,,,,,,,,,,,,,,,,,,,,,,,,,,,,,,,,,,,,,,,,,,,,,,,,,,,,,,,,,,,,,,,,,,,,,,,,,,,,,,,,,,,,,,,,,,,,,,,,,,,,,,,,,,,,,,,,,,,,,,,,,,,,,,,,,,,,,,,,,,,,,,,,,,,,,,,,,,,,,,,,,,,,,,,,,,,,,,,,,,,,,,,,
G03_RD14-0003-43d3-30-0.03125IP-Q1.3_003.20sec.fsa,FGA,R,18.2,218.93,5,21,228.98,23,26.2,251.67,6,27,253.43,15,28,257.55,195,OL,277.87,6,OL,291.15,10,OL,314.51,7,OL,322.01,11,OL,323.27,8,44.2,324.69,5,OL,325.44,7,46.2,331.92,4,47.2,336.3,7,OL,343.16,5,OL,355.33,6,,,,,,,,,,,,,,,,,,,,,,,,,,,,,,,,,,,,,,,,,,,,,,,,,,,,,,,,,,,,,,,,,,,,,,,,,,,,,,,,,,,,,,,,,,,,,,,,,,,,,,,,,,,,,,,,,,,,,,,,,,,,,,,,,,,,,,,,,,,,,,,,,,,,,,,,,,,,,,,,,,,,,,,,,,,,,,,,,,,,,,,,,,,,,,,,,,,,,,,,,,,,,,,,,,,,,,,,,,,,,,,,,,,,,,,,,,,,,,,,,,,,,,,,,,,,
G04_RD14-0003-43d2-45-0.03125IP-Q1.5_003.20sec.fsa,D8S1179,B,OL,122.2,22,OL,122.66,22,10,129.58,10,11,133.7,186,12,138.02,13,OL,139.76,5,OL,140.64,3,13,142.08,132,OL,145.45,4,OL,147.79,5,17,158.38,4,OL,165.11,4,OL,171.99,3,OL,175.99,4,,,,,,,,,,,,,,,,,,,,,,,,,,,,,,,,,,,,,,,,,,,,,,,,,,,,,,,,,,,,,,,,,,,,,,,,,,,,,,,,,,,,,,,,,,,,,,,,,,,,,,,,,,,,,,,,,,,,,,,,,,,,,,,,,,,,,,,,,,,,,,,,,,,,,,,,,,,,,,,,,,,,,,,,,,,,,,,,,,,,,,,,,,,,,,,,,,,,,,,,,,,,,,,,,,,,,,,,,,,,,,,,,,,,,,,,,,,,,,,,,,,,,,,,,,,,,,,,,,
G04_RD14-0003-43d2-45-0.03125IP-Q1.5_003.20sec.fsa,D21S11,B,OL,181.38,3,25,186.83,4,OL,204.14,4,30.2,209.02,5,31,210.78,3,OL,215.72,5,OL,219.75,6,OL,222.43,4,OL,223.81,7,35,227.14,10,OL,234.46,2,37,235.27,3,38,238.69,6,OL,239.84,10,39,242.76,2,,,,,,,,,,,,,,,,,,,,,,,,,,,,,,,,,,,,,,,,,,,,,,,,,,,,,,,,,,,,,,,,,,,,,,,,,,,,,,,,,,,,,,,,,,,,,,,,,,,,,,,,,,,,,,,,,,,,,,,,,,,,,,,,,,,,,,,,,,,,,,,,,,,,,,,,,,,,,,,,,,,,,,,,,,,,,,,,,,,,,,,,,,,,,,,,,,,,,,,,,,,,,,,,,,,,,,,,,,,,,,,,,,,,,,,,,,,,,,,,,,,,,,,,,,,,,,,
G04_RD14-0003-43d2-45-0.03125IP-Q1.5_003.20sec.fsa,D7S820,B,OL,250.72,5,7,258.25,3,OL,259.92,8,OL,260.81,5,8,262.11,53,9,266.1,50,OL,270.83,4,OL,280.49,4,14,285.94,2,OL,290.74,7,OL,291.79,4,,,,,,,,,,,,,,,,,,,,,,,,,,,,,,,,,,,,,,,,,,,,,,,,,,,,,,,,,,,,,,,,,,,,,,,,,,,,,,,,,,,,,,,,,,,,,,,,,,,,,,,,,,,,,,,,,,,,,,,,,,,,,,,,,,,,,,,,,,,,,,,,,,,,,,,,,,,,,,,,,,,,,,,,,,,,,,,,,,,,,,,,,,,,,,,,,,,,,,,,,,,,,,,,,,,,,,,,,,,,,,,,,,,,,,,,,,,,,,,,,,,,,,,,,,,,,,,,,,,,,,,,,,,
G04_RD14-0003-43d2-45-0.03125IP-Q1.5_003.20sec.fsa,CSF1PO,B,OL,302,9,OL,307.26,7,OL,313.75,5,9,314.68,3,OL,316.82,2,10,318.8,35,10.2,321.09,4,12,326.96,31,OL,328.8,3,OL,335.95,6,OL,336.61,3,OL,339.92,9,,,,,,,,,,,,,,,,,,,,,,,,,,,,,,,,,,,,,,,,,,,,,,,,,,,,,,,,,,,,,,,,,,,,,,,,,,,,,,,,,,,,,,,,,,,,,,,,,,,,,,,,,,,,,,,,,,,,,,,,,,,,,,,,,,,,,,,,,,,,,,,,,,,,,,,,,,,,,,,,,,,,,,,,,,,,,,,,,,,,,,,,,,,,,,,,,,,,,,,,,,,,,,,,,,,,,,,,,,,,,,,,,,,,,,,,,,,,,,,,,,,,,,,,,,,,,,,,,,,,,,,,
G04_RD14-0003-43d2-45-0.03125IP-Q1.5_003.20sec.fsa,D3S1358,G,OL,107.5,9,OL,109.67,4,OL,115.35,19,14,118.35,14,OL,120.3,5,15,122.36,231,18,134.25,8,OL,135.66,7,19,138.89,4,OL,140.32,5,,,,,,,,,,,,,,,,,,,,,,,,,,,,,,,,,,,,,,,,,,,,,,,,,,,,,,,,,,,,,,,,,,,,,,,,,,,,,,,,,,,,,,,,,,,,,,,,,,,,,,,,,,,,,,,,,,,,,,,,,,,,,,,,,,,,,,,,,,,,,,,,,,,,,,,,,,,,,,,,,,,,,,,,,,,,,,,,,,,,,,,,,,,,,,,,,,,,,,,,,,,,,,,,,,,,,,,,,,,,,,,,,,,,,,,,,,,,,,,,,,,,,,,,,,,,,,,,,,,,,,,,,,,,,,
G04_RD14-0003-43d2-45-0.03125IP-Q1.5_003.20sec.fsa,TH01,G,OL,157.08,6,OL,163.99,5,8,176.79,114,9.3,183.99,196,OL,192.36,9,,,,,,,,,,,,,,,,,,,,,,,,,,,,,,,,,,,,,,,,,,,,,,,,,,,,,,,,,,,,,,,,,,,,,,,,,,,,,,,,,,,,,,,,,,,,,,,,,,,,,,,,,,,,,,,,,,,,,,,,,,,,,,,,,,,,,,,,,,,,,,,,,,,,,,,,,,,,,,,,,,,,,,,,,,,,,,,,,,,,,,,,,,,,,,,,,,,,,,,,,,,,,,,,,,,,,,,,,,,,,,,,,,,,,,,,,,,,,,,,,,,,,,,,,,,,,,,,,,,,,,,,,,,,,,,,,,,,,,,,,,,,,
G04_RD14-0003-43d2-45-0.03125IP-Q1.5_003.20sec.fsa,D13S317,G,OL,213.52,7,OL,218.68,4,9,219.42,3,OL,221.86,8,OL,229.98,9,12,231.28,88,13,235.19,6,OL,236.25,5,OL,237.8,10,OL,238.45,6,OL,242.85,8,OL,244.51,5,,,,,,,,,,,,,,,,,,,,,,,,,,,,,,,,,,,,,,,,,,,,,,,,,,,,,,,,,,,,,,,,,,,,,,,,,,,,,,,,,,,,,,,,,,,,,,,,,,,,,,,,,,,,,,,,,,,,,,,,,,,,,,,,,,,,,,,,,,,,,,,,,,,,,,,,,,,,,,,,,,,,,,,,,,,,,,,,,,,,,,,,,,,,,,,,,,,,,,,,,,,,,,,,,,,,,,,,,,,,,,,,,,,,,,,,,,,,,,,,,,,,,,,,,,,,,,,,,,,,,,,,
G04_RD14-0003-43d2-45-0.03125IP-Q1.5_003.20sec.fsa,D16S539,G,OL,250.16,17,OL,252.41,5,OL,269.11,5,10,271.24,163,OL,284.31,4,OL,288.95,14,15,290.9,6,OL,293.42,3,,,,,,,,,,,,,,,,,,,,,,,,,,,,,,,,,,,,,,,,,,,,,,,,,,,,,,,,,,,,,,,,,,,,,,,,,,,,,,,,,,,,,,,,,,,,,,,,,,,,,,,,,,,,,,,,,,,,,,,,,,,,,,,,,,,,,,,,,,,,,,,,,,,,,,,,,,,,,,,,,,,,,,,,,,,,,,,,,,,,,,,,,,,,,,,,,,,,,,,,,,,,,,,,,,,,,,,,,,,,,,,,,,,,,,,,,,,,,,,,,,,,,,,,,,,,,,,,,,,,,,,,,,,,,,,,,,,,
G04_RD14-0003-43d2-45-0.03125IP-Q1.5_003.20sec.fsa,D2S1338,G,14,300.64,6,OL,303.29,3,15,305.07,12,19,321.09,83,20,325.2,13,OL,328.38,6,OL,335.78,10,OL,339.01,5,OL,343.18,5,OL,352.46,9,OL,361,16,OL,364.09,5,OL,365.01,7,OL,365.67,9,,,,,,,,,,,,,,,,,,,,,,,,,,,,,,,,,,,,,,,,,,,,,,,,,,,,,,,,,,,,,,,,,,,,,,,,,,,,,,,,,,,,,,,,,,,,,,,,,,,,,,,,,,,,,,,,,,,,,,,,,,,,,,,,,,,,,,,,,,,,,,,,,,,,,,,,,,,,,,,,,,,,,,,,,,,,,,,,,,,,,,,,,,,,,,,,,,,,,,,,,,,,,,,,,,,,,,,,,,,,,,,,,,,,,,,,,,,,,,,,,,,,,,,,,,,,,,,,,,
G04_RD14-0003-43d2-45-0.03125IP-Q1.5_003.20sec.fsa,D19S433,Y,9,99.85,12,OL,102.9,7,12.2,114.23,36,13.2,118.28,449,14,120.15,75,OL,129.5,7,OL,140.08,9,,,,,,,,,,,,,,,,,,,,,,,,,,,,,,,,,,,,,,,,,,,,,,,,,,,,,,,,,,,,,,,,,,,,,,,,,,,,,,,,,,,,,,,,,,,,,,,,,,,,,,,,,,,,,,,,,,,,,,,,,,,,,,,,,,,,,,,,,,,,,,,,,,,,,,,,,,,,,,,,,,,,,,,,,,,,,,,,,,,,,,,,,,,,,,,,,,,,,,,,,,,,,,,,,,,,,,,,,,,,,,,,,,,,,,,,,,,,,,,,,,,,,,,,,,,,,,,,,,,,,,,,,,,,,,,,,,,,,,,
G04_RD14-0003-43d2-45-0.03125IP-Q1.5_003.20sec.fsa,vWA,Y,OL,152.38,10,OL,157.4,7,16,172.39,20,17,176.31,223,18.2,182.44,10,OL,192.12,7,OL,200,14,,,,,,,,,,,,,,,,,,,,,,,,,,,,,,,,,,,,,,,,,,,,,,,,,,,,,,,,,,,,,,,,,,,,,,,,,,,,,,,,,,,,,,,,,,,,,,,,,,,,,,,,,,,,,,,,,,,,,,,,,,,,,,,,,,,,,,,,,,,,,,,,,,,,,,,,,,,,,,,,,,,,,,,,,,,,,,,,,,,,,,,,,,,,,,,,,,,,,,,,,,,,,,,,,,,,,,,,,,,,,,,,,,,,,,,,,,,,,,,,,,,,,,,,,,,,,,,,,,,,,,,,,,,,,,,,,,,,,,,
G04_RD14-0003-43d2-45-0.03125IP-Q1.5_003.20sec.fsa,TPOX,Y,OL,213.84,13,OL,219.84,13,OL,227.46,8,8,228.76,69,OL,235.84,13,11,240.92,52,OL,249.75,8,,,,,,,,,,,,,,,,,,,,,,,,,,,,,,,,,,,,,,,,,,,,,,,,,,,,,,,,,,,,,,,,,,,,,,,,,,,,,,,,,,,,,,,,,,,,,,,,,,,,,,,,,,,,,,,,,,,,,,,,,,,,,,,,,,,,,,,,,,,,,,,,,,,,,,,,,,,,,,,,,,,,,,,,,,,,,,,,,,,,,,,,,,,,,,,,,,,,,,,,,,,,,,,,,,,,,,,,,,,,,,,,,,,,,,,,,,,,,,,,,,,,,,,,,,,,,,,,,,,,,,,,,,,,,,,,,,,,,,,
G04_RD14-0003-43d2-45-0.03125IP-Q1.5_003.20sec.fsa,D18S51,Y,OL,263.9,4,11,276.8,7,13,285.12,10,OL,295.77,5,OL,298.54,8,17.2,302.89,11,18,305.23,54,19,309.14,31,21.2,319.83,13,OL,322.52,5,23.2,328.05,6,OL,336.53,5,OL,340,13,OL,344.35,4,,,,,,,,,,,,,,,,,,,,,,,,,,,,,,,,,,,,,,,,,,,,,,,,,,,,,,,,,,,,,,,,,,,,,,,,,,,,,,,,,,,,,,,,,,,,,,,,,,,,,,,,,,,,,,,,,,,,,,,,,,,,,,,,,,,,,,,,,,,,,,,,,,,,,,,,,,,,,,,,,,,,,,,,,,,,,,,,,,,,,,,,,,,,,,,,,,,,,,,,,,,,,,,,,,,,,,,,,,,,,,,,,,,,,,,,,,,,,,,,,,,,,,,,,,,,,,,,,,
G04_RD14-0003-43d2-45-0.03125IP-Q1.5_003.20sec.fsa,AMEL,R,X,104.93,65,OL,106.33,9,OL,109.52,8,Y,110.91,144,,,,,,,,,,,,,,,,,,,,,,,,,,,,,,,,,,,,,,,,,,,,,,,,,,,,,,,,,,,,,,,,,,,,,,,,,,,,,,,,,,,,,,,,,,,,,,,,,,,,,,,,,,,,,,,,,,,,,,,,,,,,,,,,,,,,,,,,,,,,,,,,,,,,,,,,,,,,,,,,,,,,,,,,,,,,,,,,,,,,,,,,,,,,,,,,,,,,,,,,,,,,,,,,,,,,,,,,,,,,,,,,,,,,,,,,,,,,,,,,,,,,,,,,,,,,,,,,,,,,,,,,,,,,,,,,,,,,,,,,,,,,,,,,
G04_RD14-0003-43d2-45-0.03125IP-Q1.5_003.20sec.fsa,D5S818,R,OL,137.15,4,11,148.91,75,12,153.03,245,OL,157.89,7,OL,158.86,8,14,160.8,8,OL,166.63,9,OL,176.95,8,,,,,,,,,,,,,,,,,,,,,,,,,,,,,,,,,,,,,,,,,,,,,,,,,,,,,,,,,,,,,,,,,,,,,,,,,,,,,,,,,,,,,,,,,,,,,,,,,,,,,,,,,,,,,,,,,,,,,,,,,,,,,,,,,,,,,,,,,,,,,,,,,,,,,,,,,,,,,,,,,,,,,,,,,,,,,,,,,,,,,,,,,,,,,,,,,,,,,,,,,,,,,,,,,,,,,,,,,,,,,,,,,,,,,,,,,,,,,,,,,,,,,,,,,,,,,,,,,,,,,,,,,,,,,,,,,,,,
G04_RD14-0003-43d2-45-0.03125IP-Q1.5_003.20sec.fsa,FGA,R,OL,207.9,7,OL,209.82,4,OL,211.43,9,19,220.57,7,19.2,222.75,7,OL,226.24,3,21,229.09,58,OL,234.13,7,OL,236.17,7,OL,237.88,10,27,253.94,6,28,257.53,42,OL,274.34,6,OL,277.05,4,33.2,279.26,12,OL,280.81,7,OL,284.8,3,OL,302.57,8,OL,303.21,8,OL,313.42,6,OL,329.22,8,OL,351.71,4,,,,,,,,,,,,,,,,,,,,,,,,,,,,,,,,,,,,,,,,,,,,,,,,,,,,,,,,,,,,,,,,,,,,,,,,,,,,,,,,,,,,,,,,,,,,,,,,,,,,,,,,,,,,,,,,,,,,,,,,,,,,,,,,,,,,,,,,,,,,,,,,,,,,,,,,,,,,,,,,,,,,,,,,,,,,,,,,,,,,,,,,,,,,,,,,,,,,,,,,,,,,,,,,,,,,,,,,,,,,,,,,,,,,,,,,,,
G05_RD14-0003-44d3a-0.25IP-Q0.9_003.20sec.fsa,D8S1179,B,OL,113.92,6,OL,119.18,2,OL,122.35,30,OL,130.57,4,11,134.16,5,OL,139.84,5,13,142.01,66,14,146.21,1169,15,150.35,1176,16,154.59,15,OL,167.75,4,20,170.5,3,,,,,,,,,,,,,,,,,,,,,,,,,,,,,,,,,,,,,,,,,,,,,,,,,,,,,,,,,,,,,,,,,,,,,,,,,,,,,,,,,,,,,,,,,,,,,,,,,,,,,,,,,,,,,,,,,,,,,,,,,,,,,,,,,,,,,,,,,,,,,,,,,,,,,,,,,,,,,,,,,,,,,,,,,,,,,,,,,,,,,,,,,,,,,,,,,,,,,,,,,,,,,,,,,,,,,,,,,,,,,,,,,,,,,,,,,,,,,,,,,,,,,,,,,,,,,,,,,,,,,,,,
G05_RD14-0003-44d3a-0.25IP-Q0.9_003.20sec.fsa,D21S11,B,24.2,183.98,7,25.2,188.54,3,26,190.45,6,27,194.6,60,27.2,196.67,6,28,198.67,943,29.2,204.97,4,30,206.77,7,31,210.79,64,31.2,212.6,12,32,214.76,816,32.2,216.28,6,OL,239.92,6,,,,,,,,,,,,,,,,,,,,,,,,,,,,,,,,,,,,,,,,,,,,,,,,,,,,,,,,,,,,,,,,,,,,,,,,,,,,,,,,,,,,,,,,,,,,,,,,,,,,,,,,,,,,,,,,,,,,,,,,,,,,,,,,,,,,,,,,,,,,,,,,,,,,,,,,,,,,,,,,,,,,,,,,,,,,,,,,,,,,,,,,,,,,,,,,,,,,,,,,,,,,,,,,,,,,,,,,,,,,,,,,,,,,,,,,,,,,,,,,,,,,,,,,,,,,,,,,,,,,,
G05_RD14-0003-44d3a-0.25IP-Q0.9_003.20sec.fsa,D7S820,B,5,249.74,9,OL,253.51,8,6,254.26,7,OL,255.18,6,7,258.17,32,8,262.12,1338,9,266.03,24,10,270.12,869,OL,275.18,21,OL,277.07,3,12,278.19,4,15,289.69,2,,,,,,,,,,,,,,,,,,,,,,,,,,,,,,,,,,,,,,,,,,,,,,,,,,,,,,,,,,,,,,,,,,,,,,,,,,,,,,,,,,,,,,,,,,,,,,,,,,,,,,,,,,,,,,,,,,,,,,,,,,,,,,,,,,,,,,,,,,,,,,,,,,,,,,,,,,,,,,,,,,,,,,,,,,,,,,,,,,,,,,,,,,,,,,,,,,,,,,,,,,,,,,,,,,,,,,,,,,,,,,,,,,,,,,,,,,,,,,,,,,,,,,,,,,,,,,,,,,,,,,,,
G05_RD14-0003-44d3a-0.25IP-Q0.9_003.20sec.fsa,CSF1PO,B,OL,299.74,8,OL,301.01,2,OL,304.39,5,OL,305.58,4,OL,308.76,18,OL,312.24,4,10,318.7,48,11,322.87,1052,12,326.9,543,OL,335.86,3,15,338.42,4,OL,340,6,OL,340.99,5,OL,344.31,3,,,,,,,,,,,,,,,,,,,,,,,,,,,,,,,,,,,,,,,,,,,,,,,,,,,,,,,,,,,,,,,,,,,,,,,,,,,,,,,,,,,,,,,,,,,,,,,,,,,,,,,,,,,,,,,,,,,,,,,,,,,,,,,,,,,,,,,,,,,,,,,,,,,,,,,,,,,,,,,,,,,,,,,,,,,,,,,,,,,,,,,,,,,,,,,,,,,,,,,,,,,,,,,,,,,,,,,,,,,,,,,,,,,,,,,,,,,,,,,,,,,,,,,,,,,,,,,,,,
G05_RD14-0003-44d3a-0.25IP-Q0.9_003.20sec.fsa,D3S1358,G,13,114.53,15,OL,115.65,17,14,118.43,167,15,122.35,1916,16,126.48,1182,18,134.71,10,20,142.42,7,,,,,,,,,,,,,,,,,,,,,,,,,,,,,,,,,,,,,,,,,,,,,,,,,,,,,,,,,,,,,,,,,,,,,,,,,,,,,,,,,,,,,,,,,,,,,,,,,,,,,,,,,,,,,,,,,,,,,,,,,,,,,,,,,,,,,,,,,,,,,,,,,,,,,,,,,,,,,,,,,,,,,,,,,,,,,,,,,,,,,,,,,,,,,,,,,,,,,,,,,,,,,,,,,,,,,,,,,,,,,,,,,,,,,,,,,,,,,,,,,,,,,,,,,,,,,,,,,,,,,,,,,,,,,,,,,,,,,,,
G05_RD14-0003-44d3a-0.25IP-Q0.9_003.20sec.fsa,TH01,G,4,160.89,7,5,164.52,23,6,168.64,1638,8,176.99,5,8.3,179.76,24,9.3,183.89,1235,OL,199.67,8,,,,,,,,,,,,,,,,,,,,,,,,,,,,,,,,,,,,,,,,,,,,,,,,,,,,,,,,,,,,,,,,,,,,,,,,,,,,,,,,,,,,,,,,,,,,,,,,,,,,,,,,,,,,,,,,,,,,,,,,,,,,,,,,,,,,,,,,,,,,,,,,,,,,,,,,,,,,,,,,,,,,,,,,,,,,,,,,,,,,,,,,,,,,,,,,,,,,,,,,,,,,,,,,,,,,,,,,,,,,,,,,,,,,,,,,,,,,,,,,,,,,,,,,,,,,,,,,,,,,,,,,,,,,,,,,,,,,,,,
G05_RD14-0003-44d3a-0.25IP-Q0.9_003.20sec.fsa,D13S317,G,OL,205.87,6,7,211.03,48,8,215.09,2790,OL,232.24,7,OL,234.6,8,,,,,,,,,,,,,,,,,,,,,,,,,,,,,,,,,,,,,,,,,,,,,,,,,,,,,,,,,,,,,,,,,,,,,,,,,,,,,,,,,,,,,,,,,,,,,,,,,,,,,,,,,,,,,,,,,,,,,,,,,,,,,,,,,,,,,,,,,,,,,,,,,,,,,,,,,,,,,,,,,,,,,,,,,,,,,,,,,,,,,,,,,,,,,,,,,,,,,,,,,,,,,,,,,,,,,,,,,,,,,,,,,,,,,,,,,,,,,,,,,,,,,,,,,,,,,,,,,,,,,,,,,,,,,,,,,,,,,,,,,,,,,
G05_RD14-0003-44d3a-0.25IP-Q0.9_003.20sec.fsa,D16S539,G,5,251.25,15,OL,252.17,10,OL,257.01,5,9,267.22,53,10,271.24,1443,11,275.18,1522,12.2,281.03,4,OL,288.75,14,,,,,,,,,,,,,,,,,,,,,,,,,,,,,,,,,,,,,,,,,,,,,,,,,,,,,,,,,,,,,,,,,,,,,,,,,,,,,,,,,,,,,,,,,,,,,,,,,,,,,,,,,,,,,,,,,,,,,,,,,,,,,,,,,,,,,,,,,,,,,,,,,,,,,,,,,,,,,,,,,,,,,,,,,,,,,,,,,,,,,,,,,,,,,,,,,,,,,,,,,,,,,,,,,,,,,,,,,,,,,,,,,,,,,,,,,,,,,,,,,,,,,,,,,,,,,,,,,,,,,,,,,,,,,,,,,,,,
G05_RD14-0003-44d3a-0.25IP-Q0.9_003.20sec.fsa,D2S1338,G,15,304.81,49,16,308.76,1025,18,316.94,78,19,321.08,1108,OL,338.59,4,OL,354.58,6,,,,,,,,,,,,,,,,,,,,,,,,,,,,,,,,,,,,,,,,,,,,,,,,,,,,,,,,,,,,,,,,,,,,,,,,,,,,,,,,,,,,,,,,,,,,,,,,,,,,,,,,,,,,,,,,,,,,,,,,,,,,,,,,,,,,,,,,,,,,,,,,,,,,,,,,,,,,,,,,,,,,,,,,,,,,,,,,,,,,,,,,,,,,,,,,,,,,,,,,,,,,,,,,,,,,,,,,,,,,,,,,,,,,,,,,,,,,,,,,,,,,,,,,,,,,,,,,,,,,,,,,,,,,,,,,,,,,,,,,,,
G05_RD14-0003-44d3a-0.25IP-Q0.9_003.20sec.fsa,D19S433,Y,9.2,101.72,4,12,112.22,80,12.2,113.92,14,OL,114.9,8,13,116.25,1144,OL,117.3,25,14,120.15,138,15,124.1,1249,OL,133.3,7,,,,,,,,,,,,,,,,,,,,,,,,,,,,,,,,,,,,,,,,,,,,,,,,,,,,,,,,,,,,,,,,,,,,,,,,,,,,,,,,,,,,,,,,,,,,,,,,,,,,,,,,,,,,,,,,,,,,,,,,,,,,,,,,,,,,,,,,,,,,,,,,,,,,,,,,,,,,,,,,,,,,,,,,,,,,,,,,,,,,,,,,,,,,,,,,,,,,,,,,,,,,,,,,,,,,,,,,,,,,,,,,,,,,,,,,,,,,,,,,,,,,,,,,,,,,,,,,,,,,,,,,,,,,,,,,,
G05_RD14-0003-44d3a-0.25IP-Q0.9_003.20sec.fsa,vWA,Y,OL,146.3,11,11,152.06,6,OL,153.78,7,12,155.82,7,OL,162.34,8,OL,165.32,10,15,168.31,11,15.2,170.01,12,OL,170.82,10,18,180,27,19,184.47,267,20,188.54,2252,,,,,,,,,,,,,,,,,,,,,,,,,,,,,,,,,,,,,,,,,,,,,,,,,,,,,,,,,,,,,,,,,,,,,,,,,,,,,,,,,,,,,,,,,,,,,,,,,,,,,,,,,,,,,,,,,,,,,,,,,,,,,,,,,,,,,,,,,,,,,,,,,,,,,,,,,,,,,,,,,,,,,,,,,,,,,,,,,,,,,,,,,,,,,,,,,,,,,,,,,,,,,,,,,,,,,,,,,,,,,,,,,,,,,,,,,,,,,,,,,,,,,,,,,,,,,,,,,,,,,,,,
G05_RD14-0003-44d3a-0.25IP-Q0.9_003.20sec.fsa,TPOX,Y,OL,219.92,13,8,229.13,10,10,236.79,78,11,240.78,2018,OL,251.92,4,,,,,,,,,,,,,,,,,,,,,,,,,,,,,,,,,,,,,,,,,,,,,,,,,,,,,,,,,,,,,,,,,,,,,,,,,,,,,,,,,,,,,,,,,,,,,,,,,,,,,,,,,,,,,,,,,,,,,,,,,,,,,,,,,,,,,,,,,,,,,,,,,,,,,,,,,,,,,,,,,,,,,,,,,,,,,,,,,,,,,,,,,,,,,,,,,,,,,,,,,,,,,,,,,,,,,,,,,,,,,,,,,,,,,,,,,,,,,,,,,,,,,,,,,,,,,,,,,,,,,,,,,,,,,,,,,,,,,,,,,,,,,
G05_RD14-0003-44d3a-0.25IP-Q0.9_003.20sec.fsa,D18S51,Y,OL,265.86,16,OL,268.24,14,10,272.95,20,OL,273.89,15,11,277.07,54,11.2,278.71,8,12,281.11,1126,13,285.06,66,14,289.09,1000,OL,292.44,8,20,312.77,9,21.2,319.81,12,22,321.98,8,OL,334.44,10,,,,,,,,,,,,,,,,,,,,,,,,,,,,,,,,,,,,,,,,,,,,,,,,,,,,,,,,,,,,,,,,,,,,,,,,,,,,,,,,,,,,,,,,,,,,,,,,,,,,,,,,,,,,,,,,,,,,,,,,,,,,,,,,,,,,,,,,,,,,,,,,,,,,,,,,,,,,,,,,,,,,,,,,,,,,,,,,,,,,,,,,,,,,,,,,,,,,,,,,,,,,,,,,,,,,,,,,,,,,,,,,,,,,,,,,,,,,,,,,,,,,,,,,,,,,,,,,,,
G05_RD14-0003-44d3a-0.25IP-Q0.9_003.20sec.fsa,AMEL,R,X,104.92,696,OL,109.74,18,Y,110.91,987,,,,,,,,,,,,,,,,,,,,,,,,,,,,,,,,,,,,,,,,,,,,,,,,,,,,,,,,,,,,,,,,,,,,,,,,,,,,,,,,,,,,,,,,,,,,,,,,,,,,,,,,,,,,,,,,,,,,,,,,,,,,,,,,,,,,,,,,,,,,,,,,,,,,,,,,,,,,,,,,,,,,,,,,,,,,,,,,,,,,,,,,,,,,,,,,,,,,,,,,,,,,,,,,,,,,,,,,,,,,,,,,,,,,,,,,,,,,,,,,,,,,,,,,,,,,,,,,,,,,,,,,,,,,,,,,,,,,,,,,,,,,,,,,,,,
G05_RD14-0003-44d3a-0.25IP-Q0.9_003.20sec.fsa,D5S818,R,6,129.02,6,OL,143.06,8,10,144.84,74,11,148.97,1292,12,153.04,1011,OL,158.77,6,OL,168.8,16,,,,,,,,,,,,,,,,,,,,,,,,,,,,,,,,,,,,,,,,,,,,,,,,,,,,,,,,,,,,,,,,,,,,,,,,,,,,,,,,,,,,,,,,,,,,,,,,,,,,,,,,,,,,,,,,,,,,,,,,,,,,,,,,,,,,,,,,,,,,,,,,,,,,,,,,,,,,,,,,,,,,,,,,,,,,,,,,,,,,,,,,,,,,,,,,,,,,,,,,,,,,,,,,,,,,,,,,,,,,,,,,,,,,,,,,,,,,,,,,,,,,,,,,,,,,,,,,,,,,,,,,,,,,,,,,,,,,,,,
G05_RD14-0003-44d3a-0.25IP-Q0.9_003.20sec.fsa,FGA,R,17.2,215.18,30,21.2,230.81,9,22,233.16,51,23,237.3,728,24,241.38,829,OL,244.32,5,28.2,259.34,14,OL,260.68,13,OL,262.71,10,OL,266.2,6,OL,275.09,22,OL,281.03,27,OL,286.09,11,OL,293.81,8,OL,294.59,8,OL,299.57,10,OL,308.76,21,OL,315.29,7,46.2,332.59,7,OL,334.09,6,OL,350.34,7,51.2,352.42,9,OL,357.92,6,OL,358.64,9,,,,,,,,,,,,,,,,,,,,,,,,,,,,,,,,,,,,,,,,,,,,,,,,,,,,,,,,,,,,,,,,,,,,,,,,,,,,,,,,,,,,,,,,,,,,,,,,,,,,,,,,,,,,,,,,,,,,,,,,,,,,,,,,,,,,,,,,,,,,,,,,,,,,,,,,,,,,,,,,,,,,,,,,,,,,,,,,,,,,,,,,,,,,,,,,,,,,,,,,,,,,,,,,,,,,,,,,,,,,,,,,,,,,
G06_RD14-0003-44d3-15-0.125IP-Q1.1_003.20sec.fsa,D8S1179,B,OL,114.16,3,OL,123.74,25,OL,135.55,7,OL,139.83,7,13,142.02,24,14,146.16,383,OL,148.2,4,15,150.33,587,OL,152.63,3,OL,163.88,5,OL,171.75,5,OL,177.53,4,,,,,,,,,,,,,,,,,,,,,,,,,,,,,,,,,,,,,,,,,,,,,,,,,,,,,,,,,,,,,,,,,,,,,,,,,,,,,,,,,,,,,,,,,,,,,,,,,,,,,,,,,,,,,,,,,,,,,,,,,,,,,,,,,,,,,,,,,,,,,,,,,,,,,,,,,,,,,,,,,,,,,,,,,,,,,,,,,,,,,,,,,,,,,,,,,,,,,,,,,,,,,,,,,,,,,,,,,,,,,,,,,,,,,,,,,,,,,,,,,,,,,,,,,,,,,,,,,,,,,,,,
G06_RD14-0003-44d3-15-0.125IP-Q1.1_003.20sec.fsa,D21S11,B,25,186.08,5,OL,187.39,6,27,194.52,13,28,198.78,287,OL,205.59,3,30,206.61,3,31,210.64,10,32,214.71,151,32.2,216.32,2,OL,226.2,3,OL,240.18,5,,,,,,,,,,,,,,,,,,,,,,,,,,,,,,,,,,,,,,,,,,,,,,,,,,,,,,,,,,,,,,,,,,,,,,,,,,,,,,,,,,,,,,,,,,,,,,,,,,,,,,,,,,,,,,,,,,,,,,,,,,,,,,,,,,,,,,,,,,,,,,,,,,,,,,,,,,,,,,,,,,,,,,,,,,,,,,,,,,,,,,,,,,,,,,,,,,,,,,,,,,,,,,,,,,,,,,,,,,,,,,,,,,,,,,,,,,,,,,,,,,,,,,,,,,,,,,,,,,,,,,,,,,,
G06_RD14-0003-44d3-15-0.125IP-Q1.1_003.20sec.fsa,D7S820,B,8,262.12,332,9,265.93,8,10,270.1,101,OL,271.25,16,OL,275.17,14,OL,281.6,4,OL,287.02,12,OL,289.6,4,,,,,,,,,,,,,,,,,,,,,,,,,,,,,,,,,,,,,,,,,,,,,,,,,,,,,,,,,,,,,,,,,,,,,,,,,,,,,,,,,,,,,,,,,,,,,,,,,,,,,,,,,,,,,,,,,,,,,,,,,,,,,,,,,,,,,,,,,,,,,,,,,,,,,,,,,,,,,,,,,,,,,,,,,,,,,,,,,,,,,,,,,,,,,,,,,,,,,,,,,,,,,,,,,,,,,,,,,,,,,,,,,,,,,,,,,,,,,,,,,,,,,,,,,,,,,,,,,,,,,,,,,,,,,,,,,,,,
G06_RD14-0003-44d3-15-0.125IP-Q1.1_003.20sec.fsa,CSF1PO,B,OL,308.66,9,OL,309.38,11,OL,314.09,4,10,318.85,15,11,322.87,293,12,326.94,349,OL,335.55,2,15,338.91,2,OL,339.73,4,OL,344.72,4,,,,,,,,,,,,,,,,,,,,,,,,,,,,,,,,,,,,,,,,,,,,,,,,,,,,,,,,,,,,,,,,,,,,,,,,,,,,,,,,,,,,,,,,,,,,,,,,,,,,,,,,,,,,,,,,,,,,,,,,,,,,,,,,,,,,,,,,,,,,,,,,,,,,,,,,,,,,,,,,,,,,,,,,,,,,,,,,,,,,,,,,,,,,,,,,,,,,,,,,,,,,,,,,,,,,,,,,,,,,,,,,,,,,,,,,,,,,,,,,,,,,,,,,,,,,,,,,,,,,,,,,,,,,,,
G06_RD14-0003-44d3-15-0.125IP-Q1.1_003.20sec.fsa,D3S1358,G,OL,103.57,6,OL,105.68,4,OL,108.51,9,OL,116.21,16,14,118.34,43,15,122.38,721,16,126.46,684,OL,129.12,4,17,130.5,13,OL,133.59,8,18.2,136.45,6,,,,,,,,,,,,,,,,,,,,,,,,,,,,,,,,,,,,,,,,,,,,,,,,,,,,,,,,,,,,,,,,,,,,,,,,,,,,,,,,,,,,,,,,,,,,,,,,,,,,,,,,,,,,,,,,,,,,,,,,,,,,,,,,,,,,,,,,,,,,,,,,,,,,,,,,,,,,,,,,,,,,,,,,,,,,,,,,,,,,,,,,,,,,,,,,,,,,,,,,,,,,,,,,,,,,,,,,,,,,,,,,,,,,,,,,,,,,,,,,,,,,,,,,,,,,,,,,,,,,,,,,,,,
G06_RD14-0003-44d3-15-0.125IP-Q1.1_003.20sec.fsa,TH01,G,5,164.56,23,6,168.62,1458,7,172.6,10,OL,175.06,6,8,177.02,8,9.3,183.91,1049,OL,193.56,11,OL,195.47,6,,,,,,,,,,,,,,,,,,,,,,,,,,,,,,,,,,,,,,,,,,,,,,,,,,,,,,,,,,,,,,,,,,,,,,,,,,,,,,,,,,,,,,,,,,,,,,,,,,,,,,,,,,,,,,,,,,,,,,,,,,,,,,,,,,,,,,,,,,,,,,,,,,,,,,,,,,,,,,,,,,,,,,,,,,,,,,,,,,,,,,,,,,,,,,,,,,,,,,,,,,,,,,,,,,,,,,,,,,,,,,,,,,,,,,,,,,,,,,,,,,,,,,,,,,,,,,,,,,,,,,,,,,,,,,,,,,,,
G06_RD14-0003-44d3-15-0.125IP-Q1.1_003.20sec.fsa,D13S317,G,OL,209.95,6,7,211.07,16,8,215.07,689,,,,,,,,,,,,,,,,,,,,,,,,,,,,,,,,,,,,,,,,,,,,,,,,,,,,,,,,,,,,,,,,,,,,,,,,,,,,,,,,,,,,,,,,,,,,,,,,,,,,,,,,,,,,,,,,,,,,,,,,,,,,,,,,,,,,,,,,,,,,,,,,,,,,,,,,,,,,,,,,,,,,,,,,,,,,,,,,,,,,,,,,,,,,,,,,,,,,,,,,,,,,,,,,,,,,,,,,,,,,,,,,,,,,,,,,,,,,,,,,,,,,,,,,,,,,,,,,,,,,,,,,,,,,,,,,,,,,,,,,,,,,,,,,,,,
G06_RD14-0003-44d3-15-0.125IP-Q1.1_003.20sec.fsa,D16S539,G,5,251.57,12,OL,252.27,12,OL,256.71,8,9,267.43,21,10,271.25,604,11,275.26,391,OL,278.39,4,15,290.84,4,,,,,,,,,,,,,,,,,,,,,,,,,,,,,,,,,,,,,,,,,,,,,,,,,,,,,,,,,,,,,,,,,,,,,,,,,,,,,,,,,,,,,,,,,,,,,,,,,,,,,,,,,,,,,,,,,,,,,,,,,,,,,,,,,,,,,,,,,,,,,,,,,,,,,,,,,,,,,,,,,,,,,,,,,,,,,,,,,,,,,,,,,,,,,,,,,,,,,,,,,,,,,,,,,,,,,,,,,,,,,,,,,,,,,,,,,,,,,,,,,,,,,,,,,,,,,,,,,,,,,,,,,,,,,,,,,,,,
G06_RD14-0003-44d3-15-0.125IP-Q1.1_003.20sec.fsa,D2S1338,G,15,304.74,18,16,308.84,484,OL,310.73,18,18,316.94,21,19,321.11,220,OL,338.28,7,25,344.9,6,OL,362.85,5,,,,,,,,,,,,,,,,,,,,,,,,,,,,,,,,,,,,,,,,,,,,,,,,,,,,,,,,,,,,,,,,,,,,,,,,,,,,,,,,,,,,,,,,,,,,,,,,,,,,,,,,,,,,,,,,,,,,,,,,,,,,,,,,,,,,,,,,,,,,,,,,,,,,,,,,,,,,,,,,,,,,,,,,,,,,,,,,,,,,,,,,,,,,,,,,,,,,,,,,,,,,,,,,,,,,,,,,,,,,,,,,,,,,,,,,,,,,,,,,,,,,,,,,,,,,,,,,,,,,,,,,,,,,,,,,,,,,
G06_RD14-0003-44d3-15-0.125IP-Q1.1_003.20sec.fsa,D19S433,Y,OL,103.33,11,10,104.22,11,OL,105.36,10,OL,106.57,11,12,112.31,36,13,116.29,598,14,120.16,59,OL,122.78,6,15,124.14,722,OL,125.26,17,17,132.2,8,,,,,,,,,,,,,,,,,,,,,,,,,,,,,,,,,,,,,,,,,,,,,,,,,,,,,,,,,,,,,,,,,,,,,,,,,,,,,,,,,,,,,,,,,,,,,,,,,,,,,,,,,,,,,,,,,,,,,,,,,,,,,,,,,,,,,,,,,,,,,,,,,,,,,,,,,,,,,,,,,,,,,,,,,,,,,,,,,,,,,,,,,,,,,,,,,,,,,,,,,,,,,,,,,,,,,,,,,,,,,,,,,,,,,,,,,,,,,,,,,,,,,,,,,,,,,,,,,,,,,,,,,,,
G06_RD14-0003-44d3-15-0.125IP-Q1.1_003.20sec.fsa,vWA,Y,OL,148.54,8,OL,158.62,11,13,159.57,9,15,168.53,22,17,176.25,5,19,184.43,75,20,188.52,847,,,,,,,,,,,,,,,,,,,,,,,,,,,,,,,,,,,,,,,,,,,,,,,,,,,,,,,,,,,,,,,,,,,,,,,,,,,,,,,,,,,,,,,,,,,,,,,,,,,,,,,,,,,,,,,,,,,,,,,,,,,,,,,,,,,,,,,,,,,,,,,,,,,,,,,,,,,,,,,,,,,,,,,,,,,,,,,,,,,,,,,,,,,,,,,,,,,,,,,,,,,,,,,,,,,,,,,,,,,,,,,,,,,,,,,,,,,,,,,,,,,,,,,,,,,,,,,,,,,,,,,,,,,,,,,,,,,,,,,
G06_RD14-0003-44d3-15-0.125IP-Q1.1_003.20sec.fsa,TPOX,Y,5,217.22,13,6,221.05,6,10,236.68,34,11,240.81,981,OL,250,13,,,,,,,,,,,,,,,,,,,,,,,,,,,,,,,,,,,,,,,,,,,,,,,,,,,,,,,,,,,,,,,,,,,,,,,,,,,,,,,,,,,,,,,,,,,,,,,,,,,,,,,,,,,,,,,,,,,,,,,,,,,,,,,,,,,,,,,,,,,,,,,,,,,,,,,,,,,,,,,,,,,,,,,,,,,,,,,,,,,,,,,,,,,,,,,,,,,,,,,,,,,,,,,,,,,,,,,,,,,,,,,,,,,,,,,,,,,,,,,,,,,,,,,,,,,,,,,,,,,,,,,,,,,,,,,,,,,,,,,,,,,,,
G06_RD14-0003-44d3-15-0.125IP-Q1.1_003.20sec.fsa,D18S51,Y,9.2,271.16,18,10,272.94,11,10.2,275.44,3,12,281.07,229,13,285.15,15,14,289.15,213,OL,294.04,11,18,305.18,12,OL,324.54,8,23,325.55,6,OL,328.41,6,OL,332.26,9,OL,332.99,9,25,334.18,6,OL,339.91,11,,,,,,,,,,,,,,,,,,,,,,,,,,,,,,,,,,,,,,,,,,,,,,,,,,,,,,,,,,,,,,,,,,,,,,,,,,,,,,,,,,,,,,,,,,,,,,,,,,,,,,,,,,,,,,,,,,,,,,,,,,,,,,,,,,,,,,,,,,,,,,,,,,,,,,,,,,,,,,,,,,,,,,,,,,,,,,,,,,,,,,,,,,,,,,,,,,,,,,,,,,,,,,,,,,,,,,,,,,,,,,,,,,,,,,,,,,,,,,,,,,,,,,,,,,,,,,,
G06_RD14-0003-44d3-15-0.125IP-Q1.1_003.20sec.fsa,AMEL,R,X,104.95,596,OL,109.48,11,Y,110.86,576,,,,,,,,,,,,,,,,,,,,,,,,,,,,,,,,,,,,,,,,,,,,,,,,,,,,,,,,,,,,,,,,,,,,,,,,,,,,,,,,,,,,,,,,,,,,,,,,,,,,,,,,,,,,,,,,,,,,,,,,,,,,,,,,,,,,,,,,,,,,,,,,,,,,,,,,,,,,,,,,,,,,,,,,,,,,,,,,,,,,,,,,,,,,,,,,,,,,,,,,,,,,,,,,,,,,,,,,,,,,,,,,,,,,,,,,,,,,,,,,,,,,,,,,,,,,,,,,,,,,,,,,,,,,,,,,,,,,,,,,,,,,,,,,,,,
G06_RD14-0003-44d3-15-0.125IP-Q1.1_003.20sec.fsa,D5S818,R,OL,138.1,11,10,144.89,38,11,148.97,755,12,152.97,703,13,156.82,9,OL,167.26,6,,,,,,,,,,,,,,,,,,,,,,,,,,,,,,,,,,,,,,,,,,,,,,,,,,,,,,,,,,,,,,,,,,,,,,,,,,,,,,,,,,,,,,,,,,,,,,,,,,,,,,,,,,,,,,,,,,,,,,,,,,,,,,,,,,,,,,,,,,,,,,,,,,,,,,,,,,,,,,,,,,,,,,,,,,,,,,,,,,,,,,,,,,,,,,,,,,,,,,,,,,,,,,,,,,,,,,,,,,,,,,,,,,,,,,,,,,,,,,,,,,,,,,,,,,,,,,,,,,,,,,,,,,,,,,,,,,,,,,,,,,
G06_RD14-0003-44d3-15-0.125IP-Q1.1_003.20sec.fsa,FGA,R,OL,218.02,11,18.2,218.83,10,20.2,227.25,7,22,233.1,24,23,237.29,322,24,241.36,289,27,253.14,8,29,261.32,13,32.2,275.8,11,OL,284.44,4,OL,292.08,11,OL,300.7,12,OL,307.14,9,OL,312.36,6,OL,313.09,6,OL,314.76,8,42.2,316.09,5,,,,,,,,,,,,,,,,,,,,,,,,,,,,,,,,,,,,,,,,,,,,,,,,,,,,,,,,,,,,,,,,,,,,,,,,,,,,,,,,,,,,,,,,,,,,,,,,,,,,,,,,,,,,,,,,,,,,,,,,,,,,,,,,,,,,,,,,,,,,,,,,,,,,,,,,,,,,,,,,,,,,,,,,,,,,,,,,,,,,,,,,,,,,,,,,,,,,,,,,,,,,,,,,,,,,,,,,,,,,,,,,,,,,,,,,,,,,,,,,,,,,,,,,,
G07_RD14-0003-44d2-30-0.25IP-Q0.8_003.20sec.fsa,D8S1179,B,OL,122.67,27,OL,128.15,4,13,142.02,75,14,146.16,1021,15,150.32,1357,OL,165.41,4,OL,168.57,13,OL,174.08,5,,,,,,,,,,,,,,,,,,,,,,,,,,,,,,,,,,,,,,,,,,,,,,,,,,,,,,,,,,,,,,,,,,,,,,,,,,,,,,,,,,,,,,,,,,,,,,,,,,,,,,,,,,,,,,,,,,,,,,,,,,,,,,,,,,,,,,,,,,,,,,,,,,,,,,,,,,,,,,,,,,,,,,,,,,,,,,,,,,,,,,,,,,,,,,,,,,,,,,,,,,,,,,,,,,,,,,,,,,,,,,,,,,,,,,,,,,,,,,,,,,,,,,,,,,,,,,,,,,,,,,,,,,,,,,,,,,,,
G07_RD14-0003-44d2-30-0.25IP-Q0.8_003.20sec.fsa,D21S11,B,25,186.62,7,25.2,188.93,6,26,190.58,8,27,194.63,43,28,198.76,567,OL,202.09,4,29,202.82,9,31,210.75,33,32,214.75,359,OL,218.08,2,33,219,4,OL,220.08,4,35,227,4,36.2,233.28,4,,,,,,,,,,,,,,,,,,,,,,,,,,,,,,,,,,,,,,,,,,,,,,,,,,,,,,,,,,,,,,,,,,,,,,,,,,,,,,,,,,,,,,,,,,,,,,,,,,,,,,,,,,,,,,,,,,,,,,,,,,,,,,,,,,,,,,,,,,,,,,,,,,,,,,,,,,,,,,,,,,,,,,,,,,,,,,,,,,,,,,,,,,,,,,,,,,,,,,,,,,,,,,,,,,,,,,,,,,,,,,,,,,,,,,,,,,,,,,,,,,,,,,,,,,,,,,,,,,
G07_RD14-0003-44d2-30-0.25IP-Q0.8_003.20sec.fsa,D7S820,B,5.2,251.78,2,7,258.32,14,8,262.07,328,9,266.13,17,10,270.12,416,OL,274.97,11,OL,282.9,5,,,,,,,,,,,,,,,,,,,,,,,,,,,,,,,,,,,,,,,,,,,,,,,,,,,,,,,,,,,,,,,,,,,,,,,,,,,,,,,,,,,,,,,,,,,,,,,,,,,,,,,,,,,,,,,,,,,,,,,,,,,,,,,,,,,,,,,,,,,,,,,,,,,,,,,,,,,,,,,,,,,,,,,,,,,,,,,,,,,,,,,,,,,,,,,,,,,,,,,,,,,,,,,,,,,,,,,,,,,,,,,,,,,,,,,,,,,,,,,,,,,,,,,,,,,,,,,,,,,,,,,,,,,,,,,,,,,,,,,
G07_RD14-0003-44d2-30-0.25IP-Q0.8_003.20sec.fsa,CSF1PO,B,OL,305.37,4,OL,308.61,13,10,318.65,16,11,322.94,437,12,326.89,279,OL,329.03,1,OL,339.83,6,,,,,,,,,,,,,,,,,,,,,,,,,,,,,,,,,,,,,,,,,,,,,,,,,,,,,,,,,,,,,,,,,,,,,,,,,,,,,,,,,,,,,,,,,,,,,,,,,,,,,,,,,,,,,,,,,,,,,,,,,,,,,,,,,,,,,,,,,,,,,,,,,,,,,,,,,,,,,,,,,,,,,,,,,,,,,,,,,,,,,,,,,,,,,,,,,,,,,,,,,,,,,,,,,,,,,,,,,,,,,,,,,,,,,,,,,,,,,,,,,,,,,,,,,,,,,,,,,,,,,,,,,,,,,,,,,,,,,,,
G07_RD14-0003-44d2-30-0.25IP-Q0.8_003.20sec.fsa,D3S1358,G,OL,94.41,4,OL,100.4,6,OL,107.66,4,13,114.46,17,OL,116.28,14,14,118.41,196,15,122.37,2977,16,126.44,1292,OL,129,4,17,130.32,7,,,,,,,,,,,,,,,,,,,,,,,,,,,,,,,,,,,,,,,,,,,,,,,,,,,,,,,,,,,,,,,,,,,,,,,,,,,,,,,,,,,,,,,,,,,,,,,,,,,,,,,,,,,,,,,,,,,,,,,,,,,,,,,,,,,,,,,,,,,,,,,,,,,,,,,,,,,,,,,,,,,,,,,,,,,,,,,,,,,,,,,,,,,,,,,,,,,,,,,,,,,,,,,,,,,,,,,,,,,,,,,,,,,,,,,,,,,,,,,,,,,,,,,,,,,,,,,,,,,,,,,,,,,,,,
G07_RD14-0003-44d2-30-0.25IP-Q0.8_003.20sec.fsa,TH01,G,OL,157.78,6,5,164.6,35,6,168.65,1723,7.3,175.62,7,9.3,183.97,1187,OL,191.74,9,OL,194.55,4,13,196.86,8,OL,198.76,9,,,,,,,,,,,,,,,,,,,,,,,,,,,,,,,,,,,,,,,,,,,,,,,,,,,,,,,,,,,,,,,,,,,,,,,,,,,,,,,,,,,,,,,,,,,,,,,,,,,,,,,,,,,,,,,,,,,,,,,,,,,,,,,,,,,,,,,,,,,,,,,,,,,,,,,,,,,,,,,,,,,,,,,,,,,,,,,,,,,,,,,,,,,,,,,,,,,,,,,,,,,,,,,,,,,,,,,,,,,,,,,,,,,,,,,,,,,,,,,,,,,,,,,,,,,,,,,,,,,,,,,,,,,,,,,,,
G07_RD14-0003-44d2-30-0.25IP-Q0.8_003.20sec.fsa,D13S317,G,OL,205.24,7,7,211.15,21,8,215.08,1246,OL,222.3,9,OL,236.18,6,16,247.81,9,,,,,,,,,,,,,,,,,,,,,,,,,,,,,,,,,,,,,,,,,,,,,,,,,,,,,,,,,,,,,,,,,,,,,,,,,,,,,,,,,,,,,,,,,,,,,,,,,,,,,,,,,,,,,,,,,,,,,,,,,,,,,,,,,,,,,,,,,,,,,,,,,,,,,,,,,,,,,,,,,,,,,,,,,,,,,,,,,,,,,,,,,,,,,,,,,,,,,,,,,,,,,,,,,,,,,,,,,,,,,,,,,,,,,,,,,,,,,,,,,,,,,,,,,,,,,,,,,,,,,,,,,,,,,,,,,,,,,,,,,,
G07_RD14-0003-44d2-30-0.25IP-Q0.8_003.20sec.fsa,D16S539,G,8,263.81,9,9,267.29,32,10,271.21,861,11,275.22,641,OL,284.55,3,14,287.11,10,OL,288.27,9,OL,290.01,7,,,,,,,,,,,,,,,,,,,,,,,,,,,,,,,,,,,,,,,,,,,,,,,,,,,,,,,,,,,,,,,,,,,,,,,,,,,,,,,,,,,,,,,,,,,,,,,,,,,,,,,,,,,,,,,,,,,,,,,,,,,,,,,,,,,,,,,,,,,,,,,,,,,,,,,,,,,,,,,,,,,,,,,,,,,,,,,,,,,,,,,,,,,,,,,,,,,,,,,,,,,,,,,,,,,,,,,,,,,,,,,,,,,,,,,,,,,,,,,,,,,,,,,,,,,,,,,,,,,,,,,,,,,,,,,,,,,,
G07_RD14-0003-44d2-30-0.25IP-Q0.8_003.20sec.fsa,D2S1338,G,15,304.96,29,OL,306.86,6,16,308.77,584,18,316.86,33,19,321.13,403,25,345.72,5,OL,354.44,7,29,361.19,4,OL,362.72,3,OL,364.43,7,OL,365.11,7,OL,365.87,4,,,,,,,,,,,,,,,,,,,,,,,,,,,,,,,,,,,,,,,,,,,,,,,,,,,,,,,,,,,,,,,,,,,,,,,,,,,,,,,,,,,,,,,,,,,,,,,,,,,,,,,,,,,,,,,,,,,,,,,,,,,,,,,,,,,,,,,,,,,,,,,,,,,,,,,,,,,,,,,,,,,,,,,,,,,,,,,,,,,,,,,,,,,,,,,,,,,,,,,,,,,,,,,,,,,,,,,,,,,,,,,,,,,,,,,,,,,,,,,,,,,,,,,,,,,,,,,,,,,,,,,,
G07_RD14-0003-44d2-30-0.25IP-Q0.8_003.20sec.fsa,D19S433,Y,OL,104.66,10,12,112.28,59,13,116.28,852,14,120.23,115,15,124.21,1401,,,,,,,,,,,,,,,,,,,,,,,,,,,,,,,,,,,,,,,,,,,,,,,,,,,,,,,,,,,,,,,,,,,,,,,,,,,,,,,,,,,,,,,,,,,,,,,,,,,,,,,,,,,,,,,,,,,,,,,,,,,,,,,,,,,,,,,,,,,,,,,,,,,,,,,,,,,,,,,,,,,,,,,,,,,,,,,,,,,,,,,,,,,,,,,,,,,,,,,,,,,,,,,,,,,,,,,,,,,,,,,,,,,,,,,,,,,,,,,,,,,,,,,,,,,,,,,,,,,,,,,,,,,,,,,,,,,,,,,,,,,,,
G07_RD14-0003-44d2-30-0.25IP-Q0.8_003.20sec.fsa,vWA,Y,OL,149.75,10,OL,152.36,11,OL,163.39,5,18,180.33,28,19,184.47,186,20,188.52,1581,OL,206.37,11,,,,,,,,,,,,,,,,,,,,,,,,,,,,,,,,,,,,,,,,,,,,,,,,,,,,,,,,,,,,,,,,,,,,,,,,,,,,,,,,,,,,,,,,,,,,,,,,,,,,,,,,,,,,,,,,,,,,,,,,,,,,,,,,,,,,,,,,,,,,,,,,,,,,,,,,,,,,,,,,,,,,,,,,,,,,,,,,,,,,,,,,,,,,,,,,,,,,,,,,,,,,,,,,,,,,,,,,,,,,,,,,,,,,,,,,,,,,,,,,,,,,,,,,,,,,,,,,,,,,,,,,,,,,,,,,,,,,,,,
G07_RD14-0003-44d2-30-0.25IP-Q0.8_003.20sec.fsa,TPOX,Y,OL,213.92,14,5,216.66,5,OL,226.51,12,OL,234.11,7,10,236.76,31,11,240.85,1071,OL,244.51,9,,,,,,,,,,,,,,,,,,,,,,,,,,,,,,,,,,,,,,,,,,,,,,,,,,,,,,,,,,,,,,,,,,,,,,,,,,,,,,,,,,,,,,,,,,,,,,,,,,,,,,,,,,,,,,,,,,,,,,,,,,,,,,,,,,,,,,,,,,,,,,,,,,,,,,,,,,,,,,,,,,,,,,,,,,,,,,,,,,,,,,,,,,,,,,,,,,,,,,,,,,,,,,,,,,,,,,,,,,,,,,,,,,,,,,,,,,,,,,,,,,,,,,,,,,,,,,,,,,,,,,,,,,,,,,,,,,,,,,,
G07_RD14-0003-44d2-30-0.25IP-Q0.8_003.20sec.fsa,D18S51,Y,OL,264.22,3,8,264.88,6,10,273.46,21,11,277.15,29,12,281.16,538,13,285.13,23,14,289.1,430,15,293.56,6,OL,298.51,7,OL,331.75,9,,,,,,,,,,,,,,,,,,,,,,,,,,,,,,,,,,,,,,,,,,,,,,,,,,,,,,,,,,,,,,,,,,,,,,,,,,,,,,,,,,,,,,,,,,,,,,,,,,,,,,,,,,,,,,,,,,,,,,,,,,,,,,,,,,,,,,,,,,,,,,,,,,,,,,,,,,,,,,,,,,,,,,,,,,,,,,,,,,,,,,,,,,,,,,,,,,,,,,,,,,,,,,,,,,,,,,,,,,,,,,,,,,,,,,,,,,,,,,,,,,,,,,,,,,,,,,,,,,,,,,,,,,,,,,
G07_RD14-0003-44d2-30-0.25IP-Q0.8_003.20sec.fsa,AMEL,R,X,104.98,947,Y,110.87,1232,,,,,,,,,,,,,,,,,,,,,,,,,,,,,,,,,,,,,,,,,,,,,,,,,,,,,,,,,,,,,,,,,,,,,,,,,,,,,,,,,,,,,,,,,,,,,,,,,,,,,,,,,,,,,,,,,,,,,,,,,,,,,,,,,,,,,,,,,,,,,,,,,,,,,,,,,,,,,,,,,,,,,,,,,,,,,,,,,,,,,,,,,,,,,,,,,,,,,,,,,,,,,,,,,,,,,,,,,,,,,,,,,,,,,,,,,,,,,,,,,,,,,,,,,,,,,,,,,,,,,,,,,,,,,,,,,,,,,,,,,,,,,,,,,,,,,,
G07_RD14-0003-44d2-30-0.25IP-Q0.8_003.20sec.fsa,D5S818,R,OL,126.29,20,OL,128.07,9,OL,133.76,6,OL,137.94,7,OL,142.83,7,10,144.7,36,11,148.93,629,12,153.02,601,13,156.71,10,OL,166.38,6,OL,170.19,8,OL,172.46,4,OL,176.91,4,,,,,,,,,,,,,,,,,,,,,,,,,,,,,,,,,,,,,,,,,,,,,,,,,,,,,,,,,,,,,,,,,,,,,,,,,,,,,,,,,,,,,,,,,,,,,,,,,,,,,,,,,,,,,,,,,,,,,,,,,,,,,,,,,,,,,,,,,,,,,,,,,,,,,,,,,,,,,,,,,,,,,,,,,,,,,,,,,,,,,,,,,,,,,,,,,,,,,,,,,,,,,,,,,,,,,,,,,,,,,,,,,,,,,,,,,,,,,,,,,,,,,,,,,,,,,,,,,,,,,
G07_RD14-0003-44d2-30-0.25IP-Q0.8_003.20sec.fsa,FGA,R,OL,207.51,7,OL,212.05,13,OL,213.27,14,OL,226.01,10,22,233.28,36,23,237.26,485,24,241.37,643,27,253.16,6,OL,256.55,10,30,265.38,8,31.2,271.54,18,OL,278.99,13,OL,290.67,7,OL,296.37,8,OL,297.94,9,42.2,316.41,12,OL,321.13,16,48.2,340.6,4,OL,345.21,4,50.2,348.63,6,OL,355.3,8,,,,,,,,,,,,,,,,,,,,,,,,,,,,,,,,,,,,,,,,,,,,,,,,,,,,,,,,,,,,,,,,,,,,,,,,,,,,,,,,,,,,,,,,,,,,,,,,,,,,,,,,,,,,,,,,,,,,,,,,,,,,,,,,,,,,,,,,,,,,,,,,,,,,,,,,,,,,,,,,,,,,,,,,,,,,,,,,,,,,,,,,,,,,,,,,,,,,,,,,,,,,,,,,,,,,,,,,,,,,,,,,,,,,,,,,,,,,,
G08_RD14-0003-44d1-45-0.25IP-Q2.2_003.20sec.fsa,D8S1179,B,OL,119.46,1,OL,123.63,28,OL,131.14,6,13,142.08,87,14,146.24,977,15,150.33,929,OL,159.83,5,OL,160.5,3,OL,169.98,7,OL,173.06,8,OL,176.49,4,,,,,,,,,,,,,,,,,,,,,,,,,,,,,,,,,,,,,,,,,,,,,,,,,,,,,,,,,,,,,,,,,,,,,,,,,,,,,,,,,,,,,,,,,,,,,,,,,,,,,,,,,,,,,,,,,,,,,,,,,,,,,,,,,,,,,,,,,,,,,,,,,,,,,,,,,,,,,,,,,,,,,,,,,,,,,,,,,,,,,,,,,,,,,,,,,,,,,,,,,,,,,,,,,,,,,,,,,,,,,,,,,,,,,,,,,,,,,,,,,,,,,,,,,,,,,,,,,,,,,,,,,,,
G08_RD14-0003-44d1-45-0.25IP-Q2.2_003.20sec.fsa,D21S11,B,OL,181.11,10,25,186.63,4,OL,187.49,8,27,194.64,32,28,198.81,488,OL,201.67,10,31,210.89,25,32,214.85,312,33,218.97,9,OL,219.91,7,34.2,225.28,4,OL,234.25,8,,,,,,,,,,,,,,,,,,,,,,,,,,,,,,,,,,,,,,,,,,,,,,,,,,,,,,,,,,,,,,,,,,,,,,,,,,,,,,,,,,,,,,,,,,,,,,,,,,,,,,,,,,,,,,,,,,,,,,,,,,,,,,,,,,,,,,,,,,,,,,,,,,,,,,,,,,,,,,,,,,,,,,,,,,,,,,,,,,,,,,,,,,,,,,,,,,,,,,,,,,,,,,,,,,,,,,,,,,,,,,,,,,,,,,,,,,,,,,,,,,,,,,,,,,,,,,,,,,,,,,,,
G08_RD14-0003-44d1-45-0.25IP-Q2.2_003.20sec.fsa,D7S820,B,OL,247.83,5,7,258.31,5,OL,259.24,2,8,262.23,200,9,266.19,11,10,270.24,148,OL,275.42,9,OL,287.27,5,OL,290.94,4,,,,,,,,,,,,,,,,,,,,,,,,,,,,,,,,,,,,,,,,,,,,,,,,,,,,,,,,,,,,,,,,,,,,,,,,,,,,,,,,,,,,,,,,,,,,,,,,,,,,,,,,,,,,,,,,,,,,,,,,,,,,,,,,,,,,,,,,,,,,,,,,,,,,,,,,,,,,,,,,,,,,,,,,,,,,,,,,,,,,,,,,,,,,,,,,,,,,,,,,,,,,,,,,,,,,,,,,,,,,,,,,,,,,,,,,,,,,,,,,,,,,,,,,,,,,,,,,,,,,,,,,,,,,,,,,,
G08_RD14-0003-44d1-45-0.25IP-Q2.2_003.20sec.fsa,CSF1PO,B,OL,308.59,8,9,314.46,4,10,318.61,7,11,322.95,125,12,327.03,156,14,335.39,4,OL,340.27,7,,,,,,,,,,,,,,,,,,,,,,,,,,,,,,,,,,,,,,,,,,,,,,,,,,,,,,,,,,,,,,,,,,,,,,,,,,,,,,,,,,,,,,,,,,,,,,,,,,,,,,,,,,,,,,,,,,,,,,,,,,,,,,,,,,,,,,,,,,,,,,,,,,,,,,,,,,,,,,,,,,,,,,,,,,,,,,,,,,,,,,,,,,,,,,,,,,,,,,,,,,,,,,,,,,,,,,,,,,,,,,,,,,,,,,,,,,,,,,,,,,,,,,,,,,,,,,,,,,,,,,,,,,,,,,,,,,,,,,,
G08_RD14-0003-44d1-45-0.25IP-Q2.2_003.20sec.fsa,D3S1358,G,OL,109.12,8,12,110.16,7,13,114.47,22,OL,115.25,19,14,118.37,130,15,122.36,2057,16,126.49,1237,17,130.25,10,,,,,,,,,,,,,,,,,,,,,,,,,,,,,,,,,,,,,,,,,,,,,,,,,,,,,,,,,,,,,,,,,,,,,,,,,,,,,,,,,,,,,,,,,,,,,,,,,,,,,,,,,,,,,,,,,,,,,,,,,,,,,,,,,,,,,,,,,,,,,,,,,,,,,,,,,,,,,,,,,,,,,,,,,,,,,,,,,,,,,,,,,,,,,,,,,,,,,,,,,,,,,,,,,,,,,,,,,,,,,,,,,,,,,,,,,,,,,,,,,,,,,,,,,,,,,,,,,,,,,,,,,,,,,,,,,,,,
G08_RD14-0003-44d1-45-0.25IP-Q2.2_003.20sec.fsa,TH01,G,OL,155.45,14,OL,159.24,13,5,164.73,16,5.3,167.48,18,6,168.65,1090,6.3,171.73,5,OL,173.4,9,OL,179,13,9.3,184,865,OL,191.14,11,,,,,,,,,,,,,,,,,,,,,,,,,,,,,,,,,,,,,,,,,,,,,,,,,,,,,,,,,,,,,,,,,,,,,,,,,,,,,,,,,,,,,,,,,,,,,,,,,,,,,,,,,,,,,,,,,,,,,,,,,,,,,,,,,,,,,,,,,,,,,,,,,,,,,,,,,,,,,,,,,,,,,,,,,,,,,,,,,,,,,,,,,,,,,,,,,,,,,,,,,,,,,,,,,,,,,,,,,,,,,,,,,,,,,,,,,,,,,,,,,,,,,,,,,,,,,,,,,,,,,,,,,,,,,,
G08_RD14-0003-44d1-45-0.25IP-Q2.2_003.20sec.fsa,D13S317,G,7,211.14,36,8,215.11,1625,OL,233.06,5,OL,234.17,10,OL,237.34,10,,,,,,,,,,,,,,,,,,,,,,,,,,,,,,,,,,,,,,,,,,,,,,,,,,,,,,,,,,,,,,,,,,,,,,,,,,,,,,,,,,,,,,,,,,,,,,,,,,,,,,,,,,,,,,,,,,,,,,,,,,,,,,,,,,,,,,,,,,,,,,,,,,,,,,,,,,,,,,,,,,,,,,,,,,,,,,,,,,,,,,,,,,,,,,,,,,,,,,,,,,,,,,,,,,,,,,,,,,,,,,,,,,,,,,,,,,,,,,,,,,,,,,,,,,,,,,,,,,,,,,,,,,,,,,,,,,,,,,,,,,,,,
G08_RD14-0003-44d1-45-0.25IP-Q2.2_003.20sec.fsa,D16S539,G,6,255.35,8,OL,256.28,13,OL,264.73,4,9,267.14,13,OL,269.38,9,10,271.36,161,11,275.33,617,OL,286.41,7,OL,292.74,9,,,,,,,,,,,,,,,,,,,,,,,,,,,,,,,,,,,,,,,,,,,,,,,,,,,,,,,,,,,,,,,,,,,,,,,,,,,,,,,,,,,,,,,,,,,,,,,,,,,,,,,,,,,,,,,,,,,,,,,,,,,,,,,,,,,,,,,,,,,,,,,,,,,,,,,,,,,,,,,,,,,,,,,,,,,,,,,,,,,,,,,,,,,,,,,,,,,,,,,,,,,,,,,,,,,,,,,,,,,,,,,,,,,,,,,,,,,,,,,,,,,,,,,,,,,,,,,,,,,,,,,,,,,,,,,,,
G08_RD14-0003-44d1-45-0.25IP-Q2.2_003.20sec.fsa,D2S1338,G,15,304.9,25,16,308.85,395,18,316.85,19,19,321.25,251,OL,331.71,7,OL,343.91,6,OL,348.53,8,OL,351.55,10,OL,354.66,9,,,,,,,,,,,,,,,,,,,,,,,,,,,,,,,,,,,,,,,,,,,,,,,,,,,,,,,,,,,,,,,,,,,,,,,,,,,,,,,,,,,,,,,,,,,,,,,,,,,,,,,,,,,,,,,,,,,,,,,,,,,,,,,,,,,,,,,,,,,,,,,,,,,,,,,,,,,,,,,,,,,,,,,,,,,,,,,,,,,,,,,,,,,,,,,,,,,,,,,,,,,,,,,,,,,,,,,,,,,,,,,,,,,,,,,,,,,,,,,,,,,,,,,,,,,,,,,,,,,,,,,,,,,,,,,,,
G08_RD14-0003-44d1-45-0.25IP-Q2.2_003.20sec.fsa,D19S433,Y,OL,95.78,10,OL,96.89,11,OL,103.48,9,OL,110.72,7,12,112.32,68,13,116.34,754,14,120.16,74,OL,122.84,16,15,124.18,825,OL,125.3,27,OL,133.32,8,,,,,,,,,,,,,,,,,,,,,,,,,,,,,,,,,,,,,,,,,,,,,,,,,,,,,,,,,,,,,,,,,,,,,,,,,,,,,,,,,,,,,,,,,,,,,,,,,,,,,,,,,,,,,,,,,,,,,,,,,,,,,,,,,,,,,,,,,,,,,,,,,,,,,,,,,,,,,,,,,,,,,,,,,,,,,,,,,,,,,,,,,,,,,,,,,,,,,,,,,,,,,,,,,,,,,,,,,,,,,,,,,,,,,,,,,,,,,,,,,,,,,,,,,,,,,,,,,,,,,,,,,,,
G08_RD14-0003-44d1-45-0.25IP-Q2.2_003.20sec.fsa,vWA,Y,OL,153.6,7,OL,171.15,10,OL,177.74,10,19,184.51,107,OL,187.32,23,20,188.59,1041,OL,202.34,13,,,,,,,,,,,,,,,,,,,,,,,,,,,,,,,,,,,,,,,,,,,,,,,,,,,,,,,,,,,,,,,,,,,,,,,,,,,,,,,,,,,,,,,,,,,,,,,,,,,,,,,,,,,,,,,,,,,,,,,,,,,,,,,,,,,,,,,,,,,,,,,,,,,,,,,,,,,,,,,,,,,,,,,,,,,,,,,,,,,,,,,,,,,,,,,,,,,,,,,,,,,,,,,,,,,,,,,,,,,,,,,,,,,,,,,,,,,,,,,,,,,,,,,,,,,,,,,,,,,,,,,,,,,,,,,,,,,,,,,
G08_RD14-0003-44d1-45-0.25IP-Q2.2_003.20sec.fsa,TPOX,Y,OL,222.38,12,OL,225.37,9,OL,229.63,4,10,236.91,29,11,240.96,613,OL,249.74,13,,,,,,,,,,,,,,,,,,,,,,,,,,,,,,,,,,,,,,,,,,,,,,,,,,,,,,,,,,,,,,,,,,,,,,,,,,,,,,,,,,,,,,,,,,,,,,,,,,,,,,,,,,,,,,,,,,,,,,,,,,,,,,,,,,,,,,,,,,,,,,,,,,,,,,,,,,,,,,,,,,,,,,,,,,,,,,,,,,,,,,,,,,,,,,,,,,,,,,,,,,,,,,,,,,,,,,,,,,,,,,,,,,,,,,,,,,,,,,,,,,,,,,,,,,,,,,,,,,,,,,,,,,,,,,,,,,,,,,,,,,
G08_RD14-0003-44d1-45-0.25IP-Q2.2_003.20sec.fsa,D18S51,Y,OL,268,13,11,277.15,32,12,281.2,300,OL,285.99,8,14,289.23,74,OL,292.48,7,OL,298.12,12,OL,319.91,14,OL,324.55,8,23.2,327.39,8,,,,,,,,,,,,,,,,,,,,,,,,,,,,,,,,,,,,,,,,,,,,,,,,,,,,,,,,,,,,,,,,,,,,,,,,,,,,,,,,,,,,,,,,,,,,,,,,,,,,,,,,,,,,,,,,,,,,,,,,,,,,,,,,,,,,,,,,,,,,,,,,,,,,,,,,,,,,,,,,,,,,,,,,,,,,,,,,,,,,,,,,,,,,,,,,,,,,,,,,,,,,,,,,,,,,,,,,,,,,,,,,,,,,,,,,,,,,,,,,,,,,,,,,,,,,,,,,,,,,,,,,,,,,,,
G08_RD14-0003-44d1-45-0.25IP-Q2.2_003.20sec.fsa,AMEL,R,X,104.93,939,OL,106.22,36,Y,110.88,1253,,,,,,,,,,,,,,,,,,,,,,,,,,,,,,,,,,,,,,,,,,,,,,,,,,,,,,,,,,,,,,,,,,,,,,,,,,,,,,,,,,,,,,,,,,,,,,,,,,,,,,,,,,,,,,,,,,,,,,,,,,,,,,,,,,,,,,,,,,,,,,,,,,,,,,,,,,,,,,,,,,,,,,,,,,,,,,,,,,,,,,,,,,,,,,,,,,,,,,,,,,,,,,,,,,,,,,,,,,,,,,,,,,,,,,,,,,,,,,,,,,,,,,,,,,,,,,,,,,,,,,,,,,,,,,,,,,,,,,,,,,,,,,,,,,,
G08_RD14-0003-44d1-45-0.25IP-Q2.2_003.20sec.fsa,D5S818,R,10,144.82,35,11,148.99,658,12,153.01,556,13,157.13,15,,,,,,,,,,,,,,,,,,,,,,,,,,,,,,,,,,,,,,,,,,,,,,,,,,,,,,,,,,,,,,,,,,,,,,,,,,,,,,,,,,,,,,,,,,,,,,,,,,,,,,,,,,,,,,,,,,,,,,,,,,,,,,,,,,,,,,,,,,,,,,,,,,,,,,,,,,,,,,,,,,,,,,,,,,,,,,,,,,,,,,,,,,,,,,,,,,,,,,,,,,,,,,,,,,,,,,,,,,,,,,,,,,,,,,,,,,,,,,,,,,,,,,,,,,,,,,,,,,,,,,,,,,,,,,,,,,,,,,,,,,,,,,,,
G08_RD14-0003-44d1-45-0.25IP-Q2.2_003.20sec.fsa,FGA,R,OL,207.61,7,OL,213.66,8,OL,223.58,11,OL,225.79,7,22,233.23,46,23,237.25,516,24,241.4,255,25.2,247.05,5,OL,250.43,6,27.2,255.35,10,29,262.06,10,OL,264.56,12,OL,266.28,7,OL,272.05,7,32,273.78,7,34.2,283.34,6,OL,285.64,6,OL,291.2,7,OL,293.25,8,OL,296.16,8,OL,301.85,6,OL,311.1,8,OL,312.5,10,OL,341.33,13,OL,347.82,11,,,,,,,,,,,,,,,,,,,,,,,,,,,,,,,,,,,,,,,,,,,,,,,,,,,,,,,,,,,,,,,,,,,,,,,,,,,,,,,,,,,,,,,,,,,,,,,,,,,,,,,,,,,,,,,,,,,,,,,,,,,,,,,,,,,,,,,,,,,,,,,,,,,,,,,,,,,,,,,,,,,,,,,,,,,,,,,,,,,,,,,,,,,,,,,,,,,,,,,,,,,,,,,,,,,,,,,,,,,,,,,,,
H01_RD14-0003-43d3a-0.0078IP-Q0.9_004.20sec.fsa,D8S1179,B,OL,112.42,2,OL,115.4,2,8,122.18,27,OL,135.97,3,OL,157.98,5,OL,165.63,2,OL,170.1,2,OL,172.26,2,OL,174.17,2,,,,,,,,,,,,,,,,,,,,,,,,,,,,,,,,,,,,,,,,,,,,,,,,,,,,,,,,,,,,,,,,,,,,,,,,,,,,,,,,,,,,,,,,,,,,,,,,,,,,,,,,,,,,,,,,,,,,,,,,,,,,,,,,,,,,,,,,,,,,,,,,,,,,,,,,,,,,,,,,,,,,,,,,,,,,,,,,,,,,,,,,,,,,,,,,,,,,,,,,,,,,,,,,,,,,,,,,,,,,,,,,,,,,,,,,,,,,,,,,,,,,,,,,,,,,,,,,,,,,,,,,,,,,,,,,,
H01_RD14-0003-43d3a-0.0078IP-Q0.9_004.20sec.fsa,D21S11,B,OL,185.85,2,25,186.69,3,28,198.56,2,29,203.07,3,OL,213.75,4,OL,217.34,3,33,218.88,3,OL,220,5,37.2,236.67,3,37.2,237.44,3,OL,240,6,OL,242.18,3,,,,,,,,,,,,,,,,,,,,,,,,,,,,,,,,,,,,,,,,,,,,,,,,,,,,,,,,,,,,,,,,,,,,,,,,,,,,,,,,,,,,,,,,,,,,,,,,,,,,,,,,,,,,,,,,,,,,,,,,,,,,,,,,,,,,,,,,,,,,,,,,,,,,,,,,,,,,,,,,,,,,,,,,,,,,,,,,,,,,,,,,,,,,,,,,,,,,,,,,,,,,,,,,,,,,,,,,,,,,,,,,,,,,,,,,,,,,,,,,,,,,,,,,,,,,,,,,,,,,,,,,
H01_RD14-0003-43d3a-0.0078IP-Q0.9_004.20sec.fsa,D7S820,B,OL,259.92,4,9,265.92,8,OL,269.54,1,11,274.37,2,OL,277.14,1,OL,278.87,3,OL,287.01,4,OL,288.81,2,15,290.26,2,16,294.62,2,,,,,,,,,,,,,,,,,,,,,,,,,,,,,,,,,,,,,,,,,,,,,,,,,,,,,,,,,,,,,,,,,,,,,,,,,,,,,,,,,,,,,,,,,,,,,,,,,,,,,,,,,,,,,,,,,,,,,,,,,,,,,,,,,,,,,,,,,,,,,,,,,,,,,,,,,,,,,,,,,,,,,,,,,,,,,,,,,,,,,,,,,,,,,,,,,,,,,,,,,,,,,,,,,,,,,,,,,,,,,,,,,,,,,,,,,,,,,,,,,,,,,,,,,,,,,,,,,,,,,,,,,,,,,,
H01_RD14-0003-43d3a-0.0078IP-Q0.9_004.20sec.fsa,CSF1PO,B,5,298.72,3,OL,314,5,OL,316.58,2,10,318.79,72,OL,323.84,2,OL,328.27,3,OL,329.59,2,OL,331.79,1,OL,341.51,2,,,,,,,,,,,,,,,,,,,,,,,,,,,,,,,,,,,,,,,,,,,,,,,,,,,,,,,,,,,,,,,,,,,,,,,,,,,,,,,,,,,,,,,,,,,,,,,,,,,,,,,,,,,,,,,,,,,,,,,,,,,,,,,,,,,,,,,,,,,,,,,,,,,,,,,,,,,,,,,,,,,,,,,,,,,,,,,,,,,,,,,,,,,,,,,,,,,,,,,,,,,,,,,,,,,,,,,,,,,,,,,,,,,,,,,,,,,,,,,,,,,,,,,,,,,,,,,,,,,,,,,,,,,,,,,,,
H01_RD14-0003-43d3a-0.0078IP-Q0.9_004.20sec.fsa,D3S1358,G,OL,101.52,5,11,105.9,3,12,110.03,4,OL,110.91,4,OL,116.11,17,15,122.18,90,OL,129.51,2,20,142.06,2,,,,,,,,,,,,,,,,,,,,,,,,,,,,,,,,,,,,,,,,,,,,,,,,,,,,,,,,,,,,,,,,,,,,,,,,,,,,,,,,,,,,,,,,,,,,,,,,,,,,,,,,,,,,,,,,,,,,,,,,,,,,,,,,,,,,,,,,,,,,,,,,,,,,,,,,,,,,,,,,,,,,,,,,,,,,,,,,,,,,,,,,,,,,,,,,,,,,,,,,,,,,,,,,,,,,,,,,,,,,,,,,,,,,,,,,,,,,,,,,,,,,,,,,,,,,,,,,,,,,,,,,,,,,,,,,,,,,
H01_RD14-0003-43d3a-0.0078IP-Q0.9_004.20sec.fsa,TH01,G,OL,157.48,3,OL,163.39,4,5,164.3,3,6.3,171.85,4,7,172.68,5,8,176.75,49,8.3,179.67,9,OL,180.25,5,9.3,183.9,100,OL,198.05,4,,,,,,,,,,,,,,,,,,,,,,,,,,,,,,,,,,,,,,,,,,,,,,,,,,,,,,,,,,,,,,,,,,,,,,,,,,,,,,,,,,,,,,,,,,,,,,,,,,,,,,,,,,,,,,,,,,,,,,,,,,,,,,,,,,,,,,,,,,,,,,,,,,,,,,,,,,,,,,,,,,,,,,,,,,,,,,,,,,,,,,,,,,,,,,,,,,,,,,,,,,,,,,,,,,,,,,,,,,,,,,,,,,,,,,,,,,,,,,,,,,,,,,,,,,,,,,,,,,,,,,,,,,,,,,
H01_RD14-0003-43d3a-0.0078IP-Q0.9_004.20sec.fsa,D13S317,G,OL,208.14,3,OL,211.74,4,OL,214.6,4,OL,216.91,2,9,219.57,5,OL,224.75,3,OL,225.68,1,OL,232.06,3,14,239.57,10,OL,240.52,6,,,,,,,,,,,,,,,,,,,,,,,,,,,,,,,,,,,,,,,,,,,,,,,,,,,,,,,,,,,,,,,,,,,,,,,,,,,,,,,,,,,,,,,,,,,,,,,,,,,,,,,,,,,,,,,,,,,,,,,,,,,,,,,,,,,,,,,,,,,,,,,,,,,,,,,,,,,,,,,,,,,,,,,,,,,,,,,,,,,,,,,,,,,,,,,,,,,,,,,,,,,,,,,,,,,,,,,,,,,,,,,,,,,,,,,,,,,,,,,,,,,,,,,,,,,,,,,,,,,,,,,,,,,,,,
H01_RD14-0003-43d3a-0.0078IP-Q0.9_004.20sec.fsa,D16S539,G,7,259.5,5,OL,272.56,3,OL,276.19,4,OL,277.4,2,12,279.57,6,OL,280.43,4,OL,292.14,1,,,,,,,,,,,,,,,,,,,,,,,,,,,,,,,,,,,,,,,,,,,,,,,,,,,,,,,,,,,,,,,,,,,,,,,,,,,,,,,,,,,,,,,,,,,,,,,,,,,,,,,,,,,,,,,,,,,,,,,,,,,,,,,,,,,,,,,,,,,,,,,,,,,,,,,,,,,,,,,,,,,,,,,,,,,,,,,,,,,,,,,,,,,,,,,,,,,,,,,,,,,,,,,,,,,,,,,,,,,,,,,,,,,,,,,,,,,,,,,,,,,,,,,,,,,,,,,,,,,,,,,,,,,,,,,,,,,,,,,
H01_RD14-0003-43d3a-0.0078IP-Q0.9_004.20sec.fsa,D2S1338,G,14,300.5,4,OL,309.89,3,17,313.21,5,OL,315.47,3,OL,319.54,7,20,325.26,5,21,329.15,19,22,333.11,53,OL,360.89,4,,,,,,,,,,,,,,,,,,,,,,,,,,,,,,,,,,,,,,,,,,,,,,,,,,,,,,,,,,,,,,,,,,,,,,,,,,,,,,,,,,,,,,,,,,,,,,,,,,,,,,,,,,,,,,,,,,,,,,,,,,,,,,,,,,,,,,,,,,,,,,,,,,,,,,,,,,,,,,,,,,,,,,,,,,,,,,,,,,,,,,,,,,,,,,,,,,,,,,,,,,,,,,,,,,,,,,,,,,,,,,,,,,,,,,,,,,,,,,,,,,,,,,,,,,,,,,,,,,,,,,,,,,,,,,,,,
H01_RD14-0003-43d3a-0.0078IP-Q0.9_004.20sec.fsa,D19S433,Y,OL,104.71,7,11,107.89,5,14,119.92,9,OL,124.69,6,17.2,133.81,8,OL,136.69,5,OL,141.57,8,,,,,,,,,,,,,,,,,,,,,,,,,,,,,,,,,,,,,,,,,,,,,,,,,,,,,,,,,,,,,,,,,,,,,,,,,,,,,,,,,,,,,,,,,,,,,,,,,,,,,,,,,,,,,,,,,,,,,,,,,,,,,,,,,,,,,,,,,,,,,,,,,,,,,,,,,,,,,,,,,,,,,,,,,,,,,,,,,,,,,,,,,,,,,,,,,,,,,,,,,,,,,,,,,,,,,,,,,,,,,,,,,,,,,,,,,,,,,,,,,,,,,,,,,,,,,,,,,,,,,,,,,,,,,,,,,,,,,,,
H01_RD14-0003-43d3a-0.0078IP-Q0.9_004.20sec.fsa,vWA,Y,OL,149.53,6,OL,165.05,8,OL,166.7,7,18,180.08,9,OL,183.64,8,OL,202.99,7,OL,205.56,6,OL,206.73,9,,,,,,,,,,,,,,,,,,,,,,,,,,,,,,,,,,,,,,,,,,,,,,,,,,,,,,,,,,,,,,,,,,,,,,,,,,,,,,,,,,,,,,,,,,,,,,,,,,,,,,,,,,,,,,,,,,,,,,,,,,,,,,,,,,,,,,,,,,,,,,,,,,,,,,,,,,,,,,,,,,,,,,,,,,,,,,,,,,,,,,,,,,,,,,,,,,,,,,,,,,,,,,,,,,,,,,,,,,,,,,,,,,,,,,,,,,,,,,,,,,,,,,,,,,,,,,,,,,,,,,,,,,,,,,,,,,,,
H01_RD14-0003-43d3a-0.0078IP-Q0.9_004.20sec.fsa,TPOX,Y,OL,222.54,7,7,224.5,9,OL,227.21,4,OL,233.6,6,OL,240,12,OL,247.05,4,OL,251.6,5,,,,,,,,,,,,,,,,,,,,,,,,,,,,,,,,,,,,,,,,,,,,,,,,,,,,,,,,,,,,,,,,,,,,,,,,,,,,,,,,,,,,,,,,,,,,,,,,,,,,,,,,,,,,,,,,,,,,,,,,,,,,,,,,,,,,,,,,,,,,,,,,,,,,,,,,,,,,,,,,,,,,,,,,,,,,,,,,,,,,,,,,,,,,,,,,,,,,,,,,,,,,,,,,,,,,,,,,,,,,,,,,,,,,,,,,,,,,,,,,,,,,,,,,,,,,,,,,,,,,,,,,,,,,,,,,,,,,,,,
H01_RD14-0003-43d3a-0.0078IP-Q0.9_004.20sec.fsa,D18S51,Y,OL,274.28,9,12.2,282.99,5,17,300.92,9,18,304.98,64,OL,306.35,6,OL,310.15,5,OL,314,7,20.2,315.29,9,OL,340.09,10,27,341.69,8,OL,344.79,7,,,,,,,,,,,,,,,,,,,,,,,,,,,,,,,,,,,,,,,,,,,,,,,,,,,,,,,,,,,,,,,,,,,,,,,,,,,,,,,,,,,,,,,,,,,,,,,,,,,,,,,,,,,,,,,,,,,,,,,,,,,,,,,,,,,,,,,,,,,,,,,,,,,,,,,,,,,,,,,,,,,,,,,,,,,,,,,,,,,,,,,,,,,,,,,,,,,,,,,,,,,,,,,,,,,,,,,,,,,,,,,,,,,,,,,,,,,,,,,,,,,,,,,,,,,,,,,,,,,,,,,,,,,
H01_RD14-0003-43d3a-0.0078IP-Q0.9_004.20sec.fsa,AMEL,R,X,105.1,7,Y,110.83,115,,,,,,,,,,,,,,,,,,,,,,,,,,,,,,,,,,,,,,,,,,,,,,,,,,,,,,,,,,,,,,,,,,,,,,,,,,,,,,,,,,,,,,,,,,,,,,,,,,,,,,,,,,,,,,,,,,,,,,,,,,,,,,,,,,,,,,,,,,,,,,,,,,,,,,,,,,,,,,,,,,,,,,,,,,,,,,,,,,,,,,,,,,,,,,,,,,,,,,,,,,,,,,,,,,,,,,,,,,,,,,,,,,,,,,,,,,,,,,,,,,,,,,,,,,,,,,,,,,,,,,,,,,,,,,,,,,,,,,,,,,,,,,,,,,,,,,
H01_RD14-0003-43d3a-0.0078IP-Q0.9_004.20sec.fsa,D5S818,R,OL,134.21,8,11,148.86,35,OL,176.92,5,,,,,,,,,,,,,,,,,,,,,,,,,,,,,,,,,,,,,,,,,,,,,,,,,,,,,,,,,,,,,,,,,,,,,,,,,,,,,,,,,,,,,,,,,,,,,,,,,,,,,,,,,,,,,,,,,,,,,,,,,,,,,,,,,,,,,,,,,,,,,,,,,,,,,,,,,,,,,,,,,,,,,,,,,,,,,,,,,,,,,,,,,,,,,,,,,,,,,,,,,,,,,,,,,,,,,,,,,,,,,,,,,,,,,,,,,,,,,,,,,,,,,,,,,,,,,,,,,,,,,,,,,,,,,,,,,,,,,,,,,,,,,,,,,,,
H01_RD14-0003-43d3a-0.0078IP-Q0.9_004.20sec.fsa,FGA,R,OL,225.94,7,20.2,226.7,5,21,229,6,OL,236.41,6,OL,237.86,6,23.2,238.8,5,24.2,243.75,6,25.2,248.01,8,32,273.25,5,OL,274.72,9,32.2,275.67,11,34.2,283.42,8,OL,284.36,2,OL,287.7,7,OL,291.03,4,OL,302.78,5,OL,349.77,4,OL,357.86,8,,,,,,,,,,,,,,,,,,,,,,,,,,,,,,,,,,,,,,,,,,,,,,,,,,,,,,,,,,,,,,,,,,,,,,,,,,,,,,,,,,,,,,,,,,,,,,,,,,,,,,,,,,,,,,,,,,,,,,,,,,,,,,,,,,,,,,,,,,,,,,,,,,,,,,,,,,,,,,,,,,,,,,,,,,,,,,,,,,,,,,,,,,,,,,,,,,,,,,,,,,,,,,,,,,,,,,,,,,,,,,,,,,,,,,,,,,,,,,,,,,,,,,
H02_RD14-0003-43d3-15-0.0078IP-Q1.1_004.20sec.fsa,D8S1179,B,OL,112.9,9,OL,114.99,7,8,122.07,28,10,129.45,6,11,133.62,147,13,141.95,86,OL,144.15,7,14,145.94,6,OL,153.81,2,OL,157.6,5,18,162.28,4,OL,167.58,3,,,,,,,,,,,,,,,,,,,,,,,,,,,,,,,,,,,,,,,,,,,,,,,,,,,,,,,,,,,,,,,,,,,,,,,,,,,,,,,,,,,,,,,,,,,,,,,,,,,,,,,,,,,,,,,,,,,,,,,,,,,,,,,,,,,,,,,,,,,,,,,,,,,,,,,,,,,,,,,,,,,,,,,,,,,,,,,,,,,,,,,,,,,,,,,,,,,,,,,,,,,,,,,,,,,,,,,,,,,,,,,,,,,,,,,,,,,,,,,,,,,,,,,,,,,,,,,,,,,,,,,,
H02_RD14-0003-43d3-15-0.0078IP-Q1.1_004.20sec.fsa,D21S11,B,23.2,180,3,24,182.24,2,26.2,192.37,2,28,198.59,6,29,202.76,120,OL,214.17,5,33.2,220.99,3,OL,227.78,3,35.2,228.94,3,37,234.92,3,OL,239.83,4,39,242.55,3,,,,,,,,,,,,,,,,,,,,,,,,,,,,,,,,,,,,,,,,,,,,,,,,,,,,,,,,,,,,,,,,,,,,,,,,,,,,,,,,,,,,,,,,,,,,,,,,,,,,,,,,,,,,,,,,,,,,,,,,,,,,,,,,,,,,,,,,,,,,,,,,,,,,,,,,,,,,,,,,,,,,,,,,,,,,,,,,,,,,,,,,,,,,,,,,,,,,,,,,,,,,,,,,,,,,,,,,,,,,,,,,,,,,,,,,,,,,,,,,,,,,,,,,,,,,,,,,,,,,,,,,
H02_RD14-0003-43d3-15-0.0078IP-Q1.1_004.20sec.fsa,D7S820,B,OL,253.54,3,OL,260.08,4,8,261.91,6,9,266.15,94,12,278.08,1,OL,280,3,14,285.9,2,OL,289.39,2,,,,,,,,,,,,,,,,,,,,,,,,,,,,,,,,,,,,,,,,,,,,,,,,,,,,,,,,,,,,,,,,,,,,,,,,,,,,,,,,,,,,,,,,,,,,,,,,,,,,,,,,,,,,,,,,,,,,,,,,,,,,,,,,,,,,,,,,,,,,,,,,,,,,,,,,,,,,,,,,,,,,,,,,,,,,,,,,,,,,,,,,,,,,,,,,,,,,,,,,,,,,,,,,,,,,,,,,,,,,,,,,,,,,,,,,,,,,,,,,,,,,,,,,,,,,,,,,,,,,,,,,,,,,,,,,,,,,
H02_RD14-0003-43d3-15-0.0078IP-Q1.1_004.20sec.fsa,CSF1PO,B,5,298.34,7,OL,303.49,3,OL,304.56,3,10,318.83,39,12,326.97,81,14,335.04,3,OL,340,3,,,,,,,,,,,,,,,,,,,,,,,,,,,,,,,,,,,,,,,,,,,,,,,,,,,,,,,,,,,,,,,,,,,,,,,,,,,,,,,,,,,,,,,,,,,,,,,,,,,,,,,,,,,,,,,,,,,,,,,,,,,,,,,,,,,,,,,,,,,,,,,,,,,,,,,,,,,,,,,,,,,,,,,,,,,,,,,,,,,,,,,,,,,,,,,,,,,,,,,,,,,,,,,,,,,,,,,,,,,,,,,,,,,,,,,,,,,,,,,,,,,,,,,,,,,,,,,,,,,,,,,,,,,,,,,,,,,,,,,
H02_RD14-0003-43d3-15-0.0078IP-Q1.1_004.20sec.fsa,D3S1358,G,OL,99.76,9,OL,100.56,17,OL,102.39,6,OL,109.29,3,OL,111.25,2,OL,113.69,5,13,114.3,7,OL,115.29,13,OL,116.05,14,15,122.38,106,15.2,124.08,2,OL,131.65,2,18,134.18,13,OL,143.25,2,,,,,,,,,,,,,,,,,,,,,,,,,,,,,,,,,,,,,,,,,,,,,,,,,,,,,,,,,,,,,,,,,,,,,,,,,,,,,,,,,,,,,,,,,,,,,,,,,,,,,,,,,,,,,,,,,,,,,,,,,,,,,,,,,,,,,,,,,,,,,,,,,,,,,,,,,,,,,,,,,,,,,,,,,,,,,,,,,,,,,,,,,,,,,,,,,,,,,,,,,,,,,,,,,,,,,,,,,,,,,,,,,,,,,,,,,,,,,,,,,,,,,,,,,,,,,,,,,,
H02_RD14-0003-43d3-15-0.0078IP-Q1.1_004.20sec.fsa,TH01,G,5.3,167.41,3,6,169.05,4,8,176.73,209,OL,177.95,3,9.3,184.24,5,13.3,200.49,5,,,,,,,,,,,,,,,,,,,,,,,,,,,,,,,,,,,,,,,,,,,,,,,,,,,,,,,,,,,,,,,,,,,,,,,,,,,,,,,,,,,,,,,,,,,,,,,,,,,,,,,,,,,,,,,,,,,,,,,,,,,,,,,,,,,,,,,,,,,,,,,,,,,,,,,,,,,,,,,,,,,,,,,,,,,,,,,,,,,,,,,,,,,,,,,,,,,,,,,,,,,,,,,,,,,,,,,,,,,,,,,,,,,,,,,,,,,,,,,,,,,,,,,,,,,,,,,,,,,,,,,,,,,,,,,,,,,,,,,,,,
H02_RD14-0003-43d3-15-0.0078IP-Q1.1_004.20sec.fsa,D13S317,G,OL,213.59,6,OL,220.5,3,OL,225.87,3,OL,234.42,3,14,239.42,6,,,,,,,,,,,,,,,,,,,,,,,,,,,,,,,,,,,,,,,,,,,,,,,,,,,,,,,,,,,,,,,,,,,,,,,,,,,,,,,,,,,,,,,,,,,,,,,,,,,,,,,,,,,,,,,,,,,,,,,,,,,,,,,,,,,,,,,,,,,,,,,,,,,,,,,,,,,,,,,,,,,,,,,,,,,,,,,,,,,,,,,,,,,,,,,,,,,,,,,,,,,,,,,,,,,,,,,,,,,,,,,,,,,,,,,,,,,,,,,,,,,,,,,,,,,,,,,,,,,,,,,,,,,,,,,,,,,,,,,,,,,,,
H02_RD14-0003-43d3-15-0.0078IP-Q1.1_004.20sec.fsa,D16S539,G,OL,250.41,4,5,251.89,5,OL,260.5,4,10,271.31,66,OL,272.65,6,,,,,,,,,,,,,,,,,,,,,,,,,,,,,,,,,,,,,,,,,,,,,,,,,,,,,,,,,,,,,,,,,,,,,,,,,,,,,,,,,,,,,,,,,,,,,,,,,,,,,,,,,,,,,,,,,,,,,,,,,,,,,,,,,,,,,,,,,,,,,,,,,,,,,,,,,,,,,,,,,,,,,,,,,,,,,,,,,,,,,,,,,,,,,,,,,,,,,,,,,,,,,,,,,,,,,,,,,,,,,,,,,,,,,,,,,,,,,,,,,,,,,,,,,,,,,,,,,,,,,,,,,,,,,,,,,,,,,,,,,,,,,
H02_RD14-0003-43d3-15-0.0078IP-Q1.1_004.20sec.fsa,D2S1338,G,14,300.57,6,OL,303.08,5,OL,309.36,5,17,313.15,6,18,316.95,5,19,321.13,98,OL,334.37,3,OL,336.22,10,OL,342.92,3,OL,347.29,7,,,,,,,,,,,,,,,,,,,,,,,,,,,,,,,,,,,,,,,,,,,,,,,,,,,,,,,,,,,,,,,,,,,,,,,,,,,,,,,,,,,,,,,,,,,,,,,,,,,,,,,,,,,,,,,,,,,,,,,,,,,,,,,,,,,,,,,,,,,,,,,,,,,,,,,,,,,,,,,,,,,,,,,,,,,,,,,,,,,,,,,,,,,,,,,,,,,,,,,,,,,,,,,,,,,,,,,,,,,,,,,,,,,,,,,,,,,,,,,,,,,,,,,,,,,,,,,,,,,,,,,,,,,,,,
H02_RD14-0003-43d3-15-0.0078IP-Q1.1_004.20sec.fsa,D19S433,Y,OL,97.42,7,10,104.06,11,OL,106.6,5,12.2,114,12,15,124.39,4,OL,140,10,,,,,,,,,,,,,,,,,,,,,,,,,,,,,,,,,,,,,,,,,,,,,,,,,,,,,,,,,,,,,,,,,,,,,,,,,,,,,,,,,,,,,,,,,,,,,,,,,,,,,,,,,,,,,,,,,,,,,,,,,,,,,,,,,,,,,,,,,,,,,,,,,,,,,,,,,,,,,,,,,,,,,,,,,,,,,,,,,,,,,,,,,,,,,,,,,,,,,,,,,,,,,,,,,,,,,,,,,,,,,,,,,,,,,,,,,,,,,,,,,,,,,,,,,,,,,,,,,,,,,,,,,,,,,,,,,,,,,,,,,,
H02_RD14-0003-43d3-15-0.0078IP-Q1.1_004.20sec.fsa,vWA,Y,OL,146.84,6,13,160,128,14,164.56,10,OL,165.62,12,OL,167.09,4,17,176.32,40,18.2,182.41,4,OL,183.66,4,OL,185.23,6,OL,191.87,5,OL,198.26,8,OL,201.62,5,OL,203.98,7,25,208.86,5,,,,,,,,,,,,,,,,,,,,,,,,,,,,,,,,,,,,,,,,,,,,,,,,,,,,,,,,,,,,,,,,,,,,,,,,,,,,,,,,,,,,,,,,,,,,,,,,,,,,,,,,,,,,,,,,,,,,,,,,,,,,,,,,,,,,,,,,,,,,,,,,,,,,,,,,,,,,,,,,,,,,,,,,,,,,,,,,,,,,,,,,,,,,,,,,,,,,,,,,,,,,,,,,,,,,,,,,,,,,,,,,,,,,,,,,,,,,,,,,,,,,,,,,,,,,,,,,,,
H02_RD14-0003-43d3-15-0.0078IP-Q1.1_004.20sec.fsa,TPOX,Y,8,228.85,40,11,240.85,35,12,245.27,6,,,,,,,,,,,,,,,,,,,,,,,,,,,,,,,,,,,,,,,,,,,,,,,,,,,,,,,,,,,,,,,,,,,,,,,,,,,,,,,,,,,,,,,,,,,,,,,,,,,,,,,,,,,,,,,,,,,,,,,,,,,,,,,,,,,,,,,,,,,,,,,,,,,,,,,,,,,,,,,,,,,,,,,,,,,,,,,,,,,,,,,,,,,,,,,,,,,,,,,,,,,,,,,,,,,,,,,,,,,,,,,,,,,,,,,,,,,,,,,,,,,,,,,,,,,,,,,,,,,,,,,,,,,,,,,,,,,,,,,,,,,,,,,,,,,
H02_RD14-0003-43d3-15-0.0078IP-Q1.1_004.20sec.fsa,D18S51,Y,OL,280.17,11,18,304.97,16,19,309.03,65,,,,,,,,,,,,,,,,,,,,,,,,,,,,,,,,,,,,,,,,,,,,,,,,,,,,,,,,,,,,,,,,,,,,,,,,,,,,,,,,,,,,,,,,,,,,,,,,,,,,,,,,,,,,,,,,,,,,,,,,,,,,,,,,,,,,,,,,,,,,,,,,,,,,,,,,,,,,,,,,,,,,,,,,,,,,,,,,,,,,,,,,,,,,,,,,,,,,,,,,,,,,,,,,,,,,,,,,,,,,,,,,,,,,,,,,,,,,,,,,,,,,,,,,,,,,,,,,,,,,,,,,,,,,,,,,,,,,,,,,,,,,,,,,,,,
H02_RD14-0003-43d3-15-0.0078IP-Q1.1_004.20sec.fsa,AMEL,R,X,104.94,89,Y,110.78,69,,,,,,,,,,,,,,,,,,,,,,,,,,,,,,,,,,,,,,,,,,,,,,,,,,,,,,,,,,,,,,,,,,,,,,,,,,,,,,,,,,,,,,,,,,,,,,,,,,,,,,,,,,,,,,,,,,,,,,,,,,,,,,,,,,,,,,,,,,,,,,,,,,,,,,,,,,,,,,,,,,,,,,,,,,,,,,,,,,,,,,,,,,,,,,,,,,,,,,,,,,,,,,,,,,,,,,,,,,,,,,,,,,,,,,,,,,,,,,,,,,,,,,,,,,,,,,,,,,,,,,,,,,,,,,,,,,,,,,,,,,,,,,,,,,,,,,
H02_RD14-0003-43d3-15-0.0078IP-Q1.1_004.20sec.fsa,D5S818,R,OL,125.71,9,6,128.51,4,OL,133.7,7,OL,135.45,7,OL,141.87,8,OL,143.33,12,12,152.99,61,OL,158.1,9,OL,167.33,6,OL,168.64,4,,,,,,,,,,,,,,,,,,,,,,,,,,,,,,,,,,,,,,,,,,,,,,,,,,,,,,,,,,,,,,,,,,,,,,,,,,,,,,,,,,,,,,,,,,,,,,,,,,,,,,,,,,,,,,,,,,,,,,,,,,,,,,,,,,,,,,,,,,,,,,,,,,,,,,,,,,,,,,,,,,,,,,,,,,,,,,,,,,,,,,,,,,,,,,,,,,,,,,,,,,,,,,,,,,,,,,,,,,,,,,,,,,,,,,,,,,,,,,,,,,,,,,,,,,,,,,,,,,,,,,,,,,,,,,
H02_RD14-0003-43d3-15-0.0078IP-Q1.1_004.20sec.fsa,FGA,R,OL,207.72,6,OL,212.12,11,21.2,231.09,5,22.2,235.5,3,23.2,239,6,27,253.37,12,28,257.55,140,OL,262.74,5,29.2,264.07,6,OL,264.98,5,OL,272.9,7,OL,282.91,7,OL,289.22,9,OL,295.94,6,OL,297.85,6,OL,303.65,6,OL,308.61,6,OL,327.74,6,OL,342.32,7,,,,,,,,,,,,,,,,,,,,,,,,,,,,,,,,,,,,,,,,,,,,,,,,,,,,,,,,,,,,,,,,,,,,,,,,,,,,,,,,,,,,,,,,,,,,,,,,,,,,,,,,,,,,,,,,,,,,,,,,,,,,,,,,,,,,,,,,,,,,,,,,,,,,,,,,,,,,,,,,,,,,,,,,,,,,,,,,,,,,,,,,,,,,,,,,,,,,,,,,,,,,,,,,,,,,,,,,,,,,,,,,,,,,,,,,,,,,,,,,,,,
H03_RD14-0003-43d3-30-0.0156IP-Q1.3_004.20sec.fsa,D8S1179,B,OL,115.56,4,OL,122.55,26,10,129.69,9,11,133.69,152,12,137.89,17,13,142.06,370,14,146.02,3,OL,149.52,6,OL,153.67,5,OL,158.07,3,OL,163.87,7,OL,169.24,3,OL,169.95,3,OL,171.93,4,OL,172.56,3,,,,,,,,,,,,,,,,,,,,,,,,,,,,,,,,,,,,,,,,,,,,,,,,,,,,,,,,,,,,,,,,,,,,,,,,,,,,,,,,,,,,,,,,,,,,,,,,,,,,,,,,,,,,,,,,,,,,,,,,,,,,,,,,,,,,,,,,,,,,,,,,,,,,,,,,,,,,,,,,,,,,,,,,,,,,,,,,,,,,,,,,,,,,,,,,,,,,,,,,,,,,,,,,,,,,,,,,,,,,,,,,,,,,,,,,,,,,,,,,,,,,,,,,,,,,,,,
H03_RD14-0003-43d3-30-0.0156IP-Q1.3_004.20sec.fsa,D21S11,B,25,186.76,3,26,190.77,5,27,194.71,44,27.2,196.23,7,OL,200,5,OL,211.79,5,OL,214,5,32.2,216.51,2,OL,225.74,11,,,,,,,,,,,,,,,,,,,,,,,,,,,,,,,,,,,,,,,,,,,,,,,,,,,,,,,,,,,,,,,,,,,,,,,,,,,,,,,,,,,,,,,,,,,,,,,,,,,,,,,,,,,,,,,,,,,,,,,,,,,,,,,,,,,,,,,,,,,,,,,,,,,,,,,,,,,,,,,,,,,,,,,,,,,,,,,,,,,,,,,,,,,,,,,,,,,,,,,,,,,,,,,,,,,,,,,,,,,,,,,,,,,,,,,,,,,,,,,,,,,,,,,,,,,,,,,,,,,,,,,,,,,,,,,,,
H03_RD14-0003-43d3-30-0.0156IP-Q1.3_004.20sec.fsa,D7S820,B,OL,253.64,3,OL,258.83,9,8,262.16,139,9,266.16,164,OL,289.53,2,OL,290.73,5,,,,,,,,,,,,,,,,,,,,,,,,,,,,,,,,,,,,,,,,,,,,,,,,,,,,,,,,,,,,,,,,,,,,,,,,,,,,,,,,,,,,,,,,,,,,,,,,,,,,,,,,,,,,,,,,,,,,,,,,,,,,,,,,,,,,,,,,,,,,,,,,,,,,,,,,,,,,,,,,,,,,,,,,,,,,,,,,,,,,,,,,,,,,,,,,,,,,,,,,,,,,,,,,,,,,,,,,,,,,,,,,,,,,,,,,,,,,,,,,,,,,,,,,,,,,,,,,,,,,,,,,,,,,,,,,,,,,,,,,,,
H03_RD14-0003-43d3-30-0.0156IP-Q1.3_004.20sec.fsa,CSF1PO,B,OL,300,5,OL,307.63,3,9,314.17,5,OL,315.19,4,OL,315.96,3,10,318.79,46,OL,320.17,7,OL,324.81,2,12,326.88,68,OL,329.26,3,OL,333.84,4,OL,336.2,3,OL,340,7,OL,343.87,4,,,,,,,,,,,,,,,,,,,,,,,,,,,,,,,,,,,,,,,,,,,,,,,,,,,,,,,,,,,,,,,,,,,,,,,,,,,,,,,,,,,,,,,,,,,,,,,,,,,,,,,,,,,,,,,,,,,,,,,,,,,,,,,,,,,,,,,,,,,,,,,,,,,,,,,,,,,,,,,,,,,,,,,,,,,,,,,,,,,,,,,,,,,,,,,,,,,,,,,,,,,,,,,,,,,,,,,,,,,,,,,,,,,,,,,,,,,,,,,,,,,,,,,,,,,,,,,,,,
H03_RD14-0003-43d3-30-0.0156IP-Q1.3_004.20sec.fsa,D3S1358,G,OL,94.88,6,OL,104.67,5,OL,115.78,21,14,118.45,11,15,122.4,259,OL,125.12,6,OL,125.73,6,18.2,136.41,5,OL,140.63,8,,,,,,,,,,,,,,,,,,,,,,,,,,,,,,,,,,,,,,,,,,,,,,,,,,,,,,,,,,,,,,,,,,,,,,,,,,,,,,,,,,,,,,,,,,,,,,,,,,,,,,,,,,,,,,,,,,,,,,,,,,,,,,,,,,,,,,,,,,,,,,,,,,,,,,,,,,,,,,,,,,,,,,,,,,,,,,,,,,,,,,,,,,,,,,,,,,,,,,,,,,,,,,,,,,,,,,,,,,,,,,,,,,,,,,,,,,,,,,,,,,,,,,,,,,,,,,,,,,,,,,,,,,,,,,,,,
H03_RD14-0003-43d3-30-0.0156IP-Q1.3_004.20sec.fsa,TH01,G,OL,162.05,5,OL,162.6,5,6,168.69,5,7,172.72,12,8,176.75,414,9.3,183.94,107,OL,186.11,12,OL,196.07,6,,,,,,,,,,,,,,,,,,,,,,,,,,,,,,,,,,,,,,,,,,,,,,,,,,,,,,,,,,,,,,,,,,,,,,,,,,,,,,,,,,,,,,,,,,,,,,,,,,,,,,,,,,,,,,,,,,,,,,,,,,,,,,,,,,,,,,,,,,,,,,,,,,,,,,,,,,,,,,,,,,,,,,,,,,,,,,,,,,,,,,,,,,,,,,,,,,,,,,,,,,,,,,,,,,,,,,,,,,,,,,,,,,,,,,,,,,,,,,,,,,,,,,,,,,,,,,,,,,,,,,,,,,,,,,,,,,,,
H03_RD14-0003-43d3-30-0.0156IP-Q1.3_004.20sec.fsa,D13S317,G,OL,209.18,4,OL,209.81,4,OL,212.66,14,9,219.51,9,11,227.17,55,OL,237.43,4,OL,240.5,7,OL,245.39,2,,,,,,,,,,,,,,,,,,,,,,,,,,,,,,,,,,,,,,,,,,,,,,,,,,,,,,,,,,,,,,,,,,,,,,,,,,,,,,,,,,,,,,,,,,,,,,,,,,,,,,,,,,,,,,,,,,,,,,,,,,,,,,,,,,,,,,,,,,,,,,,,,,,,,,,,,,,,,,,,,,,,,,,,,,,,,,,,,,,,,,,,,,,,,,,,,,,,,,,,,,,,,,,,,,,,,,,,,,,,,,,,,,,,,,,,,,,,,,,,,,,,,,,,,,,,,,,,,,,,,,,,,,,,,,,,,,,,
H03_RD14-0003-43d3-30-0.0156IP-Q1.3_004.20sec.fsa,D16S539,G,6,256.01,4,OL,258.05,7,OL,264.32,5,9,267.28,9,10,271.3,101,OL,277.9,5,12,279.19,4,OL,284.81,3,OL,293.29,4,,,,,,,,,,,,,,,,,,,,,,,,,,,,,,,,,,,,,,,,,,,,,,,,,,,,,,,,,,,,,,,,,,,,,,,,,,,,,,,,,,,,,,,,,,,,,,,,,,,,,,,,,,,,,,,,,,,,,,,,,,,,,,,,,,,,,,,,,,,,,,,,,,,,,,,,,,,,,,,,,,,,,,,,,,,,,,,,,,,,,,,,,,,,,,,,,,,,,,,,,,,,,,,,,,,,,,,,,,,,,,,,,,,,,,,,,,,,,,,,,,,,,,,,,,,,,,,,,,,,,,,,,,,,,,,,,
H03_RD14-0003-43d3-30-0.0156IP-Q1.3_004.20sec.fsa,D2S1338,G,OL,301.79,3,OL,303.91,5,OL,307.55,2,OL,311.56,3,OL,313.35,7,OL,319.31,7,OL,334.98,4,OL,335.55,4,23,337.09,5,OL,339.6,8,OL,350.69,3,OL,359.42,5,,,,,,,,,,,,,,,,,,,,,,,,,,,,,,,,,,,,,,,,,,,,,,,,,,,,,,,,,,,,,,,,,,,,,,,,,,,,,,,,,,,,,,,,,,,,,,,,,,,,,,,,,,,,,,,,,,,,,,,,,,,,,,,,,,,,,,,,,,,,,,,,,,,,,,,,,,,,,,,,,,,,,,,,,,,,,,,,,,,,,,,,,,,,,,,,,,,,,,,,,,,,,,,,,,,,,,,,,,,,,,,,,,,,,,,,,,,,,,,,,,,,,,,,,,,,,,,,,,,,,,,,
H03_RD14-0003-43d3-30-0.0156IP-Q1.3_004.20sec.fsa,D19S433,Y,9,100,6,11,108.54,5,12.2,114.22,7,13.2,118.23,7,14,120.15,43,15,124.59,7,15.2,126.34,5,17,132,4,OL,135.09,7,OL,140.16,6,,,,,,,,,,,,,,,,,,,,,,,,,,,,,,,,,,,,,,,,,,,,,,,,,,,,,,,,,,,,,,,,,,,,,,,,,,,,,,,,,,,,,,,,,,,,,,,,,,,,,,,,,,,,,,,,,,,,,,,,,,,,,,,,,,,,,,,,,,,,,,,,,,,,,,,,,,,,,,,,,,,,,,,,,,,,,,,,,,,,,,,,,,,,,,,,,,,,,,,,,,,,,,,,,,,,,,,,,,,,,,,,,,,,,,,,,,,,,,,,,,,,,,,,,,,,,,,,,,,,,,,,,,,,,,
H03_RD14-0003-43d3-30-0.0156IP-Q1.3_004.20sec.fsa,vWA,Y,10,147.61,8,OL,159.12,7,13,160,33,OL,165.53,11,OL,200.08,11,OL,205.48,4,,,,,,,,,,,,,,,,,,,,,,,,,,,,,,,,,,,,,,,,,,,,,,,,,,,,,,,,,,,,,,,,,,,,,,,,,,,,,,,,,,,,,,,,,,,,,,,,,,,,,,,,,,,,,,,,,,,,,,,,,,,,,,,,,,,,,,,,,,,,,,,,,,,,,,,,,,,,,,,,,,,,,,,,,,,,,,,,,,,,,,,,,,,,,,,,,,,,,,,,,,,,,,,,,,,,,,,,,,,,,,,,,,,,,,,,,,,,,,,,,,,,,,,,,,,,,,,,,,,,,,,,,,,,,,,,,,,,,,,,,,
H03_RD14-0003-43d3-30-0.0156IP-Q1.3_004.20sec.fsa,TPOX,Y,8,228.69,74,OL,233.57,9,11,240.83,219,12,245.31,8,OL,246.46,7,,,,,,,,,,,,,,,,,,,,,,,,,,,,,,,,,,,,,,,,,,,,,,,,,,,,,,,,,,,,,,,,,,,,,,,,,,,,,,,,,,,,,,,,,,,,,,,,,,,,,,,,,,,,,,,,,,,,,,,,,,,,,,,,,,,,,,,,,,,,,,,,,,,,,,,,,,,,,,,,,,,,,,,,,,,,,,,,,,,,,,,,,,,,,,,,,,,,,,,,,,,,,,,,,,,,,,,,,,,,,,,,,,,,,,,,,,,,,,,,,,,,,,,,,,,,,,,,,,,,,,,,,,,,,,,,,,,,,,,,,,,,,
H03_RD14-0003-43d3-30-0.0156IP-Q1.3_004.20sec.fsa,D18S51,Y,12,280.88,9,12,281.44,6,OL,290.57,6,14.2,291.61,4,OL,294.25,5,18,304.93,33,OL,310.35,7,19.2,311.08,5,OL,314.6,7,OL,320.08,12,OL,330.74,7,26,337.49,7,OL,340.08,9,OL,344.44,7,OL,346.66,9,,,,,,,,,,,,,,,,,,,,,,,,,,,,,,,,,,,,,,,,,,,,,,,,,,,,,,,,,,,,,,,,,,,,,,,,,,,,,,,,,,,,,,,,,,,,,,,,,,,,,,,,,,,,,,,,,,,,,,,,,,,,,,,,,,,,,,,,,,,,,,,,,,,,,,,,,,,,,,,,,,,,,,,,,,,,,,,,,,,,,,,,,,,,,,,,,,,,,,,,,,,,,,,,,,,,,,,,,,,,,,,,,,,,,,,,,,,,,,,,,,,,,,,,,,,,,,,
H03_RD14-0003-43d3-30-0.0156IP-Q1.3_004.20sec.fsa,AMEL,R,OL,108.31,3,Y,110.85,200,,,,,,,,,,,,,,,,,,,,,,,,,,,,,,,,,,,,,,,,,,,,,,,,,,,,,,,,,,,,,,,,,,,,,,,,,,,,,,,,,,,,,,,,,,,,,,,,,,,,,,,,,,,,,,,,,,,,,,,,,,,,,,,,,,,,,,,,,,,,,,,,,,,,,,,,,,,,,,,,,,,,,,,,,,,,,,,,,,,,,,,,,,,,,,,,,,,,,,,,,,,,,,,,,,,,,,,,,,,,,,,,,,,,,,,,,,,,,,,,,,,,,,,,,,,,,,,,,,,,,,,,,,,,,,,,,,,,,,,,,,,,,,,,,,,,,,
H03_RD14-0003-43d3-30-0.0156IP-Q1.3_004.20sec.fsa,D5S818,R,OL,125.88,9,OL,129.54,12,9,141.11,9,10,144.75,14,11,148.89,61,12,153.03,66,OL,157.99,6,OL,159.36,6,OL,163.79,6,15,165.13,11,16,168.92,5,,,,,,,,,,,,,,,,,,,,,,,,,,,,,,,,,,,,,,,,,,,,,,,,,,,,,,,,,,,,,,,,,,,,,,,,,,,,,,,,,,,,,,,,,,,,,,,,,,,,,,,,,,,,,,,,,,,,,,,,,,,,,,,,,,,,,,,,,,,,,,,,,,,,,,,,,,,,,,,,,,,,,,,,,,,,,,,,,,,,,,,,,,,,,,,,,,,,,,,,,,,,,,,,,,,,,,,,,,,,,,,,,,,,,,,,,,,,,,,,,,,,,,,,,,,,,,,,,,,,,,,,,,,
H03_RD14-0003-43d3-30-0.0156IP-Q1.3_004.20sec.fsa,FGA,R,17.2,214.81,7,OL,226.46,7,21,229.25,27,21.2,230.77,5,23,237.03,9,OL,238.39,8,27.2,255.93,5,28,258.05,7,29.2,263.44,8,OL,286.97,10,OL,303.67,7,OL,307.47,8,OL,314.94,9,42.2,316.13,7,OL,318.36,10,OL,319.31,6,43.2,320.58,2,OL,327.04,6,OL,337.01,8,OL,347.32,6,OL,350.04,9,OL,352.09,6,OL,354.15,5,,,,,,,,,,,,,,,,,,,,,,,,,,,,,,,,,,,,,,,,,,,,,,,,,,,,,,,,,,,,,,,,,,,,,,,,,,,,,,,,,,,,,,,,,,,,,,,,,,,,,,,,,,,,,,,,,,,,,,,,,,,,,,,,,,,,,,,,,,,,,,,,,,,,,,,,,,,,,,,,,,,,,,,,,,,,,,,,,,,,,,,,,,,,,,,,,,,,,,,,,,,,,,,,,,,,,,,,,,,,,,,,,,,,,,,
H04_RD14-0003-43d2-45-0.0156IP-Q1.5_004.20sec.fsa,D8S1179,B,OL,111.77,6,OL,115.04,3,8,122.18,28,OL,131.81,3,OL,134.83,11,12,137.96,8,13,142.07,172,OL,164.68,3,OL,165.55,7,20,171.26,3,,,,,,,,,,,,,,,,,,,,,,,,,,,,,,,,,,,,,,,,,,,,,,,,,,,,,,,,,,,,,,,,,,,,,,,,,,,,,,,,,,,,,,,,,,,,,,,,,,,,,,,,,,,,,,,,,,,,,,,,,,,,,,,,,,,,,,,,,,,,,,,,,,,,,,,,,,,,,,,,,,,,,,,,,,,,,,,,,,,,,,,,,,,,,,,,,,,,,,,,,,,,,,,,,,,,,,,,,,,,,,,,,,,,,,,,,,,,,,,,,,,,,,,,,,,,,,,,,,,,,,,,,,,,,,
H04_RD14-0003-43d2-45-0.0156IP-Q1.5_004.20sec.fsa,D21S11,B,26,190.65,4,27,194.68,73,28,198.71,14,OL,200,5,29,202.67,223,OL,209.62,3,OL,211.53,9,OL,214,10,32.2,217.12,3,34,223.31,4,OL,225.49,4,37.2,237.1,5,OL,240,7,,,,,,,,,,,,,,,,,,,,,,,,,,,,,,,,,,,,,,,,,,,,,,,,,,,,,,,,,,,,,,,,,,,,,,,,,,,,,,,,,,,,,,,,,,,,,,,,,,,,,,,,,,,,,,,,,,,,,,,,,,,,,,,,,,,,,,,,,,,,,,,,,,,,,,,,,,,,,,,,,,,,,,,,,,,,,,,,,,,,,,,,,,,,,,,,,,,,,,,,,,,,,,,,,,,,,,,,,,,,,,,,,,,,,,,,,,,,,,,,,,,,,,,,,,,,,,,,,,,,,
H04_RD14-0003-43d2-45-0.0156IP-Q1.5_004.20sec.fsa,D7S820,B,7,258.1,4,OL,258.81,3,8,262.1,62,9,266.13,65,OL,271.15,2,OL,272.45,4,OL,277.15,3,OL,280,7,14,286.51,3,,,,,,,,,,,,,,,,,,,,,,,,,,,,,,,,,,,,,,,,,,,,,,,,,,,,,,,,,,,,,,,,,,,,,,,,,,,,,,,,,,,,,,,,,,,,,,,,,,,,,,,,,,,,,,,,,,,,,,,,,,,,,,,,,,,,,,,,,,,,,,,,,,,,,,,,,,,,,,,,,,,,,,,,,,,,,,,,,,,,,,,,,,,,,,,,,,,,,,,,,,,,,,,,,,,,,,,,,,,,,,,,,,,,,,,,,,,,,,,,,,,,,,,,,,,,,,,,,,,,,,,,,,,,,,,,,
H04_RD14-0003-43d2-45-0.0156IP-Q1.5_004.20sec.fsa,CSF1PO,B,OL,299.92,6,OL,305.96,3,OL,314,7,OL,316.22,5,10,318.8,42,OL,323.58,3,12,327.06,7,OL,332.74,3,OL,336.42,3,OL,337.4,4,OL,340.08,6,,,,,,,,,,,,,,,,,,,,,,,,,,,,,,,,,,,,,,,,,,,,,,,,,,,,,,,,,,,,,,,,,,,,,,,,,,,,,,,,,,,,,,,,,,,,,,,,,,,,,,,,,,,,,,,,,,,,,,,,,,,,,,,,,,,,,,,,,,,,,,,,,,,,,,,,,,,,,,,,,,,,,,,,,,,,,,,,,,,,,,,,,,,,,,,,,,,,,,,,,,,,,,,,,,,,,,,,,,,,,,,,,,,,,,,,,,,,,,,,,,,,,,,,,,,,,,,,,,,,,,,,,,,
H04_RD14-0003-43d2-45-0.0156IP-Q1.5_004.20sec.fsa,D3S1358,G,OL,98.54,8,OL,99.46,7,OL,101.34,7,OL,101.89,6,OL,104.71,12,OL,107.43,6,OL,109.22,8,OL,112.23,4,13,114.97,15,OL,115.63,17,14,118.45,13,OL,119.48,4,15,122.33,341,15.2,124.23,5,16.2,127.96,7,OL,128.88,3,17.2,132.81,6,19,138.11,6,OL,138.98,6,OL,140.71,4,,,,,,,,,,,,,,,,,,,,,,,,,,,,,,,,,,,,,,,,,,,,,,,,,,,,,,,,,,,,,,,,,,,,,,,,,,,,,,,,,,,,,,,,,,,,,,,,,,,,,,,,,,,,,,,,,,,,,,,,,,,,,,,,,,,,,,,,,,,,,,,,,,,,,,,,,,,,,,,,,,,,,,,,,,,,,,,,,,,,,,,,,,,,,,,,,,,,,,,,,,,,,,,,,,,,,,,,,,,,,,,,,,,,,,,,,,,,,,,,
H04_RD14-0003-43d2-45-0.0156IP-Q1.5_004.20sec.fsa,TH01,G,OL,157.26,8,OL,159.52,5,OL,166.82,11,6,169.04,5,OL,174.6,4,9.3,183.96,114,OL,189.85,4,OL,194.36,9,OL,196.46,4,,,,,,,,,,,,,,,,,,,,,,,,,,,,,,,,,,,,,,,,,,,,,,,,,,,,,,,,,,,,,,,,,,,,,,,,,,,,,,,,,,,,,,,,,,,,,,,,,,,,,,,,,,,,,,,,,,,,,,,,,,,,,,,,,,,,,,,,,,,,,,,,,,,,,,,,,,,,,,,,,,,,,,,,,,,,,,,,,,,,,,,,,,,,,,,,,,,,,,,,,,,,,,,,,,,,,,,,,,,,,,,,,,,,,,,,,,,,,,,,,,,,,,,,,,,,,,,,,,,,,,,,,,,,,,,,,
H04_RD14-0003-43d2-45-0.0156IP-Q1.5_004.20sec.fsa,D13S317,G,OL,203.93,4,OL,213.36,7,8,215.39,3,9,219.59,6,OL,220.57,5,11,227.27,57,OL,232.03,7,14,239.52,10,,,,,,,,,,,,,,,,,,,,,,,,,,,,,,,,,,,,,,,,,,,,,,,,,,,,,,,,,,,,,,,,,,,,,,,,,,,,,,,,,,,,,,,,,,,,,,,,,,,,,,,,,,,,,,,,,,,,,,,,,,,,,,,,,,,,,,,,,,,,,,,,,,,,,,,,,,,,,,,,,,,,,,,,,,,,,,,,,,,,,,,,,,,,,,,,,,,,,,,,,,,,,,,,,,,,,,,,,,,,,,,,,,,,,,,,,,,,,,,,,,,,,,,,,,,,,,,,,,,,,,,,,,,,,,,,,,,,
H04_RD14-0003-43d2-45-0.0156IP-Q1.5_004.20sec.fsa,D16S539,G,5,251.28,4,OL,256.52,2,OL,273.02,5,OL,274.56,4,11,275.37,6,12,279.35,6,12.2,281.53,5,14,287.56,5,,,,,,,,,,,,,,,,,,,,,,,,,,,,,,,,,,,,,,,,,,,,,,,,,,,,,,,,,,,,,,,,,,,,,,,,,,,,,,,,,,,,,,,,,,,,,,,,,,,,,,,,,,,,,,,,,,,,,,,,,,,,,,,,,,,,,,,,,,,,,,,,,,,,,,,,,,,,,,,,,,,,,,,,,,,,,,,,,,,,,,,,,,,,,,,,,,,,,,,,,,,,,,,,,,,,,,,,,,,,,,,,,,,,,,,,,,,,,,,,,,,,,,,,,,,,,,,,,,,,,,,,,,,,,,,,,,,,
H04_RD14-0003-43d2-45-0.0156IP-Q1.5_004.20sec.fsa,D2S1338,G,OL,314.6,7,OL,319.4,9,OL,320.58,6,OL,323.33,5,OL,330.93,6,OL,339.51,10,OL,340.5,7,25,344.73,4,OL,349.79,4,29,361.97,6,OL,364.27,4,,,,,,,,,,,,,,,,,,,,,,,,,,,,,,,,,,,,,,,,,,,,,,,,,,,,,,,,,,,,,,,,,,,,,,,,,,,,,,,,,,,,,,,,,,,,,,,,,,,,,,,,,,,,,,,,,,,,,,,,,,,,,,,,,,,,,,,,,,,,,,,,,,,,,,,,,,,,,,,,,,,,,,,,,,,,,,,,,,,,,,,,,,,,,,,,,,,,,,,,,,,,,,,,,,,,,,,,,,,,,,,,,,,,,,,,,,,,,,,,,,,,,,,,,,,,,,,,,,,,,,,,,,,
H04_RD14-0003-43d2-45-0.0156IP-Q1.5_004.20sec.fsa,D19S433,Y,9,100,11,10.2,106.19,7,OL,113,6,12.2,114.45,22,13.2,118.23,56,14,120.23,58,15.2,126.36,5,16,128.27,6,17,131.65,10,OL,135.3,12,,,,,,,,,,,,,,,,,,,,,,,,,,,,,,,,,,,,,,,,,,,,,,,,,,,,,,,,,,,,,,,,,,,,,,,,,,,,,,,,,,,,,,,,,,,,,,,,,,,,,,,,,,,,,,,,,,,,,,,,,,,,,,,,,,,,,,,,,,,,,,,,,,,,,,,,,,,,,,,,,,,,,,,,,,,,,,,,,,,,,,,,,,,,,,,,,,,,,,,,,,,,,,,,,,,,,,,,,,,,,,,,,,,,,,,,,,,,,,,,,,,,,,,,,,,,,,,,,,,,,,,,,,,,,,
H04_RD14-0003-43d2-45-0.0156IP-Q1.5_004.20sec.fsa,vWA,Y,13,160.08,79,OL,165.23,15,22,196.78,7,,,,,,,,,,,,,,,,,,,,,,,,,,,,,,,,,,,,,,,,,,,,,,,,,,,,,,,,,,,,,,,,,,,,,,,,,,,,,,,,,,,,,,,,,,,,,,,,,,,,,,,,,,,,,,,,,,,,,,,,,,,,,,,,,,,,,,,,,,,,,,,,,,,,,,,,,,,,,,,,,,,,,,,,,,,,,,,,,,,,,,,,,,,,,,,,,,,,,,,,,,,,,,,,,,,,,,,,,,,,,,,,,,,,,,,,,,,,,,,,,,,,,,,,,,,,,,,,,,,,,,,,,,,,,,,,,,,,,,,,,,,,,,,,,,,
H04_RD14-0003-43d2-45-0.0156IP-Q1.5_004.20sec.fsa,TPOX,Y,OL,214.08,11,8,228.8,79,10,237.34,8,11,240.91,36,OL,243.04,9,,,,,,,,,,,,,,,,,,,,,,,,,,,,,,,,,,,,,,,,,,,,,,,,,,,,,,,,,,,,,,,,,,,,,,,,,,,,,,,,,,,,,,,,,,,,,,,,,,,,,,,,,,,,,,,,,,,,,,,,,,,,,,,,,,,,,,,,,,,,,,,,,,,,,,,,,,,,,,,,,,,,,,,,,,,,,,,,,,,,,,,,,,,,,,,,,,,,,,,,,,,,,,,,,,,,,,,,,,,,,,,,,,,,,,,,,,,,,,,,,,,,,,,,,,,,,,,,,,,,,,,,,,,,,,,,,,,,,,,,,,,,,
H04_RD14-0003-43d2-45-0.0156IP-Q1.5_004.20sec.fsa,D18S51,Y,7,260.64,7,OL,261.45,7,OL,278.05,6,OL,282.57,10,OL,284.02,10,13,285.15,9,OL,292.14,10,OL,298.16,8,20.2,315.37,6,21,317.68,7,,,,,,,,,,,,,,,,,,,,,,,,,,,,,,,,,,,,,,,,,,,,,,,,,,,,,,,,,,,,,,,,,,,,,,,,,,,,,,,,,,,,,,,,,,,,,,,,,,,,,,,,,,,,,,,,,,,,,,,,,,,,,,,,,,,,,,,,,,,,,,,,,,,,,,,,,,,,,,,,,,,,,,,,,,,,,,,,,,,,,,,,,,,,,,,,,,,,,,,,,,,,,,,,,,,,,,,,,,,,,,,,,,,,,,,,,,,,,,,,,,,,,,,,,,,,,,,,,,,,,,,,,,,,,,
H04_RD14-0003-43d2-45-0.0156IP-Q1.5_004.20sec.fsa,AMEL,R,X,104.94,100,OL,107.43,4,Y,110.92,93,,,,,,,,,,,,,,,,,,,,,,,,,,,,,,,,,,,,,,,,,,,,,,,,,,,,,,,,,,,,,,,,,,,,,,,,,,,,,,,,,,,,,,,,,,,,,,,,,,,,,,,,,,,,,,,,,,,,,,,,,,,,,,,,,,,,,,,,,,,,,,,,,,,,,,,,,,,,,,,,,,,,,,,,,,,,,,,,,,,,,,,,,,,,,,,,,,,,,,,,,,,,,,,,,,,,,,,,,,,,,,,,,,,,,,,,,,,,,,,,,,,,,,,,,,,,,,,,,,,,,,,,,,,,,,,,,,,,,,,,,,,,,,,,,,,
H04_RD14-0003-43d2-45-0.0156IP-Q1.5_004.20sec.fsa,D5S818,R,OL,129.57,7,OL,130.03,6,OL,131.96,9,11,148.84,72,OL,150.28,8,12,153.09,97,14,161.19,9,OL,172.85,7,OL,174.2,8,,,,,,,,,,,,,,,,,,,,,,,,,,,,,,,,,,,,,,,,,,,,,,,,,,,,,,,,,,,,,,,,,,,,,,,,,,,,,,,,,,,,,,,,,,,,,,,,,,,,,,,,,,,,,,,,,,,,,,,,,,,,,,,,,,,,,,,,,,,,,,,,,,,,,,,,,,,,,,,,,,,,,,,,,,,,,,,,,,,,,,,,,,,,,,,,,,,,,,,,,,,,,,,,,,,,,,,,,,,,,,,,,,,,,,,,,,,,,,,,,,,,,,,,,,,,,,,,,,,,,,,,,,,,,,,,,
H04_RD14-0003-43d2-45-0.0156IP-Q1.5_004.20sec.fsa,FGA,R,17.2,214.57,7,OL,222.18,10,OL,224.36,5,OL,226.38,5,24,240.99,5,27.2,255.57,10,OL,258.97,8,OL,260.97,6,OL,277.4,6,OL,289.08,5,OL,296.23,8,OL,299.36,6,42.2,315.88,7,OL,317.34,11,OL,317.94,8,OL,319.05,8,OL,346.14,5,51.2,352.28,6,OL,357.1,4,OL,359.17,9,,,,,,,,,,,,,,,,,,,,,,,,,,,,,,,,,,,,,,,,,,,,,,,,,,,,,,,,,,,,,,,,,,,,,,,,,,,,,,,,,,,,,,,,,,,,,,,,,,,,,,,,,,,,,,,,,,,,,,,,,,,,,,,,,,,,,,,,,,,,,,,,,,,,,,,,,,,,,,,,,,,,,,,,,,,,,,,,,,,,,,,,,,,,,,,,,,,,,,,,,,,,,,,,,,,,,,,,,,,,,,,,,,,,,,,,,,,,,,,,
H05_RD14-0003-44d3a-0.125IP-Q0.9_004.20sec.fsa,D8S1179,B,OL,113.85,3,7,117.38,4,OL,123.25,33,11,133.67,5,OL,136.79,5,OL,138.35,4,OL,140,4,13,142,44,14,146.19,612,15,150.31,858,16,154.45,12,19,166.51,3,OL,174.5,5,OL,175.39,4,OL,176.68,5,OL,178.22,8,,,,,,,,,,,,,,,,,,,,,,,,,,,,,,,,,,,,,,,,,,,,,,,,,,,,,,,,,,,,,,,,,,,,,,,,,,,,,,,,,,,,,,,,,,,,,,,,,,,,,,,,,,,,,,,,,,,,,,,,,,,,,,,,,,,,,,,,,,,,,,,,,,,,,,,,,,,,,,,,,,,,,,,,,,,,,,,,,,,,,,,,,,,,,,,,,,,,,,,,,,,,,,,,,,,,,,,,,,,,,,,,,,,,,,,,,,,,,,,,,,,,,,,,,,,,
H05_RD14-0003-44d3a-0.125IP-Q0.9_004.20sec.fsa,D21S11,B,23.2,180,5,25.2,188.39,4,27,194.64,26,28,198.68,436,OL,199.84,8,30,206.56,7,31,210.72,68,OL,213.34,9,32,214.76,693,OL,224.4,12,OL,232.39,3,37.2,237.24,3,,,,,,,,,,,,,,,,,,,,,,,,,,,,,,,,,,,,,,,,,,,,,,,,,,,,,,,,,,,,,,,,,,,,,,,,,,,,,,,,,,,,,,,,,,,,,,,,,,,,,,,,,,,,,,,,,,,,,,,,,,,,,,,,,,,,,,,,,,,,,,,,,,,,,,,,,,,,,,,,,,,,,,,,,,,,,,,,,,,,,,,,,,,,,,,,,,,,,,,,,,,,,,,,,,,,,,,,,,,,,,,,,,,,,,,,,,,,,,,,,,,,,,,,,,,,,,,,,,,,,,,,
H05_RD14-0003-44d3a-0.125IP-Q0.9_004.20sec.fsa,D7S820,B,OL,248.71,8,OL,260.08,13,8,262.2,272,9,266.26,22,10,270.17,561,OL,280.17,4,,,,,,,,,,,,,,,,,,,,,,,,,,,,,,,,,,,,,,,,,,,,,,,,,,,,,,,,,,,,,,,,,,,,,,,,,,,,,,,,,,,,,,,,,,,,,,,,,,,,,,,,,,,,,,,,,,,,,,,,,,,,,,,,,,,,,,,,,,,,,,,,,,,,,,,,,,,,,,,,,,,,,,,,,,,,,,,,,,,,,,,,,,,,,,,,,,,,,,,,,,,,,,,,,,,,,,,,,,,,,,,,,,,,,,,,,,,,,,,,,,,,,,,,,,,,,,,,,,,,,,,,,,,,,,,,,,,,,,,,,,
H05_RD14-0003-44d3a-0.125IP-Q0.9_004.20sec.fsa,CSF1PO,B,10,318.72,32,OL,320.09,3,11,322.85,701,12,326.85,253,OL,333.13,30,OL,340,5,,,,,,,,,,,,,,,,,,,,,,,,,,,,,,,,,,,,,,,,,,,,,,,,,,,,,,,,,,,,,,,,,,,,,,,,,,,,,,,,,,,,,,,,,,,,,,,,,,,,,,,,,,,,,,,,,,,,,,,,,,,,,,,,,,,,,,,,,,,,,,,,,,,,,,,,,,,,,,,,,,,,,,,,,,,,,,,,,,,,,,,,,,,,,,,,,,,,,,,,,,,,,,,,,,,,,,,,,,,,,,,,,,,,,,,,,,,,,,,,,,,,,,,,,,,,,,,,,,,,,,,,,,,,,,,,,,,,,,,,,,
H05_RD14-0003-44d3a-0.125IP-Q0.9_004.20sec.fsa,D3S1358,G,OL,98.85,7,11,106.33,7,OL,115.5,11,OL,116.48,15,14,118.43,88,15,122.34,1154,16,126.44,1125,,,,,,,,,,,,,,,,,,,,,,,,,,,,,,,,,,,,,,,,,,,,,,,,,,,,,,,,,,,,,,,,,,,,,,,,,,,,,,,,,,,,,,,,,,,,,,,,,,,,,,,,,,,,,,,,,,,,,,,,,,,,,,,,,,,,,,,,,,,,,,,,,,,,,,,,,,,,,,,,,,,,,,,,,,,,,,,,,,,,,,,,,,,,,,,,,,,,,,,,,,,,,,,,,,,,,,,,,,,,,,,,,,,,,,,,,,,,,,,,,,,,,,,,,,,,,,,,,,,,,,,,,,,,,,,,,,,,,,,
H05_RD14-0003-44d3a-0.125IP-Q0.9_004.20sec.fsa,TH01,G,OL,157.46,5,OL,158.2,5,4,160.48,8,5,164.74,17,6,168.61,829,8.3,179.68,13,9.3,183.94,908,OL,196.04,6,OL,199.51,10,13.3,200.56,5,,,,,,,,,,,,,,,,,,,,,,,,,,,,,,,,,,,,,,,,,,,,,,,,,,,,,,,,,,,,,,,,,,,,,,,,,,,,,,,,,,,,,,,,,,,,,,,,,,,,,,,,,,,,,,,,,,,,,,,,,,,,,,,,,,,,,,,,,,,,,,,,,,,,,,,,,,,,,,,,,,,,,,,,,,,,,,,,,,,,,,,,,,,,,,,,,,,,,,,,,,,,,,,,,,,,,,,,,,,,,,,,,,,,,,,,,,,,,,,,,,,,,,,,,,,,,,,,,,,,,,,,,,,,,,
H05_RD14-0003-44d3a-0.125IP-Q0.9_004.20sec.fsa,D13S317,G,7,211.13,30,8,215.1,1059,9,219.49,8,OL,229.47,4,14,239.41,14,OL,240.43,6,16,247.08,17,,,,,,,,,,,,,,,,,,,,,,,,,,,,,,,,,,,,,,,,,,,,,,,,,,,,,,,,,,,,,,,,,,,,,,,,,,,,,,,,,,,,,,,,,,,,,,,,,,,,,,,,,,,,,,,,,,,,,,,,,,,,,,,,,,,,,,,,,,,,,,,,,,,,,,,,,,,,,,,,,,,,,,,,,,,,,,,,,,,,,,,,,,,,,,,,,,,,,,,,,,,,,,,,,,,,,,,,,,,,,,,,,,,,,,,,,,,,,,,,,,,,,,,,,,,,,,,,,,,,,,,,,,,,,,,,,,,,,,,
H05_RD14-0003-44d3a-0.125IP-Q0.9_004.20sec.fsa,D16S539,G,OL,266.09,7,9,267.19,28,10,271.28,515,11,275.29,784,12,279.31,11,OL,282.45,4,OL,283.89,11,OL,286.34,6,OL,288.63,7,OL,292.19,3,OL,293.89,7,,,,,,,,,,,,,,,,,,,,,,,,,,,,,,,,,,,,,,,,,,,,,,,,,,,,,,,,,,,,,,,,,,,,,,,,,,,,,,,,,,,,,,,,,,,,,,,,,,,,,,,,,,,,,,,,,,,,,,,,,,,,,,,,,,,,,,,,,,,,,,,,,,,,,,,,,,,,,,,,,,,,,,,,,,,,,,,,,,,,,,,,,,,,,,,,,,,,,,,,,,,,,,,,,,,,,,,,,,,,,,,,,,,,,,,,,,,,,,,,,,,,,,,,,,,,,,,,,,,,,,,,,,,
H05_RD14-0003-44d3a-0.125IP-Q0.9_004.20sec.fsa,D2S1338,G,15,304.82,31,16,308.77,811,OL,311.81,4,18,316.81,37,OL,319.54,33,19,321.07,464,OL,324.27,4,OL,330.57,7,OL,335.51,3,OL,339.03,7,OL,348.6,11,OL,352.19,4,OL,356.41,37,OL,359.37,9,OL,360.8,5,,,,,,,,,,,,,,,,,,,,,,,,,,,,,,,,,,,,,,,,,,,,,,,,,,,,,,,,,,,,,,,,,,,,,,,,,,,,,,,,,,,,,,,,,,,,,,,,,,,,,,,,,,,,,,,,,,,,,,,,,,,,,,,,,,,,,,,,,,,,,,,,,,,,,,,,,,,,,,,,,,,,,,,,,,,,,,,,,,,,,,,,,,,,,,,,,,,,,,,,,,,,,,,,,,,,,,,,,,,,,,,,,,,,,,,,,,,,,,,,,,,,,,,,,,,,,,,
H05_RD14-0003-44d3a-0.125IP-Q0.9_004.20sec.fsa,D19S433,Y,9,100,15,OL,102.4,10,10,103.94,13,12,112.16,39,13,116.18,637,14,120.15,62,15,124.08,756,16,127.89,11,16,128.58,7,OL,134.76,7,OL,137.1,5,OL,140.16,9,,,,,,,,,,,,,,,,,,,,,,,,,,,,,,,,,,,,,,,,,,,,,,,,,,,,,,,,,,,,,,,,,,,,,,,,,,,,,,,,,,,,,,,,,,,,,,,,,,,,,,,,,,,,,,,,,,,,,,,,,,,,,,,,,,,,,,,,,,,,,,,,,,,,,,,,,,,,,,,,,,,,,,,,,,,,,,,,,,,,,,,,,,,,,,,,,,,,,,,,,,,,,,,,,,,,,,,,,,,,,,,,,,,,,,,,,,,,,,,,,,,,,,,,,,,,,,,,,,,,,,,,
H05_RD14-0003-44d3a-0.125IP-Q0.9_004.20sec.fsa,vWA,Y,OL,158.85,7,OL,161.12,5,OL,165.39,12,OL,171.75,7,OL,173.45,9,18,180.16,17,19,184.44,119,20,188.55,1264,21,192.34,12,OL,193.9,10,,,,,,,,,,,,,,,,,,,,,,,,,,,,,,,,,,,,,,,,,,,,,,,,,,,,,,,,,,,,,,,,,,,,,,,,,,,,,,,,,,,,,,,,,,,,,,,,,,,,,,,,,,,,,,,,,,,,,,,,,,,,,,,,,,,,,,,,,,,,,,,,,,,,,,,,,,,,,,,,,,,,,,,,,,,,,,,,,,,,,,,,,,,,,,,,,,,,,,,,,,,,,,,,,,,,,,,,,,,,,,,,,,,,,,,,,,,,,,,,,,,,,,,,,,,,,,,,,,,,,,,,,,,,,,
H05_RD14-0003-44d3a-0.125IP-Q0.9_004.20sec.fsa,TPOX,Y,6,220.83,11,OL,225.56,9,OL,234.56,7,10,236.73,28,OL,237.91,4,11,240.78,583,OL,244.41,13,OL,247.94,6,OL,254.31,8,,,,,,,,,,,,,,,,,,,,,,,,,,,,,,,,,,,,,,,,,,,,,,,,,,,,,,,,,,,,,,,,,,,,,,,,,,,,,,,,,,,,,,,,,,,,,,,,,,,,,,,,,,,,,,,,,,,,,,,,,,,,,,,,,,,,,,,,,,,,,,,,,,,,,,,,,,,,,,,,,,,,,,,,,,,,,,,,,,,,,,,,,,,,,,,,,,,,,,,,,,,,,,,,,,,,,,,,,,,,,,,,,,,,,,,,,,,,,,,,,,,,,,,,,,,,,,,,,,,,,,,,,,,,,,,,,
H05_RD14-0003-44d3a-0.125IP-Q0.9_004.20sec.fsa,D18S51,Y,OL,265.84,7,OL,268.04,6,11,277.08,22,12,281.18,471,13,285.16,26,14,289.14,448,15,293.21,9,OL,302.61,7,17.2,303.38,10,18,304.65,10,OL,318.36,21,OL,322.23,10,23.2,327.38,6,OL,328.35,11,25,334.19,32,OL,338.51,5,OL,339.91,9,OL,343.13,8,,,,,,,,,,,,,,,,,,,,,,,,,,,,,,,,,,,,,,,,,,,,,,,,,,,,,,,,,,,,,,,,,,,,,,,,,,,,,,,,,,,,,,,,,,,,,,,,,,,,,,,,,,,,,,,,,,,,,,,,,,,,,,,,,,,,,,,,,,,,,,,,,,,,,,,,,,,,,,,,,,,,,,,,,,,,,,,,,,,,,,,,,,,,,,,,,,,,,,,,,,,,,,,,,,,,,,,,,,,,,,,,,,,,,,,,,,,,,,,,,,,,,,
H05_RD14-0003-44d3a-0.125IP-Q0.9_004.20sec.fsa,AMEL,R,X,104.94,594,OL,106.17,17,Y,110.86,976,,,,,,,,,,,,,,,,,,,,,,,,,,,,,,,,,,,,,,,,,,,,,,,,,,,,,,,,,,,,,,,,,,,,,,,,,,,,,,,,,,,,,,,,,,,,,,,,,,,,,,,,,,,,,,,,,,,,,,,,,,,,,,,,,,,,,,,,,,,,,,,,,,,,,,,,,,,,,,,,,,,,,,,,,,,,,,,,,,,,,,,,,,,,,,,,,,,,,,,,,,,,,,,,,,,,,,,,,,,,,,,,,,,,,,,,,,,,,,,,,,,,,,,,,,,,,,,,,,,,,,,,,,,,,,,,,,,,,,,,,,,,,,,,,,,
H05_RD14-0003-44d3a-0.125IP-Q0.9_004.20sec.fsa,D5S818,R,OL,127.05,9,OL,129.19,8,OL,129.96,9,OL,131.43,10,7,132.97,9,10,144.9,17,11,148.93,408,OL,151.28,9,12,152.98,660,OL,159.18,5,OL,160.72,10,OL,169.98,13,,,,,,,,,,,,,,,,,,,,,,,,,,,,,,,,,,,,,,,,,,,,,,,,,,,,,,,,,,,,,,,,,,,,,,,,,,,,,,,,,,,,,,,,,,,,,,,,,,,,,,,,,,,,,,,,,,,,,,,,,,,,,,,,,,,,,,,,,,,,,,,,,,,,,,,,,,,,,,,,,,,,,,,,,,,,,,,,,,,,,,,,,,,,,,,,,,,,,,,,,,,,,,,,,,,,,,,,,,,,,,,,,,,,,,,,,,,,,,,,,,,,,,,,,,,,,,,,,,,,,,,,
H05_RD14-0003-44d3a-0.125IP-Q0.9_004.20sec.fsa,FGA,R,OL,204.61,7,OL,211.54,10,19,221.16,13,OL,226.06,4,22,233.06,25,23,237.24,350,24,241.39,488,OL,246.91,4,OL,258.93,9,OL,286.43,8,OL,307.74,7,OL,321.16,12,OL,327.91,17,OL,333.66,17,OL,346.99,6,OL,355.06,7,OL,356.94,5,,,,,,,,,,,,,,,,,,,,,,,,,,,,,,,,,,,,,,,,,,,,,,,,,,,,,,,,,,,,,,,,,,,,,,,,,,,,,,,,,,,,,,,,,,,,,,,,,,,,,,,,,,,,,,,,,,,,,,,,,,,,,,,,,,,,,,,,,,,,,,,,,,,,,,,,,,,,,,,,,,,,,,,,,,,,,,,,,,,,,,,,,,,,,,,,,,,,,,,,,,,,,,,,,,,,,,,,,,,,,,,,,,,,,,,,,,,,,,,,,,,,,,,,,
H06_RD14-0003-44d3-15-0.0625IP-Q1.1_004.20sec.fsa,D8S1179,B,OL,114.08,7,OL,120.08,6,OL,123.87,30,OL,124.43,29,OL,127.14,7,OL,129.07,6,11,133.6,4,13,142.09,27,14,146.2,377,15,150.32,729,OL,157.27,3,,,,,,,,,,,,,,,,,,,,,,,,,,,,,,,,,,,,,,,,,,,,,,,,,,,,,,,,,,,,,,,,,,,,,,,,,,,,,,,,,,,,,,,,,,,,,,,,,,,,,,,,,,,,,,,,,,,,,,,,,,,,,,,,,,,,,,,,,,,,,,,,,,,,,,,,,,,,,,,,,,,,,,,,,,,,,,,,,,,,,,,,,,,,,,,,,,,,,,,,,,,,,,,,,,,,,,,,,,,,,,,,,,,,,,,,,,,,,,,,,,,,,,,,,,,,,,,,,,,,,,,,,,,
H06_RD14-0003-44d3-15-0.0625IP-Q1.1_004.20sec.fsa,D21S11,B,OL,181.03,4,24,182.32,5,OL,191.8,3,27,194.65,17,28,198.7,354,29,202.55,8,OL,205.79,6,30,206.81,3,31,210.83,31,32,214.78,354,32.2,216.52,5,OL,225.69,9,35.2,228.98,12,36.2,232.64,3,OL,234.3,6,38,238.68,6,OL,240,17,,,,,,,,,,,,,,,,,,,,,,,,,,,,,,,,,,,,,,,,,,,,,,,,,,,,,,,,,,,,,,,,,,,,,,,,,,,,,,,,,,,,,,,,,,,,,,,,,,,,,,,,,,,,,,,,,,,,,,,,,,,,,,,,,,,,,,,,,,,,,,,,,,,,,,,,,,,,,,,,,,,,,,,,,,,,,,,,,,,,,,,,,,,,,,,,,,,,,,,,,,,,,,,,,,,,,,,,,,,,,,,,,,,,,,,,,,,,,,,,,,,,,,,,,
H06_RD14-0003-44d3-15-0.0625IP-Q1.1_004.20sec.fsa,D7S820,B,8,262.1,200,10,270.12,139,OL,278.75,4,,,,,,,,,,,,,,,,,,,,,,,,,,,,,,,,,,,,,,,,,,,,,,,,,,,,,,,,,,,,,,,,,,,,,,,,,,,,,,,,,,,,,,,,,,,,,,,,,,,,,,,,,,,,,,,,,,,,,,,,,,,,,,,,,,,,,,,,,,,,,,,,,,,,,,,,,,,,,,,,,,,,,,,,,,,,,,,,,,,,,,,,,,,,,,,,,,,,,,,,,,,,,,,,,,,,,,,,,,,,,,,,,,,,,,,,,,,,,,,,,,,,,,,,,,,,,,,,,,,,,,,,,,,,,,,,,,,,,,,,,,,,,,,,,,,
H06_RD14-0003-44d3-15-0.0625IP-Q1.1_004.20sec.fsa,CSF1PO,B,OL,299.91,5,OL,304.67,4,10,318.66,16,11,322.95,152,12,326.98,170,OL,335.96,13,,,,,,,,,,,,,,,,,,,,,,,,,,,,,,,,,,,,,,,,,,,,,,,,,,,,,,,,,,,,,,,,,,,,,,,,,,,,,,,,,,,,,,,,,,,,,,,,,,,,,,,,,,,,,,,,,,,,,,,,,,,,,,,,,,,,,,,,,,,,,,,,,,,,,,,,,,,,,,,,,,,,,,,,,,,,,,,,,,,,,,,,,,,,,,,,,,,,,,,,,,,,,,,,,,,,,,,,,,,,,,,,,,,,,,,,,,,,,,,,,,,,,,,,,,,,,,,,,,,,,,,,,,,,,,,,,,,,,,,,,,
H06_RD14-0003-44d3-15-0.0625IP-Q1.1_004.20sec.fsa,D3S1358,G,OL,99.6,6,OL,101.47,3,OL,104.88,8,OL,116.42,16,14,118.44,42,15,122.37,694,15.2,123.79,8,16,126.42,784,17,130.36,8,18.2,136.22,4,,,,,,,,,,,,,,,,,,,,,,,,,,,,,,,,,,,,,,,,,,,,,,,,,,,,,,,,,,,,,,,,,,,,,,,,,,,,,,,,,,,,,,,,,,,,,,,,,,,,,,,,,,,,,,,,,,,,,,,,,,,,,,,,,,,,,,,,,,,,,,,,,,,,,,,,,,,,,,,,,,,,,,,,,,,,,,,,,,,,,,,,,,,,,,,,,,,,,,,,,,,,,,,,,,,,,,,,,,,,,,,,,,,,,,,,,,,,,,,,,,,,,,,,,,,,,,,,,,,,,,,,,,,,,,
H06_RD14-0003-44d3-15-0.0625IP-Q1.1_004.20sec.fsa,TH01,G,3,156.17,5,4,160.42,7,5,164.45,11,OL,165.97,8,6,168.58,464,OL,173.48,5,OL,178.64,4,8.3,179.66,9,9.3,183.96,758,OL,185.42,11,12,193.09,3,OL,194.39,5,,,,,,,,,,,,,,,,,,,,,,,,,,,,,,,,,,,,,,,,,,,,,,,,,,,,,,,,,,,,,,,,,,,,,,,,,,,,,,,,,,,,,,,,,,,,,,,,,,,,,,,,,,,,,,,,,,,,,,,,,,,,,,,,,,,,,,,,,,,,,,,,,,,,,,,,,,,,,,,,,,,,,,,,,,,,,,,,,,,,,,,,,,,,,,,,,,,,,,,,,,,,,,,,,,,,,,,,,,,,,,,,,,,,,,,,,,,,,,,,,,,,,,,,,,,,,,,,,,,,,,,,
H06_RD14-0003-44d3-15-0.0625IP-Q1.1_004.20sec.fsa,D13S317,G,8,215.13,510,OL,218,6,OL,220.6,9,OL,224.22,5,11,227.08,19,OL,240.45,4,OL,246.05,5,,,,,,,,,,,,,,,,,,,,,,,,,,,,,,,,,,,,,,,,,,,,,,,,,,,,,,,,,,,,,,,,,,,,,,,,,,,,,,,,,,,,,,,,,,,,,,,,,,,,,,,,,,,,,,,,,,,,,,,,,,,,,,,,,,,,,,,,,,,,,,,,,,,,,,,,,,,,,,,,,,,,,,,,,,,,,,,,,,,,,,,,,,,,,,,,,,,,,,,,,,,,,,,,,,,,,,,,,,,,,,,,,,,,,,,,,,,,,,,,,,,,,,,,,,,,,,,,,,,,,,,,,,,,,,,,,,,,,,,
H06_RD14-0003-44d3-15-0.0625IP-Q1.1_004.20sec.fsa,D16S539,G,8,263.16,18,9,267.12,15,10,271.19,142,11,275.27,216,OL,286.53,5,OL,289.08,6,OL,290.05,4,15,290.93,7,,,,,,,,,,,,,,,,,,,,,,,,,,,,,,,,,,,,,,,,,,,,,,,,,,,,,,,,,,,,,,,,,,,,,,,,,,,,,,,,,,,,,,,,,,,,,,,,,,,,,,,,,,,,,,,,,,,,,,,,,,,,,,,,,,,,,,,,,,,,,,,,,,,,,,,,,,,,,,,,,,,,,,,,,,,,,,,,,,,,,,,,,,,,,,,,,,,,,,,,,,,,,,,,,,,,,,,,,,,,,,,,,,,,,,,,,,,,,,,,,,,,,,,,,,,,,,,,,,,,,,,,,,,,,,,,,,,,
H06_RD14-0003-44d3-15-0.0625IP-Q1.1_004.20sec.fsa,D2S1338,G,15,304.67,20,16,308.8,462,17,313.1,7,OL,314.76,7,18,316.85,27,19,321.11,397,20,325.52,4,OL,326.62,4,OL,339.46,9,24,340.82,5,24,341.56,5,OL,356.97,5,OL,359.54,8,29,361.36,11,,,,,,,,,,,,,,,,,,,,,,,,,,,,,,,,,,,,,,,,,,,,,,,,,,,,,,,,,,,,,,,,,,,,,,,,,,,,,,,,,,,,,,,,,,,,,,,,,,,,,,,,,,,,,,,,,,,,,,,,,,,,,,,,,,,,,,,,,,,,,,,,,,,,,,,,,,,,,,,,,,,,,,,,,,,,,,,,,,,,,,,,,,,,,,,,,,,,,,,,,,,,,,,,,,,,,,,,,,,,,,,,,,,,,,,,,,,,,,,,,,,,,,,,,,,,,,,,,,
H06_RD14-0003-44d3-15-0.0625IP-Q1.1_004.20sec.fsa,D19S433,Y,OL,102.85,10,10.2,106.18,10,11,108.04,6,12,112.15,14,13,116.26,154,14,120.16,39,15,124.11,431,16.2,129.88,11,17,131.82,7,,,,,,,,,,,,,,,,,,,,,,,,,,,,,,,,,,,,,,,,,,,,,,,,,,,,,,,,,,,,,,,,,,,,,,,,,,,,,,,,,,,,,,,,,,,,,,,,,,,,,,,,,,,,,,,,,,,,,,,,,,,,,,,,,,,,,,,,,,,,,,,,,,,,,,,,,,,,,,,,,,,,,,,,,,,,,,,,,,,,,,,,,,,,,,,,,,,,,,,,,,,,,,,,,,,,,,,,,,,,,,,,,,,,,,,,,,,,,,,,,,,,,,,,,,,,,,,,,,,,,,,,,,,,,,,,,
H06_RD14-0003-44d3-15-0.0625IP-Q1.1_004.20sec.fsa,vWA,Y,OL,148.55,12,OL,150.83,10,OL,157.36,12,13,159.91,13,OL,161.26,5,18,180.17,19,OL,181.38,8,19,184.39,94,OL,187.23,12,20,188.52,886,21,192.75,7,OL,202.47,7,OL,207.84,7,,,,,,,,,,,,,,,,,,,,,,,,,,,,,,,,,,,,,,,,,,,,,,,,,,,,,,,,,,,,,,,,,,,,,,,,,,,,,,,,,,,,,,,,,,,,,,,,,,,,,,,,,,,,,,,,,,,,,,,,,,,,,,,,,,,,,,,,,,,,,,,,,,,,,,,,,,,,,,,,,,,,,,,,,,,,,,,,,,,,,,,,,,,,,,,,,,,,,,,,,,,,,,,,,,,,,,,,,,,,,,,,,,,,,,,,,,,,,,,,,,,,,,,,,,,,,,,,,,,,,
H06_RD14-0003-44d3-15-0.0625IP-Q1.1_004.20sec.fsa,TPOX,Y,OL,223.19,7,OL,230.98,5,10,236.75,27,11,240.73,693,OL,245.87,7,,,,,,,,,,,,,,,,,,,,,,,,,,,,,,,,,,,,,,,,,,,,,,,,,,,,,,,,,,,,,,,,,,,,,,,,,,,,,,,,,,,,,,,,,,,,,,,,,,,,,,,,,,,,,,,,,,,,,,,,,,,,,,,,,,,,,,,,,,,,,,,,,,,,,,,,,,,,,,,,,,,,,,,,,,,,,,,,,,,,,,,,,,,,,,,,,,,,,,,,,,,,,,,,,,,,,,,,,,,,,,,,,,,,,,,,,,,,,,,,,,,,,,,,,,,,,,,,,,,,,,,,,,,,,,,,,,,,,,,,,,,,,
H06_RD14-0003-44d3-15-0.0625IP-Q1.1_004.20sec.fsa,D18S51,Y,11,277.05,19,11.2,279.2,6,12,281.15,342,OL,284.23,6,13,285.03,14,14,289.17,201,OL,323.04,9,24,329.81,7,OL,330.9,8,OL,336.14,7,OL,337.22,14,,,,,,,,,,,,,,,,,,,,,,,,,,,,,,,,,,,,,,,,,,,,,,,,,,,,,,,,,,,,,,,,,,,,,,,,,,,,,,,,,,,,,,,,,,,,,,,,,,,,,,,,,,,,,,,,,,,,,,,,,,,,,,,,,,,,,,,,,,,,,,,,,,,,,,,,,,,,,,,,,,,,,,,,,,,,,,,,,,,,,,,,,,,,,,,,,,,,,,,,,,,,,,,,,,,,,,,,,,,,,,,,,,,,,,,,,,,,,,,,,,,,,,,,,,,,,,,,,,,,,,,,,,,
H06_RD14-0003-44d3-15-0.0625IP-Q1.1_004.20sec.fsa,AMEL,R,X,104.96,416,Y,110.86,133,,,,,,,,,,,,,,,,,,,,,,,,,,,,,,,,,,,,,,,,,,,,,,,,,,,,,,,,,,,,,,,,,,,,,,,,,,,,,,,,,,,,,,,,,,,,,,,,,,,,,,,,,,,,,,,,,,,,,,,,,,,,,,,,,,,,,,,,,,,,,,,,,,,,,,,,,,,,,,,,,,,,,,,,,,,,,,,,,,,,,,,,,,,,,,,,,,,,,,,,,,,,,,,,,,,,,,,,,,,,,,,,,,,,,,,,,,,,,,,,,,,,,,,,,,,,,,,,,,,,,,,,,,,,,,,,,,,,,,,,,,,,,,,,,,,,,,
H06_RD14-0003-44d3-15-0.0625IP-Q1.1_004.20sec.fsa,D5S818,R,8,136.63,6,OL,137.77,5,OL,141.25,7,11,148.97,319,12,153.03,322,OL,168.67,7,,,,,,,,,,,,,,,,,,,,,,,,,,,,,,,,,,,,,,,,,,,,,,,,,,,,,,,,,,,,,,,,,,,,,,,,,,,,,,,,,,,,,,,,,,,,,,,,,,,,,,,,,,,,,,,,,,,,,,,,,,,,,,,,,,,,,,,,,,,,,,,,,,,,,,,,,,,,,,,,,,,,,,,,,,,,,,,,,,,,,,,,,,,,,,,,,,,,,,,,,,,,,,,,,,,,,,,,,,,,,,,,,,,,,,,,,,,,,,,,,,,,,,,,,,,,,,,,,,,,,,,,,,,,,,,,,,,,,,,,,,
H06_RD14-0003-44d3-15-0.0625IP-Q1.1_004.20sec.fsa,FGA,R,OL,206.9,13,17,212.89,14,19,221.12,10,OL,224.05,8,20,225.09,8,22,233.08,22,23,237.19,171,24,241.45,11,OL,252.92,8,OL,258.9,10,29.2,263.95,11,30,265.18,8,OL,281.94,11,OL,287.32,4,OL,292.25,4,OL,299.3,6,OL,310.31,11,OL,312.74,7,OL,316.75,7,OL,320.92,7,OL,358.35,12,,,,,,,,,,,,,,,,,,,,,,,,,,,,,,,,,,,,,,,,,,,,,,,,,,,,,,,,,,,,,,,,,,,,,,,,,,,,,,,,,,,,,,,,,,,,,,,,,,,,,,,,,,,,,,,,,,,,,,,,,,,,,,,,,,,,,,,,,,,,,,,,,,,,,,,,,,,,,,,,,,,,,,,,,,,,,,,,,,,,,,,,,,,,,,,,,,,,,,,,,,,,,,,,,,,,,,,,,,,,,,,,,,,,,,,,,,,,,
H07_RD14-0003-44d3-30-0.125IP-Q1.5_004.20sec.fsa,D8S1179,B,7,117.38,2,OL,118.43,5,OL,122.88,27,OL,127.61,6,10,129.46,4,OL,132.94,7,12,137.87,9,13,142.01,49,14,146.2,743,OL,147.57,16,OL,148.86,3,15,150.32,565,OL,168.54,5,OL,170.14,3,OL,173.27,6,,,,,,,,,,,,,,,,,,,,,,,,,,,,,,,,,,,,,,,,,,,,,,,,,,,,,,,,,,,,,,,,,,,,,,,,,,,,,,,,,,,,,,,,,,,,,,,,,,,,,,,,,,,,,,,,,,,,,,,,,,,,,,,,,,,,,,,,,,,,,,,,,,,,,,,,,,,,,,,,,,,,,,,,,,,,,,,,,,,,,,,,,,,,,,,,,,,,,,,,,,,,,,,,,,,,,,,,,,,,,,,,,,,,,,,,,,,,,,,,,,,,,,,,,,,,,,,
H07_RD14-0003-44d3-30-0.125IP-Q1.5_004.20sec.fsa,D21S11,B,OL,191.89,2,26.2,192.79,2,27,194.59,36,28,198.77,664,30,206.77,9,31,210.78,44,32,214.75,332,34,222.94,4,34.2,225.31,5,36.2,233.31,4,OL,235.68,8,OL,237.88,4,38,238.94,11,OL,239.67,5,38.2,241.34,5,,,,,,,,,,,,,,,,,,,,,,,,,,,,,,,,,,,,,,,,,,,,,,,,,,,,,,,,,,,,,,,,,,,,,,,,,,,,,,,,,,,,,,,,,,,,,,,,,,,,,,,,,,,,,,,,,,,,,,,,,,,,,,,,,,,,,,,,,,,,,,,,,,,,,,,,,,,,,,,,,,,,,,,,,,,,,,,,,,,,,,,,,,,,,,,,,,,,,,,,,,,,,,,,,,,,,,,,,,,,,,,,,,,,,,,,,,,,,,,,,,,,,,,,,,,,,,,
H07_RD14-0003-44d3-30-0.125IP-Q1.5_004.20sec.fsa,D7S820,B,OL,250.89,9,7,257.91,4,8,262.13,290,9,265.98,14,10,270.09,211,11,273.97,2,OL,284.76,11,OL,289.11,4,,,,,,,,,,,,,,,,,,,,,,,,,,,,,,,,,,,,,,,,,,,,,,,,,,,,,,,,,,,,,,,,,,,,,,,,,,,,,,,,,,,,,,,,,,,,,,,,,,,,,,,,,,,,,,,,,,,,,,,,,,,,,,,,,,,,,,,,,,,,,,,,,,,,,,,,,,,,,,,,,,,,,,,,,,,,,,,,,,,,,,,,,,,,,,,,,,,,,,,,,,,,,,,,,,,,,,,,,,,,,,,,,,,,,,,,,,,,,,,,,,,,,,,,,,,,,,,,,,,,,,,,,,,,,,,,,,,,
H07_RD14-0003-44d3-30-0.125IP-Q1.5_004.20sec.fsa,CSF1PO,B,OL,299.92,8,OL,301.84,5,OL,314,3,10,319.02,12,OL,320.17,3,11,322.9,176,12,326.88,228,15,338.51,31,OL,340.43,12,,,,,,,,,,,,,,,,,,,,,,,,,,,,,,,,,,,,,,,,,,,,,,,,,,,,,,,,,,,,,,,,,,,,,,,,,,,,,,,,,,,,,,,,,,,,,,,,,,,,,,,,,,,,,,,,,,,,,,,,,,,,,,,,,,,,,,,,,,,,,,,,,,,,,,,,,,,,,,,,,,,,,,,,,,,,,,,,,,,,,,,,,,,,,,,,,,,,,,,,,,,,,,,,,,,,,,,,,,,,,,,,,,,,,,,,,,,,,,,,,,,,,,,,,,,,,,,,,,,,,,,,,,,,,,,,,
H07_RD14-0003-44d3-30-0.125IP-Q1.5_004.20sec.fsa,D3S1358,G,OL,100.55,4,11,106.37,10,OL,115.58,18,14,118.43,85,15,122.35,1576,16,126.46,1452,20,142.25,7,,,,,,,,,,,,,,,,,,,,,,,,,,,,,,,,,,,,,,,,,,,,,,,,,,,,,,,,,,,,,,,,,,,,,,,,,,,,,,,,,,,,,,,,,,,,,,,,,,,,,,,,,,,,,,,,,,,,,,,,,,,,,,,,,,,,,,,,,,,,,,,,,,,,,,,,,,,,,,,,,,,,,,,,,,,,,,,,,,,,,,,,,,,,,,,,,,,,,,,,,,,,,,,,,,,,,,,,,,,,,,,,,,,,,,,,,,,,,,,,,,,,,,,,,,,,,,,,,,,,,,,,,,,,,,,,,,,,,,,
H07_RD14-0003-44d3-30-0.125IP-Q1.5_004.20sec.fsa,TH01,G,6,168.62,1015,OL,174.63,8,8.3,179.52,12,9.3,183.86,845,10.3,187.87,4,OL,191.64,6,OL,195.33,3,,,,,,,,,,,,,,,,,,,,,,,,,,,,,,,,,,,,,,,,,,,,,,,,,,,,,,,,,,,,,,,,,,,,,,,,,,,,,,,,,,,,,,,,,,,,,,,,,,,,,,,,,,,,,,,,,,,,,,,,,,,,,,,,,,,,,,,,,,,,,,,,,,,,,,,,,,,,,,,,,,,,,,,,,,,,,,,,,,,,,,,,,,,,,,,,,,,,,,,,,,,,,,,,,,,,,,,,,,,,,,,,,,,,,,,,,,,,,,,,,,,,,,,,,,,,,,,,,,,,,,,,,,,,,,,,,,,,,,,
H07_RD14-0003-44d3-30-0.125IP-Q1.5_004.20sec.fsa,D13S317,G,7,211.02,24,8,215.08,1061,9,219.33,6,OL,230.78,6,OL,236.98,18,,,,,,,,,,,,,,,,,,,,,,,,,,,,,,,,,,,,,,,,,,,,,,,,,,,,,,,,,,,,,,,,,,,,,,,,,,,,,,,,,,,,,,,,,,,,,,,,,,,,,,,,,,,,,,,,,,,,,,,,,,,,,,,,,,,,,,,,,,,,,,,,,,,,,,,,,,,,,,,,,,,,,,,,,,,,,,,,,,,,,,,,,,,,,,,,,,,,,,,,,,,,,,,,,,,,,,,,,,,,,,,,,,,,,,,,,,,,,,,,,,,,,,,,,,,,,,,,,,,,,,,,,,,,,,,,,,,,,,,,,,,,,
H07_RD14-0003-44d3-30-0.125IP-Q1.5_004.20sec.fsa,D16S539,G,6,255.25,7,7,259.2,8,OL,260.41,6,8,263.36,7,OL,265.82,7,9,267.3,13,10,271.25,291,11,275.21,345,12,279.26,8,,,,,,,,,,,,,,,,,,,,,,,,,,,,,,,,,,,,,,,,,,,,,,,,,,,,,,,,,,,,,,,,,,,,,,,,,,,,,,,,,,,,,,,,,,,,,,,,,,,,,,,,,,,,,,,,,,,,,,,,,,,,,,,,,,,,,,,,,,,,,,,,,,,,,,,,,,,,,,,,,,,,,,,,,,,,,,,,,,,,,,,,,,,,,,,,,,,,,,,,,,,,,,,,,,,,,,,,,,,,,,,,,,,,,,,,,,,,,,,,,,,,,,,,,,,,,,,,,,,,,,,,,,,,,,,,,
H07_RD14-0003-44d3-30-0.125IP-Q1.5_004.20sec.fsa,D2S1338,G,15,304.91,21,16,308.76,406,OL,314.7,11,18,316.99,21,19,321.11,211,20,324.93,10,OL,329.99,4,OL,330.83,8,OL,337.85,5,OL,338.84,5,24,341.62,3,OL,348.17,5,26,349.44,9,OL,354.29,6,OL,356.51,6,OL,359.15,8,OL,362.78,23,OL,364.89,12,,,,,,,,,,,,,,,,,,,,,,,,,,,,,,,,,,,,,,,,,,,,,,,,,,,,,,,,,,,,,,,,,,,,,,,,,,,,,,,,,,,,,,,,,,,,,,,,,,,,,,,,,,,,,,,,,,,,,,,,,,,,,,,,,,,,,,,,,,,,,,,,,,,,,,,,,,,,,,,,,,,,,,,,,,,,,,,,,,,,,,,,,,,,,,,,,,,,,,,,,,,,,,,,,,,,,,,,,,,,,,,,,,,,,,,,,,,,,,,,,,,,,,
H07_RD14-0003-44d3-30-0.125IP-Q1.5_004.20sec.fsa,D19S433,Y,12,112.22,61,13,116.25,777,14,120.15,59,15,124.17,592,OL,130.85,14,17,131.86,11,OL,134.97,7,18.2,137.71,10,,,,,,,,,,,,,,,,,,,,,,,,,,,,,,,,,,,,,,,,,,,,,,,,,,,,,,,,,,,,,,,,,,,,,,,,,,,,,,,,,,,,,,,,,,,,,,,,,,,,,,,,,,,,,,,,,,,,,,,,,,,,,,,,,,,,,,,,,,,,,,,,,,,,,,,,,,,,,,,,,,,,,,,,,,,,,,,,,,,,,,,,,,,,,,,,,,,,,,,,,,,,,,,,,,,,,,,,,,,,,,,,,,,,,,,,,,,,,,,,,,,,,,,,,,,,,,,,,,,,,,,,,,,,,,,,,,,,
H07_RD14-0003-44d3-30-0.125IP-Q1.5_004.20sec.fsa,vWA,Y,11,151.7,12,OL,152.83,11,OL,153.97,12,OL,165.27,11,19,184.35,98,20,188.53,1033,OL,197.3,11,OL,199.92,10,24,204.61,4,25,209.09,5,,,,,,,,,,,,,,,,,,,,,,,,,,,,,,,,,,,,,,,,,,,,,,,,,,,,,,,,,,,,,,,,,,,,,,,,,,,,,,,,,,,,,,,,,,,,,,,,,,,,,,,,,,,,,,,,,,,,,,,,,,,,,,,,,,,,,,,,,,,,,,,,,,,,,,,,,,,,,,,,,,,,,,,,,,,,,,,,,,,,,,,,,,,,,,,,,,,,,,,,,,,,,,,,,,,,,,,,,,,,,,,,,,,,,,,,,,,,,,,,,,,,,,,,,,,,,,,,,,,,,,,,,,,,,,
H07_RD14-0003-44d3-30-0.125IP-Q1.5_004.20sec.fsa,TPOX,Y,OL,215.5,16,5,216.99,9,OL,219.83,9,6,220.82,11,OL,222.29,10,OL,223.11,10,10,236.82,23,11,240.84,681,OL,251.62,14,,,,,,,,,,,,,,,,,,,,,,,,,,,,,,,,,,,,,,,,,,,,,,,,,,,,,,,,,,,,,,,,,,,,,,,,,,,,,,,,,,,,,,,,,,,,,,,,,,,,,,,,,,,,,,,,,,,,,,,,,,,,,,,,,,,,,,,,,,,,,,,,,,,,,,,,,,,,,,,,,,,,,,,,,,,,,,,,,,,,,,,,,,,,,,,,,,,,,,,,,,,,,,,,,,,,,,,,,,,,,,,,,,,,,,,,,,,,,,,,,,,,,,,,,,,,,,,,,,,,,,,,,,,,,,,,,
H07_RD14-0003-44d3-30-0.125IP-Q1.5_004.20sec.fsa,D18S51,Y,11,277.02,23,12,281.07,347,13,285.01,33,14,289.11,243,15,293.12,10,OL,298.53,5,17.2,302.73,14,17.2,303.45,11,18,304.83,11,19.2,311.16,12,OL,320,13,OL,328.4,12,OL,329.24,9,OL,332.76,9,OL,338.92,27,OL,339.83,24,OL,344.85,7,,,,,,,,,,,,,,,,,,,,,,,,,,,,,,,,,,,,,,,,,,,,,,,,,,,,,,,,,,,,,,,,,,,,,,,,,,,,,,,,,,,,,,,,,,,,,,,,,,,,,,,,,,,,,,,,,,,,,,,,,,,,,,,,,,,,,,,,,,,,,,,,,,,,,,,,,,,,,,,,,,,,,,,,,,,,,,,,,,,,,,,,,,,,,,,,,,,,,,,,,,,,,,,,,,,,,,,,,,,,,,,,,,,,,,,,,,,,,,,,,,,,,,,,,
H07_RD14-0003-44d3-30-0.125IP-Q1.5_004.20sec.fsa,AMEL,R,X,104.96,544,OL,107.23,5,Y,110.89,550,,,,,,,,,,,,,,,,,,,,,,,,,,,,,,,,,,,,,,,,,,,,,,,,,,,,,,,,,,,,,,,,,,,,,,,,,,,,,,,,,,,,,,,,,,,,,,,,,,,,,,,,,,,,,,,,,,,,,,,,,,,,,,,,,,,,,,,,,,,,,,,,,,,,,,,,,,,,,,,,,,,,,,,,,,,,,,,,,,,,,,,,,,,,,,,,,,,,,,,,,,,,,,,,,,,,,,,,,,,,,,,,,,,,,,,,,,,,,,,,,,,,,,,,,,,,,,,,,,,,,,,,,,,,,,,,,,,,,,,,,,,,,,,,,,,
H07_RD14-0003-44d3-30-0.125IP-Q1.5_004.20sec.fsa,D5S818,R,OL,125.62,10,OL,126.85,10,OL,134.11,9,8,136.69,10,OL,139.05,13,10,144.75,21,11,148.94,379,12,153,555,,,,,,,,,,,,,,,,,,,,,,,,,,,,,,,,,,,,,,,,,,,,,,,,,,,,,,,,,,,,,,,,,,,,,,,,,,,,,,,,,,,,,,,,,,,,,,,,,,,,,,,,,,,,,,,,,,,,,,,,,,,,,,,,,,,,,,,,,,,,,,,,,,,,,,,,,,,,,,,,,,,,,,,,,,,,,,,,,,,,,,,,,,,,,,,,,,,,,,,,,,,,,,,,,,,,,,,,,,,,,,,,,,,,,,,,,,,,,,,,,,,,,,,,,,,,,,,,,,,,,,,,,,,,,,,,,,,,
H07_RD14-0003-44d3-30-0.125IP-Q1.5_004.20sec.fsa,FGA,R,OL,207.33,8,17,212.55,13,17.2,214.58,11,OL,216.33,12,OL,224.25,9,21,229.15,9,22,233.23,37,23,237.31,288,24,241.34,413,26.2,251.21,12,27,253.96,11,OL,258.96,4,OL,262.95,13,30.2,267.71,11,OL,268.94,8,31,269.77,8,OL,285.33,5,OL,295.01,9,OL,296.89,10,OL,297.87,7,OL,301.04,13,OL,304.26,10,OL,310.24,5,OL,314.79,10,OL,325.53,7,OL,338.76,19,OL,341.11,12,OL,353.36,8,OL,359.06,10,,,,,,,,,,,,,,,,,,,,,,,,,,,,,,,,,,,,,,,,,,,,,,,,,,,,,,,,,,,,,,,,,,,,,,,,,,,,,,,,,,,,,,,,,,,,,,,,,,,,,,,,,,,,,,,,,,,,,,,,,,,,,,,,,,,,,,,,,,,,,,,,,,,,,,,,,,,,,,,,,,,,,,,,,,,,,,,,,,,,,,,,,,,,,,,,,,,,,,,,,,,,,,,,,,,,,
H08_RD14-0003-44d2-45-0.125IP-Q3.2_004.20sec.fsa,D8S1179,B,OL,114.62,4,OL,123.84,30,OL,127.56,6,OL,130.34,2,11,134.1,3,OL,135.79,6,12,138.05,7,13,142.07,75,14,146.21,1005,15,150.37,841,OL,152.96,2,16,154.46,10,OL,156.89,4,OL,163.87,6,OL,167.5,8,OL,168.66,4,20,171.05,10,OL,173.95,7,,,,,,,,,,,,,,,,,,,,,,,,,,,,,,,,,,,,,,,,,,,,,,,,,,,,,,,,,,,,,,,,,,,,,,,,,,,,,,,,,,,,,,,,,,,,,,,,,,,,,,,,,,,,,,,,,,,,,,,,,,,,,,,,,,,,,,,,,,,,,,,,,,,,,,,,,,,,,,,,,,,,,,,,,,,,,,,,,,,,,,,,,,,,,,,,,,,,,,,,,,,,,,,,,,,,,,,,,,,,,,,,,,,,,,,,,,,,,,,,,,,,,,
H08_RD14-0003-44d2-45-0.125IP-Q3.2_004.20sec.fsa,D21S11,B,OL,183.31,9,OL,185.26,7,OL,189.58,5,27,194.75,26,28,198.81,523,29,202.88,7,OL,203.71,6,30,206.85,6,31,210.92,33,31.2,212.83,7,32,214.85,381,33,218.37,5,OL,219.91,4,OL,221.78,5,OL,229.91,4,OL,235.93,6,39,242.77,3,,,,,,,,,,,,,,,,,,,,,,,,,,,,,,,,,,,,,,,,,,,,,,,,,,,,,,,,,,,,,,,,,,,,,,,,,,,,,,,,,,,,,,,,,,,,,,,,,,,,,,,,,,,,,,,,,,,,,,,,,,,,,,,,,,,,,,,,,,,,,,,,,,,,,,,,,,,,,,,,,,,,,,,,,,,,,,,,,,,,,,,,,,,,,,,,,,,,,,,,,,,,,,,,,,,,,,,,,,,,,,,,,,,,,,,,,,,,,,,,,,,,,,,,,
H08_RD14-0003-44d2-45-0.125IP-Q3.2_004.20sec.fsa,D7S820,B,5,250.08,5,8,262.21,104,9,266.05,13,10,270.23,305,OL,283.23,5,OL,284.85,4,OL,289.45,5,15,290.55,3,,,,,,,,,,,,,,,,,,,,,,,,,,,,,,,,,,,,,,,,,,,,,,,,,,,,,,,,,,,,,,,,,,,,,,,,,,,,,,,,,,,,,,,,,,,,,,,,,,,,,,,,,,,,,,,,,,,,,,,,,,,,,,,,,,,,,,,,,,,,,,,,,,,,,,,,,,,,,,,,,,,,,,,,,,,,,,,,,,,,,,,,,,,,,,,,,,,,,,,,,,,,,,,,,,,,,,,,,,,,,,,,,,,,,,,,,,,,,,,,,,,,,,,,,,,,,,,,,,,,,,,,,,,,,,,,,,,,
H08_RD14-0003-44d2-45-0.125IP-Q3.2_004.20sec.fsa,CSF1PO,B,6,302.77,3,OL,303.61,3,OL,315.36,2,11,323,83,12,327.14,31,OL,330.02,3,OL,336.46,3,15,338.88,5,16,342.82,3,,,,,,,,,,,,,,,,,,,,,,,,,,,,,,,,,,,,,,,,,,,,,,,,,,,,,,,,,,,,,,,,,,,,,,,,,,,,,,,,,,,,,,,,,,,,,,,,,,,,,,,,,,,,,,,,,,,,,,,,,,,,,,,,,,,,,,,,,,,,,,,,,,,,,,,,,,,,,,,,,,,,,,,,,,,,,,,,,,,,,,,,,,,,,,,,,,,,,,,,,,,,,,,,,,,,,,,,,,,,,,,,,,,,,,,,,,,,,,,,,,,,,,,,,,,,,,,,,,,,,,,,,,,,,,,,,
H08_RD14-0003-44d2-45-0.125IP-Q3.2_004.20sec.fsa,D3S1358,G,OL,105.62,4,OL,108.82,6,12,109.85,5,OL,112.57,7,13,114.39,12,OL,115.4,21,14,118.44,37,15,122.43,693,OL,123.68,5,16,126.53,1014,17,130.42,8,OL,137.24,9,OL,143.39,9,,,,,,,,,,,,,,,,,,,,,,,,,,,,,,,,,,,,,,,,,,,,,,,,,,,,,,,,,,,,,,,,,,,,,,,,,,,,,,,,,,,,,,,,,,,,,,,,,,,,,,,,,,,,,,,,,,,,,,,,,,,,,,,,,,,,,,,,,,,,,,,,,,,,,,,,,,,,,,,,,,,,,,,,,,,,,,,,,,,,,,,,,,,,,,,,,,,,,,,,,,,,,,,,,,,,,,,,,,,,,,,,,,,,,,,,,,,,,,,,,,,,,,,,,,,,,,,,,,,,,
H08_RD14-0003-44d2-45-0.125IP-Q3.2_004.20sec.fsa,TH01,G,6,168.66,735,OL,172.13,10,9.3,183.98,581,12,193.31,12,13,196.7,2,OL,198.73,5,OL,201.07,14,,,,,,,,,,,,,,,,,,,,,,,,,,,,,,,,,,,,,,,,,,,,,,,,,,,,,,,,,,,,,,,,,,,,,,,,,,,,,,,,,,,,,,,,,,,,,,,,,,,,,,,,,,,,,,,,,,,,,,,,,,,,,,,,,,,,,,,,,,,,,,,,,,,,,,,,,,,,,,,,,,,,,,,,,,,,,,,,,,,,,,,,,,,,,,,,,,,,,,,,,,,,,,,,,,,,,,,,,,,,,,,,,,,,,,,,,,,,,,,,,,,,,,,,,,,,,,,,,,,,,,,,,,,,,,,,,,,,,,,
H08_RD14-0003-44d2-45-0.125IP-Q3.2_004.20sec.fsa,D13S317,G,OL,203.46,4,7,211.17,28,8,215.11,1251,10,223.81,7,11,227.2,5,OL,232.79,5,OL,233.98,8,13,235.5,7,OL,237.54,5,14,239.58,10,,,,,,,,,,,,,,,,,,,,,,,,,,,,,,,,,,,,,,,,,,,,,,,,,,,,,,,,,,,,,,,,,,,,,,,,,,,,,,,,,,,,,,,,,,,,,,,,,,,,,,,,,,,,,,,,,,,,,,,,,,,,,,,,,,,,,,,,,,,,,,,,,,,,,,,,,,,,,,,,,,,,,,,,,,,,,,,,,,,,,,,,,,,,,,,,,,,,,,,,,,,,,,,,,,,,,,,,,,,,,,,,,,,,,,,,,,,,,,,,,,,,,,,,,,,,,,,,,,,,,,,,,,,,,,
H08_RD14-0003-44d2-45-0.125IP-Q3.2_004.20sec.fsa,D16S539,G,OL,264.86,6,OL,265.62,5,10,271.35,387,11,275.28,412,OL,284.34,3,,,,,,,,,,,,,,,,,,,,,,,,,,,,,,,,,,,,,,,,,,,,,,,,,,,,,,,,,,,,,,,,,,,,,,,,,,,,,,,,,,,,,,,,,,,,,,,,,,,,,,,,,,,,,,,,,,,,,,,,,,,,,,,,,,,,,,,,,,,,,,,,,,,,,,,,,,,,,,,,,,,,,,,,,,,,,,,,,,,,,,,,,,,,,,,,,,,,,,,,,,,,,,,,,,,,,,,,,,,,,,,,,,,,,,,,,,,,,,,,,,,,,,,,,,,,,,,,,,,,,,,,,,,,,,,,,,,,,,,,,,,,,
H08_RD14-0003-44d2-45-0.125IP-Q3.2_004.20sec.fsa,D2S1338,G,15,304.96,34,16,308.98,166,17,313.21,6,OL,315.81,5,18,317.36,7,19,321.24,45,OL,330.72,5,OL,336.28,4,23,336.89,4,OL,338.53,5,28,357.18,5,OL,360.61,8,OL,363.85,6,,,,,,,,,,,,,,,,,,,,,,,,,,,,,,,,,,,,,,,,,,,,,,,,,,,,,,,,,,,,,,,,,,,,,,,,,,,,,,,,,,,,,,,,,,,,,,,,,,,,,,,,,,,,,,,,,,,,,,,,,,,,,,,,,,,,,,,,,,,,,,,,,,,,,,,,,,,,,,,,,,,,,,,,,,,,,,,,,,,,,,,,,,,,,,,,,,,,,,,,,,,,,,,,,,,,,,,,,,,,,,,,,,,,,,,,,,,,,,,,,,,,,,,,,,,,,,,,,,,,,
H08_RD14-0003-44d2-45-0.125IP-Q3.2_004.20sec.fsa,D19S433,Y,OL,103.53,10,12,112.25,47,12.2,113.84,10,13,116.34,843,14,120.23,79,15,124.24,969,17,132.34,12,18,136.27,13,OL,141.82,10,,,,,,,,,,,,,,,,,,,,,,,,,,,,,,,,,,,,,,,,,,,,,,,,,,,,,,,,,,,,,,,,,,,,,,,,,,,,,,,,,,,,,,,,,,,,,,,,,,,,,,,,,,,,,,,,,,,,,,,,,,,,,,,,,,,,,,,,,,,,,,,,,,,,,,,,,,,,,,,,,,,,,,,,,,,,,,,,,,,,,,,,,,,,,,,,,,,,,,,,,,,,,,,,,,,,,,,,,,,,,,,,,,,,,,,,,,,,,,,,,,,,,,,,,,,,,,,,,,,,,,,,,,,,,,,,,
H08_RD14-0003-44d2-45-0.125IP-Q3.2_004.20sec.fsa,vWA,Y,OL,162.06,10,14,164.78,16,OL,165.52,14,16,171.88,8,19,184.49,76,20,188.56,745,OL,199.92,15,OL,206.52,7,,,,,,,,,,,,,,,,,,,,,,,,,,,,,,,,,,,,,,,,,,,,,,,,,,,,,,,,,,,,,,,,,,,,,,,,,,,,,,,,,,,,,,,,,,,,,,,,,,,,,,,,,,,,,,,,,,,,,,,,,,,,,,,,,,,,,,,,,,,,,,,,,,,,,,,,,,,,,,,,,,,,,,,,,,,,,,,,,,,,,,,,,,,,,,,,,,,,,,,,,,,,,,,,,,,,,,,,,,,,,,,,,,,,,,,,,,,,,,,,,,,,,,,,,,,,,,,,,,,,,,,,,,,,,,,,,,,,
H08_RD14-0003-44d2-45-0.125IP-Q3.2_004.20sec.fsa,TPOX,Y,OL,223.56,6,9,233.13,9,10,237.12,22,11,240.95,371,OL,250.25,6,OL,254.46,7,OL,255.64,7,,,,,,,,,,,,,,,,,,,,,,,,,,,,,,,,,,,,,,,,,,,,,,,,,,,,,,,,,,,,,,,,,,,,,,,,,,,,,,,,,,,,,,,,,,,,,,,,,,,,,,,,,,,,,,,,,,,,,,,,,,,,,,,,,,,,,,,,,,,,,,,,,,,,,,,,,,,,,,,,,,,,,,,,,,,,,,,,,,,,,,,,,,,,,,,,,,,,,,,,,,,,,,,,,,,,,,,,,,,,,,,,,,,,,,,,,,,,,,,,,,,,,,,,,,,,,,,,,,,,,,,,,,,,,,,,,,,,,,,
H08_RD14-0003-44d2-45-0.125IP-Q3.2_004.20sec.fsa,D18S51,Y,OL,261.53,7,OL,269.98,9,11,277.25,29,12,281.19,129,13.2,286.89,9,14,289.11,40,15.2,295.58,8,OL,300.08,7,18.2,307.26,14,20.2,314.81,7,OL,327.05,7,OL,337.06,6,,,,,,,,,,,,,,,,,,,,,,,,,,,,,,,,,,,,,,,,,,,,,,,,,,,,,,,,,,,,,,,,,,,,,,,,,,,,,,,,,,,,,,,,,,,,,,,,,,,,,,,,,,,,,,,,,,,,,,,,,,,,,,,,,,,,,,,,,,,,,,,,,,,,,,,,,,,,,,,,,,,,,,,,,,,,,,,,,,,,,,,,,,,,,,,,,,,,,,,,,,,,,,,,,,,,,,,,,,,,,,,,,,,,,,,,,,,,,,,,,,,,,,,,,,,,,,,,,,,,,,,,
H08_RD14-0003-44d2-45-0.125IP-Q3.2_004.20sec.fsa,AMEL,R,X,104.9,651,Y,110.89,552,,,,,,,,,,,,,,,,,,,,,,,,,,,,,,,,,,,,,,,,,,,,,,,,,,,,,,,,,,,,,,,,,,,,,,,,,,,,,,,,,,,,,,,,,,,,,,,,,,,,,,,,,,,,,,,,,,,,,,,,,,,,,,,,,,,,,,,,,,,,,,,,,,,,,,,,,,,,,,,,,,,,,,,,,,,,,,,,,,,,,,,,,,,,,,,,,,,,,,,,,,,,,,,,,,,,,,,,,,,,,,,,,,,,,,,,,,,,,,,,,,,,,,,,,,,,,,,,,,,,,,,,,,,,,,,,,,,,,,,,,,,,,,,,,,,,,,
H08_RD14-0003-44d2-45-0.125IP-Q3.2_004.20sec.fsa,D5S818,R,OL,127.08,9,OL,137.89,10,10,144.88,42,11,148.96,527,12,153.04,604,13,157.23,16,OL,176.85,14,,,,,,,,,,,,,,,,,,,,,,,,,,,,,,,,,,,,,,,,,,,,,,,,,,,,,,,,,,,,,,,,,,,,,,,,,,,,,,,,,,,,,,,,,,,,,,,,,,,,,,,,,,,,,,,,,,,,,,,,,,,,,,,,,,,,,,,,,,,,,,,,,,,,,,,,,,,,,,,,,,,,,,,,,,,,,,,,,,,,,,,,,,,,,,,,,,,,,,,,,,,,,,,,,,,,,,,,,,,,,,,,,,,,,,,,,,,,,,,,,,,,,,,,,,,,,,,,,,,,,,,,,,,,,,,,,,,,,,,
H08_RD14-0003-44d2-45-0.125IP-Q3.2_004.20sec.fsa,FGA,R,OL,205.2,10,16,209.26,7,16.2,211.17,11,OL,231.69,6,22,233.21,28,23,237.28,408,24,241.38,181,OL,270.4,5,32,273.14,6,OL,284.34,14,OL,287.75,12,OL,291.41,7,OL,304.54,8,OL,306.58,13,OL,320.97,13,OL,322.21,6,OL,329.76,10,OL,353.74,8,OL,357.35,12,OL,358.68,12,,,,,,,,,,,,,,,,,,,,,,,,,,,,,,,,,,,,,,,,,,,,,,,,,,,,,,,,,,,,,,,,,,,,,,,,,,,,,,,,,,,,,,,,,,,,,,,,,,,,,,,,,,,,,,,,,,,,,,,,,,,,,,,,,,,,,,,,,,,,,,,,,,,,,,,,,,,,,,,,,,,,,,,,,,,,,,,,,,,,,,,,,,,,,,,,,,,,,,,,,,,,,,,,,,,,,,,,,,,,,,,,,,,,,,,,,,,,,,,,
