Sample File,Marker,Dye,Allele 1,Size 1,Height 1,Allele 2,Size 2,Height 2,Allele 3,Size 3,Height 3,Allele 4,Size 4,Height 4,Allele 5,Size 5,Height 5,Allele 6,Size 6,Height 6,Allele 7,Size 7,Height 7,Allele 8,Size 8,Height 8,Allele 9,Size 9,Height 9,Allele 10,Size 10,Height 10,Allele 11,Size 11,Height 11,Allele 12,Size 12,Height 12,Allele 13,Size 13,Height 13,Allele 14,Size 14,Height 14,Allele 15,Size 15,Height 15,Allele 16,Size 16,Height 16,Allele 17,Size 17,Height 17,Allele 18,Size 18,Height 18,Allele 19,Size 19,Height 19,Allele 20,Size 20,Height 20,Allele 21,Size 21,Height 21,Allele 22,Size 22,Height 22,Allele 23,Size 23,Height 23,Allele 24,Size 24,Height 24,Allele 25,Size 25,Height 25,Allele 26,Size 26,Height 26,Allele 27,Size 27,Height 27,Allele 28,Size 28,Height 28,Allele 29,Size 29,Height 29,Allele 30,Size 30,Height 30,Allele 31,Size 31,Height 31,Allele 32,Size 32,Height 32,Allele 33,Size 33,Height 33,Allele 34,Size 34,Height 34,Allele 35,Size 35,Height 35,Allele 36,Size 36,Height 36,Allele 37,Size 37,Height 37,Allele 38,Size 38,Height 38,Allele 39,Size 39,Height 39,Allele 40,Size 40,Height 40,Allele 41,Size 41,Height 41,Allele 42,Size 42,Height 42,Allele 43,Size 43,Height 43,Allele 44,Size 44,Height 44,Allele 45,Size 45,Height 45,Allele 46,Size 46,Height 46,Allele 47,Size 47,Height 47,Allele 48,Size 48,Height 48,Allele 49,Size 49,Height 49,Allele 50,Size 50,Height 50,Allele 51,Size 51,Height 51,Allele 52,Size 52,Height 52,Allele 53,Size 53,Height 53,Allele 54,Size 54,Height 54,Allele 55,Size 55,Height 55,Allele 56,Size 56,Height 56,Allele 57,Size 57,Height 57,Allele 58,Size 58,Height 58,Allele 59,Size 59,Height 59,Allele 60,Size 60,Height 60,Allele 61,Size 61,Height 61,Allele 62,Size 62,Height 62,Allele 63,Size 63,Height 63,Allele 64,Size 64,Height 64,Allele 65,Size 65,Height 65,Allele 66,Size 66,Height 66,Allele 67,Size 67,Height 67,Allele 68,Size 68,Height 68,Allele 69,Size 69,Height 69,Allele 70,Size 70,Height 70,Allele 71,Size 71,Height 71,Allele 72,Size 72,Height 72,Allele 73,Size 73,Height 73,Allele 74,Size 74,Height 74,Allele 75,Size 75,Height 75,Allele 76,Size 76,Height 76,Allele 77,Size 77,Height 77,Allele 78,Size 78,Height 78,Allele 79,Size 79,Height 79,Allele 80,Size 80,Height 80,Allele 81,Size 81,Height 81,Allele 82,Size 82,Height 82,Allele 83,Size 83,Height 83,Allele 84,Size 84,Height 84,Allele 85,Size 85,Height 85,Allele 86,Size 86,Height 86,Allele 87,Size 87,Height 87,Allele 88,Size 88,Height 88,Allele 89,Size 89,Height 89,Allele 90,Size 90,Height 90,Allele 91,Size 91,Height 91,Allele 92,Size 92,Height 92,Allele 93,Size 93,Height 93,Allele 94,Size 94,Height 94,Allele 95,Size 95,Height 95,Allele 96,Size 96,Height 96,Allele 97,Size 97,Height 97,Allele 98,Size 98,Height 98,Allele 99,Size 99,Height 99,Allele 100,Size 100,Height 100
A02_RD14-0003-03d3a-0.1IP-Q0.9_001.20sec.fsa,D8S1179,B,OL,119.7,11,OL,127.04,6,OL,127.97,7,10,129.28,7,11,133.79,2,OL,134.81,1,OL,138.58,2,13,142.02,30,OL,142.82,7,14,146.06,607,15,150.28,650,17,158.2,5,OL,159.51,5,OL,165.77,3,OL,178.07,12,,,,,,,,,,,,,,,,,,,,,,,,,,,,,,,,,,,,,,,,,,,,,,,,,,,,,,,,,,,,,,,,,,,,,,,,,,,,,,,,,,,,,,,,,,,,,,,,,,,,,,,,,,,,,,,,,,,,,,,,,,,,,,,,,,,,,,,,,,,,,,,,,,,,,,,,,,,,,,,,,,,,,,,,,,,,,,,,,,,,,,,,,,,,,,,,,,,,,,,,,,,,,,,,,,,,,,,,,,,,,,,,,,,,,,,,,,,,,,,,,,,,,,,,,,,,,,,
A02_RD14-0003-03d3a-0.1IP-Q0.9_001.20sec.fsa,D21S11,B,OL,189.95,2,OL,193.49,2,OL,195.47,3,30.2,208.56,7,OL,209.69,3,31.2,212.62,92,32,214.58,7,32.2,216.74,1285,33.2,220.74,18,35.2,229.08,7,OL,236.36,1,,,,,,,,,,,,,,,,,,,,,,,,,,,,,,,,,,,,,,,,,,,,,,,,,,,,,,,,,,,,,,,,,,,,,,,,,,,,,,,,,,,,,,,,,,,,,,,,,,,,,,,,,,,,,,,,,,,,,,,,,,,,,,,,,,,,,,,,,,,,,,,,,,,,,,,,,,,,,,,,,,,,,,,,,,,,,,,,,,,,,,,,,,,,,,,,,,,,,,,,,,,,,,,,,,,,,,,,,,,,,,,,,,,,,,,,,,,,,,,,,,,,,,,,,,,,,,,,,,,,,,,,,,,
A02_RD14-0003-03d3a-0.1IP-Q0.9_001.20sec.fsa,D7S820,B,6,253.83,3,7,258.14,15,8,262.08,622,OL,264.92,1,10,270.19,25,11,274.21,512,OL,279.58,3,,,,,,,,,,,,,,,,,,,,,,,,,,,,,,,,,,,,,,,,,,,,,,,,,,,,,,,,,,,,,,,,,,,,,,,,,,,,,,,,,,,,,,,,,,,,,,,,,,,,,,,,,,,,,,,,,,,,,,,,,,,,,,,,,,,,,,,,,,,,,,,,,,,,,,,,,,,,,,,,,,,,,,,,,,,,,,,,,,,,,,,,,,,,,,,,,,,,,,,,,,,,,,,,,,,,,,,,,,,,,,,,,,,,,,,,,,,,,,,,,,,,,,,,,,,,,,,,,,,,,,,,,,,,,,,,,,,,,,,
A02_RD14-0003-03d3a-0.1IP-Q0.9_001.20sec.fsa,CSF1PO,B,7,306.62,38,8,310.54,1299,OL,312.56,5,9,314.62,3,OL,319.47,5,10.2,320.43,2,11,322.82,21,12,326.92,340,OL,334.28,3,15,338.32,2,,,,,,,,,,,,,,,,,,,,,,,,,,,,,,,,,,,,,,,,,,,,,,,,,,,,,,,,,,,,,,,,,,,,,,,,,,,,,,,,,,,,,,,,,,,,,,,,,,,,,,,,,,,,,,,,,,,,,,,,,,,,,,,,,,,,,,,,,,,,,,,,,,,,,,,,,,,,,,,,,,,,,,,,,,,,,,,,,,,,,,,,,,,,,,,,,,,,,,,,,,,,,,,,,,,,,,,,,,,,,,,,,,,,,,,,,,,,,,,,,,,,,,,,,,,,,,,,,,,,,,,,,,,,,,
A02_RD14-0003-03d3a-0.1IP-Q0.9_001.20sec.fsa,D3S1358,G,OL,94.74,5,11,106.04,4,13,114.84,34,14,118.26,7,OL,119.85,7,15,122.36,94,16,126.35,1315,OL,127.58,12,17,130.13,844,OL,133.09,3,18,134.1,16,OL,135.98,3,OL,139.84,7,,,,,,,,,,,,,,,,,,,,,,,,,,,,,,,,,,,,,,,,,,,,,,,,,,,,,,,,,,,,,,,,,,,,,,,,,,,,,,,,,,,,,,,,,,,,,,,,,,,,,,,,,,,,,,,,,,,,,,,,,,,,,,,,,,,,,,,,,,,,,,,,,,,,,,,,,,,,,,,,,,,,,,,,,,,,,,,,,,,,,,,,,,,,,,,,,,,,,,,,,,,,,,,,,,,,,,,,,,,,,,,,,,,,,,,,,,,,,,,,,,,,,,,,,,,,,,,,,,,,,
A02_RD14-0003-03d3a-0.1IP-Q0.9_001.20sec.fsa,TH01,G,OL,155.58,4,4,159.92,9,OL,162.8,3,5.3,167.29,7,OL,170.02,2,7,172.6,56,8,176.7,2041,9,180.74,1912,OL,190.53,3,13.3,199.84,6,,,,,,,,,,,,,,,,,,,,,,,,,,,,,,,,,,,,,,,,,,,,,,,,,,,,,,,,,,,,,,,,,,,,,,,,,,,,,,,,,,,,,,,,,,,,,,,,,,,,,,,,,,,,,,,,,,,,,,,,,,,,,,,,,,,,,,,,,,,,,,,,,,,,,,,,,,,,,,,,,,,,,,,,,,,,,,,,,,,,,,,,,,,,,,,,,,,,,,,,,,,,,,,,,,,,,,,,,,,,,,,,,,,,,,,,,,,,,,,,,,,,,,,,,,,,,,,,,,,,,,,,,,,,,,
A02_RD14-0003-03d3a-0.1IP-Q0.9_001.20sec.fsa,D13S317,G,OL,209.45,5,OL,210.58,4,OL,212.62,6,OL,213.76,8,OL,216.66,15,OL,218.75,5,9,219.75,7,OL,220.91,4,10,223.22,73,11,227.26,1743,12,231.39,1569,13,235.45,13,OL,241.44,8,OL,245.22,4,,,,,,,,,,,,,,,,,,,,,,,,,,,,,,,,,,,,,,,,,,,,,,,,,,,,,,,,,,,,,,,,,,,,,,,,,,,,,,,,,,,,,,,,,,,,,,,,,,,,,,,,,,,,,,,,,,,,,,,,,,,,,,,,,,,,,,,,,,,,,,,,,,,,,,,,,,,,,,,,,,,,,,,,,,,,,,,,,,,,,,,,,,,,,,,,,,,,,,,,,,,,,,,,,,,,,,,,,,,,,,,,,,,,,,,,,,,,,,,,,,,,,,,,,,,,,,,,,,
A02_RD14-0003-03d3a-0.1IP-Q0.9_001.20sec.fsa,D16S539,G,OL,252.2,3,7,259.76,8,OL,262,12,8,263.5,4,9,267.34,7,10,271.36,78,11,275.38,1641,12,279.41,13,13,283.28,84,14,287.22,1011,15,291.4,7,,,,,,,,,,,,,,,,,,,,,,,,,,,,,,,,,,,,,,,,,,,,,,,,,,,,,,,,,,,,,,,,,,,,,,,,,,,,,,,,,,,,,,,,,,,,,,,,,,,,,,,,,,,,,,,,,,,,,,,,,,,,,,,,,,,,,,,,,,,,,,,,,,,,,,,,,,,,,,,,,,,,,,,,,,,,,,,,,,,,,,,,,,,,,,,,,,,,,,,,,,,,,,,,,,,,,,,,,,,,,,,,,,,,,,,,,,,,,,,,,,,,,,,,,,,,,,,,,,,,,,,,,,,
A02_RD14-0003-03d3a-0.1IP-Q0.9_001.20sec.fsa,D2S1338,G,OL,310.46,11,OL,311.72,4,OL,319.73,6,21,329.12,78,22,333.19,1089,OL,339.75,5,24,341.12,108,25,345.16,1140,OL,354.91,3,OL,358.27,4,OL,362.39,3,,,,,,,,,,,,,,,,,,,,,,,,,,,,,,,,,,,,,,,,,,,,,,,,,,,,,,,,,,,,,,,,,,,,,,,,,,,,,,,,,,,,,,,,,,,,,,,,,,,,,,,,,,,,,,,,,,,,,,,,,,,,,,,,,,,,,,,,,,,,,,,,,,,,,,,,,,,,,,,,,,,,,,,,,,,,,,,,,,,,,,,,,,,,,,,,,,,,,,,,,,,,,,,,,,,,,,,,,,,,,,,,,,,,,,,,,,,,,,,,,,,,,,,,,,,,,,,,,,,,,,,,,,,
A02_RD14-0003-03d3a-0.1IP-Q0.9_001.20sec.fsa,D19S433,Y,OL,100.79,3,11,108.15,42,12,112.21,653,13,116.21,41,14,120.23,567,15.2,126.27,25,OL,128.58,7,16.2,130.21,27,,,,,,,,,,,,,,,,,,,,,,,,,,,,,,,,,,,,,,,,,,,,,,,,,,,,,,,,,,,,,,,,,,,,,,,,,,,,,,,,,,,,,,,,,,,,,,,,,,,,,,,,,,,,,,,,,,,,,,,,,,,,,,,,,,,,,,,,,,,,,,,,,,,,,,,,,,,,,,,,,,,,,,,,,,,,,,,,,,,,,,,,,,,,,,,,,,,,,,,,,,,,,,,,,,,,,,,,,,,,,,,,,,,,,,,,,,,,,,,,,,,,,,,,,,,,,,,,,,,,,,,,,,,,,,,,,,,,
A02_RD14-0003-03d3a-0.1IP-Q0.9_001.20sec.fsa,vWA,Y,10,147.52,8,14,164.09,50,15,168.1,987,16,172.19,949,17,176.54,39,18,180.58,41,OL,207.02,5,,,,,,,,,,,,,,,,,,,,,,,,,,,,,,,,,,,,,,,,,,,,,,,,,,,,,,,,,,,,,,,,,,,,,,,,,,,,,,,,,,,,,,,,,,,,,,,,,,,,,,,,,,,,,,,,,,,,,,,,,,,,,,,,,,,,,,,,,,,,,,,,,,,,,,,,,,,,,,,,,,,,,,,,,,,,,,,,,,,,,,,,,,,,,,,,,,,,,,,,,,,,,,,,,,,,,,,,,,,,,,,,,,,,,,,,,,,,,,,,,,,,,,,,,,,,,,,,,,,,,,,,,,,,,,,,,,,,,,,
A02_RD14-0003-03d3a-0.1IP-Q0.9_001.20sec.fsa,TPOX,Y,OL,227.18,36,OL,231.39,40,10,236.77,39,OL,238.26,8,11,240.84,962,OL,249.83,9,,,,,,,,,,,,,,,,,,,,,,,,,,,,,,,,,,,,,,,,,,,,,,,,,,,,,,,,,,,,,,,,,,,,,,,,,,,,,,,,,,,,,,,,,,,,,,,,,,,,,,,,,,,,,,,,,,,,,,,,,,,,,,,,,,,,,,,,,,,,,,,,,,,,,,,,,,,,,,,,,,,,,,,,,,,,,,,,,,,,,,,,,,,,,,,,,,,,,,,,,,,,,,,,,,,,,,,,,,,,,,,,,,,,,,,,,,,,,,,,,,,,,,,,,,,,,,,,,,,,,,,,,,,,,,,,,,,,,,,,,,
A02_RD14-0003-03d3a-0.1IP-Q0.9_001.20sec.fsa,D18S51,Y,9.2,271.36,8,OL,272.36,7,10,273.45,8,10.2,275.3,33,16,297.14,49,17,301.05,564,18,305.06,553,OL,322.57,7,23,325.3,4,OL,330.56,10,OL,333.19,21,OL,339.83,6,,,,,,,,,,,,,,,,,,,,,,,,,,,,,,,,,,,,,,,,,,,,,,,,,,,,,,,,,,,,,,,,,,,,,,,,,,,,,,,,,,,,,,,,,,,,,,,,,,,,,,,,,,,,,,,,,,,,,,,,,,,,,,,,,,,,,,,,,,,,,,,,,,,,,,,,,,,,,,,,,,,,,,,,,,,,,,,,,,,,,,,,,,,,,,,,,,,,,,,,,,,,,,,,,,,,,,,,,,,,,,,,,,,,,,,,,,,,,,,,,,,,,,,,,,,,,,,,,,,,,,,,
A02_RD14-0003-03d3a-0.1IP-Q0.9_001.20sec.fsa,AMEL,R,X,104.87,610,Y,110.81,838,,,,,,,,,,,,,,,,,,,,,,,,,,,,,,,,,,,,,,,,,,,,,,,,,,,,,,,,,,,,,,,,,,,,,,,,,,,,,,,,,,,,,,,,,,,,,,,,,,,,,,,,,,,,,,,,,,,,,,,,,,,,,,,,,,,,,,,,,,,,,,,,,,,,,,,,,,,,,,,,,,,,,,,,,,,,,,,,,,,,,,,,,,,,,,,,,,,,,,,,,,,,,,,,,,,,,,,,,,,,,,,,,,,,,,,,,,,,,,,,,,,,,,,,,,,,,,,,,,,,,,,,,,,,,,,,,,,,,,,,,,,,,,,,,,,,,,
A02_RD14-0003-03d3a-0.1IP-Q0.9_001.20sec.fsa,D5S818,R,OL,127.27,19,OL,147.28,6,11,148.82,41,OL,149.96,5,12,152.97,757,13,157.13,1167,14,161.2,14,OL,163.85,4,OL,177.58,35,,,,,,,,,,,,,,,,,,,,,,,,,,,,,,,,,,,,,,,,,,,,,,,,,,,,,,,,,,,,,,,,,,,,,,,,,,,,,,,,,,,,,,,,,,,,,,,,,,,,,,,,,,,,,,,,,,,,,,,,,,,,,,,,,,,,,,,,,,,,,,,,,,,,,,,,,,,,,,,,,,,,,,,,,,,,,,,,,,,,,,,,,,,,,,,,,,,,,,,,,,,,,,,,,,,,,,,,,,,,,,,,,,,,,,,,,,,,,,,,,,,,,,,,,,,,,,,,,,,,,,,,,,,,,,,,,
A02_RD14-0003-03d3a-0.1IP-Q0.9_001.20sec.fsa,FGA,R,16.2,210.58,10,18,216.83,51,19,220.91,976,OL,228.17,30,21,229.08,35,OL,229.82,32,OL,230.4,33,22,233.46,8,23,237.18,69,24,241.35,844,25,245.31,7,OL,248.66,6,OL,260.92,8,32,274.04,7,OL,277.14,14,OL,277.9,14,OL,281.97,11,OL,285.75,9,OL,301.13,11,OL,306.05,6,OL,309.45,6,OL,319.03,6,OL,331.5,10,48.2,341.03,9,OL,342.67,11,OL,343.61,9,,,,,,,,,,,,,,,,,,,,,,,,,,,,,,,,,,,,,,,,,,,,,,,,,,,,,,,,,,,,,,,,,,,,,,,,,,,,,,,,,,,,,,,,,,,,,,,,,,,,,,,,,,,,,,,,,,,,,,,,,,,,,,,,,,,,,,,,,,,,,,,,,,,,,,,,,,,,,,,,,,,,,,,,,,,,,,,,,,,,,,,,,,,,,,,,,,,,,,,,,,,,,,,,,,,,,,,,,,,,,,
A03_RD14-0003-03d3b-0.06IP-Q1.1_001.20sec.fsa,D8S1179,B,OL,113.05,4,OL,116,2,OL,119.14,10,OL,132.32,3,OL,138.35,5,13,141.91,34,14,146.04,477,15,150.19,203,OL,159.22,4,OL,176.04,3,OL,178.1,2,,,,,,,,,,,,,,,,,,,,,,,,,,,,,,,,,,,,,,,,,,,,,,,,,,,,,,,,,,,,,,,,,,,,,,,,,,,,,,,,,,,,,,,,,,,,,,,,,,,,,,,,,,,,,,,,,,,,,,,,,,,,,,,,,,,,,,,,,,,,,,,,,,,,,,,,,,,,,,,,,,,,,,,,,,,,,,,,,,,,,,,,,,,,,,,,,,,,,,,,,,,,,,,,,,,,,,,,,,,,,,,,,,,,,,,,,,,,,,,,,,,,,,,,,,,,,,,,,,,,,,,,,,,
A03_RD14-0003-03d3b-0.06IP-Q1.1_001.20sec.fsa,D21S11,B,OL,183.18,4,25,185.9,3,OL,189.86,3,OL,203.76,3,OL,205.94,3,30.2,208.29,4,OL,209.2,1,31.2,212.55,43,32,214.47,5,32.2,216.6,704,OL,230.04,2,OL,233.59,2,OL,234.28,2,37.2,236.52,4,38,239.3,2,OL,241.67,3,,,,,,,,,,,,,,,,,,,,,,,,,,,,,,,,,,,,,,,,,,,,,,,,,,,,,,,,,,,,,,,,,,,,,,,,,,,,,,,,,,,,,,,,,,,,,,,,,,,,,,,,,,,,,,,,,,,,,,,,,,,,,,,,,,,,,,,,,,,,,,,,,,,,,,,,,,,,,,,,,,,,,,,,,,,,,,,,,,,,,,,,,,,,,,,,,,,,,,,,,,,,,,,,,,,,,,,,,,,,,,,,,,,,,,,,,,,,,,,,,,,,,,,,,,,,
A03_RD14-0003-03d3b-0.06IP-Q1.1_001.20sec.fsa,D7S820,B,5,249.84,3,8,262.02,131,9.2,268.1,3,10,270.13,11,11,274.12,261,OL,283.87,4,OL,284.8,5,OL,288.74,4,OL,291.83,5,,,,,,,,,,,,,,,,,,,,,,,,,,,,,,,,,,,,,,,,,,,,,,,,,,,,,,,,,,,,,,,,,,,,,,,,,,,,,,,,,,,,,,,,,,,,,,,,,,,,,,,,,,,,,,,,,,,,,,,,,,,,,,,,,,,,,,,,,,,,,,,,,,,,,,,,,,,,,,,,,,,,,,,,,,,,,,,,,,,,,,,,,,,,,,,,,,,,,,,,,,,,,,,,,,,,,,,,,,,,,,,,,,,,,,,,,,,,,,,,,,,,,,,,,,,,,,,,,,,,,,,,,,,,,,,,,
A03_RD14-0003-03d3b-0.06IP-Q1.1_001.20sec.fsa,CSF1PO,B,OL,304.02,3,OL,305.48,5,7,306.4,4,OL,308.19,2,8,310.45,156,OL,313.37,6,OL,321.13,2,11,322.49,5,12,326.81,131,OL,330.23,5,OL,339.61,4,OL,341.77,4,16,342.82,4,,,,,,,,,,,,,,,,,,,,,,,,,,,,,,,,,,,,,,,,,,,,,,,,,,,,,,,,,,,,,,,,,,,,,,,,,,,,,,,,,,,,,,,,,,,,,,,,,,,,,,,,,,,,,,,,,,,,,,,,,,,,,,,,,,,,,,,,,,,,,,,,,,,,,,,,,,,,,,,,,,,,,,,,,,,,,,,,,,,,,,,,,,,,,,,,,,,,,,,,,,,,,,,,,,,,,,,,,,,,,,,,,,,,,,,,,,,,,,,,,,,,,,,,,,,,,,,,,,,,,
A03_RD14-0003-03d3b-0.06IP-Q1.1_001.20sec.fsa,D3S1358,G,OL,99.93,10,OL,102.99,4,OL,105.22,3,OL,108.99,4,OL,110.84,6,OL,115.14,31,14,118.72,3,15,122.23,29,16,126.23,339,17,130.11,165,18,134.99,2,19,138.05,3,OL,143.13,4,,,,,,,,,,,,,,,,,,,,,,,,,,,,,,,,,,,,,,,,,,,,,,,,,,,,,,,,,,,,,,,,,,,,,,,,,,,,,,,,,,,,,,,,,,,,,,,,,,,,,,,,,,,,,,,,,,,,,,,,,,,,,,,,,,,,,,,,,,,,,,,,,,,,,,,,,,,,,,,,,,,,,,,,,,,,,,,,,,,,,,,,,,,,,,,,,,,,,,,,,,,,,,,,,,,,,,,,,,,,,,,,,,,,,,,,,,,,,,,,,,,,,,,,,,,,,,,,,,,,,
A03_RD14-0003-03d3b-0.06IP-Q1.1_001.20sec.fsa,TH01,G,OL,163.34,5,7,172.54,12,8,176.65,543,9,180.7,347,10.3,187.45,4,OL,192.26,3,,,,,,,,,,,,,,,,,,,,,,,,,,,,,,,,,,,,,,,,,,,,,,,,,,,,,,,,,,,,,,,,,,,,,,,,,,,,,,,,,,,,,,,,,,,,,,,,,,,,,,,,,,,,,,,,,,,,,,,,,,,,,,,,,,,,,,,,,,,,,,,,,,,,,,,,,,,,,,,,,,,,,,,,,,,,,,,,,,,,,,,,,,,,,,,,,,,,,,,,,,,,,,,,,,,,,,,,,,,,,,,,,,,,,,,,,,,,,,,,,,,,,,,,,,,,,,,,,,,,,,,,,,,,,,,,,,,,,,,,,,
A03_RD14-0003-03d3b-0.06IP-Q1.1_001.20sec.fsa,D13S317,G,OL,203.53,3,OL,204.21,4,OL,213.85,6,OL,220.31,2,10,223.24,14,11,227.26,480,12,231.35,281,14,238.92,4,,,,,,,,,,,,,,,,,,,,,,,,,,,,,,,,,,,,,,,,,,,,,,,,,,,,,,,,,,,,,,,,,,,,,,,,,,,,,,,,,,,,,,,,,,,,,,,,,,,,,,,,,,,,,,,,,,,,,,,,,,,,,,,,,,,,,,,,,,,,,,,,,,,,,,,,,,,,,,,,,,,,,,,,,,,,,,,,,,,,,,,,,,,,,,,,,,,,,,,,,,,,,,,,,,,,,,,,,,,,,,,,,,,,,,,,,,,,,,,,,,,,,,,,,,,,,,,,,,,,,,,,,,,,,,,,,,,,
A03_RD14-0003-03d3b-0.06IP-Q1.1_001.20sec.fsa,D16S539,G,10,271.23,10,11,275.3,118,OL,279.84,6,13,283.17,18,14,287.19,233,,,,,,,,,,,,,,,,,,,,,,,,,,,,,,,,,,,,,,,,,,,,,,,,,,,,,,,,,,,,,,,,,,,,,,,,,,,,,,,,,,,,,,,,,,,,,,,,,,,,,,,,,,,,,,,,,,,,,,,,,,,,,,,,,,,,,,,,,,,,,,,,,,,,,,,,,,,,,,,,,,,,,,,,,,,,,,,,,,,,,,,,,,,,,,,,,,,,,,,,,,,,,,,,,,,,,,,,,,,,,,,,,,,,,,,,,,,,,,,,,,,,,,,,,,,,,,,,,,,,,,,,,,,,,,,,,,,,,,,,,,,,,
A03_RD14-0003-03d3b-0.06IP-Q1.1_001.20sec.fsa,D2S1338,G,OL,301.28,2,18,316.74,3,OL,320,6,21,328.72,10,22,333.08,175,24,340.88,20,25,345.07,178,26,348.78,2,26,349.42,3,OL,352.41,4,OL,356.6,3,OL,359.84,5,OL,363.04,2,,,,,,,,,,,,,,,,,,,,,,,,,,,,,,,,,,,,,,,,,,,,,,,,,,,,,,,,,,,,,,,,,,,,,,,,,,,,,,,,,,,,,,,,,,,,,,,,,,,,,,,,,,,,,,,,,,,,,,,,,,,,,,,,,,,,,,,,,,,,,,,,,,,,,,,,,,,,,,,,,,,,,,,,,,,,,,,,,,,,,,,,,,,,,,,,,,,,,,,,,,,,,,,,,,,,,,,,,,,,,,,,,,,,,,,,,,,,,,,,,,,,,,,,,,,,,,,,,,,,,
A03_RD14-0003-03d3b-0.06IP-Q1.1_001.20sec.fsa,D19S433,Y,OL,103.28,4,10,103.95,10,11,108.03,29,12,112.16,544,13,116.22,23,14,120.07,261,16,128.49,5,OL,137.53,3,OL,139.62,8,,,,,,,,,,,,,,,,,,,,,,,,,,,,,,,,,,,,,,,,,,,,,,,,,,,,,,,,,,,,,,,,,,,,,,,,,,,,,,,,,,,,,,,,,,,,,,,,,,,,,,,,,,,,,,,,,,,,,,,,,,,,,,,,,,,,,,,,,,,,,,,,,,,,,,,,,,,,,,,,,,,,,,,,,,,,,,,,,,,,,,,,,,,,,,,,,,,,,,,,,,,,,,,,,,,,,,,,,,,,,,,,,,,,,,,,,,,,,,,,,,,,,,,,,,,,,,,,,,,,,,,,,,,,,,,,,
A03_RD14-0003-03d3b-0.06IP-Q1.1_001.20sec.fsa,vWA,Y,OL,152.88,9,14,164.02,22,15,168.13,323,16,172.16,386,OL,177.41,10,19,184.19,7,19,184.89,13,24,204.66,5,OL,206.47,5,25,208.59,7,,,,,,,,,,,,,,,,,,,,,,,,,,,,,,,,,,,,,,,,,,,,,,,,,,,,,,,,,,,,,,,,,,,,,,,,,,,,,,,,,,,,,,,,,,,,,,,,,,,,,,,,,,,,,,,,,,,,,,,,,,,,,,,,,,,,,,,,,,,,,,,,,,,,,,,,,,,,,,,,,,,,,,,,,,,,,,,,,,,,,,,,,,,,,,,,,,,,,,,,,,,,,,,,,,,,,,,,,,,,,,,,,,,,,,,,,,,,,,,,,,,,,,,,,,,,,,,,,,,,,,,,,,,,,,
A03_RD14-0003-03d3b-0.06IP-Q1.1_001.20sec.fsa,TPOX,Y,OL,212.93,8,OL,213.77,6,OL,215.1,7,OL,219.76,10,OL,227.02,15,10,236.45,15,OL,238.15,5,11,240.64,390,13,248.5,4,OL,254.14,10,OL,256.35,4,,,,,,,,,,,,,,,,,,,,,,,,,,,,,,,,,,,,,,,,,,,,,,,,,,,,,,,,,,,,,,,,,,,,,,,,,,,,,,,,,,,,,,,,,,,,,,,,,,,,,,,,,,,,,,,,,,,,,,,,,,,,,,,,,,,,,,,,,,,,,,,,,,,,,,,,,,,,,,,,,,,,,,,,,,,,,,,,,,,,,,,,,,,,,,,,,,,,,,,,,,,,,,,,,,,,,,,,,,,,,,,,,,,,,,,,,,,,,,,,,,,,,,,,,,,,,,,,,,,,,,,,,,,
A03_RD14-0003-03d3b-0.06IP-Q1.1_001.20sec.fsa,D18S51,Y,9.2,270.91,8,OL,277.65,9,OL,291.67,8,16,296.92,19,17,301.06,162,OL,302.35,5,17.2,303.03,4,18,304.94,168,OL,337.1,8,,,,,,,,,,,,,,,,,,,,,,,,,,,,,,,,,,,,,,,,,,,,,,,,,,,,,,,,,,,,,,,,,,,,,,,,,,,,,,,,,,,,,,,,,,,,,,,,,,,,,,,,,,,,,,,,,,,,,,,,,,,,,,,,,,,,,,,,,,,,,,,,,,,,,,,,,,,,,,,,,,,,,,,,,,,,,,,,,,,,,,,,,,,,,,,,,,,,,,,,,,,,,,,,,,,,,,,,,,,,,,,,,,,,,,,,,,,,,,,,,,,,,,,,,,,,,,,,,,,,,,,,,,,,,,,,,
A03_RD14-0003-03d3b-0.06IP-Q1.1_001.20sec.fsa,AMEL,R,X,104.92,217,Y,110.84,256,,,,,,,,,,,,,,,,,,,,,,,,,,,,,,,,,,,,,,,,,,,,,,,,,,,,,,,,,,,,,,,,,,,,,,,,,,,,,,,,,,,,,,,,,,,,,,,,,,,,,,,,,,,,,,,,,,,,,,,,,,,,,,,,,,,,,,,,,,,,,,,,,,,,,,,,,,,,,,,,,,,,,,,,,,,,,,,,,,,,,,,,,,,,,,,,,,,,,,,,,,,,,,,,,,,,,,,,,,,,,,,,,,,,,,,,,,,,,,,,,,,,,,,,,,,,,,,,,,,,,,,,,,,,,,,,,,,,,,,,,,,,,,,,,,,,,,
A03_RD14-0003-03d3b-0.06IP-Q1.1_001.20sec.fsa,D5S818,R,6,128.35,8,OL,130.03,8,7,132.54,8,OL,134.69,8,8,136.11,5,11,148.73,18,12,152.96,276,13,157.13,177,14,160.91,7,OL,165.85,11,,,,,,,,,,,,,,,,,,,,,,,,,,,,,,,,,,,,,,,,,,,,,,,,,,,,,,,,,,,,,,,,,,,,,,,,,,,,,,,,,,,,,,,,,,,,,,,,,,,,,,,,,,,,,,,,,,,,,,,,,,,,,,,,,,,,,,,,,,,,,,,,,,,,,,,,,,,,,,,,,,,,,,,,,,,,,,,,,,,,,,,,,,,,,,,,,,,,,,,,,,,,,,,,,,,,,,,,,,,,,,,,,,,,,,,,,,,,,,,,,,,,,,,,,,,,,,,,,,,,,,,,,,,,,,
A03_RD14-0003-03d3b-0.06IP-Q1.1_001.20sec.fsa,FGA,R,OL,211.41,9,18,216.68,13,OL,217.63,8,19,221,226,OL,230.42,13,OL,232.04,6,OL,236.68,8,24,241.43,33,OL,246.44,8,26.2,251.69,13,28,257.11,4,31.2,271.38,9,45.2,328.17,7,47.2,336,7,OL,338.98,4,OL,343.78,7,,,,,,,,,,,,,,,,,,,,,,,,,,,,,,,,,,,,,,,,,,,,,,,,,,,,,,,,,,,,,,,,,,,,,,,,,,,,,,,,,,,,,,,,,,,,,,,,,,,,,,,,,,,,,,,,,,,,,,,,,,,,,,,,,,,,,,,,,,,,,,,,,,,,,,,,,,,,,,,,,,,,,,,,,,,,,,,,,,,,,,,,,,,,,,,,,,,,,,,,,,,,,,,,,,,,,,,,,,,,,,,,,,,,,,,,,,,,,,,,,,,,,,,,,,,,
A04_RD14-0003-03d3c-0.0078IP-Q1.0_001.20sec.fsa,D8S1179,B,OL,116.72,3,OL,119.64,8,OL,124.28,4,OL,127.13,7,OL,143.21,13,15,150.26,31,OL,177.62,3,,,,,,,,,,,,,,,,,,,,,,,,,,,,,,,,,,,,,,,,,,,,,,,,,,,,,,,,,,,,,,,,,,,,,,,,,,,,,,,,,,,,,,,,,,,,,,,,,,,,,,,,,,,,,,,,,,,,,,,,,,,,,,,,,,,,,,,,,,,,,,,,,,,,,,,,,,,,,,,,,,,,,,,,,,,,,,,,,,,,,,,,,,,,,,,,,,,,,,,,,,,,,,,,,,,,,,,,,,,,,,,,,,,,,,,,,,,,,,,,,,,,,,,,,,,,,,,,,,,,,,,,,,,,,,,,,,,,,,,
A04_RD14-0003-03d3c-0.0078IP-Q1.0_001.20sec.fsa,D21S11,B,24,182.11,5,OL,189.85,3,OL,191.41,2,OL,195.47,3,31.2,212.61,5,32.2,216.71,34,OL,230.11,3,36,231.13,3,37,234.74,3,37.2,236.78,3,OL,238.11,3,OL,239.53,4,,,,,,,,,,,,,,,,,,,,,,,,,,,,,,,,,,,,,,,,,,,,,,,,,,,,,,,,,,,,,,,,,,,,,,,,,,,,,,,,,,,,,,,,,,,,,,,,,,,,,,,,,,,,,,,,,,,,,,,,,,,,,,,,,,,,,,,,,,,,,,,,,,,,,,,,,,,,,,,,,,,,,,,,,,,,,,,,,,,,,,,,,,,,,,,,,,,,,,,,,,,,,,,,,,,,,,,,,,,,,,,,,,,,,,,,,,,,,,,,,,,,,,,,,,,,,,,,,,,,,,,,
A04_RD14-0003-03d3c-0.0078IP-Q1.0_001.20sec.fsa,D7S820,B,5,250.16,2,OL,259.61,4,8,262.06,30,OL,270.89,4,11,274.16,49,OL,280.16,3,16,294.25,2,,,,,,,,,,,,,,,,,,,,,,,,,,,,,,,,,,,,,,,,,,,,,,,,,,,,,,,,,,,,,,,,,,,,,,,,,,,,,,,,,,,,,,,,,,,,,,,,,,,,,,,,,,,,,,,,,,,,,,,,,,,,,,,,,,,,,,,,,,,,,,,,,,,,,,,,,,,,,,,,,,,,,,,,,,,,,,,,,,,,,,,,,,,,,,,,,,,,,,,,,,,,,,,,,,,,,,,,,,,,,,,,,,,,,,,,,,,,,,,,,,,,,,,,,,,,,,,,,,,,,,,,,,,,,,,,,,,,,,,
A04_RD14-0003-03d3c-0.0078IP-Q1.0_001.20sec.fsa,CSF1PO,B,OL,303.98,5,OL,305.55,3,8,310.42,39,OL,316.65,2,OL,328.07,3,OL,328.56,2,14,334.43,1,,,,,,,,,,,,,,,,,,,,,,,,,,,,,,,,,,,,,,,,,,,,,,,,,,,,,,,,,,,,,,,,,,,,,,,,,,,,,,,,,,,,,,,,,,,,,,,,,,,,,,,,,,,,,,,,,,,,,,,,,,,,,,,,,,,,,,,,,,,,,,,,,,,,,,,,,,,,,,,,,,,,,,,,,,,,,,,,,,,,,,,,,,,,,,,,,,,,,,,,,,,,,,,,,,,,,,,,,,,,,,,,,,,,,,,,,,,,,,,,,,,,,,,,,,,,,,,,,,,,,,,,,,,,,,,,,,,,,,,
A04_RD14-0003-03d3c-0.0078IP-Q1.0_001.20sec.fsa,D3S1358,G,OL,101.64,3,OL,111.13,3,OL,113.85,26,14,118.64,6,OL,119.79,6,OL,121.73,5,15,122.75,4,OL,125.37,13,OL,133.03,4,OL,137.29,2,,,,,,,,,,,,,,,,,,,,,,,,,,,,,,,,,,,,,,,,,,,,,,,,,,,,,,,,,,,,,,,,,,,,,,,,,,,,,,,,,,,,,,,,,,,,,,,,,,,,,,,,,,,,,,,,,,,,,,,,,,,,,,,,,,,,,,,,,,,,,,,,,,,,,,,,,,,,,,,,,,,,,,,,,,,,,,,,,,,,,,,,,,,,,,,,,,,,,,,,,,,,,,,,,,,,,,,,,,,,,,,,,,,,,,,,,,,,,,,,,,,,,,,,,,,,,,,,,,,,,,,,,,,,,,
A04_RD14-0003-03d3c-0.0078IP-Q1.0_001.20sec.fsa,TH01,G,OL,162.52,4,OL,166.57,3,OL,177.69,4,9,180.7,138,OL,200.68,6,,,,,,,,,,,,,,,,,,,,,,,,,,,,,,,,,,,,,,,,,,,,,,,,,,,,,,,,,,,,,,,,,,,,,,,,,,,,,,,,,,,,,,,,,,,,,,,,,,,,,,,,,,,,,,,,,,,,,,,,,,,,,,,,,,,,,,,,,,,,,,,,,,,,,,,,,,,,,,,,,,,,,,,,,,,,,,,,,,,,,,,,,,,,,,,,,,,,,,,,,,,,,,,,,,,,,,,,,,,,,,,,,,,,,,,,,,,,,,,,,,,,,,,,,,,,,,,,,,,,,,,,,,,,,,,,,,,,,,,,,,,,,
A04_RD14-0003-03d3c-0.0078IP-Q1.0_001.20sec.fsa,D13S317,G,OL,209.37,5,OL,213.61,9,OL,219.92,8,OL,224.86,4,11,227.21,50,OL,232.62,3,OL,239.84,7,,,,,,,,,,,,,,,,,,,,,,,,,,,,,,,,,,,,,,,,,,,,,,,,,,,,,,,,,,,,,,,,,,,,,,,,,,,,,,,,,,,,,,,,,,,,,,,,,,,,,,,,,,,,,,,,,,,,,,,,,,,,,,,,,,,,,,,,,,,,,,,,,,,,,,,,,,,,,,,,,,,,,,,,,,,,,,,,,,,,,,,,,,,,,,,,,,,,,,,,,,,,,,,,,,,,,,,,,,,,,,,,,,,,,,,,,,,,,,,,,,,,,,,,,,,,,,,,,,,,,,,,,,,,,,,,,,,,,,,
A04_RD14-0003-03d3c-0.0078IP-Q1.0_001.20sec.fsa,D16S539,G,OL,249.84,6,OL,258.3,4,OL,273.6,5,OL,288.58,5,,,,,,,,,,,,,,,,,,,,,,,,,,,,,,,,,,,,,,,,,,,,,,,,,,,,,,,,,,,,,,,,,,,,,,,,,,,,,,,,,,,,,,,,,,,,,,,,,,,,,,,,,,,,,,,,,,,,,,,,,,,,,,,,,,,,,,,,,,,,,,,,,,,,,,,,,,,,,,,,,,,,,,,,,,,,,,,,,,,,,,,,,,,,,,,,,,,,,,,,,,,,,,,,,,,,,,,,,,,,,,,,,,,,,,,,,,,,,,,,,,,,,,,,,,,,,,,,,,,,,,,,,,,,,,,,,,,,,,,,,,,,,,,,
A04_RD14-0003-03d3c-0.0078IP-Q1.0_001.20sec.fsa,D2S1338,G,OL,313.75,4,OL,322.65,4,OL,331.26,4,OL,333.86,5,OL,334.83,5,OL,338.07,3,OL,339.92,11,24,341.24,10,25,345.13,91,OL,350.77,3,OL,359.83,10,,,,,,,,,,,,,,,,,,,,,,,,,,,,,,,,,,,,,,,,,,,,,,,,,,,,,,,,,,,,,,,,,,,,,,,,,,,,,,,,,,,,,,,,,,,,,,,,,,,,,,,,,,,,,,,,,,,,,,,,,,,,,,,,,,,,,,,,,,,,,,,,,,,,,,,,,,,,,,,,,,,,,,,,,,,,,,,,,,,,,,,,,,,,,,,,,,,,,,,,,,,,,,,,,,,,,,,,,,,,,,,,,,,,,,,,,,,,,,,,,,,,,,,,,,,,,,,,,,,,,,,,,,,
A04_RD14-0003-03d3c-0.0078IP-Q1.0_001.20sec.fsa,D19S433,Y,OL,97.29,8,OL,98.09,9,10.2,106.25,7,OL,110.69,5,12,112.16,92,14,120.14,88,OL,131.47,7,,,,,,,,,,,,,,,,,,,,,,,,,,,,,,,,,,,,,,,,,,,,,,,,,,,,,,,,,,,,,,,,,,,,,,,,,,,,,,,,,,,,,,,,,,,,,,,,,,,,,,,,,,,,,,,,,,,,,,,,,,,,,,,,,,,,,,,,,,,,,,,,,,,,,,,,,,,,,,,,,,,,,,,,,,,,,,,,,,,,,,,,,,,,,,,,,,,,,,,,,,,,,,,,,,,,,,,,,,,,,,,,,,,,,,,,,,,,,,,,,,,,,,,,,,,,,,,,,,,,,,,,,,,,,,,,,,,,,,,
A04_RD14-0003-03d3c-0.0078IP-Q1.0_001.20sec.fsa,vWA,Y,OL,147.26,6,OL,148.72,8,11,152.11,7,OL,155.27,8,14,163.97,9,OL,169.1,9,15.2,170.4,9,OL,177.39,6,OL,178.23,6,18.2,182.42,8,OL,183.6,7,,,,,,,,,,,,,,,,,,,,,,,,,,,,,,,,,,,,,,,,,,,,,,,,,,,,,,,,,,,,,,,,,,,,,,,,,,,,,,,,,,,,,,,,,,,,,,,,,,,,,,,,,,,,,,,,,,,,,,,,,,,,,,,,,,,,,,,,,,,,,,,,,,,,,,,,,,,,,,,,,,,,,,,,,,,,,,,,,,,,,,,,,,,,,,,,,,,,,,,,,,,,,,,,,,,,,,,,,,,,,,,,,,,,,,,,,,,,,,,,,,,,,,,,,,,,,,,,,,,,,,,,,,,
A04_RD14-0003-03d3c-0.0078IP-Q1.0_001.20sec.fsa,TPOX,Y,OL,217.83,7,OL,219.84,11,OL,230.27,9,OL,236.23,9,10,237.02,6,11,240.81,102,OL,251.09,6,,,,,,,,,,,,,,,,,,,,,,,,,,,,,,,,,,,,,,,,,,,,,,,,,,,,,,,,,,,,,,,,,,,,,,,,,,,,,,,,,,,,,,,,,,,,,,,,,,,,,,,,,,,,,,,,,,,,,,,,,,,,,,,,,,,,,,,,,,,,,,,,,,,,,,,,,,,,,,,,,,,,,,,,,,,,,,,,,,,,,,,,,,,,,,,,,,,,,,,,,,,,,,,,,,,,,,,,,,,,,,,,,,,,,,,,,,,,,,,,,,,,,,,,,,,,,,,,,,,,,,,,,,,,,,,,,,,,,,,
A04_RD14-0003-03d3c-0.0078IP-Q1.0_001.20sec.fsa,D18S51,Y,10.2,274.48,9,OL,287.72,7,14.2,291.42,9,15,292.83,6,OL,293.7,4,OL,296.22,5,OL,302.1,5,18,305,39,OL,307.62,6,20,312.69,4,20,313.26,5,21.2,319.22,7,23.2,327.99,4,,,,,,,,,,,,,,,,,,,,,,,,,,,,,,,,,,,,,,,,,,,,,,,,,,,,,,,,,,,,,,,,,,,,,,,,,,,,,,,,,,,,,,,,,,,,,,,,,,,,,,,,,,,,,,,,,,,,,,,,,,,,,,,,,,,,,,,,,,,,,,,,,,,,,,,,,,,,,,,,,,,,,,,,,,,,,,,,,,,,,,,,,,,,,,,,,,,,,,,,,,,,,,,,,,,,,,,,,,,,,,,,,,,,,,,,,,,,,,,,,,,,,,,,,,,,,,,,,,,,,
A04_RD14-0003-03d3c-0.0078IP-Q1.0_001.20sec.fsa,AMEL,R,X,104.84,77,OL,107.58,10,Y,110.76,78,,,,,,,,,,,,,,,,,,,,,,,,,,,,,,,,,,,,,,,,,,,,,,,,,,,,,,,,,,,,,,,,,,,,,,,,,,,,,,,,,,,,,,,,,,,,,,,,,,,,,,,,,,,,,,,,,,,,,,,,,,,,,,,,,,,,,,,,,,,,,,,,,,,,,,,,,,,,,,,,,,,,,,,,,,,,,,,,,,,,,,,,,,,,,,,,,,,,,,,,,,,,,,,,,,,,,,,,,,,,,,,,,,,,,,,,,,,,,,,,,,,,,,,,,,,,,,,,,,,,,,,,,,,,,,,,,,,,,,,,,,,,,,,,,,,
A04_RD14-0003-03d3c-0.0078IP-Q1.0_001.20sec.fsa,D5S818,R,OL,141.91,6,OL,149.72,7,12,152.96,128,13,157.05,77,,,,,,,,,,,,,,,,,,,,,,,,,,,,,,,,,,,,,,,,,,,,,,,,,,,,,,,,,,,,,,,,,,,,,,,,,,,,,,,,,,,,,,,,,,,,,,,,,,,,,,,,,,,,,,,,,,,,,,,,,,,,,,,,,,,,,,,,,,,,,,,,,,,,,,,,,,,,,,,,,,,,,,,,,,,,,,,,,,,,,,,,,,,,,,,,,,,,,,,,,,,,,,,,,,,,,,,,,,,,,,,,,,,,,,,,,,,,,,,,,,,,,,,,,,,,,,,,,,,,,,,,,,,,,,,,,,,,,,,,,,,,,,,,
A04_RD14-0003-03d3c-0.0078IP-Q1.0_001.20sec.fsa,FGA,R,16.2,210.68,10,19,220.94,89,OL,230.58,8,OL,234.35,6,22.2,235.05,7,OL,242.27,6,26,249.2,7,OL,253.03,4,27.2,256.06,5,OL,262.93,7,30,265.71,6,OL,278,7,33.2,279.28,6,OL,282.05,7,OL,283.07,10,OL,291.02,8,OL,300.54,6,OL,311.96,5,OL,342.9,7,OL,343.64,6,OL,347.54,5,OL,351.02,4,,,,,,,,,,,,,,,,,,,,,,,,,,,,,,,,,,,,,,,,,,,,,,,,,,,,,,,,,,,,,,,,,,,,,,,,,,,,,,,,,,,,,,,,,,,,,,,,,,,,,,,,,,,,,,,,,,,,,,,,,,,,,,,,,,,,,,,,,,,,,,,,,,,,,,,,,,,,,,,,,,,,,,,,,,,,,,,,,,,,,,,,,,,,,,,,,,,,,,,,,,,,,,,,,,,,,,,,,,,,,,,,,,,,,,,,,,
A05_RD14-0003-03d3d-0.0078IP-Q1.4_001.20sec.fsa,D8S1179,B,7,117.54,9,OL,118.2,9,8,121.14,4,OL,124.37,4,OL,130.55,5,OL,134.25,4,OL,137.15,2,12,137.98,2,OL,139.72,10,OL,140.57,13,15,150.17,34,OL,152.17,3,OL,153.46,3,18,163.18,5,20,170.38,4,20,171.23,4,OL,178.16,4,,,,,,,,,,,,,,,,,,,,,,,,,,,,,,,,,,,,,,,,,,,,,,,,,,,,,,,,,,,,,,,,,,,,,,,,,,,,,,,,,,,,,,,,,,,,,,,,,,,,,,,,,,,,,,,,,,,,,,,,,,,,,,,,,,,,,,,,,,,,,,,,,,,,,,,,,,,,,,,,,,,,,,,,,,,,,,,,,,,,,,,,,,,,,,,,,,,,,,,,,,,,,,,,,,,,,,,,,,,,,,,,,,,,,,,,,,,,,,,,,,,,,,,,,
A05_RD14-0003-03d3d-0.0078IP-Q1.4_001.20sec.fsa,D21S11,B,OL,191.38,5,OL,195.47,3,31.2,212.45,2,OL,213.51,5,OL,221.79,3,35.2,228.67,2,37,234.5,3,OL,240.07,2,39,242.98,3,,,,,,,,,,,,,,,,,,,,,,,,,,,,,,,,,,,,,,,,,,,,,,,,,,,,,,,,,,,,,,,,,,,,,,,,,,,,,,,,,,,,,,,,,,,,,,,,,,,,,,,,,,,,,,,,,,,,,,,,,,,,,,,,,,,,,,,,,,,,,,,,,,,,,,,,,,,,,,,,,,,,,,,,,,,,,,,,,,,,,,,,,,,,,,,,,,,,,,,,,,,,,,,,,,,,,,,,,,,,,,,,,,,,,,,,,,,,,,,,,,,,,,,,,,,,,,,,,,,,,,,,,,,,,,,,,
A05_RD14-0003-03d3d-0.0078IP-Q1.4_001.20sec.fsa,D7S820,B,8,262.1,27,OL,263.18,3,8.2,263.98,4,9,266.52,3,9.2,268.26,3,OL,269.06,4,10,270,1,OL,271.17,4,12,278.39,4,OL,279.41,4,OL,284.04,4,OL,287.73,3,,,,,,,,,,,,,,,,,,,,,,,,,,,,,,,,,,,,,,,,,,,,,,,,,,,,,,,,,,,,,,,,,,,,,,,,,,,,,,,,,,,,,,,,,,,,,,,,,,,,,,,,,,,,,,,,,,,,,,,,,,,,,,,,,,,,,,,,,,,,,,,,,,,,,,,,,,,,,,,,,,,,,,,,,,,,,,,,,,,,,,,,,,,,,,,,,,,,,,,,,,,,,,,,,,,,,,,,,,,,,,,,,,,,,,,,,,,,,,,,,,,,,,,,,,,,,,,,,,,,,,,,
A05_RD14-0003-03d3d-0.0078IP-Q1.4_001.20sec.fsa,CSF1PO,B,5,298.56,3,OL,299.42,4,OL,304.49,2,OL,309.71,3,OL,316.72,2,12,326.72,65,OL,329.12,4,OL,332.64,4,OL,336.59,3,OL,339.93,4,OL,343.64,3,,,,,,,,,,,,,,,,,,,,,,,,,,,,,,,,,,,,,,,,,,,,,,,,,,,,,,,,,,,,,,,,,,,,,,,,,,,,,,,,,,,,,,,,,,,,,,,,,,,,,,,,,,,,,,,,,,,,,,,,,,,,,,,,,,,,,,,,,,,,,,,,,,,,,,,,,,,,,,,,,,,,,,,,,,,,,,,,,,,,,,,,,,,,,,,,,,,,,,,,,,,,,,,,,,,,,,,,,,,,,,,,,,,,,,,,,,,,,,,,,,,,,,,,,,,,,,,,,,,,,,,,,,,
A05_RD14-0003-03d3d-0.0078IP-Q1.4_001.20sec.fsa,D3S1358,G,OL,112.49,20,OL,113.11,26,15,122.21,8,OL,124.97,6,OL,127.21,3,16.2,128.16,4,OL,128.98,4,OL,131.09,6,OL,139.86,6,20,142.27,6,,,,,,,,,,,,,,,,,,,,,,,,,,,,,,,,,,,,,,,,,,,,,,,,,,,,,,,,,,,,,,,,,,,,,,,,,,,,,,,,,,,,,,,,,,,,,,,,,,,,,,,,,,,,,,,,,,,,,,,,,,,,,,,,,,,,,,,,,,,,,,,,,,,,,,,,,,,,,,,,,,,,,,,,,,,,,,,,,,,,,,,,,,,,,,,,,,,,,,,,,,,,,,,,,,,,,,,,,,,,,,,,,,,,,,,,,,,,,,,,,,,,,,,,,,,,,,,,,,,,,,,,,,,,,,
A05_RD14-0003-03d3d-0.0078IP-Q1.4_001.20sec.fsa,TH01,G,9,180.65,95,,,,,,,,,,,,,,,,,,,,,,,,,,,,,,,,,,,,,,,,,,,,,,,,,,,,,,,,,,,,,,,,,,,,,,,,,,,,,,,,,,,,,,,,,,,,,,,,,,,,,,,,,,,,,,,,,,,,,,,,,,,,,,,,,,,,,,,,,,,,,,,,,,,,,,,,,,,,,,,,,,,,,,,,,,,,,,,,,,,,,,,,,,,,,,,,,,,,,,,,,,,,,,,,,,,,,,,,,,,,,,,,,,,,,,,,,,,,,,,,,,,,,,,,,,,,,,,,,,,,,,,,,,,,,,,,,,,,,,,,,,,,,,,,,,,,,,,,,
A05_RD14-0003-03d3d-0.0078IP-Q1.4_001.20sec.fsa,D13S317,G,OL,213.79,9,OL,219.93,8,10,223.14,4,OL,230.61,7,,,,,,,,,,,,,,,,,,,,,,,,,,,,,,,,,,,,,,,,,,,,,,,,,,,,,,,,,,,,,,,,,,,,,,,,,,,,,,,,,,,,,,,,,,,,,,,,,,,,,,,,,,,,,,,,,,,,,,,,,,,,,,,,,,,,,,,,,,,,,,,,,,,,,,,,,,,,,,,,,,,,,,,,,,,,,,,,,,,,,,,,,,,,,,,,,,,,,,,,,,,,,,,,,,,,,,,,,,,,,,,,,,,,,,,,,,,,,,,,,,,,,,,,,,,,,,,,,,,,,,,,,,,,,,,,,,,,,,,,,,,,,,,,
A05_RD14-0003-03d3d-0.0078IP-Q1.4_001.20sec.fsa,D16S539,G,OL,249.71,4,6,255.62,5,7,259.79,6,OL,262.46,5,9,267.46,8,OL,268.4,6,OL,269.28,6,11,275.1,95,OL,279.93,8,12.2,281.16,7,OL,282.38,4,14,287.01,44,15,290.98,5,OL,292.28,7,OL,293.29,7,,,,,,,,,,,,,,,,,,,,,,,,,,,,,,,,,,,,,,,,,,,,,,,,,,,,,,,,,,,,,,,,,,,,,,,,,,,,,,,,,,,,,,,,,,,,,,,,,,,,,,,,,,,,,,,,,,,,,,,,,,,,,,,,,,,,,,,,,,,,,,,,,,,,,,,,,,,,,,,,,,,,,,,,,,,,,,,,,,,,,,,,,,,,,,,,,,,,,,,,,,,,,,,,,,,,,,,,,,,,,,,,,,,,,,,,,,,,,,,,,,,,,,,,,,,,,,,
A05_RD14-0003-03d3d-0.0078IP-Q1.4_001.20sec.fsa,D2S1338,G,OL,310.52,6,OL,319.76,9,OL,355.43,6,OL,365.74,5,,,,,,,,,,,,,,,,,,,,,,,,,,,,,,,,,,,,,,,,,,,,,,,,,,,,,,,,,,,,,,,,,,,,,,,,,,,,,,,,,,,,,,,,,,,,,,,,,,,,,,,,,,,,,,,,,,,,,,,,,,,,,,,,,,,,,,,,,,,,,,,,,,,,,,,,,,,,,,,,,,,,,,,,,,,,,,,,,,,,,,,,,,,,,,,,,,,,,,,,,,,,,,,,,,,,,,,,,,,,,,,,,,,,,,,,,,,,,,,,,,,,,,,,,,,,,,,,,,,,,,,,,,,,,,,,,,,,,,,,,,,,,,,,
A05_RD14-0003-03d3d-0.0078IP-Q1.4_001.20sec.fsa,D19S433,Y,12,112.21,30,14,120.07,62,17.2,133.7,6,,,,,,,,,,,,,,,,,,,,,,,,,,,,,,,,,,,,,,,,,,,,,,,,,,,,,,,,,,,,,,,,,,,,,,,,,,,,,,,,,,,,,,,,,,,,,,,,,,,,,,,,,,,,,,,,,,,,,,,,,,,,,,,,,,,,,,,,,,,,,,,,,,,,,,,,,,,,,,,,,,,,,,,,,,,,,,,,,,,,,,,,,,,,,,,,,,,,,,,,,,,,,,,,,,,,,,,,,,,,,,,,,,,,,,,,,,,,,,,,,,,,,,,,,,,,,,,,,,,,,,,,,,,,,,,,,,,,,,,,,,,,,,,,,,,
A05_RD14-0003-03d3d-0.0078IP-Q1.4_001.20sec.fsa,vWA,Y,OL,154.47,6,OL,167.62,6,15.2,170.17,6,OL,175.05,6,OL,183.39,3,,,,,,,,,,,,,,,,,,,,,,,,,,,,,,,,,,,,,,,,,,,,,,,,,,,,,,,,,,,,,,,,,,,,,,,,,,,,,,,,,,,,,,,,,,,,,,,,,,,,,,,,,,,,,,,,,,,,,,,,,,,,,,,,,,,,,,,,,,,,,,,,,,,,,,,,,,,,,,,,,,,,,,,,,,,,,,,,,,,,,,,,,,,,,,,,,,,,,,,,,,,,,,,,,,,,,,,,,,,,,,,,,,,,,,,,,,,,,,,,,,,,,,,,,,,,,,,,,,,,,,,,,,,,,,,,,,,,,,,,,,,,,
A05_RD14-0003-03d3d-0.0078IP-Q1.4_001.20sec.fsa,TPOX,Y,OL,217.97,7,OL,233.63,10,11,240.52,45,OL,252.21,7,OL,254.7,5,,,,,,,,,,,,,,,,,,,,,,,,,,,,,,,,,,,,,,,,,,,,,,,,,,,,,,,,,,,,,,,,,,,,,,,,,,,,,,,,,,,,,,,,,,,,,,,,,,,,,,,,,,,,,,,,,,,,,,,,,,,,,,,,,,,,,,,,,,,,,,,,,,,,,,,,,,,,,,,,,,,,,,,,,,,,,,,,,,,,,,,,,,,,,,,,,,,,,,,,,,,,,,,,,,,,,,,,,,,,,,,,,,,,,,,,,,,,,,,,,,,,,,,,,,,,,,,,,,,,,,,,,,,,,,,,,,,,,,,,,,,,,
A05_RD14-0003-03d3d-0.0078IP-Q1.4_001.20sec.fsa,D18S51,Y,OL,261.52,8,10,273.06,8,11,277,8,16,296.61,4,OL,304.13,7,22,321.29,4,23.2,327.32,7,OL,343.95,5,,,,,,,,,,,,,,,,,,,,,,,,,,,,,,,,,,,,,,,,,,,,,,,,,,,,,,,,,,,,,,,,,,,,,,,,,,,,,,,,,,,,,,,,,,,,,,,,,,,,,,,,,,,,,,,,,,,,,,,,,,,,,,,,,,,,,,,,,,,,,,,,,,,,,,,,,,,,,,,,,,,,,,,,,,,,,,,,,,,,,,,,,,,,,,,,,,,,,,,,,,,,,,,,,,,,,,,,,,,,,,,,,,,,,,,,,,,,,,,,,,,,,,,,,,,,,,,,,,,,,,,,,,,,,,,,,,,,
A05_RD14-0003-03d3d-0.0078IP-Q1.4_001.20sec.fsa,AMEL,R,X,104.88,62,OL,107.52,5,OL,109.18,6,,,,,,,,,,,,,,,,,,,,,,,,,,,,,,,,,,,,,,,,,,,,,,,,,,,,,,,,,,,,,,,,,,,,,,,,,,,,,,,,,,,,,,,,,,,,,,,,,,,,,,,,,,,,,,,,,,,,,,,,,,,,,,,,,,,,,,,,,,,,,,,,,,,,,,,,,,,,,,,,,,,,,,,,,,,,,,,,,,,,,,,,,,,,,,,,,,,,,,,,,,,,,,,,,,,,,,,,,,,,,,,,,,,,,,,,,,,,,,,,,,,,,,,,,,,,,,,,,,,,,,,,,,,,,,,,,,,,,,,,,,,,,,,,,,,
A05_RD14-0003-03d3d-0.0078IP-Q1.4_001.20sec.fsa,D5S818,R,9,140.78,11,10,144.61,7,OL,145.32,7,12,152.96,38,OL,158.42,7,OL,166.21,8,,,,,,,,,,,,,,,,,,,,,,,,,,,,,,,,,,,,,,,,,,,,,,,,,,,,,,,,,,,,,,,,,,,,,,,,,,,,,,,,,,,,,,,,,,,,,,,,,,,,,,,,,,,,,,,,,,,,,,,,,,,,,,,,,,,,,,,,,,,,,,,,,,,,,,,,,,,,,,,,,,,,,,,,,,,,,,,,,,,,,,,,,,,,,,,,,,,,,,,,,,,,,,,,,,,,,,,,,,,,,,,,,,,,,,,,,,,,,,,,,,,,,,,,,,,,,,,,,,,,,,,,,,,,,,,,,,,,,,,,,,
A05_RD14-0003-03d3d-0.0078IP-Q1.4_001.20sec.fsa,FGA,R,OL,207.65,11,OL,211.39,4,17,213.22,11,OL,215.37,9,21.2,231.47,6,OL,238.04,6,23.2,239.35,4,24,241.19,81,28,257.32,10,28.2,259.22,11,OL,260.87,9,30.2,267.46,6,OL,272.55,7,33.2,280.14,2,OL,283.18,9,OL,289.61,8,OL,292.35,9,OL,298.48,4,OL,316.72,6,OL,325.51,6,OL,357.1,8,,,,,,,,,,,,,,,,,,,,,,,,,,,,,,,,,,,,,,,,,,,,,,,,,,,,,,,,,,,,,,,,,,,,,,,,,,,,,,,,,,,,,,,,,,,,,,,,,,,,,,,,,,,,,,,,,,,,,,,,,,,,,,,,,,,,,,,,,,,,,,,,,,,,,,,,,,,,,,,,,,,,,,,,,,,,,,,,,,,,,,,,,,,,,,,,,,,,,,,,,,,,,,,,,,,,,,,,,,,,,,,,,,,,,,,,,,,,,
A06_RD14-0003-03d2e-0.0156IP-Q2.6_001.20sec.fsa,D8S1179,B,OL,112.07,5,OL,120.3,5,8,121.74,9,9,125.33,3,10,130.04,6,OL,136.92,5,13,142.01,3,OL,143.78,8,OL,144.82,15,14,146.19,112,15,150.32,53,OL,152.34,2,OL,153.07,4,16,153.97,5,18,162.41,3,19,167.23,3,OL,173.61,4,OL,177.16,5,OL,177.81,4,,,,,,,,,,,,,,,,,,,,,,,,,,,,,,,,,,,,,,,,,,,,,,,,,,,,,,,,,,,,,,,,,,,,,,,,,,,,,,,,,,,,,,,,,,,,,,,,,,,,,,,,,,,,,,,,,,,,,,,,,,,,,,,,,,,,,,,,,,,,,,,,,,,,,,,,,,,,,,,,,,,,,,,,,,,,,,,,,,,,,,,,,,,,,,,,,,,,,,,,,,,,,,,,,,,,,,,,,,,,,,,,,,,,,,,,,,,,,,,,,,,
A06_RD14-0003-03d2e-0.0156IP-Q2.6_001.20sec.fsa,D21S11,B,OL,181.57,2,OL,183.8,3,OL,199.67,5,OL,205.36,5,32.2,216.83,34,OL,217.75,11,OL,225.46,2,35,226.7,4,38.2,240.6,3,OL,242.3,4,,,,,,,,,,,,,,,,,,,,,,,,,,,,,,,,,,,,,,,,,,,,,,,,,,,,,,,,,,,,,,,,,,,,,,,,,,,,,,,,,,,,,,,,,,,,,,,,,,,,,,,,,,,,,,,,,,,,,,,,,,,,,,,,,,,,,,,,,,,,,,,,,,,,,,,,,,,,,,,,,,,,,,,,,,,,,,,,,,,,,,,,,,,,,,,,,,,,,,,,,,,,,,,,,,,,,,,,,,,,,,,,,,,,,,,,,,,,,,,,,,,,,,,,,,,,,,,,,,,,,,,,,,,,,,
A06_RD14-0003-03d2e-0.0156IP-Q2.6_001.20sec.fsa,D7S820,B,OL,255.5,3,OL,257.3,2,OL,260.84,4,8,262.1,27,OL,265.21,3,OL,273.47,4,OL,280.58,3,OL,284.76,5,OL,292.76,4,16,293.67,2,,,,,,,,,,,,,,,,,,,,,,,,,,,,,,,,,,,,,,,,,,,,,,,,,,,,,,,,,,,,,,,,,,,,,,,,,,,,,,,,,,,,,,,,,,,,,,,,,,,,,,,,,,,,,,,,,,,,,,,,,,,,,,,,,,,,,,,,,,,,,,,,,,,,,,,,,,,,,,,,,,,,,,,,,,,,,,,,,,,,,,,,,,,,,,,,,,,,,,,,,,,,,,,,,,,,,,,,,,,,,,,,,,,,,,,,,,,,,,,,,,,,,,,,,,,,,,,,,,,,,,,,,,,,,,
A06_RD14-0003-03d2e-0.0156IP-Q2.6_001.20sec.fsa,CSF1PO,B,OL,309.82,3,11,322.88,6,12,326.87,107,OL,332.3,5,OL,335.56,3,OL,340.52,4,OL,341.48,3,16,342.34,7,,,,,,,,,,,,,,,,,,,,,,,,,,,,,,,,,,,,,,,,,,,,,,,,,,,,,,,,,,,,,,,,,,,,,,,,,,,,,,,,,,,,,,,,,,,,,,,,,,,,,,,,,,,,,,,,,,,,,,,,,,,,,,,,,,,,,,,,,,,,,,,,,,,,,,,,,,,,,,,,,,,,,,,,,,,,,,,,,,,,,,,,,,,,,,,,,,,,,,,,,,,,,,,,,,,,,,,,,,,,,,,,,,,,,,,,,,,,,,,,,,,,,,,,,,,,,,,,,,,,,,,,,,,,,,,,,,,,
A06_RD14-0003-03d2e-0.0156IP-Q2.6_001.20sec.fsa,D3S1358,G,OL,97.61,8,OL,99.85,9,OL,109.2,6,13,114.68,27,15,122.28,7,16,126.25,91,17,130.35,7,17.2,132.21,3,OL,139.13,3,,,,,,,,,,,,,,,,,,,,,,,,,,,,,,,,,,,,,,,,,,,,,,,,,,,,,,,,,,,,,,,,,,,,,,,,,,,,,,,,,,,,,,,,,,,,,,,,,,,,,,,,,,,,,,,,,,,,,,,,,,,,,,,,,,,,,,,,,,,,,,,,,,,,,,,,,,,,,,,,,,,,,,,,,,,,,,,,,,,,,,,,,,,,,,,,,,,,,,,,,,,,,,,,,,,,,,,,,,,,,,,,,,,,,,,,,,,,,,,,,,,,,,,,,,,,,,,,,,,,,,,,,,,,,,,,,
A06_RD14-0003-03d2e-0.0156IP-Q2.6_001.20sec.fsa,TH01,G,OL,166.19,4,OL,173.77,6,8.3,179.84,8,,,,,,,,,,,,,,,,,,,,,,,,,,,,,,,,,,,,,,,,,,,,,,,,,,,,,,,,,,,,,,,,,,,,,,,,,,,,,,,,,,,,,,,,,,,,,,,,,,,,,,,,,,,,,,,,,,,,,,,,,,,,,,,,,,,,,,,,,,,,,,,,,,,,,,,,,,,,,,,,,,,,,,,,,,,,,,,,,,,,,,,,,,,,,,,,,,,,,,,,,,,,,,,,,,,,,,,,,,,,,,,,,,,,,,,,,,,,,,,,,,,,,,,,,,,,,,,,,,,,,,,,,,,,,,,,,,,,,,,,,,,,,,,,,,,
A06_RD14-0003-03d2e-0.0156IP-Q2.6_001.20sec.fsa,D13S317,G,OL,217.66,7,OL,219.83,9,10,223.72,5,12,231.26,46,,,,,,,,,,,,,,,,,,,,,,,,,,,,,,,,,,,,,,,,,,,,,,,,,,,,,,,,,,,,,,,,,,,,,,,,,,,,,,,,,,,,,,,,,,,,,,,,,,,,,,,,,,,,,,,,,,,,,,,,,,,,,,,,,,,,,,,,,,,,,,,,,,,,,,,,,,,,,,,,,,,,,,,,,,,,,,,,,,,,,,,,,,,,,,,,,,,,,,,,,,,,,,,,,,,,,,,,,,,,,,,,,,,,,,,,,,,,,,,,,,,,,,,,,,,,,,,,,,,,,,,,,,,,,,,,,,,,,,,,,,,,,,,,
A06_RD14-0003-03d2e-0.0156IP-Q2.6_001.20sec.fsa,D16S539,G,OL,250.82,2,7,259.92,6,OL,261.43,6,10,271.19,6,13,283.34,13,14,287.26,131,OL,292.84,8,,,,,,,,,,,,,,,,,,,,,,,,,,,,,,,,,,,,,,,,,,,,,,,,,,,,,,,,,,,,,,,,,,,,,,,,,,,,,,,,,,,,,,,,,,,,,,,,,,,,,,,,,,,,,,,,,,,,,,,,,,,,,,,,,,,,,,,,,,,,,,,,,,,,,,,,,,,,,,,,,,,,,,,,,,,,,,,,,,,,,,,,,,,,,,,,,,,,,,,,,,,,,,,,,,,,,,,,,,,,,,,,,,,,,,,,,,,,,,,,,,,,,,,,,,,,,,,,,,,,,,,,,,,,,,,,,,,,,,,
A06_RD14-0003-03d2e-0.0156IP-Q2.6_001.20sec.fsa,D2S1338,G,14,301.15,4,OL,305.45,6,17,312.46,6,OL,322.53,5,21,329.2,16,OL,330.92,4,22,333.16,212,OL,339.74,11,OL,342.69,7,OL,348.34,5,OL,363.12,4,,,,,,,,,,,,,,,,,,,,,,,,,,,,,,,,,,,,,,,,,,,,,,,,,,,,,,,,,,,,,,,,,,,,,,,,,,,,,,,,,,,,,,,,,,,,,,,,,,,,,,,,,,,,,,,,,,,,,,,,,,,,,,,,,,,,,,,,,,,,,,,,,,,,,,,,,,,,,,,,,,,,,,,,,,,,,,,,,,,,,,,,,,,,,,,,,,,,,,,,,,,,,,,,,,,,,,,,,,,,,,,,,,,,,,,,,,,,,,,,,,,,,,,,,,,,,,,,,,,,,,,,,,,
A06_RD14-0003-03d2e-0.0156IP-Q2.6_001.20sec.fsa,D19S433,Y,11,108.12,15,12,112.3,89,13,116.55,12,14,120.23,112,,,,,,,,,,,,,,,,,,,,,,,,,,,,,,,,,,,,,,,,,,,,,,,,,,,,,,,,,,,,,,,,,,,,,,,,,,,,,,,,,,,,,,,,,,,,,,,,,,,,,,,,,,,,,,,,,,,,,,,,,,,,,,,,,,,,,,,,,,,,,,,,,,,,,,,,,,,,,,,,,,,,,,,,,,,,,,,,,,,,,,,,,,,,,,,,,,,,,,,,,,,,,,,,,,,,,,,,,,,,,,,,,,,,,,,,,,,,,,,,,,,,,,,,,,,,,,,,,,,,,,,,,,,,,,,,,,,,,,,,,,,,,,,,
A06_RD14-0003-03d2e-0.0156IP-Q2.6_001.20sec.fsa,vWA,Y,OL,154.13,9,OL,157.22,3,OL,158.61,4,OL,162.49,14,14,163.85,17,OL,166.59,8,15,168.12,60,17,176.6,11,OL,183.8,11,19,184.87,9,OL,197.6,10,OL,199.92,12,OL,202.35,9,OL,202.92,9,,,,,,,,,,,,,,,,,,,,,,,,,,,,,,,,,,,,,,,,,,,,,,,,,,,,,,,,,,,,,,,,,,,,,,,,,,,,,,,,,,,,,,,,,,,,,,,,,,,,,,,,,,,,,,,,,,,,,,,,,,,,,,,,,,,,,,,,,,,,,,,,,,,,,,,,,,,,,,,,,,,,,,,,,,,,,,,,,,,,,,,,,,,,,,,,,,,,,,,,,,,,,,,,,,,,,,,,,,,,,,,,,,,,,,,,,,,,,,,,,,,,,,,,,,,,,,,,,,
A06_RD14-0003-03d2e-0.0156IP-Q2.6_001.20sec.fsa,TPOX,Y,OL,215.16,11,11,240.77,54,OL,242.98,6,,,,,,,,,,,,,,,,,,,,,,,,,,,,,,,,,,,,,,,,,,,,,,,,,,,,,,,,,,,,,,,,,,,,,,,,,,,,,,,,,,,,,,,,,,,,,,,,,,,,,,,,,,,,,,,,,,,,,,,,,,,,,,,,,,,,,,,,,,,,,,,,,,,,,,,,,,,,,,,,,,,,,,,,,,,,,,,,,,,,,,,,,,,,,,,,,,,,,,,,,,,,,,,,,,,,,,,,,,,,,,,,,,,,,,,,,,,,,,,,,,,,,,,,,,,,,,,,,,,,,,,,,,,,,,,,,,,,,,,,,,,,,,,,,,,
A06_RD14-0003-03d2e-0.0156IP-Q2.6_001.20sec.fsa,D18S51,Y,8,264.45,8,8,265.12,6,OL,267.48,7,9.2,271.11,8,12,280.67,4,16,296.92,14,OL,298.09,14,16.2,299.58,7,19.2,311.26,9,OL,312.03,7,20.2,314.8,4,22,321.13,7,24,329.72,11,OL,332.82,8,OL,339.91,3,27,341.56,8,OL,346.77,4,,,,,,,,,,,,,,,,,,,,,,,,,,,,,,,,,,,,,,,,,,,,,,,,,,,,,,,,,,,,,,,,,,,,,,,,,,,,,,,,,,,,,,,,,,,,,,,,,,,,,,,,,,,,,,,,,,,,,,,,,,,,,,,,,,,,,,,,,,,,,,,,,,,,,,,,,,,,,,,,,,,,,,,,,,,,,,,,,,,,,,,,,,,,,,,,,,,,,,,,,,,,,,,,,,,,,,,,,,,,,,,,,,,,,,,,,,,,,,,,,,,,,,,,,
A06_RD14-0003-03d2e-0.0156IP-Q2.6_001.20sec.fsa,AMEL,R,X,104.93,122,OL,108.58,8,Y,110.83,117,,,,,,,,,,,,,,,,,,,,,,,,,,,,,,,,,,,,,,,,,,,,,,,,,,,,,,,,,,,,,,,,,,,,,,,,,,,,,,,,,,,,,,,,,,,,,,,,,,,,,,,,,,,,,,,,,,,,,,,,,,,,,,,,,,,,,,,,,,,,,,,,,,,,,,,,,,,,,,,,,,,,,,,,,,,,,,,,,,,,,,,,,,,,,,,,,,,,,,,,,,,,,,,,,,,,,,,,,,,,,,,,,,,,,,,,,,,,,,,,,,,,,,,,,,,,,,,,,,,,,,,,,,,,,,,,,,,,,,,,,,,,,,,,,,,
A06_RD14-0003-03d2e-0.0156IP-Q2.6_001.20sec.fsa,D5S818,R,OL,133.62,5,OL,138.34,7,OL,143.37,5,11,148.54,6,12,152.99,69,13,157.06,59,OL,166.03,8,OL,166.99,4,,,,,,,,,,,,,,,,,,,,,,,,,,,,,,,,,,,,,,,,,,,,,,,,,,,,,,,,,,,,,,,,,,,,,,,,,,,,,,,,,,,,,,,,,,,,,,,,,,,,,,,,,,,,,,,,,,,,,,,,,,,,,,,,,,,,,,,,,,,,,,,,,,,,,,,,,,,,,,,,,,,,,,,,,,,,,,,,,,,,,,,,,,,,,,,,,,,,,,,,,,,,,,,,,,,,,,,,,,,,,,,,,,,,,,,,,,,,,,,,,,,,,,,,,,,,,,,,,,,,,,,,,,,,,,,,,,,,
A06_RD14-0003-03d2e-0.0156IP-Q2.6_001.20sec.fsa,FGA,R,OL,204.3,9,OL,207.39,6,OL,209.51,9,16.2,210.89,14,18,216.66,13,OL,219.5,7,19,220.99,95,23,237.42,16,24,241.36,105,OL,242.64,10,OL,245.01,9,OL,248.82,10,OL,262.18,15,OL,262.94,10,30,265.46,7,OL,281,8,OL,297.17,7,OL,309.57,7,OL,321.66,2,49.2,344.86,6,OL,347.29,6,OL,351.73,8,,,,,,,,,,,,,,,,,,,,,,,,,,,,,,,,,,,,,,,,,,,,,,,,,,,,,,,,,,,,,,,,,,,,,,,,,,,,,,,,,,,,,,,,,,,,,,,,,,,,,,,,,,,,,,,,,,,,,,,,,,,,,,,,,,,,,,,,,,,,,,,,,,,,,,,,,,,,,,,,,,,,,,,,,,,,,,,,,,,,,,,,,,,,,,,,,,,,,,,,,,,,,,,,,,,,,,,,,,,,,,,,,,,,,,,,,,
A07_RD14-0003-04d3a-0.0625IP-Q1.0_001.20sec.fsa,D8S1179,B,7,117.92,7,OL,120.93,8,8,121.86,8,OL,127.31,4,OL,130.69,10,OL,135.76,6,12,138,21,OL,139.44,6,13,142.04,356,14,146.21,513,15,150.4,5,OL,156.85,5,OL,161.96,9,OL,163.51,3,20,170.72,5,,,,,,,,,,,,,,,,,,,,,,,,,,,,,,,,,,,,,,,,,,,,,,,,,,,,,,,,,,,,,,,,,,,,,,,,,,,,,,,,,,,,,,,,,,,,,,,,,,,,,,,,,,,,,,,,,,,,,,,,,,,,,,,,,,,,,,,,,,,,,,,,,,,,,,,,,,,,,,,,,,,,,,,,,,,,,,,,,,,,,,,,,,,,,,,,,,,,,,,,,,,,,,,,,,,,,,,,,,,,,,,,,,,,,,,,,,,,,,,,,,,,,,,,,,,,,,,
A07_RD14-0003-04d3a-0.0625IP-Q1.0_001.20sec.fsa,D21S11,B,27,194.64,23,27.2,196.74,3,OL,197.32,3,28,198.83,439,29,202.79,58,29.2,204.68,6,OL,205.58,10,30,206.82,699,31,210.61,6,OL,215.52,4,OL,226.13,6,OL,228.07,6,35.2,229.33,6,38,238.47,5,,,,,,,,,,,,,,,,,,,,,,,,,,,,,,,,,,,,,,,,,,,,,,,,,,,,,,,,,,,,,,,,,,,,,,,,,,,,,,,,,,,,,,,,,,,,,,,,,,,,,,,,,,,,,,,,,,,,,,,,,,,,,,,,,,,,,,,,,,,,,,,,,,,,,,,,,,,,,,,,,,,,,,,,,,,,,,,,,,,,,,,,,,,,,,,,,,,,,,,,,,,,,,,,,,,,,,,,,,,,,,,,,,,,,,,,,,,,,,,,,,,,,,,,,,,,,,,,,,
A07_RD14-0003-04d3a-0.0625IP-Q1.0_001.20sec.fsa,D7S820,B,6,253.65,4,8,262.21,22,9,266.21,629,13,281.94,4,,,,,,,,,,,,,,,,,,,,,,,,,,,,,,,,,,,,,,,,,,,,,,,,,,,,,,,,,,,,,,,,,,,,,,,,,,,,,,,,,,,,,,,,,,,,,,,,,,,,,,,,,,,,,,,,,,,,,,,,,,,,,,,,,,,,,,,,,,,,,,,,,,,,,,,,,,,,,,,,,,,,,,,,,,,,,,,,,,,,,,,,,,,,,,,,,,,,,,,,,,,,,,,,,,,,,,,,,,,,,,,,,,,,,,,,,,,,,,,,,,,,,,,,,,,,,,,,,,,,,,,,,,,,,,,,,,,,,,,,,,,,,,,,
A07_RD14-0003-04d3a-0.0625IP-Q1.0_001.20sec.fsa,CSF1PO,B,OL,301.58,3,6,302.74,4,OL,307.97,2,11,322.83,62,12,326.87,857,13,331.07,4,OL,332.12,1,OL,335.76,3,15,338.53,5,OL,339.57,6,16,342.55,4,,,,,,,,,,,,,,,,,,,,,,,,,,,,,,,,,,,,,,,,,,,,,,,,,,,,,,,,,,,,,,,,,,,,,,,,,,,,,,,,,,,,,,,,,,,,,,,,,,,,,,,,,,,,,,,,,,,,,,,,,,,,,,,,,,,,,,,,,,,,,,,,,,,,,,,,,,,,,,,,,,,,,,,,,,,,,,,,,,,,,,,,,,,,,,,,,,,,,,,,,,,,,,,,,,,,,,,,,,,,,,,,,,,,,,,,,,,,,,,,,,,,,,,,,,,,,,,,,,,,,,,,,,,
A07_RD14-0003-04d3a-0.0625IP-Q1.0_001.20sec.fsa,D3S1358,G,OL,97.11,6,OL,98.36,6,OL,102.29,4,OL,107.72,5,OL,115.31,27,14,118.39,20,OL,120.08,4,15,122.24,251,16,126.37,522,17,130.21,7,OL,133.61,5,19,138.56,6,,,,,,,,,,,,,,,,,,,,,,,,,,,,,,,,,,,,,,,,,,,,,,,,,,,,,,,,,,,,,,,,,,,,,,,,,,,,,,,,,,,,,,,,,,,,,,,,,,,,,,,,,,,,,,,,,,,,,,,,,,,,,,,,,,,,,,,,,,,,,,,,,,,,,,,,,,,,,,,,,,,,,,,,,,,,,,,,,,,,,,,,,,,,,,,,,,,,,,,,,,,,,,,,,,,,,,,,,,,,,,,,,,,,,,,,,,,,,,,,,,,,,,,,,,,,,,,,,,,,,,,,
A07_RD14-0003-04d3a-0.0625IP-Q1.0_001.20sec.fsa,TH01,G,OL,166.87,5,6.3,171.37,3,7,172.69,34,8,176.79,1338,OL,182.59,4,9.3,183.43,10,OL,191.63,3,12,192.38,4,,,,,,,,,,,,,,,,,,,,,,,,,,,,,,,,,,,,,,,,,,,,,,,,,,,,,,,,,,,,,,,,,,,,,,,,,,,,,,,,,,,,,,,,,,,,,,,,,,,,,,,,,,,,,,,,,,,,,,,,,,,,,,,,,,,,,,,,,,,,,,,,,,,,,,,,,,,,,,,,,,,,,,,,,,,,,,,,,,,,,,,,,,,,,,,,,,,,,,,,,,,,,,,,,,,,,,,,,,,,,,,,,,,,,,,,,,,,,,,,,,,,,,,,,,,,,,,,,,,,,,,,,,,,,,,,,,,,
A07_RD14-0003-04d3a-0.0625IP-Q1.0_001.20sec.fsa,D13S317,G,OL,206.65,8,10,223.27,42,11,227.23,703,12,231.28,437,OL,239.92,11,16,247.77,6,,,,,,,,,,,,,,,,,,,,,,,,,,,,,,,,,,,,,,,,,,,,,,,,,,,,,,,,,,,,,,,,,,,,,,,,,,,,,,,,,,,,,,,,,,,,,,,,,,,,,,,,,,,,,,,,,,,,,,,,,,,,,,,,,,,,,,,,,,,,,,,,,,,,,,,,,,,,,,,,,,,,,,,,,,,,,,,,,,,,,,,,,,,,,,,,,,,,,,,,,,,,,,,,,,,,,,,,,,,,,,,,,,,,,,,,,,,,,,,,,,,,,,,,,,,,,,,,,,,,,,,,,,,,,,,,,,,,,,,,,,
A07_RD14-0003-04d3a-0.0625IP-Q1.0_001.20sec.fsa,D16S539,G,OL,249.74,7,OL,250.58,5,OL,251.99,8,6,255.88,5,OL,257.78,7,7,259.84,10,OL,263.82,7,OL,264.93,3,OL,266.12,9,10,271.33,83,11,275.36,1582,15,290.64,4,,,,,,,,,,,,,,,,,,,,,,,,,,,,,,,,,,,,,,,,,,,,,,,,,,,,,,,,,,,,,,,,,,,,,,,,,,,,,,,,,,,,,,,,,,,,,,,,,,,,,,,,,,,,,,,,,,,,,,,,,,,,,,,,,,,,,,,,,,,,,,,,,,,,,,,,,,,,,,,,,,,,,,,,,,,,,,,,,,,,,,,,,,,,,,,,,,,,,,,,,,,,,,,,,,,,,,,,,,,,,,,,,,,,,,,,,,,,,,,,,,,,,,,,,,,,,,,,,,,,,,,,
A07_RD14-0003-04d3a-0.0625IP-Q1.0_001.20sec.fsa,D2S1338,G,OL,306.78,5,18,316.81,21,OL,319.54,8,20,325.12,54,21,329.15,401,OL,331.42,3,23,337.15,17,24,341.14,38,25,345.19,519,OL,358.5,6,,,,,,,,,,,,,,,,,,,,,,,,,,,,,,,,,,,,,,,,,,,,,,,,,,,,,,,,,,,,,,,,,,,,,,,,,,,,,,,,,,,,,,,,,,,,,,,,,,,,,,,,,,,,,,,,,,,,,,,,,,,,,,,,,,,,,,,,,,,,,,,,,,,,,,,,,,,,,,,,,,,,,,,,,,,,,,,,,,,,,,,,,,,,,,,,,,,,,,,,,,,,,,,,,,,,,,,,,,,,,,,,,,,,,,,,,,,,,,,,,,,,,,,,,,,,,,,,,,,,,,,,,,,,,,
A07_RD14-0003-04d3a-0.0625IP-Q1.0_001.20sec.fsa,D19S433,Y,11.2,110.32,19,12.2,114.31,201,14,120.23,30,15,124.26,457,16.2,129.9,6,OL,136.72,9,,,,,,,,,,,,,,,,,,,,,,,,,,,,,,,,,,,,,,,,,,,,,,,,,,,,,,,,,,,,,,,,,,,,,,,,,,,,,,,,,,,,,,,,,,,,,,,,,,,,,,,,,,,,,,,,,,,,,,,,,,,,,,,,,,,,,,,,,,,,,,,,,,,,,,,,,,,,,,,,,,,,,,,,,,,,,,,,,,,,,,,,,,,,,,,,,,,,,,,,,,,,,,,,,,,,,,,,,,,,,,,,,,,,,,,,,,,,,,,,,,,,,,,,,,,,,,,,,,,,,,,,,,,,,,,,,,,,,,,,,,
A07_RD14-0003-04d3a-0.0625IP-Q1.0_001.20sec.fsa,vWA,Y,15,168.09,16,OL,171.04,7,16,172.28,221,17,176.71,33,18,180.25,16,OL,183.26,7,19,184.52,194,20,188.95,9,22,196.32,5,25,209.29,6,,,,,,,,,,,,,,,,,,,,,,,,,,,,,,,,,,,,,,,,,,,,,,,,,,,,,,,,,,,,,,,,,,,,,,,,,,,,,,,,,,,,,,,,,,,,,,,,,,,,,,,,,,,,,,,,,,,,,,,,,,,,,,,,,,,,,,,,,,,,,,,,,,,,,,,,,,,,,,,,,,,,,,,,,,,,,,,,,,,,,,,,,,,,,,,,,,,,,,,,,,,,,,,,,,,,,,,,,,,,,,,,,,,,,,,,,,,,,,,,,,,,,,,,,,,,,,,,,,,,,,,,,,,,,,
A07_RD14-0003-04d3a-0.0625IP-Q1.0_001.20sec.fsa,TPOX,Y,OL,231.19,11,10,236.86,156,11,240.95,312,OL,247,8,OL,254.72,8,,,,,,,,,,,,,,,,,,,,,,,,,,,,,,,,,,,,,,,,,,,,,,,,,,,,,,,,,,,,,,,,,,,,,,,,,,,,,,,,,,,,,,,,,,,,,,,,,,,,,,,,,,,,,,,,,,,,,,,,,,,,,,,,,,,,,,,,,,,,,,,,,,,,,,,,,,,,,,,,,,,,,,,,,,,,,,,,,,,,,,,,,,,,,,,,,,,,,,,,,,,,,,,,,,,,,,,,,,,,,,,,,,,,,,,,,,,,,,,,,,,,,,,,,,,,,,,,,,,,,,,,,,,,,,,,,,,,,,,,,,,,,
A07_RD14-0003-04d3a-0.0625IP-Q1.0_001.20sec.fsa,D18S51,Y,OL,262.04,5,8,264.59,8,OL,270.05,6,10.2,275.18,34,14,289.12,32,15,293.17,484,16,297.22,59,17,301.16,454,OL,315.72,5,23,325.38,8,OL,326.26,8,23.2,327.31,3,,,,,,,,,,,,,,,,,,,,,,,,,,,,,,,,,,,,,,,,,,,,,,,,,,,,,,,,,,,,,,,,,,,,,,,,,,,,,,,,,,,,,,,,,,,,,,,,,,,,,,,,,,,,,,,,,,,,,,,,,,,,,,,,,,,,,,,,,,,,,,,,,,,,,,,,,,,,,,,,,,,,,,,,,,,,,,,,,,,,,,,,,,,,,,,,,,,,,,,,,,,,,,,,,,,,,,,,,,,,,,,,,,,,,,,,,,,,,,,,,,,,,,,,,,,,,,,,,,,,,,,,
A07_RD14-0003-04d3a-0.0625IP-Q1.0_001.20sec.fsa,AMEL,R,X,104.97,462,OL,106.31,15,Y,110.87,275,,,,,,,,,,,,,,,,,,,,,,,,,,,,,,,,,,,,,,,,,,,,,,,,,,,,,,,,,,,,,,,,,,,,,,,,,,,,,,,,,,,,,,,,,,,,,,,,,,,,,,,,,,,,,,,,,,,,,,,,,,,,,,,,,,,,,,,,,,,,,,,,,,,,,,,,,,,,,,,,,,,,,,,,,,,,,,,,,,,,,,,,,,,,,,,,,,,,,,,,,,,,,,,,,,,,,,,,,,,,,,,,,,,,,,,,,,,,,,,,,,,,,,,,,,,,,,,,,,,,,,,,,,,,,,,,,,,,,,,,,,,,,,,,,,,
A07_RD14-0003-04d3a-0.0625IP-Q1.0_001.20sec.fsa,D5S818,R,OL,126.99,5,OL,128.01,7,10,144.82,28,11,148.92,473,12,153.04,245,OL,171.21,7,OL,177.86,8,,,,,,,,,,,,,,,,,,,,,,,,,,,,,,,,,,,,,,,,,,,,,,,,,,,,,,,,,,,,,,,,,,,,,,,,,,,,,,,,,,,,,,,,,,,,,,,,,,,,,,,,,,,,,,,,,,,,,,,,,,,,,,,,,,,,,,,,,,,,,,,,,,,,,,,,,,,,,,,,,,,,,,,,,,,,,,,,,,,,,,,,,,,,,,,,,,,,,,,,,,,,,,,,,,,,,,,,,,,,,,,,,,,,,,,,,,,,,,,,,,,,,,,,,,,,,,,,,,,,,,,,,,,,,,,,,,,,,,,
A07_RD14-0003-04d3a-0.0625IP-Q1.0_001.20sec.fsa,FGA,R,16.2,211.19,15,17.2,214.34,6,19,221.01,46,20,225.04,482,21,229.08,415,24.2,243.2,8,25,245.79,9,26.2,252.07,8,OL,256.79,5,OL,270.99,7,OL,279.05,9,OL,307.38,5,OL,320.8,11,OL,325.91,7,OL,350.66,3,,,,,,,,,,,,,,,,,,,,,,,,,,,,,,,,,,,,,,,,,,,,,,,,,,,,,,,,,,,,,,,,,,,,,,,,,,,,,,,,,,,,,,,,,,,,,,,,,,,,,,,,,,,,,,,,,,,,,,,,,,,,,,,,,,,,,,,,,,,,,,,,,,,,,,,,,,,,,,,,,,,,,,,,,,,,,,,,,,,,,,,,,,,,,,,,,,,,,,,,,,,,,,,,,,,,,,,,,,,,,,,,,,,,,,,,,,,,,,,,,,,,,,,,,,,,,,,
A08_RD14-0003-04d3b-0.125IP-Q1.2_001.20sec.fsa,D8S1179,B,OL,119.62,8,OL,120.46,10,9,125.13,5,10,129.62,2,OL,130.32,4,OL,133.05,4,12,137.94,49,13,142.03,1052,14,146.18,995,15,150.51,11,OL,163.98,3,OL,167.49,4,OL,172.96,3,,,,,,,,,,,,,,,,,,,,,,,,,,,,,,,,,,,,,,,,,,,,,,,,,,,,,,,,,,,,,,,,,,,,,,,,,,,,,,,,,,,,,,,,,,,,,,,,,,,,,,,,,,,,,,,,,,,,,,,,,,,,,,,,,,,,,,,,,,,,,,,,,,,,,,,,,,,,,,,,,,,,,,,,,,,,,,,,,,,,,,,,,,,,,,,,,,,,,,,,,,,,,,,,,,,,,,,,,,,,,,,,,,,,,,,,,,,,,,,,,,,,,,,,,,,,,,,,,,,,,
A08_RD14-0003-04d3b-0.125IP-Q1.2_001.20sec.fsa,D21S11,B,24,182.67,3,27,194.72,22,28,198.74,430,29,202.72,27,OL,205.53,3,30,206.78,321,31,210.84,5,33.2,220.67,4,34.2,225.13,6,36,230.88,3,OL,232.07,5,OL,233.43,7,,,,,,,,,,,,,,,,,,,,,,,,,,,,,,,,,,,,,,,,,,,,,,,,,,,,,,,,,,,,,,,,,,,,,,,,,,,,,,,,,,,,,,,,,,,,,,,,,,,,,,,,,,,,,,,,,,,,,,,,,,,,,,,,,,,,,,,,,,,,,,,,,,,,,,,,,,,,,,,,,,,,,,,,,,,,,,,,,,,,,,,,,,,,,,,,,,,,,,,,,,,,,,,,,,,,,,,,,,,,,,,,,,,,,,,,,,,,,,,,,,,,,,,,,,,,,,,,,,,,,,,,
A08_RD14-0003-04d3b-0.125IP-Q1.2_001.20sec.fsa,D7S820,B,OL,258.83,4,8,262.06,19,9,266.11,606,OL,270.87,3,OL,283.36,4,OL,285,5,,,,,,,,,,,,,,,,,,,,,,,,,,,,,,,,,,,,,,,,,,,,,,,,,,,,,,,,,,,,,,,,,,,,,,,,,,,,,,,,,,,,,,,,,,,,,,,,,,,,,,,,,,,,,,,,,,,,,,,,,,,,,,,,,,,,,,,,,,,,,,,,,,,,,,,,,,,,,,,,,,,,,,,,,,,,,,,,,,,,,,,,,,,,,,,,,,,,,,,,,,,,,,,,,,,,,,,,,,,,,,,,,,,,,,,,,,,,,,,,,,,,,,,,,,,,,,,,,,,,,,,,,,,,,,,,,,,,,,,,,,
A08_RD14-0003-04d3b-0.125IP-Q1.2_001.20sec.fsa,CSF1PO,B,OL,299.66,4,OL,301.85,4,7,306.04,3,OL,311.87,4,OL,313.29,4,OL,319.72,6,11,322.9,46,12,326.95,994,OL,344.24,4,,,,,,,,,,,,,,,,,,,,,,,,,,,,,,,,,,,,,,,,,,,,,,,,,,,,,,,,,,,,,,,,,,,,,,,,,,,,,,,,,,,,,,,,,,,,,,,,,,,,,,,,,,,,,,,,,,,,,,,,,,,,,,,,,,,,,,,,,,,,,,,,,,,,,,,,,,,,,,,,,,,,,,,,,,,,,,,,,,,,,,,,,,,,,,,,,,,,,,,,,,,,,,,,,,,,,,,,,,,,,,,,,,,,,,,,,,,,,,,,,,,,,,,,,,,,,,,,,,,,,,,,,,,,,,,,,
A08_RD14-0003-04d3b-0.125IP-Q1.2_001.20sec.fsa,D3S1358,G,OL,97.29,8,OL,103.85,6,OL,105.1,8,11,106.2,5,OL,113.84,35,14,118.26,66,15,122.21,810,16,126.36,694,17,130.16,9,18,134.86,8,OL,138.97,4,20,141.95,14,,,,,,,,,,,,,,,,,,,,,,,,,,,,,,,,,,,,,,,,,,,,,,,,,,,,,,,,,,,,,,,,,,,,,,,,,,,,,,,,,,,,,,,,,,,,,,,,,,,,,,,,,,,,,,,,,,,,,,,,,,,,,,,,,,,,,,,,,,,,,,,,,,,,,,,,,,,,,,,,,,,,,,,,,,,,,,,,,,,,,,,,,,,,,,,,,,,,,,,,,,,,,,,,,,,,,,,,,,,,,,,,,,,,,,,,,,,,,,,,,,,,,,,,,,,,,,,,,,,,,,,,
A08_RD14-0003-04d3b-0.125IP-Q1.2_001.20sec.fsa,TH01,G,3,155.95,4,OL,159.83,8,OL,161.54,6,OL,165.77,7,7,172.71,36,8,176.72,1589,9,181.17,11,OL,190.61,6,13.3,199.92,6,,,,,,,,,,,,,,,,,,,,,,,,,,,,,,,,,,,,,,,,,,,,,,,,,,,,,,,,,,,,,,,,,,,,,,,,,,,,,,,,,,,,,,,,,,,,,,,,,,,,,,,,,,,,,,,,,,,,,,,,,,,,,,,,,,,,,,,,,,,,,,,,,,,,,,,,,,,,,,,,,,,,,,,,,,,,,,,,,,,,,,,,,,,,,,,,,,,,,,,,,,,,,,,,,,,,,,,,,,,,,,,,,,,,,,,,,,,,,,,,,,,,,,,,,,,,,,,,,,,,,,,,,,,,,,,,,
A08_RD14-0003-04d3b-0.125IP-Q1.2_001.20sec.fsa,D13S317,G,OL,206.69,7,OL,213.92,7,10,223.11,40,11,227.16,882,12,231.22,802,OL,238.2,5,,,,,,,,,,,,,,,,,,,,,,,,,,,,,,,,,,,,,,,,,,,,,,,,,,,,,,,,,,,,,,,,,,,,,,,,,,,,,,,,,,,,,,,,,,,,,,,,,,,,,,,,,,,,,,,,,,,,,,,,,,,,,,,,,,,,,,,,,,,,,,,,,,,,,,,,,,,,,,,,,,,,,,,,,,,,,,,,,,,,,,,,,,,,,,,,,,,,,,,,,,,,,,,,,,,,,,,,,,,,,,,,,,,,,,,,,,,,,,,,,,,,,,,,,,,,,,,,,,,,,,,,,,,,,,,,,,,,,,,,,,
A08_RD14-0003-04d3b-0.125IP-Q1.2_001.20sec.fsa,D16S539,G,OL,249.65,5,OL,256.06,2,7,259.08,8,7,259.83,10,9,267.32,8,10,271.3,80,11,275.21,1267,OL,288.79,5,,,,,,,,,,,,,,,,,,,,,,,,,,,,,,,,,,,,,,,,,,,,,,,,,,,,,,,,,,,,,,,,,,,,,,,,,,,,,,,,,,,,,,,,,,,,,,,,,,,,,,,,,,,,,,,,,,,,,,,,,,,,,,,,,,,,,,,,,,,,,,,,,,,,,,,,,,,,,,,,,,,,,,,,,,,,,,,,,,,,,,,,,,,,,,,,,,,,,,,,,,,,,,,,,,,,,,,,,,,,,,,,,,,,,,,,,,,,,,,,,,,,,,,,,,,,,,,,,,,,,,,,,,,,,,,,,,,,
A08_RD14-0003-04d3b-0.125IP-Q1.2_001.20sec.fsa,D2S1338,G,OL,313.73,8,20,325.06,41,21,329.18,531,24,340.99,23,25,345.23,235,OL,352.47,7,OL,359.82,5,,,,,,,,,,,,,,,,,,,,,,,,,,,,,,,,,,,,,,,,,,,,,,,,,,,,,,,,,,,,,,,,,,,,,,,,,,,,,,,,,,,,,,,,,,,,,,,,,,,,,,,,,,,,,,,,,,,,,,,,,,,,,,,,,,,,,,,,,,,,,,,,,,,,,,,,,,,,,,,,,,,,,,,,,,,,,,,,,,,,,,,,,,,,,,,,,,,,,,,,,,,,,,,,,,,,,,,,,,,,,,,,,,,,,,,,,,,,,,,,,,,,,,,,,,,,,,,,,,,,,,,,,,,,,,,,,,,,,,,
A08_RD14-0003-04d3b-0.125IP-Q1.2_001.20sec.fsa,D19S433,Y,9,99.92,6,11.2,110.26,38,12.2,114.38,588,14,120.23,53,14.2,122.21,24,15,124.21,757,15.2,126.36,21,17,131.64,9,18,135.64,6,18,136.35,7,,,,,,,,,,,,,,,,,,,,,,,,,,,,,,,,,,,,,,,,,,,,,,,,,,,,,,,,,,,,,,,,,,,,,,,,,,,,,,,,,,,,,,,,,,,,,,,,,,,,,,,,,,,,,,,,,,,,,,,,,,,,,,,,,,,,,,,,,,,,,,,,,,,,,,,,,,,,,,,,,,,,,,,,,,,,,,,,,,,,,,,,,,,,,,,,,,,,,,,,,,,,,,,,,,,,,,,,,,,,,,,,,,,,,,,,,,,,,,,,,,,,,,,,,,,,,,,,,,,,,,,,,,,,,,
A08_RD14-0003-04d3b-0.125IP-Q1.2_001.20sec.fsa,vWA,Y,OL,150.51,8,OL,151.17,10,OL,163.25,12,15,168.14,24,16,172.22,498,17,176.64,52,18,180.33,71,19,184.42,867,20,188.44,13,OL,201.48,8,OL,202.39,5,,,,,,,,,,,,,,,,,,,,,,,,,,,,,,,,,,,,,,,,,,,,,,,,,,,,,,,,,,,,,,,,,,,,,,,,,,,,,,,,,,,,,,,,,,,,,,,,,,,,,,,,,,,,,,,,,,,,,,,,,,,,,,,,,,,,,,,,,,,,,,,,,,,,,,,,,,,,,,,,,,,,,,,,,,,,,,,,,,,,,,,,,,,,,,,,,,,,,,,,,,,,,,,,,,,,,,,,,,,,,,,,,,,,,,,,,,,,,,,,,,,,,,,,,,,,,,,,,,,,,,,,,,,
A08_RD14-0003-04d3b-0.125IP-Q1.2_001.20sec.fsa,TPOX,Y,OL,227.07,31,OL,231.14,25,10,236.75,311,11,240.79,478,OL,243.66,4,OL,247.92,8,,,,,,,,,,,,,,,,,,,,,,,,,,,,,,,,,,,,,,,,,,,,,,,,,,,,,,,,,,,,,,,,,,,,,,,,,,,,,,,,,,,,,,,,,,,,,,,,,,,,,,,,,,,,,,,,,,,,,,,,,,,,,,,,,,,,,,,,,,,,,,,,,,,,,,,,,,,,,,,,,,,,,,,,,,,,,,,,,,,,,,,,,,,,,,,,,,,,,,,,,,,,,,,,,,,,,,,,,,,,,,,,,,,,,,,,,,,,,,,,,,,,,,,,,,,,,,,,,,,,,,,,,,,,,,,,,,,,,,,,,,
A08_RD14-0003-04d3b-0.125IP-Q1.2_001.20sec.fsa,D18S51,Y,10.2,275.12,33,OL,280,8,14,289.05,26,14.2,291.12,6,15,293.19,305,OL,298.36,6,17,301.18,255,17.2,303.3,8,OL,306.12,6,21.2,319.62,9,OL,329.01,13,26,337.71,9,,,,,,,,,,,,,,,,,,,,,,,,,,,,,,,,,,,,,,,,,,,,,,,,,,,,,,,,,,,,,,,,,,,,,,,,,,,,,,,,,,,,,,,,,,,,,,,,,,,,,,,,,,,,,,,,,,,,,,,,,,,,,,,,,,,,,,,,,,,,,,,,,,,,,,,,,,,,,,,,,,,,,,,,,,,,,,,,,,,,,,,,,,,,,,,,,,,,,,,,,,,,,,,,,,,,,,,,,,,,,,,,,,,,,,,,,,,,,,,,,,,,,,,,,,,,,,,,,,,,,,,,
A08_RD14-0003-04d3b-0.125IP-Q1.2_001.20sec.fsa,AMEL,R,X,104.94,484,Y,110.81,788,,,,,,,,,,,,,,,,,,,,,,,,,,,,,,,,,,,,,,,,,,,,,,,,,,,,,,,,,,,,,,,,,,,,,,,,,,,,,,,,,,,,,,,,,,,,,,,,,,,,,,,,,,,,,,,,,,,,,,,,,,,,,,,,,,,,,,,,,,,,,,,,,,,,,,,,,,,,,,,,,,,,,,,,,,,,,,,,,,,,,,,,,,,,,,,,,,,,,,,,,,,,,,,,,,,,,,,,,,,,,,,,,,,,,,,,,,,,,,,,,,,,,,,,,,,,,,,,,,,,,,,,,,,,,,,,,,,,,,,,,,,,,,,,,,,,,,
A08_RD14-0003-04d3b-0.125IP-Q1.2_001.20sec.fsa,D5S818,R,6,128.3,10,OL,133.6,6,10,144.71,30,OL,146.83,7,11,148.88,769,12,152.98,469,OL,170.26,7,OL,178.03,11,,,,,,,,,,,,,,,,,,,,,,,,,,,,,,,,,,,,,,,,,,,,,,,,,,,,,,,,,,,,,,,,,,,,,,,,,,,,,,,,,,,,,,,,,,,,,,,,,,,,,,,,,,,,,,,,,,,,,,,,,,,,,,,,,,,,,,,,,,,,,,,,,,,,,,,,,,,,,,,,,,,,,,,,,,,,,,,,,,,,,,,,,,,,,,,,,,,,,,,,,,,,,,,,,,,,,,,,,,,,,,,,,,,,,,,,,,,,,,,,,,,,,,,,,,,,,,,,,,,,,,,,,,,,,,,,,,,,
A08_RD14-0003-04d3b-0.125IP-Q1.2_001.20sec.fsa,FGA,R,17.2,215.01,6,19,220.92,41,20,224.96,600,21,229.02,333,OL,234.2,5,22.2,235.13,9,OL,238.46,9,23.2,239.32,9,24.2,243.4,10,OL,248.96,7,OL,262.49,7,30,266.02,6,OL,278.6,17,OL,293.19,16,OL,297.76,9,OL,322.81,6,OL,327.04,14,OL,331.33,6,OL,347.4,6,OL,357.46,5,,,,,,,,,,,,,,,,,,,,,,,,,,,,,,,,,,,,,,,,,,,,,,,,,,,,,,,,,,,,,,,,,,,,,,,,,,,,,,,,,,,,,,,,,,,,,,,,,,,,,,,,,,,,,,,,,,,,,,,,,,,,,,,,,,,,,,,,,,,,,,,,,,,,,,,,,,,,,,,,,,,,,,,,,,,,,,,,,,,,,,,,,,,,,,,,,,,,,,,,,,,,,,,,,,,,,,,,,,,,,,,,,,,,,,,,,,,,,,,,
A09_RD14-0003-04d3c-0.125IP-Q1.7_001.20sec.fsa,D8S1179,B,OL,113.85,8,OL,123.39,9,OL,132.47,4,OL,135.89,4,12,137.98,22,13,142.06,388,14,146.18,415,OL,159.46,6,19,166.96,3,OL,169.76,3,OL,171.73,4,OL,174.46,4,,,,,,,,,,,,,,,,,,,,,,,,,,,,,,,,,,,,,,,,,,,,,,,,,,,,,,,,,,,,,,,,,,,,,,,,,,,,,,,,,,,,,,,,,,,,,,,,,,,,,,,,,,,,,,,,,,,,,,,,,,,,,,,,,,,,,,,,,,,,,,,,,,,,,,,,,,,,,,,,,,,,,,,,,,,,,,,,,,,,,,,,,,,,,,,,,,,,,,,,,,,,,,,,,,,,,,,,,,,,,,,,,,,,,,,,,,,,,,,,,,,,,,,,,,,,,,,,,,,,,,,,
A09_RD14-0003-04d3c-0.125IP-Q1.7_001.20sec.fsa,D21S11,B,23.2,180.62,6,26.2,192.36,5,27,194.6,24,28,198.61,284,29,202.56,23,29.2,204.3,2,30,206.64,343,OL,230.06,4,OL,236.07,2,39,242.69,5,,,,,,,,,,,,,,,,,,,,,,,,,,,,,,,,,,,,,,,,,,,,,,,,,,,,,,,,,,,,,,,,,,,,,,,,,,,,,,,,,,,,,,,,,,,,,,,,,,,,,,,,,,,,,,,,,,,,,,,,,,,,,,,,,,,,,,,,,,,,,,,,,,,,,,,,,,,,,,,,,,,,,,,,,,,,,,,,,,,,,,,,,,,,,,,,,,,,,,,,,,,,,,,,,,,,,,,,,,,,,,,,,,,,,,,,,,,,,,,,,,,,,,,,,,,,,,,,,,,,,,,,,,,,,,
A09_RD14-0003-04d3c-0.125IP-Q1.7_001.20sec.fsa,D7S820,B,7,258.21,4,8,262,12,9,266.17,411,11,274.24,3,OL,276.65,4,OL,279.45,7,OL,280.38,2,13,281.91,4,OL,283.06,4,OL,291.92,3,,,,,,,,,,,,,,,,,,,,,,,,,,,,,,,,,,,,,,,,,,,,,,,,,,,,,,,,,,,,,,,,,,,,,,,,,,,,,,,,,,,,,,,,,,,,,,,,,,,,,,,,,,,,,,,,,,,,,,,,,,,,,,,,,,,,,,,,,,,,,,,,,,,,,,,,,,,,,,,,,,,,,,,,,,,,,,,,,,,,,,,,,,,,,,,,,,,,,,,,,,,,,,,,,,,,,,,,,,,,,,,,,,,,,,,,,,,,,,,,,,,,,,,,,,,,,,,,,,,,,,,,,,,,,,
A09_RD14-0003-04d3c-0.125IP-Q1.7_001.20sec.fsa,CSF1PO,B,5,298.4,3,OL,299.62,6,OL,305.04,5,OL,308.1,4,OL,313.61,5,11,322.63,16,12,326.84,272,OL,329.29,5,OL,332.59,3,,,,,,,,,,,,,,,,,,,,,,,,,,,,,,,,,,,,,,,,,,,,,,,,,,,,,,,,,,,,,,,,,,,,,,,,,,,,,,,,,,,,,,,,,,,,,,,,,,,,,,,,,,,,,,,,,,,,,,,,,,,,,,,,,,,,,,,,,,,,,,,,,,,,,,,,,,,,,,,,,,,,,,,,,,,,,,,,,,,,,,,,,,,,,,,,,,,,,,,,,,,,,,,,,,,,,,,,,,,,,,,,,,,,,,,,,,,,,,,,,,,,,,,,,,,,,,,,,,,,,,,,,,,,,,,,,
A09_RD14-0003-04d3c-0.125IP-Q1.7_001.20sec.fsa,D3S1358,G,OL,99.78,7,OL,101.35,11,OL,102.91,4,OL,104.62,5,11,105.88,7,OL,111.87,9,OL,115.86,19,14,118.22,28,OL,119.71,7,15,122.16,572,16,126.3,740,OL,129.3,2,17,130.11,10,OL,137.38,8,,,,,,,,,,,,,,,,,,,,,,,,,,,,,,,,,,,,,,,,,,,,,,,,,,,,,,,,,,,,,,,,,,,,,,,,,,,,,,,,,,,,,,,,,,,,,,,,,,,,,,,,,,,,,,,,,,,,,,,,,,,,,,,,,,,,,,,,,,,,,,,,,,,,,,,,,,,,,,,,,,,,,,,,,,,,,,,,,,,,,,,,,,,,,,,,,,,,,,,,,,,,,,,,,,,,,,,,,,,,,,,,,,,,,,,,,,,,,,,,,,,,,,,,,,,,,,,,,,
A09_RD14-0003-04d3c-0.125IP-Q1.7_001.20sec.fsa,TH01,G,OL,155.3,9,5,164.08,4,7,172.57,16,8,176.66,777,10.3,187.65,5,11,189.27,5,12,192.52,4,OL,194.6,3,,,,,,,,,,,,,,,,,,,,,,,,,,,,,,,,,,,,,,,,,,,,,,,,,,,,,,,,,,,,,,,,,,,,,,,,,,,,,,,,,,,,,,,,,,,,,,,,,,,,,,,,,,,,,,,,,,,,,,,,,,,,,,,,,,,,,,,,,,,,,,,,,,,,,,,,,,,,,,,,,,,,,,,,,,,,,,,,,,,,,,,,,,,,,,,,,,,,,,,,,,,,,,,,,,,,,,,,,,,,,,,,,,,,,,,,,,,,,,,,,,,,,,,,,,,,,,,,,,,,,,,,,,,,,,,,,,,,
A09_RD14-0003-04d3c-0.125IP-Q1.7_001.20sec.fsa,D13S317,G,OL,203.99,6,OL,205.05,4,OL,213.85,7,OL,217.11,2,OL,219.92,8,10,223.22,27,11,227.22,513,12,231.29,358,OL,234.68,6,13,235.76,4,OL,246.4,5,,,,,,,,,,,,,,,,,,,,,,,,,,,,,,,,,,,,,,,,,,,,,,,,,,,,,,,,,,,,,,,,,,,,,,,,,,,,,,,,,,,,,,,,,,,,,,,,,,,,,,,,,,,,,,,,,,,,,,,,,,,,,,,,,,,,,,,,,,,,,,,,,,,,,,,,,,,,,,,,,,,,,,,,,,,,,,,,,,,,,,,,,,,,,,,,,,,,,,,,,,,,,,,,,,,,,,,,,,,,,,,,,,,,,,,,,,,,,,,,,,,,,,,,,,,,,,,,,,,,,,,,,,,
A09_RD14-0003-04d3c-0.125IP-Q1.7_001.20sec.fsa,D16S539,G,OL,249.61,5,OL,261.08,3,OL,262,6,OL,264.32,5,9,267.26,6,OL,268.73,6,OL,269.89,3,10,271.29,27,11,275.25,648,OL,282.53,3,OL,288.41,7,OL,292.23,6,,,,,,,,,,,,,,,,,,,,,,,,,,,,,,,,,,,,,,,,,,,,,,,,,,,,,,,,,,,,,,,,,,,,,,,,,,,,,,,,,,,,,,,,,,,,,,,,,,,,,,,,,,,,,,,,,,,,,,,,,,,,,,,,,,,,,,,,,,,,,,,,,,,,,,,,,,,,,,,,,,,,,,,,,,,,,,,,,,,,,,,,,,,,,,,,,,,,,,,,,,,,,,,,,,,,,,,,,,,,,,,,,,,,,,,,,,,,,,,,,,,,,,,,,,,,,,,,,,,,,,,,
A09_RD14-0003-04d3c-0.125IP-Q1.7_001.20sec.fsa,D2S1338,G,14,300.6,3,OL,303.75,2,16,308.56,5,OL,311.73,7,20,324.94,7,21,329.05,70,23,336.97,8,OL,339.22,10,OL,339.92,10,24,341.26,18,25,345.14,138,27,352.73,4,,,,,,,,,,,,,,,,,,,,,,,,,,,,,,,,,,,,,,,,,,,,,,,,,,,,,,,,,,,,,,,,,,,,,,,,,,,,,,,,,,,,,,,,,,,,,,,,,,,,,,,,,,,,,,,,,,,,,,,,,,,,,,,,,,,,,,,,,,,,,,,,,,,,,,,,,,,,,,,,,,,,,,,,,,,,,,,,,,,,,,,,,,,,,,,,,,,,,,,,,,,,,,,,,,,,,,,,,,,,,,,,,,,,,,,,,,,,,,,,,,,,,,,,,,,,,,,,,,,,,,,,
A09_RD14-0003-04d3c-0.125IP-Q1.7_001.20sec.fsa,D19S433,Y,OL,95.37,10,OL,96.99,4,10,103.66,6,OL,105.44,6,11.2,110.17,45,12.2,114.21,630,14,120.07,50,15,124.05,693,18,135.96,12,OL,141.83,7,,,,,,,,,,,,,,,,,,,,,,,,,,,,,,,,,,,,,,,,,,,,,,,,,,,,,,,,,,,,,,,,,,,,,,,,,,,,,,,,,,,,,,,,,,,,,,,,,,,,,,,,,,,,,,,,,,,,,,,,,,,,,,,,,,,,,,,,,,,,,,,,,,,,,,,,,,,,,,,,,,,,,,,,,,,,,,,,,,,,,,,,,,,,,,,,,,,,,,,,,,,,,,,,,,,,,,,,,,,,,,,,,,,,,,,,,,,,,,,,,,,,,,,,,,,,,,,,,,,,,,,,,,,,,,
A09_RD14-0003-04d3c-0.125IP-Q1.7_001.20sec.fsa,vWA,Y,12,156.07,3,15,168.17,20,16,172.19,403,18,180.15,28,19,184.41,409,20,188.42,8,21,192.13,7,OL,205.88,5,OL,207.02,7,,,,,,,,,,,,,,,,,,,,,,,,,,,,,,,,,,,,,,,,,,,,,,,,,,,,,,,,,,,,,,,,,,,,,,,,,,,,,,,,,,,,,,,,,,,,,,,,,,,,,,,,,,,,,,,,,,,,,,,,,,,,,,,,,,,,,,,,,,,,,,,,,,,,,,,,,,,,,,,,,,,,,,,,,,,,,,,,,,,,,,,,,,,,,,,,,,,,,,,,,,,,,,,,,,,,,,,,,,,,,,,,,,,,,,,,,,,,,,,,,,,,,,,,,,,,,,,,,,,,,,,,,,,,,,,,,
A09_RD14-0003-04d3c-0.125IP-Q1.7_001.20sec.fsa,TPOX,Y,7,224.68,5,10,236.68,194,11,240.71,203,OL,249.69,7,OL,250.3,8,OL,255.28,12,,,,,,,,,,,,,,,,,,,,,,,,,,,,,,,,,,,,,,,,,,,,,,,,,,,,,,,,,,,,,,,,,,,,,,,,,,,,,,,,,,,,,,,,,,,,,,,,,,,,,,,,,,,,,,,,,,,,,,,,,,,,,,,,,,,,,,,,,,,,,,,,,,,,,,,,,,,,,,,,,,,,,,,,,,,,,,,,,,,,,,,,,,,,,,,,,,,,,,,,,,,,,,,,,,,,,,,,,,,,,,,,,,,,,,,,,,,,,,,,,,,,,,,,,,,,,,,,,,,,,,,,,,,,,,,,,,,,,,,,,,
A09_RD14-0003-04d3c-0.125IP-Q1.7_001.20sec.fsa,D18S51,Y,OL,266.25,8,OL,282.53,8,14,289.1,21,15,293.07,241,16,297.11,17,17,301.05,156,22.2,323.51,6,23.2,327.55,8,24,329.92,6,OL,343.32,6,,,,,,,,,,,,,,,,,,,,,,,,,,,,,,,,,,,,,,,,,,,,,,,,,,,,,,,,,,,,,,,,,,,,,,,,,,,,,,,,,,,,,,,,,,,,,,,,,,,,,,,,,,,,,,,,,,,,,,,,,,,,,,,,,,,,,,,,,,,,,,,,,,,,,,,,,,,,,,,,,,,,,,,,,,,,,,,,,,,,,,,,,,,,,,,,,,,,,,,,,,,,,,,,,,,,,,,,,,,,,,,,,,,,,,,,,,,,,,,,,,,,,,,,,,,,,,,,,,,,,,,,,,,,,,
A09_RD14-0003-04d3c-0.125IP-Q1.7_001.20sec.fsa,AMEL,R,X,104.99,440,OL,106.4,11,Y,110.84,472,,,,,,,,,,,,,,,,,,,,,,,,,,,,,,,,,,,,,,,,,,,,,,,,,,,,,,,,,,,,,,,,,,,,,,,,,,,,,,,,,,,,,,,,,,,,,,,,,,,,,,,,,,,,,,,,,,,,,,,,,,,,,,,,,,,,,,,,,,,,,,,,,,,,,,,,,,,,,,,,,,,,,,,,,,,,,,,,,,,,,,,,,,,,,,,,,,,,,,,,,,,,,,,,,,,,,,,,,,,,,,,,,,,,,,,,,,,,,,,,,,,,,,,,,,,,,,,,,,,,,,,,,,,,,,,,,,,,,,,,,,,,,,,,,,,
A09_RD14-0003-04d3c-0.125IP-Q1.7_001.20sec.fsa,D5S818,R,OL,131.88,6,OL,138.65,6,10,144.88,12,11,148.85,313,12,152.99,718,13,157.07,10,,,,,,,,,,,,,,,,,,,,,,,,,,,,,,,,,,,,,,,,,,,,,,,,,,,,,,,,,,,,,,,,,,,,,,,,,,,,,,,,,,,,,,,,,,,,,,,,,,,,,,,,,,,,,,,,,,,,,,,,,,,,,,,,,,,,,,,,,,,,,,,,,,,,,,,,,,,,,,,,,,,,,,,,,,,,,,,,,,,,,,,,,,,,,,,,,,,,,,,,,,,,,,,,,,,,,,,,,,,,,,,,,,,,,,,,,,,,,,,,,,,,,,,,,,,,,,,,,,,,,,,,,,,,,,,,,,,,,,,,,,
A09_RD14-0003-04d3c-0.125IP-Q1.7_001.20sec.fsa,FGA,R,20,225.07,270,21,229.14,404,OL,242.06,9,25,245.61,6,OL,246.87,8,OL,249.14,9,OL,250.91,10,OL,254.98,6,28.2,259.63,4,OL,260.54,7,OL,264.55,8,31.2,271.91,9,OL,276.73,11,OL,285.89,5,OL,287.19,7,OL,292.84,9,OL,294.29,10,OL,321.12,9,46.2,332.83,7,OL,341.98,7,OL,346.01,6,OL,349.33,8,OL,352.02,10,OL,357.31,7,,,,,,,,,,,,,,,,,,,,,,,,,,,,,,,,,,,,,,,,,,,,,,,,,,,,,,,,,,,,,,,,,,,,,,,,,,,,,,,,,,,,,,,,,,,,,,,,,,,,,,,,,,,,,,,,,,,,,,,,,,,,,,,,,,,,,,,,,,,,,,,,,,,,,,,,,,,,,,,,,,,,,,,,,,,,,,,,,,,,,,,,,,,,,,,,,,,,,,,,,,,,,,,,,,,,,,,,,,,,,,,,,,,,
A10_RD14-0003-04d2d-0.25IP-Q1.4_001.20sec.fsa,D8S1179,B,OL,111.99,7,OL,114.65,3,OL,120.66,7,8,121.39,14,10,130.11,3,OL,131.91,4,11,133.94,7,12,137.95,82,13,142.08,1731,14,146.17,1279,15,149.96,8,OL,153.61,4,OL,155.86,6,19,166.7,7,OL,171.64,1,,,,,,,,,,,,,,,,,,,,,,,,,,,,,,,,,,,,,,,,,,,,,,,,,,,,,,,,,,,,,,,,,,,,,,,,,,,,,,,,,,,,,,,,,,,,,,,,,,,,,,,,,,,,,,,,,,,,,,,,,,,,,,,,,,,,,,,,,,,,,,,,,,,,,,,,,,,,,,,,,,,,,,,,,,,,,,,,,,,,,,,,,,,,,,,,,,,,,,,,,,,,,,,,,,,,,,,,,,,,,,,,,,,,,,,,,,,,,,,,,,,,,,,,,,,,,,,
A10_RD14-0003-04d2d-0.25IP-Q1.4_001.20sec.fsa,D21S11,B,OL,185.28,3,27,194.65,48,28,198.66,835,29,202.67,66,30,206.66,920,31,210.51,7,31.2,212.37,4,32.2,216.71,3,OL,227.99,6,OL,230.19,6,OL,239.53,5,39,242.43,6,,,,,,,,,,,,,,,,,,,,,,,,,,,,,,,,,,,,,,,,,,,,,,,,,,,,,,,,,,,,,,,,,,,,,,,,,,,,,,,,,,,,,,,,,,,,,,,,,,,,,,,,,,,,,,,,,,,,,,,,,,,,,,,,,,,,,,,,,,,,,,,,,,,,,,,,,,,,,,,,,,,,,,,,,,,,,,,,,,,,,,,,,,,,,,,,,,,,,,,,,,,,,,,,,,,,,,,,,,,,,,,,,,,,,,,,,,,,,,,,,,,,,,,,,,,,,,,,,,,,,,,,
A10_RD14-0003-04d2d-0.25IP-Q1.4_001.20sec.fsa,D7S820,B,OL,250.77,5,5.2,252.09,5,OL,253.01,5,OL,259.46,5,8,262.05,31,9,266.08,1123,OL,275.13,4,OL,280.86,8,OL,286.99,7,OL,289.34,3,OL,290.83,4,,,,,,,,,,,,,,,,,,,,,,,,,,,,,,,,,,,,,,,,,,,,,,,,,,,,,,,,,,,,,,,,,,,,,,,,,,,,,,,,,,,,,,,,,,,,,,,,,,,,,,,,,,,,,,,,,,,,,,,,,,,,,,,,,,,,,,,,,,,,,,,,,,,,,,,,,,,,,,,,,,,,,,,,,,,,,,,,,,,,,,,,,,,,,,,,,,,,,,,,,,,,,,,,,,,,,,,,,,,,,,,,,,,,,,,,,,,,,,,,,,,,,,,,,,,,,,,,,,,,,,,,,,,
A10_RD14-0003-04d2d-0.25IP-Q1.4_001.20sec.fsa,CSF1PO,B,5,298.51,5,8,310.8,4,11,322.7,54,12,326.77,946,OL,329.04,9,14,335.1,6,,,,,,,,,,,,,,,,,,,,,,,,,,,,,,,,,,,,,,,,,,,,,,,,,,,,,,,,,,,,,,,,,,,,,,,,,,,,,,,,,,,,,,,,,,,,,,,,,,,,,,,,,,,,,,,,,,,,,,,,,,,,,,,,,,,,,,,,,,,,,,,,,,,,,,,,,,,,,,,,,,,,,,,,,,,,,,,,,,,,,,,,,,,,,,,,,,,,,,,,,,,,,,,,,,,,,,,,,,,,,,,,,,,,,,,,,,,,,,,,,,,,,,,,,,,,,,,,,,,,,,,,,,,,,,,,,,,,,,,,,,
A10_RD14-0003-04d2d-0.25IP-Q1.4_001.20sec.fsa,D3S1358,G,OL,94.88,7,OL,95.84,5,OL,103.02,7,OL,103.92,5,OL,109.69,15,OL,112.37,4,OL,115.59,24,14,118.27,97,15,122.2,1323,16,126.32,865,17,130.11,11,17,130.86,9,OL,135.14,7,19,138.93,6,,,,,,,,,,,,,,,,,,,,,,,,,,,,,,,,,,,,,,,,,,,,,,,,,,,,,,,,,,,,,,,,,,,,,,,,,,,,,,,,,,,,,,,,,,,,,,,,,,,,,,,,,,,,,,,,,,,,,,,,,,,,,,,,,,,,,,,,,,,,,,,,,,,,,,,,,,,,,,,,,,,,,,,,,,,,,,,,,,,,,,,,,,,,,,,,,,,,,,,,,,,,,,,,,,,,,,,,,,,,,,,,,,,,,,,,,,,,,,,,,,,,,,,,,,,,,,,,,,
A10_RD14-0003-04d2d-0.25IP-Q1.4_001.20sec.fsa,TH01,G,OL,161.46,3,OL,163,11,5.3,167.47,4,7,172.57,107,8,176.67,3661,9.3,183.71,11,10,184.89,6,,,,,,,,,,,,,,,,,,,,,,,,,,,,,,,,,,,,,,,,,,,,,,,,,,,,,,,,,,,,,,,,,,,,,,,,,,,,,,,,,,,,,,,,,,,,,,,,,,,,,,,,,,,,,,,,,,,,,,,,,,,,,,,,,,,,,,,,,,,,,,,,,,,,,,,,,,,,,,,,,,,,,,,,,,,,,,,,,,,,,,,,,,,,,,,,,,,,,,,,,,,,,,,,,,,,,,,,,,,,,,,,,,,,,,,,,,,,,,,,,,,,,,,,,,,,,,,,,,,,,,,,,,,,,,,,,,,,,,,
A10_RD14-0003-04d2d-0.25IP-Q1.4_001.20sec.fsa,D13S317,G,8,214.88,6,OL,217.19,5,10,223.21,55,11,227.29,897,12,231.29,1364,14,239.06,5,OL,240.57,4,,,,,,,,,,,,,,,,,,,,,,,,,,,,,,,,,,,,,,,,,,,,,,,,,,,,,,,,,,,,,,,,,,,,,,,,,,,,,,,,,,,,,,,,,,,,,,,,,,,,,,,,,,,,,,,,,,,,,,,,,,,,,,,,,,,,,,,,,,,,,,,,,,,,,,,,,,,,,,,,,,,,,,,,,,,,,,,,,,,,,,,,,,,,,,,,,,,,,,,,,,,,,,,,,,,,,,,,,,,,,,,,,,,,,,,,,,,,,,,,,,,,,,,,,,,,,,,,,,,,,,,,,,,,,,,,,,,,,,,
A10_RD14-0003-04d2d-0.25IP-Q1.4_001.20sec.fsa,D16S539,G,5,251.16,4,OL,254.09,4,7,259.24,7,9,267.19,21,10,271.23,91,11,275.29,1737,12,279.04,12,OL,285.81,4,14,286.68,5,OL,294.28,6,,,,,,,,,,,,,,,,,,,,,,,,,,,,,,,,,,,,,,,,,,,,,,,,,,,,,,,,,,,,,,,,,,,,,,,,,,,,,,,,,,,,,,,,,,,,,,,,,,,,,,,,,,,,,,,,,,,,,,,,,,,,,,,,,,,,,,,,,,,,,,,,,,,,,,,,,,,,,,,,,,,,,,,,,,,,,,,,,,,,,,,,,,,,,,,,,,,,,,,,,,,,,,,,,,,,,,,,,,,,,,,,,,,,,,,,,,,,,,,,,,,,,,,,,,,,,,,,,,,,,,,,,,,,,,
A10_RD14-0003-04d2d-0.25IP-Q1.4_001.20sec.fsa,D2S1338,G,18,316.74,7,20,324.98,74,21,329.04,774,OL,331.22,10,23,337.11,9,24,341.06,93,25,345.12,736,OL,355.85,4,OL,365.67,6,,,,,,,,,,,,,,,,,,,,,,,,,,,,,,,,,,,,,,,,,,,,,,,,,,,,,,,,,,,,,,,,,,,,,,,,,,,,,,,,,,,,,,,,,,,,,,,,,,,,,,,,,,,,,,,,,,,,,,,,,,,,,,,,,,,,,,,,,,,,,,,,,,,,,,,,,,,,,,,,,,,,,,,,,,,,,,,,,,,,,,,,,,,,,,,,,,,,,,,,,,,,,,,,,,,,,,,,,,,,,,,,,,,,,,,,,,,,,,,,,,,,,,,,,,,,,,,,,,,,,,,,,,,,,,,,,
A10_RD14-0003-04d2d-0.25IP-Q1.4_001.20sec.fsa,D19S433,Y,9,99.48,8,OL,102.41,13,10.2,106.25,17,11.2,110.28,75,12.2,114.29,1031,14,120.15,79,15,124.11,951,,,,,,,,,,,,,,,,,,,,,,,,,,,,,,,,,,,,,,,,,,,,,,,,,,,,,,,,,,,,,,,,,,,,,,,,,,,,,,,,,,,,,,,,,,,,,,,,,,,,,,,,,,,,,,,,,,,,,,,,,,,,,,,,,,,,,,,,,,,,,,,,,,,,,,,,,,,,,,,,,,,,,,,,,,,,,,,,,,,,,,,,,,,,,,,,,,,,,,,,,,,,,,,,,,,,,,,,,,,,,,,,,,,,,,,,,,,,,,,,,,,,,,,,,,,,,,,,,,,,,,,,,,,,,,,,,,,,,,,
A10_RD14-0003-04d2d-0.25IP-Q1.4_001.20sec.fsa,vWA,Y,OL,151.2,10,OL,154.62,9,OL,158.83,7,14,164.16,20,15,168.09,50,16,172.18,735,OL,173.65,7,17,176.59,78,OL,178.99,4,18,180.24,63,19,184.42,905,OL,190.8,4,OL,191.58,10,,,,,,,,,,,,,,,,,,,,,,,,,,,,,,,,,,,,,,,,,,,,,,,,,,,,,,,,,,,,,,,,,,,,,,,,,,,,,,,,,,,,,,,,,,,,,,,,,,,,,,,,,,,,,,,,,,,,,,,,,,,,,,,,,,,,,,,,,,,,,,,,,,,,,,,,,,,,,,,,,,,,,,,,,,,,,,,,,,,,,,,,,,,,,,,,,,,,,,,,,,,,,,,,,,,,,,,,,,,,,,,,,,,,,,,,,,,,,,,,,,,,,,,,,,,,,,,,,,,,,
A10_RD14-0003-04d2d-0.25IP-Q1.4_001.20sec.fsa,TPOX,Y,OL,217.76,8,OL,223.84,13,8,228.7,15,9,232.54,26,10,236.7,994,11,240.73,808,OL,242.92,4,,,,,,,,,,,,,,,,,,,,,,,,,,,,,,,,,,,,,,,,,,,,,,,,,,,,,,,,,,,,,,,,,,,,,,,,,,,,,,,,,,,,,,,,,,,,,,,,,,,,,,,,,,,,,,,,,,,,,,,,,,,,,,,,,,,,,,,,,,,,,,,,,,,,,,,,,,,,,,,,,,,,,,,,,,,,,,,,,,,,,,,,,,,,,,,,,,,,,,,,,,,,,,,,,,,,,,,,,,,,,,,,,,,,,,,,,,,,,,,,,,,,,,,,,,,,,,,,,,,,,,,,,,,,,,,,,,,,,,,
A10_RD14-0003-04d2d-0.25IP-Q1.4_001.20sec.fsa,D18S51,Y,OL,262.84,12,OL,267.98,6,9,269.17,7,OL,269.96,7,OL,277.52,4,14,289.19,63,15,293.11,827,16,297.1,80,17,301.16,892,20.2,314.91,4,,,,,,,,,,,,,,,,,,,,,,,,,,,,,,,,,,,,,,,,,,,,,,,,,,,,,,,,,,,,,,,,,,,,,,,,,,,,,,,,,,,,,,,,,,,,,,,,,,,,,,,,,,,,,,,,,,,,,,,,,,,,,,,,,,,,,,,,,,,,,,,,,,,,,,,,,,,,,,,,,,,,,,,,,,,,,,,,,,,,,,,,,,,,,,,,,,,,,,,,,,,,,,,,,,,,,,,,,,,,,,,,,,,,,,,,,,,,,,,,,,,,,,,,,,,,,,,,,,,,,,,,,,,,,,
A10_RD14-0003-04d2d-0.25IP-Q1.4_001.20sec.fsa,AMEL,R,X,104.97,895,Y,110.88,969,,,,,,,,,,,,,,,,,,,,,,,,,,,,,,,,,,,,,,,,,,,,,,,,,,,,,,,,,,,,,,,,,,,,,,,,,,,,,,,,,,,,,,,,,,,,,,,,,,,,,,,,,,,,,,,,,,,,,,,,,,,,,,,,,,,,,,,,,,,,,,,,,,,,,,,,,,,,,,,,,,,,,,,,,,,,,,,,,,,,,,,,,,,,,,,,,,,,,,,,,,,,,,,,,,,,,,,,,,,,,,,,,,,,,,,,,,,,,,,,,,,,,,,,,,,,,,,,,,,,,,,,,,,,,,,,,,,,,,,,,,,,,,,,,,,,,,
A10_RD14-0003-04d2d-0.25IP-Q1.4_001.20sec.fsa,D5S818,R,10,144.78,67,11,148.87,1169,12,152.98,814,OL,163.39,7,,,,,,,,,,,,,,,,,,,,,,,,,,,,,,,,,,,,,,,,,,,,,,,,,,,,,,,,,,,,,,,,,,,,,,,,,,,,,,,,,,,,,,,,,,,,,,,,,,,,,,,,,,,,,,,,,,,,,,,,,,,,,,,,,,,,,,,,,,,,,,,,,,,,,,,,,,,,,,,,,,,,,,,,,,,,,,,,,,,,,,,,,,,,,,,,,,,,,,,,,,,,,,,,,,,,,,,,,,,,,,,,,,,,,,,,,,,,,,,,,,,,,,,,,,,,,,,,,,,,,,,,,,,,,,,,,,,,,,,,,,,,,,,,
A10_RD14-0003-04d2d-0.25IP-Q1.4_001.20sec.fsa,FGA,R,OL,212.14,15,19,221.02,63,OL,222.27,9,20,225.09,1240,21,229.17,1038,OL,233.8,10,23,237.64,14,23.2,238.9,14,24.2,243.32,9,OL,248.72,6,28.2,259.16,7,OL,260.55,7,29,261.73,8,OL,268.14,5,OL,272.27,12,OL,276.65,14,OL,279.04,13,OL,281.02,11,OL,281.73,8,OL,287.46,6,OL,297.89,11,OL,298.67,11,43.2,320.33,5,OL,326.44,12,OL,356.83,3,,,,,,,,,,,,,,,,,,,,,,,,,,,,,,,,,,,,,,,,,,,,,,,,,,,,,,,,,,,,,,,,,,,,,,,,,,,,,,,,,,,,,,,,,,,,,,,,,,,,,,,,,,,,,,,,,,,,,,,,,,,,,,,,,,,,,,,,,,,,,,,,,,,,,,,,,,,,,,,,,,,,,,,,,,,,,,,,,,,,,,,,,,,,,,,,,,,,,,,,,,,,,,,,,,,,,,,,,,,,,,,,,
A11_RD14-0003-04d2e-0.25IP-Q2.4_001.20sec.fsa,D8S1179,B,OL,116.51,6,OL,119.62,6,OL,120.54,15,OL,123.38,10,12,137.91,33,13,142.05,621,OL,144.67,7,14,146.15,732,15,150.52,3,OL,160.73,3,,,,,,,,,,,,,,,,,,,,,,,,,,,,,,,,,,,,,,,,,,,,,,,,,,,,,,,,,,,,,,,,,,,,,,,,,,,,,,,,,,,,,,,,,,,,,,,,,,,,,,,,,,,,,,,,,,,,,,,,,,,,,,,,,,,,,,,,,,,,,,,,,,,,,,,,,,,,,,,,,,,,,,,,,,,,,,,,,,,,,,,,,,,,,,,,,,,,,,,,,,,,,,,,,,,,,,,,,,,,,,,,,,,,,,,,,,,,,,,,,,,,,,,,,,,,,,,,,,,,,,,,,,,,,,
A11_RD14-0003-04d2e-0.25IP-Q2.4_001.20sec.fsa,D21S11,B,27,194.61,28,28,198.74,344,28.2,200.17,5,29,202.73,21,30,206.72,358,OL,223.64,4,,,,,,,,,,,,,,,,,,,,,,,,,,,,,,,,,,,,,,,,,,,,,,,,,,,,,,,,,,,,,,,,,,,,,,,,,,,,,,,,,,,,,,,,,,,,,,,,,,,,,,,,,,,,,,,,,,,,,,,,,,,,,,,,,,,,,,,,,,,,,,,,,,,,,,,,,,,,,,,,,,,,,,,,,,,,,,,,,,,,,,,,,,,,,,,,,,,,,,,,,,,,,,,,,,,,,,,,,,,,,,,,,,,,,,,,,,,,,,,,,,,,,,,,,,,,,,,,,,,,,,,,,,,,,,,,,,,,,,,,,,
A11_RD14-0003-04d2e-0.25IP-Q2.4_001.20sec.fsa,D7S820,B,8,262.07,23,9,266.13,598,OL,279.39,10,OL,291.34,8,,,,,,,,,,,,,,,,,,,,,,,,,,,,,,,,,,,,,,,,,,,,,,,,,,,,,,,,,,,,,,,,,,,,,,,,,,,,,,,,,,,,,,,,,,,,,,,,,,,,,,,,,,,,,,,,,,,,,,,,,,,,,,,,,,,,,,,,,,,,,,,,,,,,,,,,,,,,,,,,,,,,,,,,,,,,,,,,,,,,,,,,,,,,,,,,,,,,,,,,,,,,,,,,,,,,,,,,,,,,,,,,,,,,,,,,,,,,,,,,,,,,,,,,,,,,,,,,,,,,,,,,,,,,,,,,,,,,,,,,,,,,,,,,
A11_RD14-0003-04d2e-0.25IP-Q2.4_001.20sec.fsa,CSF1PO,B,5,298.18,5,OL,301.54,5,OL,308.54,3,OL,319.44,7,11,322.81,33,12,326.79,631,OL,340.63,5,,,,,,,,,,,,,,,,,,,,,,,,,,,,,,,,,,,,,,,,,,,,,,,,,,,,,,,,,,,,,,,,,,,,,,,,,,,,,,,,,,,,,,,,,,,,,,,,,,,,,,,,,,,,,,,,,,,,,,,,,,,,,,,,,,,,,,,,,,,,,,,,,,,,,,,,,,,,,,,,,,,,,,,,,,,,,,,,,,,,,,,,,,,,,,,,,,,,,,,,,,,,,,,,,,,,,,,,,,,,,,,,,,,,,,,,,,,,,,,,,,,,,,,,,,,,,,,,,,,,,,,,,,,,,,,,,,,,,,,
A11_RD14-0003-04d2e-0.25IP-Q2.4_001.20sec.fsa,D3S1358,G,OL,94.65,6,11,105.84,4,OL,111.11,12,13,114.38,31,14,118.26,66,15,122.22,888,OL,123.38,15,16,126.32,1081,17,130.38,7,OL,131.96,7,20,142.13,9,,,,,,,,,,,,,,,,,,,,,,,,,,,,,,,,,,,,,,,,,,,,,,,,,,,,,,,,,,,,,,,,,,,,,,,,,,,,,,,,,,,,,,,,,,,,,,,,,,,,,,,,,,,,,,,,,,,,,,,,,,,,,,,,,,,,,,,,,,,,,,,,,,,,,,,,,,,,,,,,,,,,,,,,,,,,,,,,,,,,,,,,,,,,,,,,,,,,,,,,,,,,,,,,,,,,,,,,,,,,,,,,,,,,,,,,,,,,,,,,,,,,,,,,,,,,,,,,,,,,,,,,,,,
A11_RD14-0003-04d2e-0.25IP-Q2.4_001.20sec.fsa,TH01,G,OL,155.08,7,3,155.92,7,OL,157.5,6,OL,159.42,7,7,172.69,44,8,176.71,1443,OL,181.84,13,13.3,199.92,9,,,,,,,,,,,,,,,,,,,,,,,,,,,,,,,,,,,,,,,,,,,,,,,,,,,,,,,,,,,,,,,,,,,,,,,,,,,,,,,,,,,,,,,,,,,,,,,,,,,,,,,,,,,,,,,,,,,,,,,,,,,,,,,,,,,,,,,,,,,,,,,,,,,,,,,,,,,,,,,,,,,,,,,,,,,,,,,,,,,,,,,,,,,,,,,,,,,,,,,,,,,,,,,,,,,,,,,,,,,,,,,,,,,,,,,,,,,,,,,,,,,,,,,,,,,,,,,,,,,,,,,,,,,,,,,,,,,,
A11_RD14-0003-04d2e-0.25IP-Q2.4_001.20sec.fsa,D13S317,G,OL,213.83,7,OL,218.54,5,9,219.74,8,10,223.3,27,11,227.2,746,12,231.28,640,,,,,,,,,,,,,,,,,,,,,,,,,,,,,,,,,,,,,,,,,,,,,,,,,,,,,,,,,,,,,,,,,,,,,,,,,,,,,,,,,,,,,,,,,,,,,,,,,,,,,,,,,,,,,,,,,,,,,,,,,,,,,,,,,,,,,,,,,,,,,,,,,,,,,,,,,,,,,,,,,,,,,,,,,,,,,,,,,,,,,,,,,,,,,,,,,,,,,,,,,,,,,,,,,,,,,,,,,,,,,,,,,,,,,,,,,,,,,,,,,,,,,,,,,,,,,,,,,,,,,,,,,,,,,,,,,,,,,,,,,,
A11_RD14-0003-04d2e-0.25IP-Q2.4_001.20sec.fsa,D16S539,G,OL,249.56,11,7,259.83,9,OL,266.22,15,10,271.17,37,11,275.27,759,OL,277.37,13,OL,289.7,6,,,,,,,,,,,,,,,,,,,,,,,,,,,,,,,,,,,,,,,,,,,,,,,,,,,,,,,,,,,,,,,,,,,,,,,,,,,,,,,,,,,,,,,,,,,,,,,,,,,,,,,,,,,,,,,,,,,,,,,,,,,,,,,,,,,,,,,,,,,,,,,,,,,,,,,,,,,,,,,,,,,,,,,,,,,,,,,,,,,,,,,,,,,,,,,,,,,,,,,,,,,,,,,,,,,,,,,,,,,,,,,,,,,,,,,,,,,,,,,,,,,,,,,,,,,,,,,,,,,,,,,,,,,,,,,,,,,,,,,
A11_RD14-0003-04d2e-0.25IP-Q2.4_001.20sec.fsa,D2S1338,G,OL,306.97,6,20,324.98,36,21,329.13,434,23,337.04,3,24,341.09,19,25,345.17,241,OL,351.9,5,OL,366.16,4,,,,,,,,,,,,,,,,,,,,,,,,,,,,,,,,,,,,,,,,,,,,,,,,,,,,,,,,,,,,,,,,,,,,,,,,,,,,,,,,,,,,,,,,,,,,,,,,,,,,,,,,,,,,,,,,,,,,,,,,,,,,,,,,,,,,,,,,,,,,,,,,,,,,,,,,,,,,,,,,,,,,,,,,,,,,,,,,,,,,,,,,,,,,,,,,,,,,,,,,,,,,,,,,,,,,,,,,,,,,,,,,,,,,,,,,,,,,,,,,,,,,,,,,,,,,,,,,,,,,,,,,,,,,,,,,,,,,
A11_RD14-0003-04d2e-0.25IP-Q2.4_001.20sec.fsa,D19S433,Y,9.2,102.06,8,OL,103.4,12,11.2,110.32,71,12.2,114.3,863,14,120.23,87,14.2,122.15,28,15,124.15,1100,15.2,126.24,25,17,131.88,8,,,,,,,,,,,,,,,,,,,,,,,,,,,,,,,,,,,,,,,,,,,,,,,,,,,,,,,,,,,,,,,,,,,,,,,,,,,,,,,,,,,,,,,,,,,,,,,,,,,,,,,,,,,,,,,,,,,,,,,,,,,,,,,,,,,,,,,,,,,,,,,,,,,,,,,,,,,,,,,,,,,,,,,,,,,,,,,,,,,,,,,,,,,,,,,,,,,,,,,,,,,,,,,,,,,,,,,,,,,,,,,,,,,,,,,,,,,,,,,,,,,,,,,,,,,,,,,,,,,,,,,,,,,,,,,,,
A11_RD14-0003-04d2e-0.25IP-Q2.4_001.20sec.fsa,vWA,Y,12,156.16,8,OL,162.94,17,OL,163.51,19,14,164.25,18,15,168.34,30,15.2,170.39,4,16,172.28,501,17,176.55,40,18,180.33,37,19,184.44,438,20,188.64,8,OL,197.39,6,,,,,,,,,,,,,,,,,,,,,,,,,,,,,,,,,,,,,,,,,,,,,,,,,,,,,,,,,,,,,,,,,,,,,,,,,,,,,,,,,,,,,,,,,,,,,,,,,,,,,,,,,,,,,,,,,,,,,,,,,,,,,,,,,,,,,,,,,,,,,,,,,,,,,,,,,,,,,,,,,,,,,,,,,,,,,,,,,,,,,,,,,,,,,,,,,,,,,,,,,,,,,,,,,,,,,,,,,,,,,,,,,,,,,,,,,,,,,,,,,,,,,,,,,,,,,,,,,,,,,,,,
A11_RD14-0003-04d2e-0.25IP-Q2.4_001.20sec.fsa,TPOX,Y,OL,215.2,9,OL,226.95,17,10,236.75,359,11,240.79,343,OL,246.94,8,,,,,,,,,,,,,,,,,,,,,,,,,,,,,,,,,,,,,,,,,,,,,,,,,,,,,,,,,,,,,,,,,,,,,,,,,,,,,,,,,,,,,,,,,,,,,,,,,,,,,,,,,,,,,,,,,,,,,,,,,,,,,,,,,,,,,,,,,,,,,,,,,,,,,,,,,,,,,,,,,,,,,,,,,,,,,,,,,,,,,,,,,,,,,,,,,,,,,,,,,,,,,,,,,,,,,,,,,,,,,,,,,,,,,,,,,,,,,,,,,,,,,,,,,,,,,,,,,,,,,,,,,,,,,,,,,,,,,,,,,,,,,
A11_RD14-0003-04d2e-0.25IP-Q2.4_001.20sec.fsa,D18S51,Y,8,264.31,6,OL,279.91,9,12,281.47,9,OL,283.9,9,13.2,286.58,6,14,289.26,40,15,293.16,475,16,297.14,35,16.2,299.05,6,17,301.19,281,OL,332.2,3,OL,338.39,6,27,341.45,7,,,,,,,,,,,,,,,,,,,,,,,,,,,,,,,,,,,,,,,,,,,,,,,,,,,,,,,,,,,,,,,,,,,,,,,,,,,,,,,,,,,,,,,,,,,,,,,,,,,,,,,,,,,,,,,,,,,,,,,,,,,,,,,,,,,,,,,,,,,,,,,,,,,,,,,,,,,,,,,,,,,,,,,,,,,,,,,,,,,,,,,,,,,,,,,,,,,,,,,,,,,,,,,,,,,,,,,,,,,,,,,,,,,,,,,,,,,,,,,,,,,,,,,,,,,,,,,,,,,,,
A11_RD14-0003-04d2e-0.25IP-Q2.4_001.20sec.fsa,AMEL,R,X,104.9,959,OL,106.16,33,Y,110.87,915,,,,,,,,,,,,,,,,,,,,,,,,,,,,,,,,,,,,,,,,,,,,,,,,,,,,,,,,,,,,,,,,,,,,,,,,,,,,,,,,,,,,,,,,,,,,,,,,,,,,,,,,,,,,,,,,,,,,,,,,,,,,,,,,,,,,,,,,,,,,,,,,,,,,,,,,,,,,,,,,,,,,,,,,,,,,,,,,,,,,,,,,,,,,,,,,,,,,,,,,,,,,,,,,,,,,,,,,,,,,,,,,,,,,,,,,,,,,,,,,,,,,,,,,,,,,,,,,,,,,,,,,,,,,,,,,,,,,,,,,,,,,,,,,,,,
A11_RD14-0003-04d2e-0.25IP-Q2.4_001.20sec.fsa,D5S818,R,6,128.97,9,8,136.32,9,10,144.75,37,11,148.95,835,OL,151.19,7,12,153.01,789,OL,159.33,5,OL,163.76,11,,,,,,,,,,,,,,,,,,,,,,,,,,,,,,,,,,,,,,,,,,,,,,,,,,,,,,,,,,,,,,,,,,,,,,,,,,,,,,,,,,,,,,,,,,,,,,,,,,,,,,,,,,,,,,,,,,,,,,,,,,,,,,,,,,,,,,,,,,,,,,,,,,,,,,,,,,,,,,,,,,,,,,,,,,,,,,,,,,,,,,,,,,,,,,,,,,,,,,,,,,,,,,,,,,,,,,,,,,,,,,,,,,,,,,,,,,,,,,,,,,,,,,,,,,,,,,,,,,,,,,,,,,,,,,,,,,,,
A11_RD14-0003-04d2e-0.25IP-Q2.4_001.20sec.fsa,FGA,R,19,221.1,27,20,225.08,418,21,229.15,253,23,237.69,8,OL,242.11,7,OL,242.82,5,OL,256.48,11,28,257.57,9,OL,260.86,8,OL,262.33,7,31.2,271.43,6,OL,278.42,11,OL,304.89,9,OL,311.26,5,42.2,315.93,4,43.2,320.27,7,OL,322.81,6,44.2,324.26,9,OL,331.93,8,OL,341.09,11,OL,353.81,5,,,,,,,,,,,,,,,,,,,,,,,,,,,,,,,,,,,,,,,,,,,,,,,,,,,,,,,,,,,,,,,,,,,,,,,,,,,,,,,,,,,,,,,,,,,,,,,,,,,,,,,,,,,,,,,,,,,,,,,,,,,,,,,,,,,,,,,,,,,,,,,,,,,,,,,,,,,,,,,,,,,,,,,,,,,,,,,,,,,,,,,,,,,,,,,,,,,,,,,,,,,,,,,,,,,,,,,,,,,,,,,,,,,,,,,,,,,,,
A12_RD14-0003-02d3b-0.0313IP-Q0.5_001.20sec.fsa,D8S1179,B,OL,116.86,5,8,121.44,10,OL,122.52,12,9,125.27,2,OL,128.32,5,12,137.76,28,13,141.9,494,OL,144.79,13,14,145.79,15,OL,152.06,11,OL,155.6,6,,,,,,,,,,,,,,,,,,,,,,,,,,,,,,,,,,,,,,,,,,,,,,,,,,,,,,,,,,,,,,,,,,,,,,,,,,,,,,,,,,,,,,,,,,,,,,,,,,,,,,,,,,,,,,,,,,,,,,,,,,,,,,,,,,,,,,,,,,,,,,,,,,,,,,,,,,,,,,,,,,,,,,,,,,,,,,,,,,,,,,,,,,,,,,,,,,,,,,,,,,,,,,,,,,,,,,,,,,,,,,,,,,,,,,,,,,,,,,,,,,,,,,,,,,,,,,,,,,,,,,,,,,,
A12_RD14-0003-02d3b-0.0313IP-Q0.5_001.20sec.fsa,D21S11,B,23.2,180.46,7,28,198.77,18,28.2,201.13,4,29,202.71,253,30,206.64,24,31,210.73,328,32,214.54,10,OL,215.87,6,OL,217.27,4,OL,218.05,5,OL,231.68,4,36.2,232.91,3,OL,237.84,5,38.2,241.11,3,,,,,,,,,,,,,,,,,,,,,,,,,,,,,,,,,,,,,,,,,,,,,,,,,,,,,,,,,,,,,,,,,,,,,,,,,,,,,,,,,,,,,,,,,,,,,,,,,,,,,,,,,,,,,,,,,,,,,,,,,,,,,,,,,,,,,,,,,,,,,,,,,,,,,,,,,,,,,,,,,,,,,,,,,,,,,,,,,,,,,,,,,,,,,,,,,,,,,,,,,,,,,,,,,,,,,,,,,,,,,,,,,,,,,,,,,,,,,,,,,,,,,,,,,,,,,,,,,,
A12_RD14-0003-02d3b-0.0313IP-Q0.5_001.20sec.fsa,D7S820,B,OL,251.59,4,5.2,252.34,6,OL,253.1,7,8,262,71,10,270.12,89,OL,287.76,4,16,294.19,5,,,,,,,,,,,,,,,,,,,,,,,,,,,,,,,,,,,,,,,,,,,,,,,,,,,,,,,,,,,,,,,,,,,,,,,,,,,,,,,,,,,,,,,,,,,,,,,,,,,,,,,,,,,,,,,,,,,,,,,,,,,,,,,,,,,,,,,,,,,,,,,,,,,,,,,,,,,,,,,,,,,,,,,,,,,,,,,,,,,,,,,,,,,,,,,,,,,,,,,,,,,,,,,,,,,,,,,,,,,,,,,,,,,,,,,,,,,,,,,,,,,,,,,,,,,,,,,,,,,,,,,,,,,,,,,,,,,,,,,
A12_RD14-0003-02d3b-0.0313IP-Q0.5_001.20sec.fsa,CSF1PO,B,7,306.49,160,8,310.41,235,OL,319.75,4,OL,324.46,6,OL,332.82,6,,,,,,,,,,,,,,,,,,,,,,,,,,,,,,,,,,,,,,,,,,,,,,,,,,,,,,,,,,,,,,,,,,,,,,,,,,,,,,,,,,,,,,,,,,,,,,,,,,,,,,,,,,,,,,,,,,,,,,,,,,,,,,,,,,,,,,,,,,,,,,,,,,,,,,,,,,,,,,,,,,,,,,,,,,,,,,,,,,,,,,,,,,,,,,,,,,,,,,,,,,,,,,,,,,,,,,,,,,,,,,,,,,,,,,,,,,,,,,,,,,,,,,,,,,,,,,,,,,,,,,,,,,,,,,,,,,,,,,,,,,,,,
A12_RD14-0003-02d3b-0.0313IP-Q0.5_001.20sec.fsa,D3S1358,G,OL,115.65,25,OL,117.58,6,OL,119.93,10,15,122.23,239,16,126.5,456,,,,,,,,,,,,,,,,,,,,,,,,,,,,,,,,,,,,,,,,,,,,,,,,,,,,,,,,,,,,,,,,,,,,,,,,,,,,,,,,,,,,,,,,,,,,,,,,,,,,,,,,,,,,,,,,,,,,,,,,,,,,,,,,,,,,,,,,,,,,,,,,,,,,,,,,,,,,,,,,,,,,,,,,,,,,,,,,,,,,,,,,,,,,,,,,,,,,,,,,,,,,,,,,,,,,,,,,,,,,,,,,,,,,,,,,,,,,,,,,,,,,,,,,,,,,,,,,,,,,,,,,,,,,,,,,,,,,,,,,,,,,,
A12_RD14-0003-02d3b-0.0313IP-Q0.5_001.20sec.fsa,TH01,G,OL,162.2,7,6,168.51,526,8,176.65,13,9,180.7,292,,,,,,,,,,,,,,,,,,,,,,,,,,,,,,,,,,,,,,,,,,,,,,,,,,,,,,,,,,,,,,,,,,,,,,,,,,,,,,,,,,,,,,,,,,,,,,,,,,,,,,,,,,,,,,,,,,,,,,,,,,,,,,,,,,,,,,,,,,,,,,,,,,,,,,,,,,,,,,,,,,,,,,,,,,,,,,,,,,,,,,,,,,,,,,,,,,,,,,,,,,,,,,,,,,,,,,,,,,,,,,,,,,,,,,,,,,,,,,,,,,,,,,,,,,,,,,,,,,,,,,,,,,,,,,,,,,,,,,,,,,,,,,,,
A12_RD14-0003-02d3b-0.0313IP-Q0.5_001.20sec.fsa,D13S317,G,OL,209.14,5,OL,212.86,6,OL,213.85,8,10,223.22,23,11,227.29,570,12,231.37,10,OL,232.29,10,OL,239.85,10,,,,,,,,,,,,,,,,,,,,,,,,,,,,,,,,,,,,,,,,,,,,,,,,,,,,,,,,,,,,,,,,,,,,,,,,,,,,,,,,,,,,,,,,,,,,,,,,,,,,,,,,,,,,,,,,,,,,,,,,,,,,,,,,,,,,,,,,,,,,,,,,,,,,,,,,,,,,,,,,,,,,,,,,,,,,,,,,,,,,,,,,,,,,,,,,,,,,,,,,,,,,,,,,,,,,,,,,,,,,,,,,,,,,,,,,,,,,,,,,,,,,,,,,,,,,,,,,,,,,,,,,,,,,,,,,,,,,
A12_RD14-0003-02d3b-0.0313IP-Q0.5_001.20sec.fsa,D16S539,G,OL,249.53,7,OL,252.34,10,OL,254.68,5,OL,261.77,8,OL,267.95,11,10,270.97,16,11,275.24,347,12,279.22,19,OL,280.38,3,OL,281.84,4,13,283.23,143,,,,,,,,,,,,,,,,,,,,,,,,,,,,,,,,,,,,,,,,,,,,,,,,,,,,,,,,,,,,,,,,,,,,,,,,,,,,,,,,,,,,,,,,,,,,,,,,,,,,,,,,,,,,,,,,,,,,,,,,,,,,,,,,,,,,,,,,,,,,,,,,,,,,,,,,,,,,,,,,,,,,,,,,,,,,,,,,,,,,,,,,,,,,,,,,,,,,,,,,,,,,,,,,,,,,,,,,,,,,,,,,,,,,,,,,,,,,,,,,,,,,,,,,,,,,,,,,,,,,,,,,,,,
A12_RD14-0003-02d3b-0.0313IP-Q0.5_001.20sec.fsa,D2S1338,G,OL,319.92,7,20,325.02,18,21,329.05,255,OL,343.81,8,OL,344.44,7,OL,349.68,7,OL,351.5,6,OL,352.22,7,,,,,,,,,,,,,,,,,,,,,,,,,,,,,,,,,,,,,,,,,,,,,,,,,,,,,,,,,,,,,,,,,,,,,,,,,,,,,,,,,,,,,,,,,,,,,,,,,,,,,,,,,,,,,,,,,,,,,,,,,,,,,,,,,,,,,,,,,,,,,,,,,,,,,,,,,,,,,,,,,,,,,,,,,,,,,,,,,,,,,,,,,,,,,,,,,,,,,,,,,,,,,,,,,,,,,,,,,,,,,,,,,,,,,,,,,,,,,,,,,,,,,,,,,,,,,,,,,,,,,,,,,,,,,,,,,,,,
A12_RD14-0003-02d3b-0.0313IP-Q0.5_001.20sec.fsa,D19S433,Y,9.2,101.65,7,OL,104.5,3,10.2,105.99,11,OL,109.04,7,12,112.23,43,13,116.22,555,14,120.14,127,16,127.81,13,17.2,134.05,13,OL,139.78,10,OL,140.68,9,,,,,,,,,,,,,,,,,,,,,,,,,,,,,,,,,,,,,,,,,,,,,,,,,,,,,,,,,,,,,,,,,,,,,,,,,,,,,,,,,,,,,,,,,,,,,,,,,,,,,,,,,,,,,,,,,,,,,,,,,,,,,,,,,,,,,,,,,,,,,,,,,,,,,,,,,,,,,,,,,,,,,,,,,,,,,,,,,,,,,,,,,,,,,,,,,,,,,,,,,,,,,,,,,,,,,,,,,,,,,,,,,,,,,,,,,,,,,,,,,,,,,,,,,,,,,,,,,,,,,,,,,,,
A12_RD14-0003-02d3b-0.0313IP-Q0.5_001.20sec.fsa,vWA,Y,10,147.77,8,14,164.25,17,OL,166,12,15,168.13,232,16,172.08,16,17,176.27,174,OL,177.56,5,OL,186.88,11,OL,191.67,11,,,,,,,,,,,,,,,,,,,,,,,,,,,,,,,,,,,,,,,,,,,,,,,,,,,,,,,,,,,,,,,,,,,,,,,,,,,,,,,,,,,,,,,,,,,,,,,,,,,,,,,,,,,,,,,,,,,,,,,,,,,,,,,,,,,,,,,,,,,,,,,,,,,,,,,,,,,,,,,,,,,,,,,,,,,,,,,,,,,,,,,,,,,,,,,,,,,,,,,,,,,,,,,,,,,,,,,,,,,,,,,,,,,,,,,,,,,,,,,,,,,,,,,,,,,,,,,,,,,,,,,,,,,,,,,,,
A12_RD14-0003-02d3b-0.0313IP-Q0.5_001.20sec.fsa,TPOX,Y,OL,213.54,10,OL,223.61,6,9,232.68,299,OL,243.72,7,,,,,,,,,,,,,,,,,,,,,,,,,,,,,,,,,,,,,,,,,,,,,,,,,,,,,,,,,,,,,,,,,,,,,,,,,,,,,,,,,,,,,,,,,,,,,,,,,,,,,,,,,,,,,,,,,,,,,,,,,,,,,,,,,,,,,,,,,,,,,,,,,,,,,,,,,,,,,,,,,,,,,,,,,,,,,,,,,,,,,,,,,,,,,,,,,,,,,,,,,,,,,,,,,,,,,,,,,,,,,,,,,,,,,,,,,,,,,,,,,,,,,,,,,,,,,,,,,,,,,,,,,,,,,,,,,,,,,,,,,,,,,,,,
A12_RD14-0003-02d3b-0.0313IP-Q0.5_001.20sec.fsa,D18S51,Y,OL,267.56,9,OL,286.07,8,15,292.89,8,16,297.1,32,17,301.12,304,OL,320.16,14,23.2,327.15,11,OL,329.05,8,24,329.76,8,,,,,,,,,,,,,,,,,,,,,,,,,,,,,,,,,,,,,,,,,,,,,,,,,,,,,,,,,,,,,,,,,,,,,,,,,,,,,,,,,,,,,,,,,,,,,,,,,,,,,,,,,,,,,,,,,,,,,,,,,,,,,,,,,,,,,,,,,,,,,,,,,,,,,,,,,,,,,,,,,,,,,,,,,,,,,,,,,,,,,,,,,,,,,,,,,,,,,,,,,,,,,,,,,,,,,,,,,,,,,,,,,,,,,,,,,,,,,,,,,,,,,,,,,,,,,,,,,,,,,,,,,,,,,,,,,
A12_RD14-0003-02d3b-0.0313IP-Q0.5_001.20sec.fsa,AMEL,R,X,104.95,205,OL,109.56,7,Y,110.9,423,,,,,,,,,,,,,,,,,,,,,,,,,,,,,,,,,,,,,,,,,,,,,,,,,,,,,,,,,,,,,,,,,,,,,,,,,,,,,,,,,,,,,,,,,,,,,,,,,,,,,,,,,,,,,,,,,,,,,,,,,,,,,,,,,,,,,,,,,,,,,,,,,,,,,,,,,,,,,,,,,,,,,,,,,,,,,,,,,,,,,,,,,,,,,,,,,,,,,,,,,,,,,,,,,,,,,,,,,,,,,,,,,,,,,,,,,,,,,,,,,,,,,,,,,,,,,,,,,,,,,,,,,,,,,,,,,,,,,,,,,,,,,,,,,,,
A12_RD14-0003-02d3b-0.0313IP-Q0.5_001.20sec.fsa,D5S818,R,8,136.79,8,OL,144.18,10,11,148.84,57,12,152.98,92,OL,172.39,11,,,,,,,,,,,,,,,,,,,,,,,,,,,,,,,,,,,,,,,,,,,,,,,,,,,,,,,,,,,,,,,,,,,,,,,,,,,,,,,,,,,,,,,,,,,,,,,,,,,,,,,,,,,,,,,,,,,,,,,,,,,,,,,,,,,,,,,,,,,,,,,,,,,,,,,,,,,,,,,,,,,,,,,,,,,,,,,,,,,,,,,,,,,,,,,,,,,,,,,,,,,,,,,,,,,,,,,,,,,,,,,,,,,,,,,,,,,,,,,,,,,,,,,,,,,,,,,,,,,,,,,,,,,,,,,,,,,,,,,,,,,,,
A12_RD14-0003-02d3b-0.0313IP-Q0.5_001.20sec.fsa,FGA,R,OL,206.56,6,16.2,210.88,11,23,237.38,26,24,241.43,306,OL,244.43,9,27,253.77,21,28,257.61,156,28.2,259.25,7,OL,282.23,10,OL,285.61,8,OL,290.51,8,OL,298.55,11,OL,302.4,10,OL,306.42,6,OL,323.35,7,OL,337.98,6,OL,346.82,9,50.2,348.88,8,OL,354.12,11,OL,356.19,9,,,,,,,,,,,,,,,,,,,,,,,,,,,,,,,,,,,,,,,,,,,,,,,,,,,,,,,,,,,,,,,,,,,,,,,,,,,,,,,,,,,,,,,,,,,,,,,,,,,,,,,,,,,,,,,,,,,,,,,,,,,,,,,,,,,,,,,,,,,,,,,,,,,,,,,,,,,,,,,,,,,,,,,,,,,,,,,,,,,,,,,,,,,,,,,,,,,,,,,,,,,,,,,,,,,,,,,,,,,,,,,,,,,,,,,,,,,,,,,,
B01_RD14-0003-03d2a-0.5IP-Q0.7_002.20sec.fsa,D8S1179,B,OL,114,5,OL,120.96,9,OL,126.19,16,OL,130.85,2,OL,132.87,3,11,133.72,4,OL,135.19,22,12,137.8,39,OL,139.01,37,13,141.88,291,14,146.01,4333,15,150.15,4966,16,154.38,24,OL,159.2,1,OL,160,4,OL,162.07,2,OL,165.86,4,OL,168.43,2,OL,170,3,20,170.79,4,OL,171.43,3,OL,174.15,2,OL,176.5,31,,,,,,,,,,,,,,,,,,,,,,,,,,,,,,,,,,,,,,,,,,,,,,,,,,,,,,,,,,,,,,,,,,,,,,,,,,,,,,,,,,,,,,,,,,,,,,,,,,,,,,,,,,,,,,,,,,,,,,,,,,,,,,,,,,,,,,,,,,,,,,,,,,,,,,,,,,,,,,,,,,,,,,,,,,,,,,,,,,,,,,,,,,,,,,,,,,,,,,,,,,,,,,,,,,,,,,,,,,,,,,,,,,,,,,,
B01_RD14-0003-03d2a-0.5IP-Q0.7_002.20sec.fsa,D21S11,B,OL,183.34,2,24.2,184.72,4,26,190.95,2,OL,197.61,2,OL,201.42,58,29.2,204.54,9,30.2,208.52,31,31.2,212.5,580,32,214.43,24,32.2,216.53,6942,33.2,220.57,53,34,223.15,7,35,227.24,90,OL,229.47,4,OL,231.41,68,OL,237.47,5,OL,238.34,3,39,242.89,9,,,,,,,,,,,,,,,,,,,,,,,,,,,,,,,,,,,,,,,,,,,,,,,,,,,,,,,,,,,,,,,,,,,,,,,,,,,,,,,,,,,,,,,,,,,,,,,,,,,,,,,,,,,,,,,,,,,,,,,,,,,,,,,,,,,,,,,,,,,,,,,,,,,,,,,,,,,,,,,,,,,,,,,,,,,,,,,,,,,,,,,,,,,,,,,,,,,,,,,,,,,,,,,,,,,,,,,,,,,,,,,,,,,,,,,,,,,,,,,,,,,,,,
B01_RD14-0003-03d2a-0.5IP-Q0.7_002.20sec.fsa,D7S820,B,OL,247.96,3,5.2,252.25,6,6,254.15,7,7,257.98,86,8,261.93,3358,9,265.95,51,10,269.97,152,11,274,3041,12,278.19,11,13,282.2,2,OL,283.13,10,OL,287.11,96,OL,291.08,10,,,,,,,,,,,,,,,,,,,,,,,,,,,,,,,,,,,,,,,,,,,,,,,,,,,,,,,,,,,,,,,,,,,,,,,,,,,,,,,,,,,,,,,,,,,,,,,,,,,,,,,,,,,,,,,,,,,,,,,,,,,,,,,,,,,,,,,,,,,,,,,,,,,,,,,,,,,,,,,,,,,,,,,,,,,,,,,,,,,,,,,,,,,,,,,,,,,,,,,,,,,,,,,,,,,,,,,,,,,,,,,,,,,,,,,,,,,,,,,,,,,,,,,,,,,,,,,,,,,,,
B01_RD14-0003-03d2a-0.5IP-Q0.7_002.20sec.fsa,CSF1PO,B,OL,299.93,7,OL,301.46,9,7,306.37,97,8,310.3,3159,OL,312.54,6,9,314.15,10,OL,316.15,10,10,318.53,7,OL,319.92,3,11,322.66,229,12,326.78,3648,13,330.71,104,OL,333.1,73,OL,336.78,2,OL,340.15,6,OL,340.95,9,,,,,,,,,,,,,,,,,,,,,,,,,,,,,,,,,,,,,,,,,,,,,,,,,,,,,,,,,,,,,,,,,,,,,,,,,,,,,,,,,,,,,,,,,,,,,,,,,,,,,,,,,,,,,,,,,,,,,,,,,,,,,,,,,,,,,,,,,,,,,,,,,,,,,,,,,,,,,,,,,,,,,,,,,,,,,,,,,,,,,,,,,,,,,,,,,,,,,,,,,,,,,,,,,,,,,,,,,,,,,,,,,,,,,,,,,,,,,,,,,,,,,,,,,,,,
B01_RD14-0003-03d2a-0.5IP-Q0.7_002.20sec.fsa,D3S1358,G,OL,94.51,34,OL,100.65,4,OL,103.37,29,OL,105.01,31,OL,111.54,20,OL,112.52,16,OL,117.82,42,15,122.19,468,16,126.19,5508,17,130.01,3729,OL,133.93,26,OL,137.45,3,OL,139.86,6,20,142.6,5,,,,,,,,,,,,,,,,,,,,,,,,,,,,,,,,,,,,,,,,,,,,,,,,,,,,,,,,,,,,,,,,,,,,,,,,,,,,,,,,,,,,,,,,,,,,,,,,,,,,,,,,,,,,,,,,,,,,,,,,,,,,,,,,,,,,,,,,,,,,,,,,,,,,,,,,,,,,,,,,,,,,,,,,,,,,,,,,,,,,,,,,,,,,,,,,,,,,,,,,,,,,,,,,,,,,,,,,,,,,,,,,,,,,,,,,,,,,,,,,,,,,,,,,,,,,,,,,,,
B01_RD14-0003-03d2a-0.5IP-Q0.7_002.20sec.fsa,TH01,G,OL,155.62,4,OL,158.24,6,OL,158.9,5,4,160.64,3,OL,161.14,2,OL,162.72,23,OL,166.65,36,OL,170.79,16,7,172.43,187,8,176.5,6192,9,180.51,5185,OL,185.3,4,OL,186.68,2,OL,193.49,2,13,197.25,4,13.3,199.93,8,,,,,,,,,,,,,,,,,,,,,,,,,,,,,,,,,,,,,,,,,,,,,,,,,,,,,,,,,,,,,,,,,,,,,,,,,,,,,,,,,,,,,,,,,,,,,,,,,,,,,,,,,,,,,,,,,,,,,,,,,,,,,,,,,,,,,,,,,,,,,,,,,,,,,,,,,,,,,,,,,,,,,,,,,,,,,,,,,,,,,,,,,,,,,,,,,,,,,,,,,,,,,,,,,,,,,,,,,,,,,,,,,,,,,,,,,,,,,,,,,,,,,,,,,,,,
B01_RD14-0003-03d2a-0.5IP-Q0.7_002.20sec.fsa,D13S317,G,7,211.01,34,OL,213,4,OL,213.86,8,8,215.01,27,9,219.2,11,OL,220.07,19,10,223.22,301,11,227.17,6729,12,231.34,5230,OL,233.36,7,13,235.38,97,OL,241.41,11,OL,242.81,6,,,,,,,,,,,,,,,,,,,,,,,,,,,,,,,,,,,,,,,,,,,,,,,,,,,,,,,,,,,,,,,,,,,,,,,,,,,,,,,,,,,,,,,,,,,,,,,,,,,,,,,,,,,,,,,,,,,,,,,,,,,,,,,,,,,,,,,,,,,,,,,,,,,,,,,,,,,,,,,,,,,,,,,,,,,,,,,,,,,,,,,,,,,,,,,,,,,,,,,,,,,,,,,,,,,,,,,,,,,,,,,,,,,,,,,,,,,,,,,,,,,,,,,,,,,,,,,,,,,,,
B01_RD14-0003-03d2a-0.5IP-Q0.7_002.20sec.fsa,D16S539,G,5,251.48,5,OL,252.6,6,OL,254.22,4,OL,256.38,17,OL,258.96,6,7,259.93,8,OL,260.79,6,OL,263.87,16,9,267.45,23,10,271.19,323,OL,273.36,21,11,275.16,5944,12,279.2,60,13,283.13,516,14,287.03,5639,15,290.94,42,,,,,,,,,,,,,,,,,,,,,,,,,,,,,,,,,,,,,,,,,,,,,,,,,,,,,,,,,,,,,,,,,,,,,,,,,,,,,,,,,,,,,,,,,,,,,,,,,,,,,,,,,,,,,,,,,,,,,,,,,,,,,,,,,,,,,,,,,,,,,,,,,,,,,,,,,,,,,,,,,,,,,,,,,,,,,,,,,,,,,,,,,,,,,,,,,,,,,,,,,,,,,,,,,,,,,,,,,,,,,,,,,,,,,,,,,,,,,,,,,,,,,,,,,,,,
B01_RD14-0003-03d2a-0.5IP-Q0.7_002.20sec.fsa,D2S1338,G,16,308.43,20,OL,311.74,8,18,316.61,21,OL,319.77,32,OL,322.88,3,OL,323.62,4,20,325.09,18,21,328.97,298,22,333.03,3867,23,337.14,27,24,340.95,470,25,344.99,4875,26,348.96,54,OL,351.54,31,OL,354.4,3,OL,359.93,6,,,,,,,,,,,,,,,,,,,,,,,,,,,,,,,,,,,,,,,,,,,,,,,,,,,,,,,,,,,,,,,,,,,,,,,,,,,,,,,,,,,,,,,,,,,,,,,,,,,,,,,,,,,,,,,,,,,,,,,,,,,,,,,,,,,,,,,,,,,,,,,,,,,,,,,,,,,,,,,,,,,,,,,,,,,,,,,,,,,,,,,,,,,,,,,,,,,,,,,,,,,,,,,,,,,,,,,,,,,,,,,,,,,,,,,,,,,,,,,,,,,,,,,,,,,,
B01_RD14-0003-03d2a-0.5IP-Q0.7_002.20sec.fsa,D19S433,Y,9,99.79,12,10,103.87,48,11,107.93,266,12,112.03,4390,13,116.05,285,14,120,3665,OL,127.09,7,16,127.99,8,OL,140.14,13,,,,,,,,,,,,,,,,,,,,,,,,,,,,,,,,,,,,,,,,,,,,,,,,,,,,,,,,,,,,,,,,,,,,,,,,,,,,,,,,,,,,,,,,,,,,,,,,,,,,,,,,,,,,,,,,,,,,,,,,,,,,,,,,,,,,,,,,,,,,,,,,,,,,,,,,,,,,,,,,,,,,,,,,,,,,,,,,,,,,,,,,,,,,,,,,,,,,,,,,,,,,,,,,,,,,,,,,,,,,,,,,,,,,,,,,,,,,,,,,,,,,,,,,,,,,,,,,,,,,,,,,,,,,,,,,,
B01_RD14-0003-03d2a-0.5IP-Q0.7_002.20sec.fsa,vWA,Y,OL,146.45,14,OL,152.77,34,OL,154.45,9,12,156.13,16,OL,156.86,33,13,160.29,28,14,164,211,15,168,3724,16,172.08,4185,17,176.43,37,OL,177.29,11,18,180.58,40,OL,183.85,6,OL,185.52,7,OL,187.33,7,OL,190.45,7,OL,193.42,7,OL,194.07,6,22,196.67,5,OL,198.63,4,OL,199.28,7,OL,200,9,,,,,,,,,,,,,,,,,,,,,,,,,,,,,,,,,,,,,,,,,,,,,,,,,,,,,,,,,,,,,,,,,,,,,,,,,,,,,,,,,,,,,,,,,,,,,,,,,,,,,,,,,,,,,,,,,,,,,,,,,,,,,,,,,,,,,,,,,,,,,,,,,,,,,,,,,,,,,,,,,,,,,,,,,,,,,,,,,,,,,,,,,,,,,,,,,,,,,,,,,,,,,,,,,,,,,,,,,,,,,,,,,,,,,,,,,,
B01_RD14-0003-03d2a-0.5IP-Q0.7_002.20sec.fsa,TPOX,Y,OL,214.14,11,6,220.79,25,OL,223.01,71,OL,225.8,5,8,228.32,48,OL,230.26,46,9,232.49,19,10,236.53,250,11,240.59,7184,OL,243.25,14,OL,250.14,9,,,,,,,,,,,,,,,,,,,,,,,,,,,,,,,,,,,,,,,,,,,,,,,,,,,,,,,,,,,,,,,,,,,,,,,,,,,,,,,,,,,,,,,,,,,,,,,,,,,,,,,,,,,,,,,,,,,,,,,,,,,,,,,,,,,,,,,,,,,,,,,,,,,,,,,,,,,,,,,,,,,,,,,,,,,,,,,,,,,,,,,,,,,,,,,,,,,,,,,,,,,,,,,,,,,,,,,,,,,,,,,,,,,,,,,,,,,,,,,,,,,,,,,,,,,,,,,,,,,,,,,,,,,
B01_RD14-0003-03d2a-0.5IP-Q0.7_002.20sec.fsa,D18S51,Y,7,260.29,14,7,261.07,5,OL,269.54,6,OL,280.28,15,OL,284.05,13,13,285.19,21,OL,288.38,16,OL,291.79,7,15,292.92,36,OL,294.34,6,16,296.89,297,17,300.9,3487,18,304.81,3373,19,308.79,16,OL,316.15,3,OL,320.37,8,OL,328.82,7,24,330.06,8,OL,330.86,13,27,341.91,9,OL,343.6,7,,,,,,,,,,,,,,,,,,,,,,,,,,,,,,,,,,,,,,,,,,,,,,,,,,,,,,,,,,,,,,,,,,,,,,,,,,,,,,,,,,,,,,,,,,,,,,,,,,,,,,,,,,,,,,,,,,,,,,,,,,,,,,,,,,,,,,,,,,,,,,,,,,,,,,,,,,,,,,,,,,,,,,,,,,,,,,,,,,,,,,,,,,,,,,,,,,,,,,,,,,,,,,,,,,,,,,,,,,,,,,,,,,,,,,,,,,,,,
B01_RD14-0003-03d2a-0.5IP-Q0.7_002.20sec.fsa,AMEL,R,X,104.87,2840,OL,108.92,11,Y,110.83,2562,,,,,,,,,,,,,,,,,,,,,,,,,,,,,,,,,,,,,,,,,,,,,,,,,,,,,,,,,,,,,,,,,,,,,,,,,,,,,,,,,,,,,,,,,,,,,,,,,,,,,,,,,,,,,,,,,,,,,,,,,,,,,,,,,,,,,,,,,,,,,,,,,,,,,,,,,,,,,,,,,,,,,,,,,,,,,,,,,,,,,,,,,,,,,,,,,,,,,,,,,,,,,,,,,,,,,,,,,,,,,,,,,,,,,,,,,,,,,,,,,,,,,,,,,,,,,,,,,,,,,,,,,,,,,,,,,,,,,,,,,,,,,,,,,,,
B01_RD14-0003-03d2a-0.5IP-Q0.7_002.20sec.fsa,D5S818,R,OL,127.51,36,6,128.69,33,OL,131.82,7,OL,141.66,15,OL,142.68,6,10,144.85,26,11,148.77,249,OL,151.02,7,12,152.92,3237,OL,155.32,4,13,157,3400,14,161.14,34,OL,168.72,39,16,169.5,29,OL,170.72,28,OL,172.79,12,OL,177.5,29,OL,178.14,30,,,,,,,,,,,,,,,,,,,,,,,,,,,,,,,,,,,,,,,,,,,,,,,,,,,,,,,,,,,,,,,,,,,,,,,,,,,,,,,,,,,,,,,,,,,,,,,,,,,,,,,,,,,,,,,,,,,,,,,,,,,,,,,,,,,,,,,,,,,,,,,,,,,,,,,,,,,,,,,,,,,,,,,,,,,,,,,,,,,,,,,,,,,,,,,,,,,,,,,,,,,,,,,,,,,,,,,,,,,,,,,,,,,,,,,,,,,,,,,,,,,,,,
B01_RD14-0003-03d2a-0.5IP-Q0.7_002.20sec.fsa,FGA,R,OL,205.32,14,OL,207.17,6,17,212.93,16,18,216.89,148,19,220.93,3817,20,224.8,12,22,233.21,31,23,237.25,276,24,241.33,3220,25,245.39,17,27,253.37,6,27.2,255.19,4,OL,260.72,16,32.2,275.37,28,33.2,279.2,6,OL,283.13,13,OL,284.62,6,OL,287.25,43,OL,290.72,4,OL,292.57,4,OL,302.99,10,OL,312.54,13,OL,312.98,13,44.2,324.58,6,47.2,336.13,4,OL,345.14,41,OL,349.99,7,,,,,,,,,,,,,,,,,,,,,,,,,,,,,,,,,,,,,,,,,,,,,,,,,,,,,,,,,,,,,,,,,,,,,,,,,,,,,,,,,,,,,,,,,,,,,,,,,,,,,,,,,,,,,,,,,,,,,,,,,,,,,,,,,,,,,,,,,,,,,,,,,,,,,,,,,,,,,,,,,,,,,,,,,,,,,,,,,,,,,,,,,,,,,,,,,,,,,,,,,,,,,,,,,,,,,,,,,,,
B04_RD14-0003-03d3c-0.03IP-Q1.0_002.20sec.fsa,D8S1179,B,OL,120,9,OL,120.57,6,OL,121.07,6,13,142.04,9,OL,143.26,11,14,146.07,58,15,150.26,211,OL,159.85,8,OL,160.76,4,OL,176.73,6,,,,,,,,,,,,,,,,,,,,,,,,,,,,,,,,,,,,,,,,,,,,,,,,,,,,,,,,,,,,,,,,,,,,,,,,,,,,,,,,,,,,,,,,,,,,,,,,,,,,,,,,,,,,,,,,,,,,,,,,,,,,,,,,,,,,,,,,,,,,,,,,,,,,,,,,,,,,,,,,,,,,,,,,,,,,,,,,,,,,,,,,,,,,,,,,,,,,,,,,,,,,,,,,,,,,,,,,,,,,,,,,,,,,,,,,,,,,,,,,,,,,,,,,,,,,,,,,,,,,,,,,,,,,,,
B04_RD14-0003-03d3c-0.03IP-Q1.0_002.20sec.fsa,D21S11,B,23.2,179.85,5,27,194.59,3,OL,209.65,1,31.2,212.55,5,32.2,216.72,93,OL,220,5,38.2,241.36,3,39,243.35,3,,,,,,,,,,,,,,,,,,,,,,,,,,,,,,,,,,,,,,,,,,,,,,,,,,,,,,,,,,,,,,,,,,,,,,,,,,,,,,,,,,,,,,,,,,,,,,,,,,,,,,,,,,,,,,,,,,,,,,,,,,,,,,,,,,,,,,,,,,,,,,,,,,,,,,,,,,,,,,,,,,,,,,,,,,,,,,,,,,,,,,,,,,,,,,,,,,,,,,,,,,,,,,,,,,,,,,,,,,,,,,,,,,,,,,,,,,,,,,,,,,,,,,,,,,,,,,,,,,,,,,,,,,,,,,,,,,,,
B04_RD14-0003-03d3c-0.03IP-Q1.0_002.20sec.fsa,D7S820,B,OL,268.86,4,OL,269.41,3,11,274.14,60,OL,279.13,2,OL,279.92,5,OL,280.93,3,OL,291.91,2,,,,,,,,,,,,,,,,,,,,,,,,,,,,,,,,,,,,,,,,,,,,,,,,,,,,,,,,,,,,,,,,,,,,,,,,,,,,,,,,,,,,,,,,,,,,,,,,,,,,,,,,,,,,,,,,,,,,,,,,,,,,,,,,,,,,,,,,,,,,,,,,,,,,,,,,,,,,,,,,,,,,,,,,,,,,,,,,,,,,,,,,,,,,,,,,,,,,,,,,,,,,,,,,,,,,,,,,,,,,,,,,,,,,,,,,,,,,,,,,,,,,,,,,,,,,,,,,,,,,,,,,,,,,,,,,,,,,,,,
B04_RD14-0003-03d3c-0.03IP-Q1.0_002.20sec.fsa,CSF1PO,B,5,298.75,2,8,310.48,87,9,314.08,5,OL,318.08,3,OL,324.31,2,OL,332.63,3,14,335.12,2,,,,,,,,,,,,,,,,,,,,,,,,,,,,,,,,,,,,,,,,,,,,,,,,,,,,,,,,,,,,,,,,,,,,,,,,,,,,,,,,,,,,,,,,,,,,,,,,,,,,,,,,,,,,,,,,,,,,,,,,,,,,,,,,,,,,,,,,,,,,,,,,,,,,,,,,,,,,,,,,,,,,,,,,,,,,,,,,,,,,,,,,,,,,,,,,,,,,,,,,,,,,,,,,,,,,,,,,,,,,,,,,,,,,,,,,,,,,,,,,,,,,,,,,,,,,,,,,,,,,,,,,,,,,,,,,,,,,,,,
B04_RD14-0003-03d3c-0.03IP-Q1.0_002.20sec.fsa,D3S1358,G,OL,94.83,6,OL,113.85,23,OL,115.2,19,15,122.14,23,16,126.25,276,17,130.1,261,19,138.43,5,OL,144.4,9,,,,,,,,,,,,,,,,,,,,,,,,,,,,,,,,,,,,,,,,,,,,,,,,,,,,,,,,,,,,,,,,,,,,,,,,,,,,,,,,,,,,,,,,,,,,,,,,,,,,,,,,,,,,,,,,,,,,,,,,,,,,,,,,,,,,,,,,,,,,,,,,,,,,,,,,,,,,,,,,,,,,,,,,,,,,,,,,,,,,,,,,,,,,,,,,,,,,,,,,,,,,,,,,,,,,,,,,,,,,,,,,,,,,,,,,,,,,,,,,,,,,,,,,,,,,,,,,,,,,,,,,,,,,,,,,,,,,
B04_RD14-0003-03d3c-0.03IP-Q1.0_002.20sec.fsa,TH01,G,OL,155.69,6,OL,159.77,8,6.3,171.58,2,8,176.66,154,9,180.69,234,OL,186.18,4,OL,190.42,5,13.3,199.85,10,,,,,,,,,,,,,,,,,,,,,,,,,,,,,,,,,,,,,,,,,,,,,,,,,,,,,,,,,,,,,,,,,,,,,,,,,,,,,,,,,,,,,,,,,,,,,,,,,,,,,,,,,,,,,,,,,,,,,,,,,,,,,,,,,,,,,,,,,,,,,,,,,,,,,,,,,,,,,,,,,,,,,,,,,,,,,,,,,,,,,,,,,,,,,,,,,,,,,,,,,,,,,,,,,,,,,,,,,,,,,,,,,,,,,,,,,,,,,,,,,,,,,,,,,,,,,,,,,,,,,,,,,,,,,,,,,,,,
B04_RD14-0003-03d3c-0.03IP-Q1.0_002.20sec.fsa,D13S317,G,8,215.63,5,9,218.98,6,OL,219.84,5,10,223.02,9,OL,225.66,5,11,227.13,113,OL,229.07,3,12,231.33,209,OL,238.43,5,OL,239.92,11,OL,241.76,5,OL,244.46,6,OL,246.13,5,,,,,,,,,,,,,,,,,,,,,,,,,,,,,,,,,,,,,,,,,,,,,,,,,,,,,,,,,,,,,,,,,,,,,,,,,,,,,,,,,,,,,,,,,,,,,,,,,,,,,,,,,,,,,,,,,,,,,,,,,,,,,,,,,,,,,,,,,,,,,,,,,,,,,,,,,,,,,,,,,,,,,,,,,,,,,,,,,,,,,,,,,,,,,,,,,,,,,,,,,,,,,,,,,,,,,,,,,,,,,,,,,,,,,,,,,,,,,,,,,,,,,,,,,,,,,,,,,,,,,
B04_RD14-0003-03d3c-0.03IP-Q1.0_002.20sec.fsa,D16S539,G,7,259.85,10,OL,262.74,4,OL,264.93,6,10,271.38,10,11,275.25,201,OL,279.92,11,13,283.19,23,14,287.16,317,15,291.13,5,16,295.33,2,,,,,,,,,,,,,,,,,,,,,,,,,,,,,,,,,,,,,,,,,,,,,,,,,,,,,,,,,,,,,,,,,,,,,,,,,,,,,,,,,,,,,,,,,,,,,,,,,,,,,,,,,,,,,,,,,,,,,,,,,,,,,,,,,,,,,,,,,,,,,,,,,,,,,,,,,,,,,,,,,,,,,,,,,,,,,,,,,,,,,,,,,,,,,,,,,,,,,,,,,,,,,,,,,,,,,,,,,,,,,,,,,,,,,,,,,,,,,,,,,,,,,,,,,,,,,,,,,,,,,,,,,,,,,,
B04_RD14-0003-03d3c-0.03IP-Q1.0_002.20sec.fsa,D2S1338,G,OL,301.54,6,17,312.64,5,OL,314.75,3,18,316.91,5,OL,323.98,5,21,329.08,16,22,333.03,131,23,336.96,3,OL,339.92,9,24,341.14,9,25,345.13,89,OL,347.5,3,OL,359.92,8,29,361.14,5,OL,363.01,5,,,,,,,,,,,,,,,,,,,,,,,,,,,,,,,,,,,,,,,,,,,,,,,,,,,,,,,,,,,,,,,,,,,,,,,,,,,,,,,,,,,,,,,,,,,,,,,,,,,,,,,,,,,,,,,,,,,,,,,,,,,,,,,,,,,,,,,,,,,,,,,,,,,,,,,,,,,,,,,,,,,,,,,,,,,,,,,,,,,,,,,,,,,,,,,,,,,,,,,,,,,,,,,,,,,,,,,,,,,,,,,,,,,,,,,,,,,,,,,,,,,,,,,,,,,,,,,
B04_RD14-0003-03d3c-0.03IP-Q1.0_002.20sec.fsa,D19S433,Y,OL,95.05,5,11,108.14,26,OL,111,6,12,112.25,318,OL,117.46,5,13.2,118.24,6,14,120.14,196,OL,128.57,11,OL,129.15,7,16.2,130.1,12,,,,,,,,,,,,,,,,,,,,,,,,,,,,,,,,,,,,,,,,,,,,,,,,,,,,,,,,,,,,,,,,,,,,,,,,,,,,,,,,,,,,,,,,,,,,,,,,,,,,,,,,,,,,,,,,,,,,,,,,,,,,,,,,,,,,,,,,,,,,,,,,,,,,,,,,,,,,,,,,,,,,,,,,,,,,,,,,,,,,,,,,,,,,,,,,,,,,,,,,,,,,,,,,,,,,,,,,,,,,,,,,,,,,,,,,,,,,,,,,,,,,,,,,,,,,,,,,,,,,,,,,,,,,,,
B04_RD14-0003-03d3c-0.03IP-Q1.0_002.20sec.fsa,vWA,Y,OL,145.99,4,11,151.71,3,OL,153.78,6,OL,160.76,6,OL,162.27,13,OL,163.25,16,15,168.09,123,16,172.18,133,OL,173.24,5,OL,187.64,9,OL,189.96,10,23,200.38,12,OL,203.71,5,24,204.85,7,25,209.34,9,,,,,,,,,,,,,,,,,,,,,,,,,,,,,,,,,,,,,,,,,,,,,,,,,,,,,,,,,,,,,,,,,,,,,,,,,,,,,,,,,,,,,,,,,,,,,,,,,,,,,,,,,,,,,,,,,,,,,,,,,,,,,,,,,,,,,,,,,,,,,,,,,,,,,,,,,,,,,,,,,,,,,,,,,,,,,,,,,,,,,,,,,,,,,,,,,,,,,,,,,,,,,,,,,,,,,,,,,,,,,,,,,,,,,,,,,,,,,,,,,,,,,,,,,,,,,,,
B04_RD14-0003-03d3c-0.03IP-Q1.0_002.20sec.fsa,TPOX,Y,OL,219.53,8,OL,222.17,7,OL,223.87,5,OL,226.74,8,OL,227.83,7,OL,229.62,6,9,232.97,7,10,236.56,13,11,240.72,313,OL,249.53,6,,,,,,,,,,,,,,,,,,,,,,,,,,,,,,,,,,,,,,,,,,,,,,,,,,,,,,,,,,,,,,,,,,,,,,,,,,,,,,,,,,,,,,,,,,,,,,,,,,,,,,,,,,,,,,,,,,,,,,,,,,,,,,,,,,,,,,,,,,,,,,,,,,,,,,,,,,,,,,,,,,,,,,,,,,,,,,,,,,,,,,,,,,,,,,,,,,,,,,,,,,,,,,,,,,,,,,,,,,,,,,,,,,,,,,,,,,,,,,,,,,,,,,,,,,,,,,,,,,,,,,,,,,,,,,
B04_RD14-0003-03d3c-0.03IP-Q1.0_002.20sec.fsa,D18S51,Y,7,260.31,12,OL,262.43,5,OL,263.13,9,10.2,275.41,9,OL,278.1,5,17,301,59,18,304.96,91,OL,311.84,4,23,325.85,5,23.2,327.38,5,OL,331.74,7,OL,335.92,8,,,,,,,,,,,,,,,,,,,,,,,,,,,,,,,,,,,,,,,,,,,,,,,,,,,,,,,,,,,,,,,,,,,,,,,,,,,,,,,,,,,,,,,,,,,,,,,,,,,,,,,,,,,,,,,,,,,,,,,,,,,,,,,,,,,,,,,,,,,,,,,,,,,,,,,,,,,,,,,,,,,,,,,,,,,,,,,,,,,,,,,,,,,,,,,,,,,,,,,,,,,,,,,,,,,,,,,,,,,,,,,,,,,,,,,,,,,,,,,,,,,,,,,,,,,,,,,,,,,,,,,,
B04_RD14-0003-03d3c-0.03IP-Q1.0_002.20sec.fsa,AMEL,R,X,104.9,116,Y,110.86,174,,,,,,,,,,,,,,,,,,,,,,,,,,,,,,,,,,,,,,,,,,,,,,,,,,,,,,,,,,,,,,,,,,,,,,,,,,,,,,,,,,,,,,,,,,,,,,,,,,,,,,,,,,,,,,,,,,,,,,,,,,,,,,,,,,,,,,,,,,,,,,,,,,,,,,,,,,,,,,,,,,,,,,,,,,,,,,,,,,,,,,,,,,,,,,,,,,,,,,,,,,,,,,,,,,,,,,,,,,,,,,,,,,,,,,,,,,,,,,,,,,,,,,,,,,,,,,,,,,,,,,,,,,,,,,,,,,,,,,,,,,,,,,,,,,,,,,
B04_RD14-0003-03d3c-0.03IP-Q1.0_002.20sec.fsa,D5S818,R,6,128.13,10,OL,129.44,7,OL,130.83,7,OL,143.49,5,OL,147.44,7,12,153.01,161,13,157.08,111,OL,163.55,7,OL,164.16,10,,,,,,,,,,,,,,,,,,,,,,,,,,,,,,,,,,,,,,,,,,,,,,,,,,,,,,,,,,,,,,,,,,,,,,,,,,,,,,,,,,,,,,,,,,,,,,,,,,,,,,,,,,,,,,,,,,,,,,,,,,,,,,,,,,,,,,,,,,,,,,,,,,,,,,,,,,,,,,,,,,,,,,,,,,,,,,,,,,,,,,,,,,,,,,,,,,,,,,,,,,,,,,,,,,,,,,,,,,,,,,,,,,,,,,,,,,,,,,,,,,,,,,,,,,,,,,,,,,,,,,,,,,,,,,,,,
B04_RD14-0003-03d3c-0.03IP-Q1.0_002.20sec.fsa,FGA,R,OL,206.83,4,OL,209.88,10,16.2,211.17,8,18,216.72,16,19,220.93,224,OL,222.32,7,22,233.28,8,23,237.34,13,24,241.36,121,25,245.97,5,27,253.98,8,OL,266.27,4,OL,301.23,6,OL,302.01,8,OL,317.91,10,OL,323.33,6,44.2,324.14,8,46.2,332.79,8,OL,333.91,3,OL,334.63,7,48.2,340.98,9,OL,350.92,4,,,,,,,,,,,,,,,,,,,,,,,,,,,,,,,,,,,,,,,,,,,,,,,,,,,,,,,,,,,,,,,,,,,,,,,,,,,,,,,,,,,,,,,,,,,,,,,,,,,,,,,,,,,,,,,,,,,,,,,,,,,,,,,,,,,,,,,,,,,,,,,,,,,,,,,,,,,,,,,,,,,,,,,,,,,,,,,,,,,,,,,,,,,,,,,,,,,,,,,,,,,,,,,,,,,,,,,,,,,,,,,,,,,,,,,,,,
B05_RD14-0003-03d3d-0.03IP-Q1.4_002.20sec.fsa,D8S1179,B,OL,113.86,3,OL,118.2,7,8,121.53,6,OL,139.93,9,OL,141.27,11,13,141.83,13,14,146.07,13,15,150.17,71,16,154.29,6,17,158.36,5,18,162.52,4,OL,168.32,3,OL,175.24,4,,,,,,,,,,,,,,,,,,,,,,,,,,,,,,,,,,,,,,,,,,,,,,,,,,,,,,,,,,,,,,,,,,,,,,,,,,,,,,,,,,,,,,,,,,,,,,,,,,,,,,,,,,,,,,,,,,,,,,,,,,,,,,,,,,,,,,,,,,,,,,,,,,,,,,,,,,,,,,,,,,,,,,,,,,,,,,,,,,,,,,,,,,,,,,,,,,,,,,,,,,,,,,,,,,,,,,,,,,,,,,,,,,,,,,,,,,,,,,,,,,,,,,,,,,,,,,,,,,,,,
B05_RD14-0003-03d3d-0.03IP-Q1.4_002.20sec.fsa,D21S11,B,23.2,180.07,7,25,186.34,3,26,190.12,4,27,194.46,6,28,198.51,6,OL,200.07,6,29.2,204.22,4,OL,205.82,3,30,206.59,5,OL,209.8,2,32,214.29,5,32.2,216.6,66,33,218.69,6,OL,220.07,5,34,222.77,7,35,226.61,6,OL,238,4,38,238.86,5,OL,239.93,8,OL,241.54,3,,,,,,,,,,,,,,,,,,,,,,,,,,,,,,,,,,,,,,,,,,,,,,,,,,,,,,,,,,,,,,,,,,,,,,,,,,,,,,,,,,,,,,,,,,,,,,,,,,,,,,,,,,,,,,,,,,,,,,,,,,,,,,,,,,,,,,,,,,,,,,,,,,,,,,,,,,,,,,,,,,,,,,,,,,,,,,,,,,,,,,,,,,,,,,,,,,,,,,,,,,,,,,,,,,,,,,,,,,,,,,,,,,,,,,,,,,,,,,,,
B05_RD14-0003-03d3d-0.03IP-Q1.4_002.20sec.fsa,D7S820,B,5,249.93,4,OL,250.98,4,6,254,7,OL,260.07,3,8,262.5,4,8.2,264.15,2,11,274,20,12,277.9,5,OL,292,3,,,,,,,,,,,,,,,,,,,,,,,,,,,,,,,,,,,,,,,,,,,,,,,,,,,,,,,,,,,,,,,,,,,,,,,,,,,,,,,,,,,,,,,,,,,,,,,,,,,,,,,,,,,,,,,,,,,,,,,,,,,,,,,,,,,,,,,,,,,,,,,,,,,,,,,,,,,,,,,,,,,,,,,,,,,,,,,,,,,,,,,,,,,,,,,,,,,,,,,,,,,,,,,,,,,,,,,,,,,,,,,,,,,,,,,,,,,,,,,,,,,,,,,,,,,,,,,,,,,,,,,,,,,,,,,,,
B05_RD14-0003-03d3d-0.03IP-Q1.4_002.20sec.fsa,CSF1PO,B,OL,301.61,5,6,302.32,6,8,310.27,47,10,318.46,3,10.2,320.75,1,12,326.61,41,OL,329.87,3,13,330.68,5,OL,339.93,5,OL,341.81,4,OL,344.67,5,,,,,,,,,,,,,,,,,,,,,,,,,,,,,,,,,,,,,,,,,,,,,,,,,,,,,,,,,,,,,,,,,,,,,,,,,,,,,,,,,,,,,,,,,,,,,,,,,,,,,,,,,,,,,,,,,,,,,,,,,,,,,,,,,,,,,,,,,,,,,,,,,,,,,,,,,,,,,,,,,,,,,,,,,,,,,,,,,,,,,,,,,,,,,,,,,,,,,,,,,,,,,,,,,,,,,,,,,,,,,,,,,,,,,,,,,,,,,,,,,,,,,,,,,,,,,,,,,,,,,,,,,,,
B05_RD14-0003-03d3d-0.03IP-Q1.4_002.20sec.fsa,D3S1358,G,OL,97.82,9,OL,98.5,7,OL,107.58,2,OL,112.98,27,15,121.87,7,16,126.09,12,17,130.01,84,,,,,,,,,,,,,,,,,,,,,,,,,,,,,,,,,,,,,,,,,,,,,,,,,,,,,,,,,,,,,,,,,,,,,,,,,,,,,,,,,,,,,,,,,,,,,,,,,,,,,,,,,,,,,,,,,,,,,,,,,,,,,,,,,,,,,,,,,,,,,,,,,,,,,,,,,,,,,,,,,,,,,,,,,,,,,,,,,,,,,,,,,,,,,,,,,,,,,,,,,,,,,,,,,,,,,,,,,,,,,,,,,,,,,,,,,,,,,,,,,,,,,,,,,,,,,,,,,,,,,,,,,,,,,,,,,,,,,,,
B05_RD14-0003-03d3d-0.03IP-Q1.4_002.20sec.fsa,TH01,G,7,172.3,9,8,176.57,153,9,180.64,281,OL,188.34,6,11,189.12,7,OL,190.47,6,OL,199.29,7,13.3,199.93,12,,,,,,,,,,,,,,,,,,,,,,,,,,,,,,,,,,,,,,,,,,,,,,,,,,,,,,,,,,,,,,,,,,,,,,,,,,,,,,,,,,,,,,,,,,,,,,,,,,,,,,,,,,,,,,,,,,,,,,,,,,,,,,,,,,,,,,,,,,,,,,,,,,,,,,,,,,,,,,,,,,,,,,,,,,,,,,,,,,,,,,,,,,,,,,,,,,,,,,,,,,,,,,,,,,,,,,,,,,,,,,,,,,,,,,,,,,,,,,,,,,,,,,,,,,,,,,,,,,,,,,,,,,,,,,,,,,,,
B05_RD14-0003-03d3d-0.03IP-Q1.4_002.20sec.fsa,D13S317,G,OL,209.59,5,OL,210.42,7,OL,213.93,11,8,215.3,7,OL,217.25,3,OL,219.78,7,OL,220.71,5,OL,224.62,3,11,227.11,48,12,231.23,177,OL,237.43,6,OL,238.5,4,OL,240,6,15,243.15,8,OL,245.34,4,,,,,,,,,,,,,,,,,,,,,,,,,,,,,,,,,,,,,,,,,,,,,,,,,,,,,,,,,,,,,,,,,,,,,,,,,,,,,,,,,,,,,,,,,,,,,,,,,,,,,,,,,,,,,,,,,,,,,,,,,,,,,,,,,,,,,,,,,,,,,,,,,,,,,,,,,,,,,,,,,,,,,,,,,,,,,,,,,,,,,,,,,,,,,,,,,,,,,,,,,,,,,,,,,,,,,,,,,,,,,,,,,,,,,,,,,,,,,,,,,,,,,,,,,,,,,,,
B05_RD14-0003-03d3d-0.03IP-Q1.4_002.20sec.fsa,D16S539,G,OL,256.73,5,OL,257.91,6,7,259.93,10,OL,260.64,4,OL,269.39,4,OL,278.19,8,OL,279.93,12,13,283,8,14,287.07,31,15,290.72,6,,,,,,,,,,,,,,,,,,,,,,,,,,,,,,,,,,,,,,,,,,,,,,,,,,,,,,,,,,,,,,,,,,,,,,,,,,,,,,,,,,,,,,,,,,,,,,,,,,,,,,,,,,,,,,,,,,,,,,,,,,,,,,,,,,,,,,,,,,,,,,,,,,,,,,,,,,,,,,,,,,,,,,,,,,,,,,,,,,,,,,,,,,,,,,,,,,,,,,,,,,,,,,,,,,,,,,,,,,,,,,,,,,,,,,,,,,,,,,,,,,,,,,,,,,,,,,,,,,,,,,,,,,,,,,
B05_RD14-0003-03d3d-0.03IP-Q1.4_002.20sec.fsa,D2S1338,G,OL,302.04,6,OL,308.17,5,18,316.91,8,OL,323.05,4,22,333.04,5,23,337.07,8,OL,338.54,7,OL,339.85,11,24,340.9,13,25,344.97,138,OL,356.14,4,OL,359.85,13,,,,,,,,,,,,,,,,,,,,,,,,,,,,,,,,,,,,,,,,,,,,,,,,,,,,,,,,,,,,,,,,,,,,,,,,,,,,,,,,,,,,,,,,,,,,,,,,,,,,,,,,,,,,,,,,,,,,,,,,,,,,,,,,,,,,,,,,,,,,,,,,,,,,,,,,,,,,,,,,,,,,,,,,,,,,,,,,,,,,,,,,,,,,,,,,,,,,,,,,,,,,,,,,,,,,,,,,,,,,,,,,,,,,,,,,,,,,,,,,,,,,,,,,,,,,,,,,,,,,,,,,
B05_RD14-0003-03d3d-0.03IP-Q1.4_002.20sec.fsa,D19S433,Y,OL,98.09,6,OL,100.35,14,9.2,101.38,3,12,112.16,125,12.2,114.13,12,13,116.07,16,14,120.13,161,17.2,134.37,9,,,,,,,,,,,,,,,,,,,,,,,,,,,,,,,,,,,,,,,,,,,,,,,,,,,,,,,,,,,,,,,,,,,,,,,,,,,,,,,,,,,,,,,,,,,,,,,,,,,,,,,,,,,,,,,,,,,,,,,,,,,,,,,,,,,,,,,,,,,,,,,,,,,,,,,,,,,,,,,,,,,,,,,,,,,,,,,,,,,,,,,,,,,,,,,,,,,,,,,,,,,,,,,,,,,,,,,,,,,,,,,,,,,,,,,,,,,,,,,,,,,,,,,,,,,,,,,,,,,,,,,,,,,,,,,,,,,,
B05_RD14-0003-03d3d-0.03IP-Q1.4_002.20sec.fsa,vWA,Y,OL,149.18,8,OL,152.8,8,13,160.21,10,15,168.18,76,16,172.16,69,17,176.15,9,19,184.21,5,21,192.25,8,,,,,,,,,,,,,,,,,,,,,,,,,,,,,,,,,,,,,,,,,,,,,,,,,,,,,,,,,,,,,,,,,,,,,,,,,,,,,,,,,,,,,,,,,,,,,,,,,,,,,,,,,,,,,,,,,,,,,,,,,,,,,,,,,,,,,,,,,,,,,,,,,,,,,,,,,,,,,,,,,,,,,,,,,,,,,,,,,,,,,,,,,,,,,,,,,,,,,,,,,,,,,,,,,,,,,,,,,,,,,,,,,,,,,,,,,,,,,,,,,,,,,,,,,,,,,,,,,,,,,,,,,,,,,,,,,,,,
B05_RD14-0003-03d3d-0.03IP-Q1.4_002.20sec.fsa,TPOX,Y,OL,235.65,7,10,237,8,11,240.59,71,OL,243.08,8,,,,,,,,,,,,,,,,,,,,,,,,,,,,,,,,,,,,,,,,,,,,,,,,,,,,,,,,,,,,,,,,,,,,,,,,,,,,,,,,,,,,,,,,,,,,,,,,,,,,,,,,,,,,,,,,,,,,,,,,,,,,,,,,,,,,,,,,,,,,,,,,,,,,,,,,,,,,,,,,,,,,,,,,,,,,,,,,,,,,,,,,,,,,,,,,,,,,,,,,,,,,,,,,,,,,,,,,,,,,,,,,,,,,,,,,,,,,,,,,,,,,,,,,,,,,,,,,,,,,,,,,,,,,,,,,,,,,,,,,,,,,,,,,
B05_RD14-0003-03d3d-0.03IP-Q1.4_002.20sec.fsa,D18S51,Y,7,260.36,13,7,260.93,5,OL,267.09,5,10,272.84,8,10.2,274.57,8,OL,279.57,7,OL,280.5,15,13,284.79,4,14,289.22,7,15,293.36,6,17,300.91,49,18,304.94,70,OL,307.88,9,19,309.25,8,OL,314.38,7,OL,316.45,6,OL,320.6,17,OL,324.69,10,OL,326.61,8,27,342.33,6,,,,,,,,,,,,,,,,,,,,,,,,,,,,,,,,,,,,,,,,,,,,,,,,,,,,,,,,,,,,,,,,,,,,,,,,,,,,,,,,,,,,,,,,,,,,,,,,,,,,,,,,,,,,,,,,,,,,,,,,,,,,,,,,,,,,,,,,,,,,,,,,,,,,,,,,,,,,,,,,,,,,,,,,,,,,,,,,,,,,,,,,,,,,,,,,,,,,,,,,,,,,,,,,,,,,,,,,,,,,,,,,,,,,,,,,,,,,,,,,
B05_RD14-0003-03d3d-0.03IP-Q1.4_002.20sec.fsa,AMEL,R,X,104.76,64,OL,106.68,9,Y,110.72,37,,,,,,,,,,,,,,,,,,,,,,,,,,,,,,,,,,,,,,,,,,,,,,,,,,,,,,,,,,,,,,,,,,,,,,,,,,,,,,,,,,,,,,,,,,,,,,,,,,,,,,,,,,,,,,,,,,,,,,,,,,,,,,,,,,,,,,,,,,,,,,,,,,,,,,,,,,,,,,,,,,,,,,,,,,,,,,,,,,,,,,,,,,,,,,,,,,,,,,,,,,,,,,,,,,,,,,,,,,,,,,,,,,,,,,,,,,,,,,,,,,,,,,,,,,,,,,,,,,,,,,,,,,,,,,,,,,,,,,,,,,,,,,,,,,,
B05_RD14-0003-03d3d-0.03IP-Q1.4_002.20sec.fsa,D5S818,R,OL,131.03,4,OL,138.9,8,OL,139.45,7,10,144.37,8,OL,148.33,5,12,152.94,22,OL,156.5,5,14,161.19,8,OL,163.49,6,OL,173.98,6,,,,,,,,,,,,,,,,,,,,,,,,,,,,,,,,,,,,,,,,,,,,,,,,,,,,,,,,,,,,,,,,,,,,,,,,,,,,,,,,,,,,,,,,,,,,,,,,,,,,,,,,,,,,,,,,,,,,,,,,,,,,,,,,,,,,,,,,,,,,,,,,,,,,,,,,,,,,,,,,,,,,,,,,,,,,,,,,,,,,,,,,,,,,,,,,,,,,,,,,,,,,,,,,,,,,,,,,,,,,,,,,,,,,,,,,,,,,,,,,,,,,,,,,,,,,,,,,,,,,,,,,,,,,,,
B05_RD14-0003-03d3d-0.03IP-Q1.4_002.20sec.fsa,FGA,R,OL,207.63,13,19,220.99,68,22.2,235.15,4,23,236.86,11,OL,238,4,24,241.32,66,25,245.13,7,OL,248.55,7,OL,251.13,8,29,261.43,9,33.2,279.2,9,OL,286,6,OL,292.79,8,OL,298.86,9,OL,303.74,5,OL,305.8,7,OL,307.16,7,45.2,328.17,8,OL,330.31,5,46.2,332.01,12,OL,338.83,4,48.2,340.98,7,OL,343.46,8,50.2,348.51,6,,,,,,,,,,,,,,,,,,,,,,,,,,,,,,,,,,,,,,,,,,,,,,,,,,,,,,,,,,,,,,,,,,,,,,,,,,,,,,,,,,,,,,,,,,,,,,,,,,,,,,,,,,,,,,,,,,,,,,,,,,,,,,,,,,,,,,,,,,,,,,,,,,,,,,,,,,,,,,,,,,,,,,,,,,,,,,,,,,,,,,,,,,,,,,,,,,,,,,,,,,,,,,,,,,,,,,,,,,,,,,,,,,,,
B06_RD14-0003-03d3e-0.0078IP-Q2.5_002.20sec.fsa,D8S1179,B,OL,111.72,5,OL,120,9,OL,125.07,6,OL,127.78,3,11,133.85,5,OL,136.61,4,OL,142.84,8,OL,143.48,9,OL,145.22,11,15,150.23,30,OL,151.98,4,OL,155.02,4,OL,163.31,3,OL,169.47,2,,,,,,,,,,,,,,,,,,,,,,,,,,,,,,,,,,,,,,,,,,,,,,,,,,,,,,,,,,,,,,,,,,,,,,,,,,,,,,,,,,,,,,,,,,,,,,,,,,,,,,,,,,,,,,,,,,,,,,,,,,,,,,,,,,,,,,,,,,,,,,,,,,,,,,,,,,,,,,,,,,,,,,,,,,,,,,,,,,,,,,,,,,,,,,,,,,,,,,,,,,,,,,,,,,,,,,,,,,,,,,,,,,,,,,,,,,,,,,,,,,,,,,,,,,,,,,,,,,
B06_RD14-0003-03d3e-0.0078IP-Q2.5_002.20sec.fsa,D21S11,B,23.2,180,5,OL,183.16,1,24.2,184.38,5,27.2,196.6,2,OL,209.86,4,31,210.66,12,OL,231.36,4,,,,,,,,,,,,,,,,,,,,,,,,,,,,,,,,,,,,,,,,,,,,,,,,,,,,,,,,,,,,,,,,,,,,,,,,,,,,,,,,,,,,,,,,,,,,,,,,,,,,,,,,,,,,,,,,,,,,,,,,,,,,,,,,,,,,,,,,,,,,,,,,,,,,,,,,,,,,,,,,,,,,,,,,,,,,,,,,,,,,,,,,,,,,,,,,,,,,,,,,,,,,,,,,,,,,,,,,,,,,,,,,,,,,,,,,,,,,,,,,,,,,,,,,,,,,,,,,,,,,,,,,,,,,,,,,,,,,,,,
B06_RD14-0003-03d3e-0.0078IP-Q2.5_002.20sec.fsa,D7S820,B,7,258.5,4,8.2,264.1,4,OL,265.25,2,OL,274.76,5,OL,278.92,6,OL,280.16,6,OL,284,4,15,289.86,4,,,,,,,,,,,,,,,,,,,,,,,,,,,,,,,,,,,,,,,,,,,,,,,,,,,,,,,,,,,,,,,,,,,,,,,,,,,,,,,,,,,,,,,,,,,,,,,,,,,,,,,,,,,,,,,,,,,,,,,,,,,,,,,,,,,,,,,,,,,,,,,,,,,,,,,,,,,,,,,,,,,,,,,,,,,,,,,,,,,,,,,,,,,,,,,,,,,,,,,,,,,,,,,,,,,,,,,,,,,,,,,,,,,,,,,,,,,,,,,,,,,,,,,,,,,,,,,,,,,,,,,,,,,,,,,,,,,,
B06_RD14-0003-03d3e-0.0078IP-Q2.5_002.20sec.fsa,CSF1PO,B,OL,303.99,3,8,310.42,28,OL,311.83,3,OL,315.76,3,OL,319.91,6,OL,321.88,3,12,326.46,6,OL,340.17,6,16,342.62,4,,,,,,,,,,,,,,,,,,,,,,,,,,,,,,,,,,,,,,,,,,,,,,,,,,,,,,,,,,,,,,,,,,,,,,,,,,,,,,,,,,,,,,,,,,,,,,,,,,,,,,,,,,,,,,,,,,,,,,,,,,,,,,,,,,,,,,,,,,,,,,,,,,,,,,,,,,,,,,,,,,,,,,,,,,,,,,,,,,,,,,,,,,,,,,,,,,,,,,,,,,,,,,,,,,,,,,,,,,,,,,,,,,,,,,,,,,,,,,,,,,,,,,,,,,,,,,,,,,,,,,,,,,,,,,,,,
B06_RD14-0003-03d3e-0.0078IP-Q2.5_002.20sec.fsa,D3S1358,G,OL,109.28,8,OL,113.85,28,13,114.82,16,OL,117.78,4,14,118.52,5,OL,119.33,5,OL,121.34,11,16,126.35,31,OL,131.94,6,OL,137.76,4,,,,,,,,,,,,,,,,,,,,,,,,,,,,,,,,,,,,,,,,,,,,,,,,,,,,,,,,,,,,,,,,,,,,,,,,,,,,,,,,,,,,,,,,,,,,,,,,,,,,,,,,,,,,,,,,,,,,,,,,,,,,,,,,,,,,,,,,,,,,,,,,,,,,,,,,,,,,,,,,,,,,,,,,,,,,,,,,,,,,,,,,,,,,,,,,,,,,,,,,,,,,,,,,,,,,,,,,,,,,,,,,,,,,,,,,,,,,,,,,,,,,,,,,,,,,,,,,,,,,,,,,,,,,,,
B06_RD14-0003-03d3e-0.0078IP-Q2.5_002.20sec.fsa,TH01,G,OL,161.58,6,OL,165.75,7,OL,173.1,4,7.3,175.16,4,8,176.67,37,9,180.73,45,OL,198.79,7,13.3,200,12,,,,,,,,,,,,,,,,,,,,,,,,,,,,,,,,,,,,,,,,,,,,,,,,,,,,,,,,,,,,,,,,,,,,,,,,,,,,,,,,,,,,,,,,,,,,,,,,,,,,,,,,,,,,,,,,,,,,,,,,,,,,,,,,,,,,,,,,,,,,,,,,,,,,,,,,,,,,,,,,,,,,,,,,,,,,,,,,,,,,,,,,,,,,,,,,,,,,,,,,,,,,,,,,,,,,,,,,,,,,,,,,,,,,,,,,,,,,,,,,,,,,,,,,,,,,,,,,,,,,,,,,,,,,,,,,,,,,
B06_RD14-0003-03d3e-0.0078IP-Q2.5_002.20sec.fsa,D13S317,G,OL,212.41,3,OL,229,5,12,231.44,8,OL,240,11,OL,244.1,4,OL,244.94,7,OL,246.6,3,,,,,,,,,,,,,,,,,,,,,,,,,,,,,,,,,,,,,,,,,,,,,,,,,,,,,,,,,,,,,,,,,,,,,,,,,,,,,,,,,,,,,,,,,,,,,,,,,,,,,,,,,,,,,,,,,,,,,,,,,,,,,,,,,,,,,,,,,,,,,,,,,,,,,,,,,,,,,,,,,,,,,,,,,,,,,,,,,,,,,,,,,,,,,,,,,,,,,,,,,,,,,,,,,,,,,,,,,,,,,,,,,,,,,,,,,,,,,,,,,,,,,,,,,,,,,,,,,,,,,,,,,,,,,,,,,,,,,,,
B06_RD14-0003-03d3e-0.0078IP-Q2.5_002.20sec.fsa,D16S539,G,OL,250,8,OL,254.3,9,OL,258.89,6,OL,261.8,6,OL,265.99,5,OL,274.67,6,12,278.75,4,OL,279.92,16,OL,286.6,7,16,295.14,7,,,,,,,,,,,,,,,,,,,,,,,,,,,,,,,,,,,,,,,,,,,,,,,,,,,,,,,,,,,,,,,,,,,,,,,,,,,,,,,,,,,,,,,,,,,,,,,,,,,,,,,,,,,,,,,,,,,,,,,,,,,,,,,,,,,,,,,,,,,,,,,,,,,,,,,,,,,,,,,,,,,,,,,,,,,,,,,,,,,,,,,,,,,,,,,,,,,,,,,,,,,,,,,,,,,,,,,,,,,,,,,,,,,,,,,,,,,,,,,,,,,,,,,,,,,,,,,,,,,,,,,,,,,,,,
B06_RD14-0003-03d3e-0.0078IP-Q2.5_002.20sec.fsa,D2S1338,G,OL,307.14,4,OL,312,5,OL,318.23,5,OL,319.82,8,OL,322.98,4,OL,328.06,5,OL,336.19,5,OL,339.92,14,OL,343.05,8,OL,359.92,11,OL,363.55,5,,,,,,,,,,,,,,,,,,,,,,,,,,,,,,,,,,,,,,,,,,,,,,,,,,,,,,,,,,,,,,,,,,,,,,,,,,,,,,,,,,,,,,,,,,,,,,,,,,,,,,,,,,,,,,,,,,,,,,,,,,,,,,,,,,,,,,,,,,,,,,,,,,,,,,,,,,,,,,,,,,,,,,,,,,,,,,,,,,,,,,,,,,,,,,,,,,,,,,,,,,,,,,,,,,,,,,,,,,,,,,,,,,,,,,,,,,,,,,,,,,,,,,,,,,,,,,,,,,,,,,,,,,,
B06_RD14-0003-03d3e-0.0078IP-Q2.5_002.20sec.fsa,D19S433,Y,OL,100.31,10,OL,106.91,7,12,112.33,33,12.2,114.3,12,OL,117.63,9,OL,127.17,9,OL,130.8,6,OL,140.39,11,,,,,,,,,,,,,,,,,,,,,,,,,,,,,,,,,,,,,,,,,,,,,,,,,,,,,,,,,,,,,,,,,,,,,,,,,,,,,,,,,,,,,,,,,,,,,,,,,,,,,,,,,,,,,,,,,,,,,,,,,,,,,,,,,,,,,,,,,,,,,,,,,,,,,,,,,,,,,,,,,,,,,,,,,,,,,,,,,,,,,,,,,,,,,,,,,,,,,,,,,,,,,,,,,,,,,,,,,,,,,,,,,,,,,,,,,,,,,,,,,,,,,,,,,,,,,,,,,,,,,,,,,,,,,,,,,,,,
B06_RD14-0003-03d3e-0.0078IP-Q2.5_002.20sec.fsa,vWA,Y,OL,150.94,8,11,151.82,6,OL,153.18,7,15,168.2,30,18,180.24,16,OL,185.59,4,23,200.24,13,25,208.67,8,,,,,,,,,,,,,,,,,,,,,,,,,,,,,,,,,,,,,,,,,,,,,,,,,,,,,,,,,,,,,,,,,,,,,,,,,,,,,,,,,,,,,,,,,,,,,,,,,,,,,,,,,,,,,,,,,,,,,,,,,,,,,,,,,,,,,,,,,,,,,,,,,,,,,,,,,,,,,,,,,,,,,,,,,,,,,,,,,,,,,,,,,,,,,,,,,,,,,,,,,,,,,,,,,,,,,,,,,,,,,,,,,,,,,,,,,,,,,,,,,,,,,,,,,,,,,,,,,,,,,,,,,,,,,,,,,,,,
B06_RD14-0003-03d3e-0.0078IP-Q2.5_002.20sec.fsa,TPOX,Y,OL,213.36,7,OL,214.25,8,OL,223.24,7,OL,226.89,8,OL,231.28,15,9,233.07,11,OL,237.63,6,11,240.84,6,13,248.51,10,,,,,,,,,,,,,,,,,,,,,,,,,,,,,,,,,,,,,,,,,,,,,,,,,,,,,,,,,,,,,,,,,,,,,,,,,,,,,,,,,,,,,,,,,,,,,,,,,,,,,,,,,,,,,,,,,,,,,,,,,,,,,,,,,,,,,,,,,,,,,,,,,,,,,,,,,,,,,,,,,,,,,,,,,,,,,,,,,,,,,,,,,,,,,,,,,,,,,,,,,,,,,,,,,,,,,,,,,,,,,,,,,,,,,,,,,,,,,,,,,,,,,,,,,,,,,,,,,,,,,,,,,,,,,,,,,
B06_RD14-0003-03d3e-0.0078IP-Q2.5_002.20sec.fsa,D18S51,Y,9.2,270.86,8,OL,280.24,14,13.2,287.33,5,16.2,299.43,9,17,301.19,60,17.2,302.7,8,OL,311.5,4,OL,314.35,14,OL,332.77,4,OL,340.34,12,OL,346.77,7,,,,,,,,,,,,,,,,,,,,,,,,,,,,,,,,,,,,,,,,,,,,,,,,,,,,,,,,,,,,,,,,,,,,,,,,,,,,,,,,,,,,,,,,,,,,,,,,,,,,,,,,,,,,,,,,,,,,,,,,,,,,,,,,,,,,,,,,,,,,,,,,,,,,,,,,,,,,,,,,,,,,,,,,,,,,,,,,,,,,,,,,,,,,,,,,,,,,,,,,,,,,,,,,,,,,,,,,,,,,,,,,,,,,,,,,,,,,,,,,,,,,,,,,,,,,,,,,,,,,,,,,,,,
B06_RD14-0003-03d3e-0.0078IP-Q2.5_002.20sec.fsa,AMEL,R,X,104.92,84,OL,106.37,9,,,,,,,,,,,,,,,,,,,,,,,,,,,,,,,,,,,,,,,,,,,,,,,,,,,,,,,,,,,,,,,,,,,,,,,,,,,,,,,,,,,,,,,,,,,,,,,,,,,,,,,,,,,,,,,,,,,,,,,,,,,,,,,,,,,,,,,,,,,,,,,,,,,,,,,,,,,,,,,,,,,,,,,,,,,,,,,,,,,,,,,,,,,,,,,,,,,,,,,,,,,,,,,,,,,,,,,,,,,,,,,,,,,,,,,,,,,,,,,,,,,,,,,,,,,,,,,,,,,,,,,,,,,,,,,,,,,,,,,,,,,,,,,,,,,,,,
B06_RD14-0003-03d3e-0.0078IP-Q2.5_002.20sec.fsa,D5S818,R,OL,130.35,8,OL,139.3,9,OL,142.61,8,OL,147.2,6,12,152.94,51,13,157.11,52,OL,170.65,7,OL,177.62,10,OL,178.25,11,,,,,,,,,,,,,,,,,,,,,,,,,,,,,,,,,,,,,,,,,,,,,,,,,,,,,,,,,,,,,,,,,,,,,,,,,,,,,,,,,,,,,,,,,,,,,,,,,,,,,,,,,,,,,,,,,,,,,,,,,,,,,,,,,,,,,,,,,,,,,,,,,,,,,,,,,,,,,,,,,,,,,,,,,,,,,,,,,,,,,,,,,,,,,,,,,,,,,,,,,,,,,,,,,,,,,,,,,,,,,,,,,,,,,,,,,,,,,,,,,,,,,,,,,,,,,,,,,,,,,,,,,,,,,,,,,
B06_RD14-0003-03d3e-0.0078IP-Q2.5_002.20sec.fsa,FGA,R,OL,204.09,7,OL,223.65,7,OL,229.82,7,OL,234.13,6,23,237.23,7,OL,238.53,10,24,241.51,10,OL,257.07,6,OL,260.98,12,OL,268.8,8,OL,270.45,4,OL,272.77,8,33.2,279.67,4,OL,280.9,7,OL,298.22,10,OL,299.03,7,OL,304.79,6,OL,308.86,8,OL,310.59,6,OL,313.58,7,OL,321.28,5,OL,322.13,8,46.2,332.35,5,OL,334.85,7,OL,338.59,6,OL,343.13,5,OL,347.96,6,OL,352.19,5,,,,,,,,,,,,,,,,,,,,,,,,,,,,,,,,,,,,,,,,,,,,,,,,,,,,,,,,,,,,,,,,,,,,,,,,,,,,,,,,,,,,,,,,,,,,,,,,,,,,,,,,,,,,,,,,,,,,,,,,,,,,,,,,,,,,,,,,,,,,,,,,,,,,,,,,,,,,,,,,,,,,,,,,,,,,,,,,,,,,,,,,,,,,,,,,,,,,,,,,,,,,,,,,,,,,,,,,
B07_RD14-0003-04d3a-0.0313IP-Q1.0_002.20sec.fsa,D8S1179,B,OL,115.93,4,OL,120.77,3,OL,123,9,OL,124.78,2,OL,129.05,5,OL,131.79,1,13,142.03,114,14,146.19,179,OL,151.67,5,OL,156.03,3,17,158.1,3,OL,160.16,11,OL,161.94,4,OL,164.54,4,OL,169.25,4,OL,174.78,3,OL,175.6,3,OL,178.2,3,,,,,,,,,,,,,,,,,,,,,,,,,,,,,,,,,,,,,,,,,,,,,,,,,,,,,,,,,,,,,,,,,,,,,,,,,,,,,,,,,,,,,,,,,,,,,,,,,,,,,,,,,,,,,,,,,,,,,,,,,,,,,,,,,,,,,,,,,,,,,,,,,,,,,,,,,,,,,,,,,,,,,,,,,,,,,,,,,,,,,,,,,,,,,,,,,,,,,,,,,,,,,,,,,,,,,,,,,,,,,,,,,,,,,,,,,,,,,,,,,,,,,,
B07_RD14-0003-04d3a-0.0313IP-Q1.0_002.20sec.fsa,D21S11,B,26.2,192.16,5,27,194.58,16,28,198.75,118,29,202.69,13,29.2,204.56,4,30,206.77,160,31.2,212.35,4,32,214.17,4,36.2,233.22,5,37.2,237.24,5,38.2,241.21,6,OL,242.08,3,,,,,,,,,,,,,,,,,,,,,,,,,,,,,,,,,,,,,,,,,,,,,,,,,,,,,,,,,,,,,,,,,,,,,,,,,,,,,,,,,,,,,,,,,,,,,,,,,,,,,,,,,,,,,,,,,,,,,,,,,,,,,,,,,,,,,,,,,,,,,,,,,,,,,,,,,,,,,,,,,,,,,,,,,,,,,,,,,,,,,,,,,,,,,,,,,,,,,,,,,,,,,,,,,,,,,,,,,,,,,,,,,,,,,,,,,,,,,,,,,,,,,,,,,,,,,,,,,,,,,,,,
B07_RD14-0003-04d3a-0.0313IP-Q1.0_002.20sec.fsa,D7S820,B,5.2,252.55,7,8,262.02,6,9,266.15,132,10,269.96,3,OL,272.25,5,OL,291.47,2,,,,,,,,,,,,,,,,,,,,,,,,,,,,,,,,,,,,,,,,,,,,,,,,,,,,,,,,,,,,,,,,,,,,,,,,,,,,,,,,,,,,,,,,,,,,,,,,,,,,,,,,,,,,,,,,,,,,,,,,,,,,,,,,,,,,,,,,,,,,,,,,,,,,,,,,,,,,,,,,,,,,,,,,,,,,,,,,,,,,,,,,,,,,,,,,,,,,,,,,,,,,,,,,,,,,,,,,,,,,,,,,,,,,,,,,,,,,,,,,,,,,,,,,,,,,,,,,,,,,,,,,,,,,,,,,,,,,,,,,,,
B07_RD14-0003-04d3a-0.0313IP-Q1.0_002.20sec.fsa,CSF1PO,B,OL,300.74,5,OL,308.53,5,OL,311.42,5,11,322.89,34,12,326.89,343,OL,329.24,5,15,338.37,4,OL,340.17,6,OL,341.56,6,,,,,,,,,,,,,,,,,,,,,,,,,,,,,,,,,,,,,,,,,,,,,,,,,,,,,,,,,,,,,,,,,,,,,,,,,,,,,,,,,,,,,,,,,,,,,,,,,,,,,,,,,,,,,,,,,,,,,,,,,,,,,,,,,,,,,,,,,,,,,,,,,,,,,,,,,,,,,,,,,,,,,,,,,,,,,,,,,,,,,,,,,,,,,,,,,,,,,,,,,,,,,,,,,,,,,,,,,,,,,,,,,,,,,,,,,,,,,,,,,,,,,,,,,,,,,,,,,,,,,,,,,,,,,,,,,
B07_RD14-0003-04d3a-0.0313IP-Q1.0_002.20sec.fsa,D3S1358,G,OL,96.65,5,OL,113.92,11,13,114.92,23,OL,119.15,3,15,122.23,153,16,126.41,338,18.2,136.27,5,OL,139.92,7,,,,,,,,,,,,,,,,,,,,,,,,,,,,,,,,,,,,,,,,,,,,,,,,,,,,,,,,,,,,,,,,,,,,,,,,,,,,,,,,,,,,,,,,,,,,,,,,,,,,,,,,,,,,,,,,,,,,,,,,,,,,,,,,,,,,,,,,,,,,,,,,,,,,,,,,,,,,,,,,,,,,,,,,,,,,,,,,,,,,,,,,,,,,,,,,,,,,,,,,,,,,,,,,,,,,,,,,,,,,,,,,,,,,,,,,,,,,,,,,,,,,,,,,,,,,,,,,,,,,,,,,,,,,,,,,,,,,
B07_RD14-0003-04d3a-0.0313IP-Q1.0_002.20sec.fsa,TH01,G,4,160,8,OL,166,7,OL,169.57,7,7,172.66,22,OL,173.72,6,OL,174.45,4,7.3,175.43,6,8,176.74,859,OL,198.08,5,13.3,199.92,9,,,,,,,,,,,,,,,,,,,,,,,,,,,,,,,,,,,,,,,,,,,,,,,,,,,,,,,,,,,,,,,,,,,,,,,,,,,,,,,,,,,,,,,,,,,,,,,,,,,,,,,,,,,,,,,,,,,,,,,,,,,,,,,,,,,,,,,,,,,,,,,,,,,,,,,,,,,,,,,,,,,,,,,,,,,,,,,,,,,,,,,,,,,,,,,,,,,,,,,,,,,,,,,,,,,,,,,,,,,,,,,,,,,,,,,,,,,,,,,,,,,,,,,,,,,,,,,,,,,,,,,,,,,,,,
B07_RD14-0003-04d3a-0.0313IP-Q1.0_002.20sec.fsa,D13S317,G,OL,205.38,3,7,210.79,8,OL,225.14,6,11,227.14,8,OL,227.89,8,12,231.22,84,13,235.14,8,OL,237.24,11,OL,239.92,12,OL,245.96,7,16,247.86,6,,,,,,,,,,,,,,,,,,,,,,,,,,,,,,,,,,,,,,,,,,,,,,,,,,,,,,,,,,,,,,,,,,,,,,,,,,,,,,,,,,,,,,,,,,,,,,,,,,,,,,,,,,,,,,,,,,,,,,,,,,,,,,,,,,,,,,,,,,,,,,,,,,,,,,,,,,,,,,,,,,,,,,,,,,,,,,,,,,,,,,,,,,,,,,,,,,,,,,,,,,,,,,,,,,,,,,,,,,,,,,,,,,,,,,,,,,,,,,,,,,,,,,,,,,,,,,,,,,,,,,,,,,,
B07_RD14-0003-04d3a-0.0313IP-Q1.0_002.20sec.fsa,D16S539,G,OL,261.94,6,10,271.32,41,11,275.31,437,OL,279.91,14,14,287.03,5,OL,293.81,10,OL,294.48,9,,,,,,,,,,,,,,,,,,,,,,,,,,,,,,,,,,,,,,,,,,,,,,,,,,,,,,,,,,,,,,,,,,,,,,,,,,,,,,,,,,,,,,,,,,,,,,,,,,,,,,,,,,,,,,,,,,,,,,,,,,,,,,,,,,,,,,,,,,,,,,,,,,,,,,,,,,,,,,,,,,,,,,,,,,,,,,,,,,,,,,,,,,,,,,,,,,,,,,,,,,,,,,,,,,,,,,,,,,,,,,,,,,,,,,,,,,,,,,,,,,,,,,,,,,,,,,,,,,,,,,,,,,,,,,,,,,,,,,,
B07_RD14-0003-04d3a-0.0313IP-Q1.0_002.20sec.fsa,D2S1338,G,OL,307.76,6,OL,311.68,7,OL,313.91,8,18,316.41,6,OL,324.02,6,20,325.24,30,21,329.15,263,OL,331.31,4,24,341.22,29,25,345.21,321,OL,351.73,5,OL,360,13,,,,,,,,,,,,,,,,,,,,,,,,,,,,,,,,,,,,,,,,,,,,,,,,,,,,,,,,,,,,,,,,,,,,,,,,,,,,,,,,,,,,,,,,,,,,,,,,,,,,,,,,,,,,,,,,,,,,,,,,,,,,,,,,,,,,,,,,,,,,,,,,,,,,,,,,,,,,,,,,,,,,,,,,,,,,,,,,,,,,,,,,,,,,,,,,,,,,,,,,,,,,,,,,,,,,,,,,,,,,,,,,,,,,,,,,,,,,,,,,,,,,,,,,,,,,,,,,,,,,,,,,
B07_RD14-0003-04d3a-0.0313IP-Q1.0_002.20sec.fsa,D19S433,Y,OL,96.73,5,9,100.16,8,12.2,114.31,126,14,120.31,26,15,124.24,191,15.2,126.41,13,16,127.88,6,OL,137.14,4,OL,140.32,12,,,,,,,,,,,,,,,,,,,,,,,,,,,,,,,,,,,,,,,,,,,,,,,,,,,,,,,,,,,,,,,,,,,,,,,,,,,,,,,,,,,,,,,,,,,,,,,,,,,,,,,,,,,,,,,,,,,,,,,,,,,,,,,,,,,,,,,,,,,,,,,,,,,,,,,,,,,,,,,,,,,,,,,,,,,,,,,,,,,,,,,,,,,,,,,,,,,,,,,,,,,,,,,,,,,,,,,,,,,,,,,,,,,,,,,,,,,,,,,,,,,,,,,,,,,,,,,,,,,,,,,,,,,,,,,,,
B07_RD14-0003-04d3a-0.0313IP-Q1.0_002.20sec.fsa,vWA,Y,OL,163.16,11,14,163.97,12,15,168.11,14,15.2,170.3,5,16,172.18,222,OL,195.08,6,OL,202.12,8,OL,206.36,6,,,,,,,,,,,,,,,,,,,,,,,,,,,,,,,,,,,,,,,,,,,,,,,,,,,,,,,,,,,,,,,,,,,,,,,,,,,,,,,,,,,,,,,,,,,,,,,,,,,,,,,,,,,,,,,,,,,,,,,,,,,,,,,,,,,,,,,,,,,,,,,,,,,,,,,,,,,,,,,,,,,,,,,,,,,,,,,,,,,,,,,,,,,,,,,,,,,,,,,,,,,,,,,,,,,,,,,,,,,,,,,,,,,,,,,,,,,,,,,,,,,,,,,,,,,,,,,,,,,,,,,,,,,,,,,,,,,,
B07_RD14-0003-04d3a-0.0313IP-Q1.0_002.20sec.fsa,TPOX,Y,OL,216.11,6,OL,220.08,11,8,229.05,14,10,236.82,87,11,240.87,225,OL,256,9,,,,,,,,,,,,,,,,,,,,,,,,,,,,,,,,,,,,,,,,,,,,,,,,,,,,,,,,,,,,,,,,,,,,,,,,,,,,,,,,,,,,,,,,,,,,,,,,,,,,,,,,,,,,,,,,,,,,,,,,,,,,,,,,,,,,,,,,,,,,,,,,,,,,,,,,,,,,,,,,,,,,,,,,,,,,,,,,,,,,,,,,,,,,,,,,,,,,,,,,,,,,,,,,,,,,,,,,,,,,,,,,,,,,,,,,,,,,,,,,,,,,,,,,,,,,,,,,,,,,,,,,,,,,,,,,,,,,,,,,,,
B07_RD14-0003-04d3a-0.0313IP-Q1.0_002.20sec.fsa,D18S51,Y,OL,273.69,10,OL,280.5,13,12.2,283.35,7,OL,284.1,5,14,289.13,29,15,293.23,193,16,297.24,20,16.2,299.33,6,17,301.16,132,OL,303.9,7,OL,307.68,6,OL,308.27,7,OL,312.36,5,23,325.5,10,OL,330.36,7,26,337.6,6,OL,338.54,9,,,,,,,,,,,,,,,,,,,,,,,,,,,,,,,,,,,,,,,,,,,,,,,,,,,,,,,,,,,,,,,,,,,,,,,,,,,,,,,,,,,,,,,,,,,,,,,,,,,,,,,,,,,,,,,,,,,,,,,,,,,,,,,,,,,,,,,,,,,,,,,,,,,,,,,,,,,,,,,,,,,,,,,,,,,,,,,,,,,,,,,,,,,,,,,,,,,,,,,,,,,,,,,,,,,,,,,,,,,,,,,,,,,,,,,,,,,,,,,,,,,,,,,,,
B07_RD14-0003-04d3a-0.0313IP-Q1.0_002.20sec.fsa,AMEL,R,X,104.89,376,Y,110.79,106,,,,,,,,,,,,,,,,,,,,,,,,,,,,,,,,,,,,,,,,,,,,,,,,,,,,,,,,,,,,,,,,,,,,,,,,,,,,,,,,,,,,,,,,,,,,,,,,,,,,,,,,,,,,,,,,,,,,,,,,,,,,,,,,,,,,,,,,,,,,,,,,,,,,,,,,,,,,,,,,,,,,,,,,,,,,,,,,,,,,,,,,,,,,,,,,,,,,,,,,,,,,,,,,,,,,,,,,,,,,,,,,,,,,,,,,,,,,,,,,,,,,,,,,,,,,,,,,,,,,,,,,,,,,,,,,,,,,,,,,,,,,,,,,,,,,,,
B07_RD14-0003-04d3a-0.0313IP-Q1.0_002.20sec.fsa,D5S818,R,OL,125.78,10,OL,127.65,8,6,128.89,10,OL,142.03,13,10,144.47,10,OL,147.74,4,11,148.89,190,OL,150.03,9,12,152.99,89,OL,171.12,9,OL,174.54,2,,,,,,,,,,,,,,,,,,,,,,,,,,,,,,,,,,,,,,,,,,,,,,,,,,,,,,,,,,,,,,,,,,,,,,,,,,,,,,,,,,,,,,,,,,,,,,,,,,,,,,,,,,,,,,,,,,,,,,,,,,,,,,,,,,,,,,,,,,,,,,,,,,,,,,,,,,,,,,,,,,,,,,,,,,,,,,,,,,,,,,,,,,,,,,,,,,,,,,,,,,,,,,,,,,,,,,,,,,,,,,,,,,,,,,,,,,,,,,,,,,,,,,,,,,,,,,,,,,,,,,,,,,,
B07_RD14-0003-04d3a-0.0313IP-Q1.0_002.20sec.fsa,FGA,R,OL,204.15,7,OL,206.85,6,18,216.62,6,OL,217.63,7,19,220.83,12,20,225.06,177,21,229.14,294,OL,248.89,7,OL,259.02,6,OL,270.55,5,OL,278.29,15,33.2,279.49,8,OL,297.07,11,OL,299,8,OL,311.25,7,OL,313.31,7,46.2,332.44,10,OL,334.76,7,OL,346.78,7,,,,,,,,,,,,,,,,,,,,,,,,,,,,,,,,,,,,,,,,,,,,,,,,,,,,,,,,,,,,,,,,,,,,,,,,,,,,,,,,,,,,,,,,,,,,,,,,,,,,,,,,,,,,,,,,,,,,,,,,,,,,,,,,,,,,,,,,,,,,,,,,,,,,,,,,,,,,,,,,,,,,,,,,,,,,,,,,,,,,,,,,,,,,,,,,,,,,,,,,,,,,,,,,,,,,,,,,,,,,,,,,,,,,,,,,,,,,,,,,,,,
B08_RD14-0003-04d3b-0.0625IP-Q1.2_002.20sec.fsa,D8S1179,B,OL,119.09,8,OL,122.75,7,OL,124.44,11,OL,127.14,9,OL,131.73,2,OL,133.05,6,OL,135.17,6,12,137.78,46,13,142.02,669,OL,143.48,10,14,146.15,153,OL,149.41,5,17,159.01,3,OL,165.53,2,OL,168.95,12,20,170.42,3,OL,174.84,7,OL,175.98,5,,,,,,,,,,,,,,,,,,,,,,,,,,,,,,,,,,,,,,,,,,,,,,,,,,,,,,,,,,,,,,,,,,,,,,,,,,,,,,,,,,,,,,,,,,,,,,,,,,,,,,,,,,,,,,,,,,,,,,,,,,,,,,,,,,,,,,,,,,,,,,,,,,,,,,,,,,,,,,,,,,,,,,,,,,,,,,,,,,,,,,,,,,,,,,,,,,,,,,,,,,,,,,,,,,,,,,,,,,,,,,,,,,,,,,,,,,,,,,,,,,,,,,
B08_RD14-0003-04d3b-0.0625IP-Q1.2_002.20sec.fsa,D21S11,B,OL,187.74,3,OL,189.16,4,27,194.58,12,28,198.75,189,OL,199.92,6,29,202.7,31,30,206.73,483,31.2,212.84,3,OL,235.83,5,,,,,,,,,,,,,,,,,,,,,,,,,,,,,,,,,,,,,,,,,,,,,,,,,,,,,,,,,,,,,,,,,,,,,,,,,,,,,,,,,,,,,,,,,,,,,,,,,,,,,,,,,,,,,,,,,,,,,,,,,,,,,,,,,,,,,,,,,,,,,,,,,,,,,,,,,,,,,,,,,,,,,,,,,,,,,,,,,,,,,,,,,,,,,,,,,,,,,,,,,,,,,,,,,,,,,,,,,,,,,,,,,,,,,,,,,,,,,,,,,,,,,,,,,,,,,,,,,,,,,,,,,,,,,,,,,
B08_RD14-0003-04d3b-0.0625IP-Q1.2_002.20sec.fsa,D7S820,B,OL,255.13,4,8,262.14,9,9,266.18,306,9.2,268.33,2,13,281.96,5,OL,287,3,,,,,,,,,,,,,,,,,,,,,,,,,,,,,,,,,,,,,,,,,,,,,,,,,,,,,,,,,,,,,,,,,,,,,,,,,,,,,,,,,,,,,,,,,,,,,,,,,,,,,,,,,,,,,,,,,,,,,,,,,,,,,,,,,,,,,,,,,,,,,,,,,,,,,,,,,,,,,,,,,,,,,,,,,,,,,,,,,,,,,,,,,,,,,,,,,,,,,,,,,,,,,,,,,,,,,,,,,,,,,,,,,,,,,,,,,,,,,,,,,,,,,,,,,,,,,,,,,,,,,,,,,,,,,,,,,,,,,,,,,,
B08_RD14-0003-04d3b-0.0625IP-Q1.2_002.20sec.fsa,CSF1PO,B,9,314,6,OL,316.12,5,11,322.69,13,12,326.9,243,OL,331.61,4,OL,333.03,5,OL,334,5,OL,340,5,OL,341.08,3,,,,,,,,,,,,,,,,,,,,,,,,,,,,,,,,,,,,,,,,,,,,,,,,,,,,,,,,,,,,,,,,,,,,,,,,,,,,,,,,,,,,,,,,,,,,,,,,,,,,,,,,,,,,,,,,,,,,,,,,,,,,,,,,,,,,,,,,,,,,,,,,,,,,,,,,,,,,,,,,,,,,,,,,,,,,,,,,,,,,,,,,,,,,,,,,,,,,,,,,,,,,,,,,,,,,,,,,,,,,,,,,,,,,,,,,,,,,,,,,,,,,,,,,,,,,,,,,,,,,,,,,,,,,,,,,,
B08_RD14-0003-04d3b-0.0625IP-Q1.2_002.20sec.fsa,D3S1358,G,OL,97.76,9,OL,101.95,6,OL,111.6,5,13,114,29,OL,114.99,19,14,118.18,54,15,122.21,693,16,126.29,566,OL,129.93,6,OL,131.1,8,OL,133.37,7,18,134.78,12,20,142.34,10,,,,,,,,,,,,,,,,,,,,,,,,,,,,,,,,,,,,,,,,,,,,,,,,,,,,,,,,,,,,,,,,,,,,,,,,,,,,,,,,,,,,,,,,,,,,,,,,,,,,,,,,,,,,,,,,,,,,,,,,,,,,,,,,,,,,,,,,,,,,,,,,,,,,,,,,,,,,,,,,,,,,,,,,,,,,,,,,,,,,,,,,,,,,,,,,,,,,,,,,,,,,,,,,,,,,,,,,,,,,,,,,,,,,,,,,,,,,,,,,,,,,,,,,,,,,,,,,,,,,,
B08_RD14-0003-04d3b-0.0625IP-Q1.2_002.20sec.fsa,TH01,G,OL,157.11,5,OL,158.84,17,OL,163.01,7,OL,169.85,7,OL,170.59,3,7,172.79,21,8,176.72,935,OL,182.58,10,10.3,187.91,4,,,,,,,,,,,,,,,,,,,,,,,,,,,,,,,,,,,,,,,,,,,,,,,,,,,,,,,,,,,,,,,,,,,,,,,,,,,,,,,,,,,,,,,,,,,,,,,,,,,,,,,,,,,,,,,,,,,,,,,,,,,,,,,,,,,,,,,,,,,,,,,,,,,,,,,,,,,,,,,,,,,,,,,,,,,,,,,,,,,,,,,,,,,,,,,,,,,,,,,,,,,,,,,,,,,,,,,,,,,,,,,,,,,,,,,,,,,,,,,,,,,,,,,,,,,,,,,,,,,,,,,,,,,,,,,,,
B08_RD14-0003-04d3b-0.0625IP-Q1.2_002.20sec.fsa,D13S317,G,OL,211.68,10,8,215.01,5,OL,219.92,9,10,223.37,12,11,227.17,143,12,231.24,239,OL,234.12,10,,,,,,,,,,,,,,,,,,,,,,,,,,,,,,,,,,,,,,,,,,,,,,,,,,,,,,,,,,,,,,,,,,,,,,,,,,,,,,,,,,,,,,,,,,,,,,,,,,,,,,,,,,,,,,,,,,,,,,,,,,,,,,,,,,,,,,,,,,,,,,,,,,,,,,,,,,,,,,,,,,,,,,,,,,,,,,,,,,,,,,,,,,,,,,,,,,,,,,,,,,,,,,,,,,,,,,,,,,,,,,,,,,,,,,,,,,,,,,,,,,,,,,,,,,,,,,,,,,,,,,,,,,,,,,,,,,,,,,,
B08_RD14-0003-04d3b-0.0625IP-Q1.2_002.20sec.fsa,D16S539,G,OL,249.83,10,5,251.85,7,OL,254.38,5,6,255.38,7,OL,260,13,OL,264.89,7,10,271.26,52,11,275.32,690,12,279.22,3,12.2,281.62,9,OL,282.56,6,OL,284.27,7,OL,285.47,8,OL,292.64,11,16,295.55,6,,,,,,,,,,,,,,,,,,,,,,,,,,,,,,,,,,,,,,,,,,,,,,,,,,,,,,,,,,,,,,,,,,,,,,,,,,,,,,,,,,,,,,,,,,,,,,,,,,,,,,,,,,,,,,,,,,,,,,,,,,,,,,,,,,,,,,,,,,,,,,,,,,,,,,,,,,,,,,,,,,,,,,,,,,,,,,,,,,,,,,,,,,,,,,,,,,,,,,,,,,,,,,,,,,,,,,,,,,,,,,,,,,,,,,,,,,,,,,,,,,,,,,,,,,,,,,,
B08_RD14-0003-04d3b-0.0625IP-Q1.2_002.20sec.fsa,D2S1338,G,OL,313.91,8,OL,316.12,6,20,325.38,17,21,329.12,177,OL,339.91,13,24,340.9,16,25,345.12,107,OL,346.65,6,OL,348.54,3,OL,359.91,9,OL,362.97,6,,,,,,,,,,,,,,,,,,,,,,,,,,,,,,,,,,,,,,,,,,,,,,,,,,,,,,,,,,,,,,,,,,,,,,,,,,,,,,,,,,,,,,,,,,,,,,,,,,,,,,,,,,,,,,,,,,,,,,,,,,,,,,,,,,,,,,,,,,,,,,,,,,,,,,,,,,,,,,,,,,,,,,,,,,,,,,,,,,,,,,,,,,,,,,,,,,,,,,,,,,,,,,,,,,,,,,,,,,,,,,,,,,,,,,,,,,,,,,,,,,,,,,,,,,,,,,,,,,,,,,,,,,,
B08_RD14-0003-04d3b-0.0625IP-Q1.2_002.20sec.fsa,D19S433,Y,OL,98.23,13,9.2,101.56,7,11.2,110.12,29,12.2,114.3,363,14,120.23,23,14.2,122.14,24,15,124.21,222,15.2,126.37,20,18.2,137.62,16,18.2,138.25,15,,,,,,,,,,,,,,,,,,,,,,,,,,,,,,,,,,,,,,,,,,,,,,,,,,,,,,,,,,,,,,,,,,,,,,,,,,,,,,,,,,,,,,,,,,,,,,,,,,,,,,,,,,,,,,,,,,,,,,,,,,,,,,,,,,,,,,,,,,,,,,,,,,,,,,,,,,,,,,,,,,,,,,,,,,,,,,,,,,,,,,,,,,,,,,,,,,,,,,,,,,,,,,,,,,,,,,,,,,,,,,,,,,,,,,,,,,,,,,,,,,,,,,,,,,,,,,,,,,,,,,,,,,,,,,
B08_RD14-0003-04d3b-0.0625IP-Q1.2_002.20sec.fsa,vWA,Y,OL,150.96,7,OL,154.16,7,OL,162.68,15,OL,163.74,11,16,172.22,260,17,176.64,33,OL,179.34,3,18,180.33,33,19,184.49,267,21,192.74,6,OL,204.26,7,OL,208.21,7,,,,,,,,,,,,,,,,,,,,,,,,,,,,,,,,,,,,,,,,,,,,,,,,,,,,,,,,,,,,,,,,,,,,,,,,,,,,,,,,,,,,,,,,,,,,,,,,,,,,,,,,,,,,,,,,,,,,,,,,,,,,,,,,,,,,,,,,,,,,,,,,,,,,,,,,,,,,,,,,,,,,,,,,,,,,,,,,,,,,,,,,,,,,,,,,,,,,,,,,,,,,,,,,,,,,,,,,,,,,,,,,,,,,,,,,,,,,,,,,,,,,,,,,,,,,,,,,,,,,,,,,
B08_RD14-0003-04d3b-0.0625IP-Q1.2_002.20sec.fsa,TPOX,Y,OL,214.42,10,OL,227.17,13,10,236.76,218,OL,239.57,8,11,240.78,129,OL,251.09,3,,,,,,,,,,,,,,,,,,,,,,,,,,,,,,,,,,,,,,,,,,,,,,,,,,,,,,,,,,,,,,,,,,,,,,,,,,,,,,,,,,,,,,,,,,,,,,,,,,,,,,,,,,,,,,,,,,,,,,,,,,,,,,,,,,,,,,,,,,,,,,,,,,,,,,,,,,,,,,,,,,,,,,,,,,,,,,,,,,,,,,,,,,,,,,,,,,,,,,,,,,,,,,,,,,,,,,,,,,,,,,,,,,,,,,,,,,,,,,,,,,,,,,,,,,,,,,,,,,,,,,,,,,,,,,,,,,,,,,,,,,
B08_RD14-0003-04d3b-0.0625IP-Q1.2_002.20sec.fsa,D18S51,Y,OL,262.31,6,8,265.15,10,9.2,270.74,6,10,273.07,6,10.2,275.24,18,11,277.14,11,OL,280.34,12,15,293.16,155,OL,295.72,7,17,301.1,163,18,305.02,12,OL,307.69,8,OL,314.46,11,23.2,327.61,6,OL,336.65,7,OL,343.14,8,,,,,,,,,,,,,,,,,,,,,,,,,,,,,,,,,,,,,,,,,,,,,,,,,,,,,,,,,,,,,,,,,,,,,,,,,,,,,,,,,,,,,,,,,,,,,,,,,,,,,,,,,,,,,,,,,,,,,,,,,,,,,,,,,,,,,,,,,,,,,,,,,,,,,,,,,,,,,,,,,,,,,,,,,,,,,,,,,,,,,,,,,,,,,,,,,,,,,,,,,,,,,,,,,,,,,,,,,,,,,,,,,,,,,,,,,,,,,,,,,,,,,,,,,,,,
B08_RD14-0003-04d3b-0.0625IP-Q1.2_002.20sec.fsa,AMEL,R,X,104.91,340,Y,110.82,393,,,,,,,,,,,,,,,,,,,,,,,,,,,,,,,,,,,,,,,,,,,,,,,,,,,,,,,,,,,,,,,,,,,,,,,,,,,,,,,,,,,,,,,,,,,,,,,,,,,,,,,,,,,,,,,,,,,,,,,,,,,,,,,,,,,,,,,,,,,,,,,,,,,,,,,,,,,,,,,,,,,,,,,,,,,,,,,,,,,,,,,,,,,,,,,,,,,,,,,,,,,,,,,,,,,,,,,,,,,,,,,,,,,,,,,,,,,,,,,,,,,,,,,,,,,,,,,,,,,,,,,,,,,,,,,,,,,,,,,,,,,,,,,,,,,,,,
B08_RD14-0003-04d3b-0.0625IP-Q1.2_002.20sec.fsa,D5S818,R,OL,127.06,9,7,132.35,7,OL,134.15,10,OL,142.83,5,10,144.77,25,11,148.92,385,12,153.01,351,OL,163.25,9,OL,166.26,9,OL,172.06,9,OL,178.03,13,,,,,,,,,,,,,,,,,,,,,,,,,,,,,,,,,,,,,,,,,,,,,,,,,,,,,,,,,,,,,,,,,,,,,,,,,,,,,,,,,,,,,,,,,,,,,,,,,,,,,,,,,,,,,,,,,,,,,,,,,,,,,,,,,,,,,,,,,,,,,,,,,,,,,,,,,,,,,,,,,,,,,,,,,,,,,,,,,,,,,,,,,,,,,,,,,,,,,,,,,,,,,,,,,,,,,,,,,,,,,,,,,,,,,,,,,,,,,,,,,,,,,,,,,,,,,,,,,,,,,,,,,,,
B08_RD14-0003-04d3b-0.0625IP-Q1.2_002.20sec.fsa,FGA,R,OL,205.99,7,OL,213.5,8,17.2,214.84,9,18,217.04,9,20,224.97,246,21,229.03,204,OL,235.91,5,23,237.61,8,OL,242.42,8,OL,246.3,5,OL,256.48,8,28,257.82,9,30.2,267.38,10,OL,272.38,9,32,273.68,8,OL,277.75,10,OL,278.35,12,OL,290.34,5,OL,301.27,10,OL,302.37,10,OL,303.73,6,OL,323.59,8,OL,326.9,5,OL,353.31,6,OL,355.12,5,,,,,,,,,,,,,,,,,,,,,,,,,,,,,,,,,,,,,,,,,,,,,,,,,,,,,,,,,,,,,,,,,,,,,,,,,,,,,,,,,,,,,,,,,,,,,,,,,,,,,,,,,,,,,,,,,,,,,,,,,,,,,,,,,,,,,,,,,,,,,,,,,,,,,,,,,,,,,,,,,,,,,,,,,,,,,,,,,,,,,,,,,,,,,,,,,,,,,,,,,,,,,,,,,,,,,,,,,,,,,,,,,
B09_RD14-0003-04d3c-0.0625IP-Q1.7_002.20sec.fsa,D8S1179,B,OL,122.14,10,OL,127.32,4,12,137.78,19,13,142.1,136,14,146.16,156,OL,151.06,5,OL,173.1,6,,,,,,,,,,,,,,,,,,,,,,,,,,,,,,,,,,,,,,,,,,,,,,,,,,,,,,,,,,,,,,,,,,,,,,,,,,,,,,,,,,,,,,,,,,,,,,,,,,,,,,,,,,,,,,,,,,,,,,,,,,,,,,,,,,,,,,,,,,,,,,,,,,,,,,,,,,,,,,,,,,,,,,,,,,,,,,,,,,,,,,,,,,,,,,,,,,,,,,,,,,,,,,,,,,,,,,,,,,,,,,,,,,,,,,,,,,,,,,,,,,,,,,,,,,,,,,,,,,,,,,,,,,,,,,,,,,,,,,,
B09_RD14-0003-04d3c-0.0625IP-Q1.7_002.20sec.fsa,D21S11,B,OL,185.41,6,26,190.81,4,27,194.38,5,28,198.63,47,29,202.67,14,30,206.68,81,30.2,208.24,2,33,218.84,2,33.2,220.38,6,OL,238.03,4,,,,,,,,,,,,,,,,,,,,,,,,,,,,,,,,,,,,,,,,,,,,,,,,,,,,,,,,,,,,,,,,,,,,,,,,,,,,,,,,,,,,,,,,,,,,,,,,,,,,,,,,,,,,,,,,,,,,,,,,,,,,,,,,,,,,,,,,,,,,,,,,,,,,,,,,,,,,,,,,,,,,,,,,,,,,,,,,,,,,,,,,,,,,,,,,,,,,,,,,,,,,,,,,,,,,,,,,,,,,,,,,,,,,,,,,,,,,,,,,,,,,,,,,,,,,,,,,,,,,,,,,,,,,,,
B09_RD14-0003-04d3c-0.0625IP-Q1.7_002.20sec.fsa,D7S820,B,5,250,6,7,258.16,5,OL,265.08,11,9,266.14,96,10,270.39,5,12,278.01,4,OL,281.2,4,15,289.75,3,,,,,,,,,,,,,,,,,,,,,,,,,,,,,,,,,,,,,,,,,,,,,,,,,,,,,,,,,,,,,,,,,,,,,,,,,,,,,,,,,,,,,,,,,,,,,,,,,,,,,,,,,,,,,,,,,,,,,,,,,,,,,,,,,,,,,,,,,,,,,,,,,,,,,,,,,,,,,,,,,,,,,,,,,,,,,,,,,,,,,,,,,,,,,,,,,,,,,,,,,,,,,,,,,,,,,,,,,,,,,,,,,,,,,,,,,,,,,,,,,,,,,,,,,,,,,,,,,,,,,,,,,,,,,,,,,,,,
B09_RD14-0003-04d3c-0.0625IP-Q1.7_002.20sec.fsa,CSF1PO,B,OL,304.67,4,OL,319.92,7,12,326.69,87,OL,328.78,4,OL,338.24,6,OL,339.92,8,OL,342.1,3,,,,,,,,,,,,,,,,,,,,,,,,,,,,,,,,,,,,,,,,,,,,,,,,,,,,,,,,,,,,,,,,,,,,,,,,,,,,,,,,,,,,,,,,,,,,,,,,,,,,,,,,,,,,,,,,,,,,,,,,,,,,,,,,,,,,,,,,,,,,,,,,,,,,,,,,,,,,,,,,,,,,,,,,,,,,,,,,,,,,,,,,,,,,,,,,,,,,,,,,,,,,,,,,,,,,,,,,,,,,,,,,,,,,,,,,,,,,,,,,,,,,,,,,,,,,,,,,,,,,,,,,,,,,,,,,,,,,,,,
B09_RD14-0003-04d3c-0.0625IP-Q1.7_002.20sec.fsa,D3S1358,G,OL,97.74,6,OL,104.06,9,12,110.73,7,OL,115.7,24,OL,120.86,4,15,122.21,260,16,126.38,147,18,134.24,10,OL,137.11,6,OL,139.04,8,OL,141.2,9,,,,,,,,,,,,,,,,,,,,,,,,,,,,,,,,,,,,,,,,,,,,,,,,,,,,,,,,,,,,,,,,,,,,,,,,,,,,,,,,,,,,,,,,,,,,,,,,,,,,,,,,,,,,,,,,,,,,,,,,,,,,,,,,,,,,,,,,,,,,,,,,,,,,,,,,,,,,,,,,,,,,,,,,,,,,,,,,,,,,,,,,,,,,,,,,,,,,,,,,,,,,,,,,,,,,,,,,,,,,,,,,,,,,,,,,,,,,,,,,,,,,,,,,,,,,,,,,,,,,,,,,,,,
B09_RD14-0003-04d3c-0.0625IP-Q1.7_002.20sec.fsa,TH01,G,OL,166.73,6,7,172.58,11,8,176.62,541,13,196.74,6,,,,,,,,,,,,,,,,,,,,,,,,,,,,,,,,,,,,,,,,,,,,,,,,,,,,,,,,,,,,,,,,,,,,,,,,,,,,,,,,,,,,,,,,,,,,,,,,,,,,,,,,,,,,,,,,,,,,,,,,,,,,,,,,,,,,,,,,,,,,,,,,,,,,,,,,,,,,,,,,,,,,,,,,,,,,,,,,,,,,,,,,,,,,,,,,,,,,,,,,,,,,,,,,,,,,,,,,,,,,,,,,,,,,,,,,,,,,,,,,,,,,,,,,,,,,,,,,,,,,,,,,,,,,,,,,,,,,,,,,,,,,,,,,
B09_RD14-0003-04d3c-0.0625IP-Q1.7_002.20sec.fsa,D13S317,G,10,223.32,13,11,227.24,291,12,231.24,168,OL,238.56,5,,,,,,,,,,,,,,,,,,,,,,,,,,,,,,,,,,,,,,,,,,,,,,,,,,,,,,,,,,,,,,,,,,,,,,,,,,,,,,,,,,,,,,,,,,,,,,,,,,,,,,,,,,,,,,,,,,,,,,,,,,,,,,,,,,,,,,,,,,,,,,,,,,,,,,,,,,,,,,,,,,,,,,,,,,,,,,,,,,,,,,,,,,,,,,,,,,,,,,,,,,,,,,,,,,,,,,,,,,,,,,,,,,,,,,,,,,,,,,,,,,,,,,,,,,,,,,,,,,,,,,,,,,,,,,,,,,,,,,,,,,,,,,,,
B09_RD14-0003-04d3c-0.0625IP-Q1.7_002.20sec.fsa,D16S539,G,5,251.64,7,OL,258.6,6,OL,268.11,7,10,271.15,17,11,275.27,401,OL,279.92,11,OL,285.85,4,,,,,,,,,,,,,,,,,,,,,,,,,,,,,,,,,,,,,,,,,,,,,,,,,,,,,,,,,,,,,,,,,,,,,,,,,,,,,,,,,,,,,,,,,,,,,,,,,,,,,,,,,,,,,,,,,,,,,,,,,,,,,,,,,,,,,,,,,,,,,,,,,,,,,,,,,,,,,,,,,,,,,,,,,,,,,,,,,,,,,,,,,,,,,,,,,,,,,,,,,,,,,,,,,,,,,,,,,,,,,,,,,,,,,,,,,,,,,,,,,,,,,,,,,,,,,,,,,,,,,,,,,,,,,,,,,,,,,,,
B09_RD14-0003-04d3c-0.0625IP-Q1.7_002.20sec.fsa,D2S1338,G,15,304.37,5,15,305.12,6,16,308.58,4,OL,311.47,6,17,313,6,OL,313.85,10,OL,316.15,5,OL,321.87,6,20,325.06,25,21,329.09,159,OL,340,11,24,341.01,23,25,345.14,176,OL,348.48,5,OL,352.3,5,OL,354.16,7,28,357.2,8,OL,358.68,10,OL,360,10,OL,362.93,6,,,,,,,,,,,,,,,,,,,,,,,,,,,,,,,,,,,,,,,,,,,,,,,,,,,,,,,,,,,,,,,,,,,,,,,,,,,,,,,,,,,,,,,,,,,,,,,,,,,,,,,,,,,,,,,,,,,,,,,,,,,,,,,,,,,,,,,,,,,,,,,,,,,,,,,,,,,,,,,,,,,,,,,,,,,,,,,,,,,,,,,,,,,,,,,,,,,,,,,,,,,,,,,,,,,,,,,,,,,,,,,,,,,,,,,,,,,,,,,,
B09_RD14-0003-04d3c-0.0625IP-Q1.7_002.20sec.fsa,D19S433,Y,11.2,110.22,20,12.2,114.28,254,15,124.08,88,16,127.68,12,OL,140.07,12,,,,,,,,,,,,,,,,,,,,,,,,,,,,,,,,,,,,,,,,,,,,,,,,,,,,,,,,,,,,,,,,,,,,,,,,,,,,,,,,,,,,,,,,,,,,,,,,,,,,,,,,,,,,,,,,,,,,,,,,,,,,,,,,,,,,,,,,,,,,,,,,,,,,,,,,,,,,,,,,,,,,,,,,,,,,,,,,,,,,,,,,,,,,,,,,,,,,,,,,,,,,,,,,,,,,,,,,,,,,,,,,,,,,,,,,,,,,,,,,,,,,,,,,,,,,,,,,,,,,,,,,,,,,,,,,,,,,,,,,,,,,,
B09_RD14-0003-04d3c-0.0625IP-Q1.7_002.20sec.fsa,vWA,Y,OL,165.98,13,16,172.13,144,18,180.23,18,19,184.34,72,OL,200.07,7,OL,201.7,9,OL,202.59,4,,,,,,,,,,,,,,,,,,,,,,,,,,,,,,,,,,,,,,,,,,,,,,,,,,,,,,,,,,,,,,,,,,,,,,,,,,,,,,,,,,,,,,,,,,,,,,,,,,,,,,,,,,,,,,,,,,,,,,,,,,,,,,,,,,,,,,,,,,,,,,,,,,,,,,,,,,,,,,,,,,,,,,,,,,,,,,,,,,,,,,,,,,,,,,,,,,,,,,,,,,,,,,,,,,,,,,,,,,,,,,,,,,,,,,,,,,,,,,,,,,,,,,,,,,,,,,,,,,,,,,,,,,,,,,,,,,,,,,,
B09_RD14-0003-04d3c-0.0625IP-Q1.7_002.20sec.fsa,TPOX,Y,6,220.38,14,OL,227.84,8,9,232.52,9,10,236.67,195,11,240.7,89,OL,254.76,10,,,,,,,,,,,,,,,,,,,,,,,,,,,,,,,,,,,,,,,,,,,,,,,,,,,,,,,,,,,,,,,,,,,,,,,,,,,,,,,,,,,,,,,,,,,,,,,,,,,,,,,,,,,,,,,,,,,,,,,,,,,,,,,,,,,,,,,,,,,,,,,,,,,,,,,,,,,,,,,,,,,,,,,,,,,,,,,,,,,,,,,,,,,,,,,,,,,,,,,,,,,,,,,,,,,,,,,,,,,,,,,,,,,,,,,,,,,,,,,,,,,,,,,,,,,,,,,,,,,,,,,,,,,,,,,,,,,,,,,,,,
B09_RD14-0003-04d3c-0.0625IP-Q1.7_002.20sec.fsa,D18S51,Y,OL,272.22,4,OL,280.38,13,OL,284.58,9,15,293.12,51,17,300.96,84,OL,314.4,9,OL,326.54,7,26,337.55,8,OL,340.31,11,OL,346.3,11,,,,,,,,,,,,,,,,,,,,,,,,,,,,,,,,,,,,,,,,,,,,,,,,,,,,,,,,,,,,,,,,,,,,,,,,,,,,,,,,,,,,,,,,,,,,,,,,,,,,,,,,,,,,,,,,,,,,,,,,,,,,,,,,,,,,,,,,,,,,,,,,,,,,,,,,,,,,,,,,,,,,,,,,,,,,,,,,,,,,,,,,,,,,,,,,,,,,,,,,,,,,,,,,,,,,,,,,,,,,,,,,,,,,,,,,,,,,,,,,,,,,,,,,,,,,,,,,,,,,,,,,,,,,,,
B09_RD14-0003-04d3c-0.0625IP-Q1.7_002.20sec.fsa,AMEL,R,X,105.02,286,Y,110.87,159,,,,,,,,,,,,,,,,,,,,,,,,,,,,,,,,,,,,,,,,,,,,,,,,,,,,,,,,,,,,,,,,,,,,,,,,,,,,,,,,,,,,,,,,,,,,,,,,,,,,,,,,,,,,,,,,,,,,,,,,,,,,,,,,,,,,,,,,,,,,,,,,,,,,,,,,,,,,,,,,,,,,,,,,,,,,,,,,,,,,,,,,,,,,,,,,,,,,,,,,,,,,,,,,,,,,,,,,,,,,,,,,,,,,,,,,,,,,,,,,,,,,,,,,,,,,,,,,,,,,,,,,,,,,,,,,,,,,,,,,,,,,,,,,,,,,,,
B09_RD14-0003-04d3c-0.0625IP-Q1.7_002.20sec.fsa,D5S818,R,OL,133.95,6,OL,135.05,4,OL,147.14,12,11,148.79,70,12,153.02,164,OL,162.77,3,15,165.69,8,16,169.05,3,OL,171.68,8,,,,,,,,,,,,,,,,,,,,,,,,,,,,,,,,,,,,,,,,,,,,,,,,,,,,,,,,,,,,,,,,,,,,,,,,,,,,,,,,,,,,,,,,,,,,,,,,,,,,,,,,,,,,,,,,,,,,,,,,,,,,,,,,,,,,,,,,,,,,,,,,,,,,,,,,,,,,,,,,,,,,,,,,,,,,,,,,,,,,,,,,,,,,,,,,,,,,,,,,,,,,,,,,,,,,,,,,,,,,,,,,,,,,,,,,,,,,,,,,,,,,,,,,,,,,,,,,,,,,,,,,,,,,,,,,,
B09_RD14-0003-04d3c-0.0625IP-Q1.7_002.20sec.fsa,FGA,R,OL,207.5,6,OL,213.48,10,20,225.13,88,21,229.2,81,OL,234.56,3,OL,246.84,6,26.2,251.42,8,28.2,259.41,7,OL,266.21,8,31.2,271.15,4,32,273.82,8,OL,277.86,7,OL,298.73,8,OL,307.83,4,OL,313.69,8,OL,316.95,6,OL,323.51,6,46.2,332.49,6,,,,,,,,,,,,,,,,,,,,,,,,,,,,,,,,,,,,,,,,,,,,,,,,,,,,,,,,,,,,,,,,,,,,,,,,,,,,,,,,,,,,,,,,,,,,,,,,,,,,,,,,,,,,,,,,,,,,,,,,,,,,,,,,,,,,,,,,,,,,,,,,,,,,,,,,,,,,,,,,,,,,,,,,,,,,,,,,,,,,,,,,,,,,,,,,,,,,,,,,,,,,,,,,,,,,,,,,,,,,,,,,,,,,,,,,,,,,,,,,,,,,,,
B10_RD14-0003-04d2d-0.125IP-Q1.4_002.20sec.fsa,D8S1179,B,OL,111.78,6,OL,118.56,5,OL,124.23,5,OL,130.35,6,OL,131.39,6,12,137.97,32,13,142.06,510,14,146.19,419,OL,153.19,4,OL,154.97,3,OL,157.98,7,OL,169.03,7,OL,176.54,4,OL,177.85,10,,,,,,,,,,,,,,,,,,,,,,,,,,,,,,,,,,,,,,,,,,,,,,,,,,,,,,,,,,,,,,,,,,,,,,,,,,,,,,,,,,,,,,,,,,,,,,,,,,,,,,,,,,,,,,,,,,,,,,,,,,,,,,,,,,,,,,,,,,,,,,,,,,,,,,,,,,,,,,,,,,,,,,,,,,,,,,,,,,,,,,,,,,,,,,,,,,,,,,,,,,,,,,,,,,,,,,,,,,,,,,,,,,,,,,,,,,,,,,,,,,,,,,,,,,,,,,,,,,
B10_RD14-0003-04d2d-0.125IP-Q1.4_002.20sec.fsa,D21S11,B,24,182.18,4,26,190.36,9,27,194.56,23,28,198.68,314,29,202.66,15,30,206.63,217,30.2,208.47,2,OL,212,5,OL,219.92,6,OL,236.35,3,,,,,,,,,,,,,,,,,,,,,,,,,,,,,,,,,,,,,,,,,,,,,,,,,,,,,,,,,,,,,,,,,,,,,,,,,,,,,,,,,,,,,,,,,,,,,,,,,,,,,,,,,,,,,,,,,,,,,,,,,,,,,,,,,,,,,,,,,,,,,,,,,,,,,,,,,,,,,,,,,,,,,,,,,,,,,,,,,,,,,,,,,,,,,,,,,,,,,,,,,,,,,,,,,,,,,,,,,,,,,,,,,,,,,,,,,,,,,,,,,,,,,,,,,,,,,,,,,,,,,,,,,,,,,,
B10_RD14-0003-04d2d-0.125IP-Q1.4_002.20sec.fsa,D7S820,B,OL,256.27,4,8,262.11,21,9,266.09,701,OL,275.19,13,OL,281.56,5,,,,,,,,,,,,,,,,,,,,,,,,,,,,,,,,,,,,,,,,,,,,,,,,,,,,,,,,,,,,,,,,,,,,,,,,,,,,,,,,,,,,,,,,,,,,,,,,,,,,,,,,,,,,,,,,,,,,,,,,,,,,,,,,,,,,,,,,,,,,,,,,,,,,,,,,,,,,,,,,,,,,,,,,,,,,,,,,,,,,,,,,,,,,,,,,,,,,,,,,,,,,,,,,,,,,,,,,,,,,,,,,,,,,,,,,,,,,,,,,,,,,,,,,,,,,,,,,,,,,,,,,,,,,,,,,,,,,,,,,,,,,,
B10_RD14-0003-04d2d-0.125IP-Q1.4_002.20sec.fsa,CSF1PO,B,6,302.27,3,OL,303.18,5,7,306.87,3,OL,309.12,3,OL,312.26,4,9,314,6,10,319.08,4,11,322.66,31,12,326.76,388,OL,341.04,6,,,,,,,,,,,,,,,,,,,,,,,,,,,,,,,,,,,,,,,,,,,,,,,,,,,,,,,,,,,,,,,,,,,,,,,,,,,,,,,,,,,,,,,,,,,,,,,,,,,,,,,,,,,,,,,,,,,,,,,,,,,,,,,,,,,,,,,,,,,,,,,,,,,,,,,,,,,,,,,,,,,,,,,,,,,,,,,,,,,,,,,,,,,,,,,,,,,,,,,,,,,,,,,,,,,,,,,,,,,,,,,,,,,,,,,,,,,,,,,,,,,,,,,,,,,,,,,,,,,,,,,,,,,,,,
B10_RD14-0003-04d2d-0.125IP-Q1.4_002.20sec.fsa,D3S1358,G,OL,99.78,11,OL,100.6,5,OL,103.07,8,11,106.5,7,OL,115.66,20,14,118.27,44,15,122.19,421,16,126.36,511,OL,131.76,9,18,134.59,8,OL,137.59,10,,,,,,,,,,,,,,,,,,,,,,,,,,,,,,,,,,,,,,,,,,,,,,,,,,,,,,,,,,,,,,,,,,,,,,,,,,,,,,,,,,,,,,,,,,,,,,,,,,,,,,,,,,,,,,,,,,,,,,,,,,,,,,,,,,,,,,,,,,,,,,,,,,,,,,,,,,,,,,,,,,,,,,,,,,,,,,,,,,,,,,,,,,,,,,,,,,,,,,,,,,,,,,,,,,,,,,,,,,,,,,,,,,,,,,,,,,,,,,,,,,,,,,,,,,,,,,,,,,,,,,,,,,,
B10_RD14-0003-04d2d-0.125IP-Q1.4_002.20sec.fsa,TH01,G,OL,159.61,7,OL,161.3,8,5.3,167.42,10,6,168.41,7,7,172.63,33,OL,174.24,4,7.3,175.47,9,8,176.62,1470,OL,182.49,7,OL,185.45,5,OL,189.66,5,OL,194.01,6,,,,,,,,,,,,,,,,,,,,,,,,,,,,,,,,,,,,,,,,,,,,,,,,,,,,,,,,,,,,,,,,,,,,,,,,,,,,,,,,,,,,,,,,,,,,,,,,,,,,,,,,,,,,,,,,,,,,,,,,,,,,,,,,,,,,,,,,,,,,,,,,,,,,,,,,,,,,,,,,,,,,,,,,,,,,,,,,,,,,,,,,,,,,,,,,,,,,,,,,,,,,,,,,,,,,,,,,,,,,,,,,,,,,,,,,,,,,,,,,,,,,,,,,,,,,,,,,,,,,,,,,
B10_RD14-0003-04d2d-0.125IP-Q1.4_002.20sec.fsa,D13S317,G,OL,206.94,6,OL,212.38,7,OL,213.92,11,9,218.81,9,OL,220,8,10,223.25,34,11,227.28,810,12,231.31,653,OL,239.92,8,15,243.51,6,,,,,,,,,,,,,,,,,,,,,,,,,,,,,,,,,,,,,,,,,,,,,,,,,,,,,,,,,,,,,,,,,,,,,,,,,,,,,,,,,,,,,,,,,,,,,,,,,,,,,,,,,,,,,,,,,,,,,,,,,,,,,,,,,,,,,,,,,,,,,,,,,,,,,,,,,,,,,,,,,,,,,,,,,,,,,,,,,,,,,,,,,,,,,,,,,,,,,,,,,,,,,,,,,,,,,,,,,,,,,,,,,,,,,,,,,,,,,,,,,,,,,,,,,,,,,,,,,,,,,,,,,,,,,,
B10_RD14-0003-04d2d-0.125IP-Q1.4_002.20sec.fsa,D16S539,G,5,251.92,7,OL,256.96,8,10,271.26,68,11,275.27,1138,12.2,281.32,4,OL,284.12,7,,,,,,,,,,,,,,,,,,,,,,,,,,,,,,,,,,,,,,,,,,,,,,,,,,,,,,,,,,,,,,,,,,,,,,,,,,,,,,,,,,,,,,,,,,,,,,,,,,,,,,,,,,,,,,,,,,,,,,,,,,,,,,,,,,,,,,,,,,,,,,,,,,,,,,,,,,,,,,,,,,,,,,,,,,,,,,,,,,,,,,,,,,,,,,,,,,,,,,,,,,,,,,,,,,,,,,,,,,,,,,,,,,,,,,,,,,,,,,,,,,,,,,,,,,,,,,,,,,,,,,,,,,,,,,,,,,,,,,,,,,
B10_RD14-0003-04d2d-0.125IP-Q1.4_002.20sec.fsa,D2S1338,G,16,308.58,7,OL,316.08,4,OL,319.92,5,19,321.46,5,20,325,38,21,329.08,432,OL,339.92,9,24,341.04,37,25,345.06,390,OL,352.28,9,OL,359.76,12,OL,365.26,5,,,,,,,,,,,,,,,,,,,,,,,,,,,,,,,,,,,,,,,,,,,,,,,,,,,,,,,,,,,,,,,,,,,,,,,,,,,,,,,,,,,,,,,,,,,,,,,,,,,,,,,,,,,,,,,,,,,,,,,,,,,,,,,,,,,,,,,,,,,,,,,,,,,,,,,,,,,,,,,,,,,,,,,,,,,,,,,,,,,,,,,,,,,,,,,,,,,,,,,,,,,,,,,,,,,,,,,,,,,,,,,,,,,,,,,,,,,,,,,,,,,,,,,,,,,,,,,,,,,,,,,,
B10_RD14-0003-04d2d-0.125IP-Q1.4_002.20sec.fsa,D19S433,Y,OL,102.47,9,10.2,106.13,13,11.2,110.22,25,12.2,114.29,386,14,120.22,40,15,124.09,517,15.2,126.44,16,,,,,,,,,,,,,,,,,,,,,,,,,,,,,,,,,,,,,,,,,,,,,,,,,,,,,,,,,,,,,,,,,,,,,,,,,,,,,,,,,,,,,,,,,,,,,,,,,,,,,,,,,,,,,,,,,,,,,,,,,,,,,,,,,,,,,,,,,,,,,,,,,,,,,,,,,,,,,,,,,,,,,,,,,,,,,,,,,,,,,,,,,,,,,,,,,,,,,,,,,,,,,,,,,,,,,,,,,,,,,,,,,,,,,,,,,,,,,,,,,,,,,,,,,,,,,,,,,,,,,,,,,,,,,,,,,,,,,,,
B10_RD14-0003-04d2d-0.125IP-Q1.4_002.20sec.fsa,vWA,Y,10,147.58,5,OL,154.74,8,OL,160.99,8,OL,166.42,8,15,168.11,32,OL,171.1,19,16,172.17,641,17,176.62,40,OL,177.46,6,18,180.31,46,19,184.44,496,24,205.1,7,,,,,,,,,,,,,,,,,,,,,,,,,,,,,,,,,,,,,,,,,,,,,,,,,,,,,,,,,,,,,,,,,,,,,,,,,,,,,,,,,,,,,,,,,,,,,,,,,,,,,,,,,,,,,,,,,,,,,,,,,,,,,,,,,,,,,,,,,,,,,,,,,,,,,,,,,,,,,,,,,,,,,,,,,,,,,,,,,,,,,,,,,,,,,,,,,,,,,,,,,,,,,,,,,,,,,,,,,,,,,,,,,,,,,,,,,,,,,,,,,,,,,,,,,,,,,,,,,,,,,,,,
B10_RD14-0003-04d2d-0.125IP-Q1.4_002.20sec.fsa,TPOX,Y,OL,214.32,13,OL,227.21,13,OL,228.06,8,9,233.02,10,OL,234.1,9,10,236.74,281,11,240.72,331,OL,243.74,7,OL,250.38,10,OL,254.13,7,,,,,,,,,,,,,,,,,,,,,,,,,,,,,,,,,,,,,,,,,,,,,,,,,,,,,,,,,,,,,,,,,,,,,,,,,,,,,,,,,,,,,,,,,,,,,,,,,,,,,,,,,,,,,,,,,,,,,,,,,,,,,,,,,,,,,,,,,,,,,,,,,,,,,,,,,,,,,,,,,,,,,,,,,,,,,,,,,,,,,,,,,,,,,,,,,,,,,,,,,,,,,,,,,,,,,,,,,,,,,,,,,,,,,,,,,,,,,,,,,,,,,,,,,,,,,,,,,,,,,,,,,,,,,,
B10_RD14-0003-04d2d-0.125IP-Q1.4_002.20sec.fsa,D18S51,Y,7,260.86,3,OL,270.01,4,9.2,270.79,10,14,288.93,29,15,293.12,377,16,297.06,30,17,301.13,222,20,313.13,7,OL,315.66,8,22.2,324.03,11,OL,330.44,9,OL,331.15,9,OL,332.03,6,OL,340.32,14,,,,,,,,,,,,,,,,,,,,,,,,,,,,,,,,,,,,,,,,,,,,,,,,,,,,,,,,,,,,,,,,,,,,,,,,,,,,,,,,,,,,,,,,,,,,,,,,,,,,,,,,,,,,,,,,,,,,,,,,,,,,,,,,,,,,,,,,,,,,,,,,,,,,,,,,,,,,,,,,,,,,,,,,,,,,,,,,,,,,,,,,,,,,,,,,,,,,,,,,,,,,,,,,,,,,,,,,,,,,,,,,,,,,,,,,,,,,,,,,,,,,,,,,,,,,,,,,,,
B10_RD14-0003-04d2d-0.125IP-Q1.4_002.20sec.fsa,AMEL,R,X,104.94,545,OL,109.26,5,Y,110.89,417,,,,,,,,,,,,,,,,,,,,,,,,,,,,,,,,,,,,,,,,,,,,,,,,,,,,,,,,,,,,,,,,,,,,,,,,,,,,,,,,,,,,,,,,,,,,,,,,,,,,,,,,,,,,,,,,,,,,,,,,,,,,,,,,,,,,,,,,,,,,,,,,,,,,,,,,,,,,,,,,,,,,,,,,,,,,,,,,,,,,,,,,,,,,,,,,,,,,,,,,,,,,,,,,,,,,,,,,,,,,,,,,,,,,,,,,,,,,,,,,,,,,,,,,,,,,,,,,,,,,,,,,,,,,,,,,,,,,,,,,,,,,,,,,,,,
B10_RD14-0003-04d2d-0.125IP-Q1.4_002.20sec.fsa,D5S818,R,OL,141.99,15,10,144.82,23,11,148.88,300,12,152.96,190,OL,168.72,6,16,169.56,6,OL,177.16,15,,,,,,,,,,,,,,,,,,,,,,,,,,,,,,,,,,,,,,,,,,,,,,,,,,,,,,,,,,,,,,,,,,,,,,,,,,,,,,,,,,,,,,,,,,,,,,,,,,,,,,,,,,,,,,,,,,,,,,,,,,,,,,,,,,,,,,,,,,,,,,,,,,,,,,,,,,,,,,,,,,,,,,,,,,,,,,,,,,,,,,,,,,,,,,,,,,,,,,,,,,,,,,,,,,,,,,,,,,,,,,,,,,,,,,,,,,,,,,,,,,,,,,,,,,,,,,,,,,,,,,,,,,,,,,,,,,,,,,,
B10_RD14-0003-04d2d-0.125IP-Q1.4_002.20sec.fsa,FGA,R,OL,211.38,14,18,216.36,9,19,221.08,37,OL,222.4,8,20,225.11,553,21,229.22,358,OL,242.15,9,26,249.29,5,OL,264.68,5,OL,268.21,6,OL,277.32,8,OL,299.23,14,OL,323.63,10,OL,330.83,10,OL,338.51,10,OL,346.42,7,OL,354.94,10,OL,357.43,9,,,,,,,,,,,,,,,,,,,,,,,,,,,,,,,,,,,,,,,,,,,,,,,,,,,,,,,,,,,,,,,,,,,,,,,,,,,,,,,,,,,,,,,,,,,,,,,,,,,,,,,,,,,,,,,,,,,,,,,,,,,,,,,,,,,,,,,,,,,,,,,,,,,,,,,,,,,,,,,,,,,,,,,,,,,,,,,,,,,,,,,,,,,,,,,,,,,,,,,,,,,,,,,,,,,,,,,,,,,,,,,,,,,,,,,,,,,,,,,,,,,,,,
B11_RD14-0003-04d2e-0.125IP-Q2.4_002.20sec.fsa,D8S1179,B,OL,116.89,2,OL,120.84,10,10,129.29,5,OL,132.2,6,12,137.92,16,13,142.04,257,14,146.21,292,OL,152.21,5,OL,175.97,5,,,,,,,,,,,,,,,,,,,,,,,,,,,,,,,,,,,,,,,,,,,,,,,,,,,,,,,,,,,,,,,,,,,,,,,,,,,,,,,,,,,,,,,,,,,,,,,,,,,,,,,,,,,,,,,,,,,,,,,,,,,,,,,,,,,,,,,,,,,,,,,,,,,,,,,,,,,,,,,,,,,,,,,,,,,,,,,,,,,,,,,,,,,,,,,,,,,,,,,,,,,,,,,,,,,,,,,,,,,,,,,,,,,,,,,,,,,,,,,,,,,,,,,,,,,,,,,,,,,,,,,,,,,,,,,,,
B11_RD14-0003-04d2e-0.125IP-Q2.4_002.20sec.fsa,D21S11,B,OL,181.17,5,24,182.34,4,OL,187.52,4,OL,188.86,5,OL,191.2,4,27,194.55,15,28,198.66,208,29,202.55,8,30,206.68,93,OL,221.7,5,36.2,232.83,4,OL,233.77,3,38,238.89,3,,,,,,,,,,,,,,,,,,,,,,,,,,,,,,,,,,,,,,,,,,,,,,,,,,,,,,,,,,,,,,,,,,,,,,,,,,,,,,,,,,,,,,,,,,,,,,,,,,,,,,,,,,,,,,,,,,,,,,,,,,,,,,,,,,,,,,,,,,,,,,,,,,,,,,,,,,,,,,,,,,,,,,,,,,,,,,,,,,,,,,,,,,,,,,,,,,,,,,,,,,,,,,,,,,,,,,,,,,,,,,,,,,,,,,,,,,,,,,,,,,,,,,,,,,,,,,,,,,,,,
B11_RD14-0003-04d2e-0.125IP-Q2.4_002.20sec.fsa,D7S820,B,OL,253.03,6,OL,256.31,4,8,261.99,10,9,266.14,294,OL,271.87,3,11,274.23,4,16,294.16,4,,,,,,,,,,,,,,,,,,,,,,,,,,,,,,,,,,,,,,,,,,,,,,,,,,,,,,,,,,,,,,,,,,,,,,,,,,,,,,,,,,,,,,,,,,,,,,,,,,,,,,,,,,,,,,,,,,,,,,,,,,,,,,,,,,,,,,,,,,,,,,,,,,,,,,,,,,,,,,,,,,,,,,,,,,,,,,,,,,,,,,,,,,,,,,,,,,,,,,,,,,,,,,,,,,,,,,,,,,,,,,,,,,,,,,,,,,,,,,,,,,,,,,,,,,,,,,,,,,,,,,,,,,,,,,,,,,,,,,,
B11_RD14-0003-04d2e-0.125IP-Q2.4_002.20sec.fsa,CSF1PO,B,OL,300,7,OL,303.59,4,9,314.18,5,OL,320.09,7,11,322.7,17,12,326.83,280,OL,328.89,5,14,334.95,7,OL,336.63,6,OL,338.23,4,,,,,,,,,,,,,,,,,,,,,,,,,,,,,,,,,,,,,,,,,,,,,,,,,,,,,,,,,,,,,,,,,,,,,,,,,,,,,,,,,,,,,,,,,,,,,,,,,,,,,,,,,,,,,,,,,,,,,,,,,,,,,,,,,,,,,,,,,,,,,,,,,,,,,,,,,,,,,,,,,,,,,,,,,,,,,,,,,,,,,,,,,,,,,,,,,,,,,,,,,,,,,,,,,,,,,,,,,,,,,,,,,,,,,,,,,,,,,,,,,,,,,,,,,,,,,,,,,,,,,,,,,,,,,,
B11_RD14-0003-04d2e-0.125IP-Q2.4_002.20sec.fsa,D3S1358,G,OL,96.97,8,OL,111.67,4,OL,115.06,25,14,118.25,42,15,122.15,562,16,126.32,322,,,,,,,,,,,,,,,,,,,,,,,,,,,,,,,,,,,,,,,,,,,,,,,,,,,,,,,,,,,,,,,,,,,,,,,,,,,,,,,,,,,,,,,,,,,,,,,,,,,,,,,,,,,,,,,,,,,,,,,,,,,,,,,,,,,,,,,,,,,,,,,,,,,,,,,,,,,,,,,,,,,,,,,,,,,,,,,,,,,,,,,,,,,,,,,,,,,,,,,,,,,,,,,,,,,,,,,,,,,,,,,,,,,,,,,,,,,,,,,,,,,,,,,,,,,,,,,,,,,,,,,,,,,,,,,,,,,,,,,,,,
B11_RD14-0003-04d2e-0.125IP-Q2.4_002.20sec.fsa,TH01,G,OL,159.83,8,7,172.69,24,8,176.79,817,OL,183.01,12,9.3,184.01,10,OL,185.77,6,OL,189.7,5,OL,191.45,8,,,,,,,,,,,,,,,,,,,,,,,,,,,,,,,,,,,,,,,,,,,,,,,,,,,,,,,,,,,,,,,,,,,,,,,,,,,,,,,,,,,,,,,,,,,,,,,,,,,,,,,,,,,,,,,,,,,,,,,,,,,,,,,,,,,,,,,,,,,,,,,,,,,,,,,,,,,,,,,,,,,,,,,,,,,,,,,,,,,,,,,,,,,,,,,,,,,,,,,,,,,,,,,,,,,,,,,,,,,,,,,,,,,,,,,,,,,,,,,,,,,,,,,,,,,,,,,,,,,,,,,,,,,,,,,,,,,,
B11_RD14-0003-04d2e-0.125IP-Q2.4_002.20sec.fsa,D13S317,G,OL,206.01,10,OL,207.26,8,OL,217.85,7,OL,221.36,6,10,223.14,25,11,227.21,267,12,231.3,258,OL,238.46,3,16,247.4,9,,,,,,,,,,,,,,,,,,,,,,,,,,,,,,,,,,,,,,,,,,,,,,,,,,,,,,,,,,,,,,,,,,,,,,,,,,,,,,,,,,,,,,,,,,,,,,,,,,,,,,,,,,,,,,,,,,,,,,,,,,,,,,,,,,,,,,,,,,,,,,,,,,,,,,,,,,,,,,,,,,,,,,,,,,,,,,,,,,,,,,,,,,,,,,,,,,,,,,,,,,,,,,,,,,,,,,,,,,,,,,,,,,,,,,,,,,,,,,,,,,,,,,,,,,,,,,,,,,,,,,,,,,,,,,,,,
B11_RD14-0003-04d2e-0.125IP-Q2.4_002.20sec.fsa,D16S539,G,OL,252.61,9,OL,269.44,4,10,271.26,22,OL,272.92,7,11,275.36,443,12,279.12,9,OL,280.09,12,,,,,,,,,,,,,,,,,,,,,,,,,,,,,,,,,,,,,,,,,,,,,,,,,,,,,,,,,,,,,,,,,,,,,,,,,,,,,,,,,,,,,,,,,,,,,,,,,,,,,,,,,,,,,,,,,,,,,,,,,,,,,,,,,,,,,,,,,,,,,,,,,,,,,,,,,,,,,,,,,,,,,,,,,,,,,,,,,,,,,,,,,,,,,,,,,,,,,,,,,,,,,,,,,,,,,,,,,,,,,,,,,,,,,,,,,,,,,,,,,,,,,,,,,,,,,,,,,,,,,,,,,,,,,,,,,,,,,,,
B11_RD14-0003-04d2e-0.125IP-Q2.4_002.20sec.fsa,D2S1338,G,18,316.95,8,OL,318.33,9,OL,319.91,13,20,325.04,21,21,329.15,166,OL,335.04,7,OL,338.94,4,24,340.99,10,25,345.14,94,OL,346.41,7,OL,350.2,8,OL,359.91,10,OL,363.44,8,,,,,,,,,,,,,,,,,,,,,,,,,,,,,,,,,,,,,,,,,,,,,,,,,,,,,,,,,,,,,,,,,,,,,,,,,,,,,,,,,,,,,,,,,,,,,,,,,,,,,,,,,,,,,,,,,,,,,,,,,,,,,,,,,,,,,,,,,,,,,,,,,,,,,,,,,,,,,,,,,,,,,,,,,,,,,,,,,,,,,,,,,,,,,,,,,,,,,,,,,,,,,,,,,,,,,,,,,,,,,,,,,,,,,,,,,,,,,,,,,,,,,,,,,,,,,,,,,,,,,
B11_RD14-0003-04d2e-0.125IP-Q2.4_002.20sec.fsa,D19S433,Y,OL,97.9,8,11.2,110.26,59,12.2,114.3,799,14,120.15,56,15,124.15,463,15.2,126.17,10,16,128.04,6,17,131.96,6,,,,,,,,,,,,,,,,,,,,,,,,,,,,,,,,,,,,,,,,,,,,,,,,,,,,,,,,,,,,,,,,,,,,,,,,,,,,,,,,,,,,,,,,,,,,,,,,,,,,,,,,,,,,,,,,,,,,,,,,,,,,,,,,,,,,,,,,,,,,,,,,,,,,,,,,,,,,,,,,,,,,,,,,,,,,,,,,,,,,,,,,,,,,,,,,,,,,,,,,,,,,,,,,,,,,,,,,,,,,,,,,,,,,,,,,,,,,,,,,,,,,,,,,,,,,,,,,,,,,,,,,,,,,,,,,,,,,
B11_RD14-0003-04d2e-0.125IP-Q2.4_002.20sec.fsa,vWA,Y,OL,154.52,6,OL,163.02,12,14,164.08,11,OL,165.56,7,16,172.19,142,OL,176.87,26,OL,182.84,9,19,184.43,89,OL,186.27,7,OL,189.36,8,OL,195.98,7,23,200.16,9,24,205.02,9,,,,,,,,,,,,,,,,,,,,,,,,,,,,,,,,,,,,,,,,,,,,,,,,,,,,,,,,,,,,,,,,,,,,,,,,,,,,,,,,,,,,,,,,,,,,,,,,,,,,,,,,,,,,,,,,,,,,,,,,,,,,,,,,,,,,,,,,,,,,,,,,,,,,,,,,,,,,,,,,,,,,,,,,,,,,,,,,,,,,,,,,,,,,,,,,,,,,,,,,,,,,,,,,,,,,,,,,,,,,,,,,,,,,,,,,,,,,,,,,,,,,,,,,,,,,,,,,,,,,,
B11_RD14-0003-04d2e-0.125IP-Q2.4_002.20sec.fsa,TPOX,Y,OL,224.07,7,9,232.32,9,10,236.75,205,11,240.87,159,12,245.32,7,,,,,,,,,,,,,,,,,,,,,,,,,,,,,,,,,,,,,,,,,,,,,,,,,,,,,,,,,,,,,,,,,,,,,,,,,,,,,,,,,,,,,,,,,,,,,,,,,,,,,,,,,,,,,,,,,,,,,,,,,,,,,,,,,,,,,,,,,,,,,,,,,,,,,,,,,,,,,,,,,,,,,,,,,,,,,,,,,,,,,,,,,,,,,,,,,,,,,,,,,,,,,,,,,,,,,,,,,,,,,,,,,,,,,,,,,,,,,,,,,,,,,,,,,,,,,,,,,,,,,,,,,,,,,,,,,,,,,,,,,,,,,
B11_RD14-0003-04d2e-0.125IP-Q2.4_002.20sec.fsa,D18S51,Y,7,260.35,10,10,272.57,7,OL,275.97,6,13,285.49,8,13.2,287.47,5,14,289.1,17,15,293.22,142,17,301.19,84,OL,306.01,11,OL,320.36,14,OL,331.83,8,,,,,,,,,,,,,,,,,,,,,,,,,,,,,,,,,,,,,,,,,,,,,,,,,,,,,,,,,,,,,,,,,,,,,,,,,,,,,,,,,,,,,,,,,,,,,,,,,,,,,,,,,,,,,,,,,,,,,,,,,,,,,,,,,,,,,,,,,,,,,,,,,,,,,,,,,,,,,,,,,,,,,,,,,,,,,,,,,,,,,,,,,,,,,,,,,,,,,,,,,,,,,,,,,,,,,,,,,,,,,,,,,,,,,,,,,,,,,,,,,,,,,,,,,,,,,,,,,,,,,,,,,,,
B11_RD14-0003-04d2e-0.125IP-Q2.4_002.20sec.fsa,AMEL,R,X,104.95,367,Y,110.89,325,,,,,,,,,,,,,,,,,,,,,,,,,,,,,,,,,,,,,,,,,,,,,,,,,,,,,,,,,,,,,,,,,,,,,,,,,,,,,,,,,,,,,,,,,,,,,,,,,,,,,,,,,,,,,,,,,,,,,,,,,,,,,,,,,,,,,,,,,,,,,,,,,,,,,,,,,,,,,,,,,,,,,,,,,,,,,,,,,,,,,,,,,,,,,,,,,,,,,,,,,,,,,,,,,,,,,,,,,,,,,,,,,,,,,,,,,,,,,,,,,,,,,,,,,,,,,,,,,,,,,,,,,,,,,,,,,,,,,,,,,,,,,,,,,,,,,,
B11_RD14-0003-04d2e-0.125IP-Q2.4_002.20sec.fsa,D5S818,R,6,128.43,7,OL,129.52,8,OL,137.44,9,10,144.57,17,11,148.92,305,12,153.04,221,OL,177.29,6,,,,,,,,,,,,,,,,,,,,,,,,,,,,,,,,,,,,,,,,,,,,,,,,,,,,,,,,,,,,,,,,,,,,,,,,,,,,,,,,,,,,,,,,,,,,,,,,,,,,,,,,,,,,,,,,,,,,,,,,,,,,,,,,,,,,,,,,,,,,,,,,,,,,,,,,,,,,,,,,,,,,,,,,,,,,,,,,,,,,,,,,,,,,,,,,,,,,,,,,,,,,,,,,,,,,,,,,,,,,,,,,,,,,,,,,,,,,,,,,,,,,,,,,,,,,,,,,,,,,,,,,,,,,,,,,,,,,,,,
B11_RD14-0003-04d2e-0.125IP-Q2.4_002.20sec.fsa,FGA,R,OL,205.6,8,16,208.33,5,20,225,169,21,229.17,146,27.2,255.3,10,29,261.47,7,OL,266.4,6,33.2,279.21,5,OL,301.7,7,OL,313.47,8,OL,315.38,6,OL,320.72,7,OL,321.35,8,OL,337.25,11,OL,355.28,7,,,,,,,,,,,,,,,,,,,,,,,,,,,,,,,,,,,,,,,,,,,,,,,,,,,,,,,,,,,,,,,,,,,,,,,,,,,,,,,,,,,,,,,,,,,,,,,,,,,,,,,,,,,,,,,,,,,,,,,,,,,,,,,,,,,,,,,,,,,,,,,,,,,,,,,,,,,,,,,,,,,,,,,,,,,,,,,,,,,,,,,,,,,,,,,,,,,,,,,,,,,,,,,,,,,,,,,,,,,,,,,,,,,,,,,,,,,,,,,,,,,,,,,,,,,,,,,
C01_RD14-0003-03d2a-0.25IP-Q0.7_003.20sec.fsa,D8S1179,B,OL,113.93,6,8,121.31,8,9,126.09,14,OL,128.66,3,10,129.92,15,OL,135.19,11,12,137.8,20,OL,139.01,7,OL,139.93,4,13,141.89,224,14,146.03,2949,15,150.18,2182,16,154.28,17,17,158.31,5,OL,159.93,4,OL,160.94,2,OL,161.94,2,OL,168.78,2,OL,176.48,34,,,,,,,,,,,,,,,,,,,,,,,,,,,,,,,,,,,,,,,,,,,,,,,,,,,,,,,,,,,,,,,,,,,,,,,,,,,,,,,,,,,,,,,,,,,,,,,,,,,,,,,,,,,,,,,,,,,,,,,,,,,,,,,,,,,,,,,,,,,,,,,,,,,,,,,,,,,,,,,,,,,,,,,,,,,,,,,,,,,,,,,,,,,,,,,,,,,,,,,,,,,,,,,,,,,,,,,,,,,,,,,,,,,,,,,,,,,,,,,,,,,
C01_RD14-0003-03d2a-0.25IP-Q0.7_003.20sec.fsa,D21S11,B,23.2,180.58,28,OL,193.97,3,OL,200,5,OL,201.28,13,29.2,204.2,3,30.2,208.34,15,31,210.2,1,31.2,212.42,272,32,214.37,12,32.2,216.48,3458,33,218.68,1,33.2,220.58,21,34,222.68,2,35,227.24,57,36,231.3,66,37,234.85,2,37.2,237.32,3,38,238.77,4,39,243.1,4,,,,,,,,,,,,,,,,,,,,,,,,,,,,,,,,,,,,,,,,,,,,,,,,,,,,,,,,,,,,,,,,,,,,,,,,,,,,,,,,,,,,,,,,,,,,,,,,,,,,,,,,,,,,,,,,,,,,,,,,,,,,,,,,,,,,,,,,,,,,,,,,,,,,,,,,,,,,,,,,,,,,,,,,,,,,,,,,,,,,,,,,,,,,,,,,,,,,,,,,,,,,,,,,,,,,,,,,,,,,,,,,,,,,,,,,,,,,,,,,,,,
C01_RD14-0003-03d2a-0.25IP-Q0.7_003.20sec.fsa,D7S820,B,5,249.71,4,6,254.05,4,7,257.95,34,8,261.96,1585,9,265.88,8,10,270.02,65,11,274.09,1255,OL,279.93,7,OL,282.94,5,OL,287.16,52,OL,288.51,3,OL,290.94,5,OL,291.59,5,,,,,,,,,,,,,,,,,,,,,,,,,,,,,,,,,,,,,,,,,,,,,,,,,,,,,,,,,,,,,,,,,,,,,,,,,,,,,,,,,,,,,,,,,,,,,,,,,,,,,,,,,,,,,,,,,,,,,,,,,,,,,,,,,,,,,,,,,,,,,,,,,,,,,,,,,,,,,,,,,,,,,,,,,,,,,,,,,,,,,,,,,,,,,,,,,,,,,,,,,,,,,,,,,,,,,,,,,,,,,,,,,,,,,,,,,,,,,,,,,,,,,,,,,,,,,,,,,,,,,
C01_RD14-0003-03d2a-0.25IP-Q0.7_003.20sec.fsa,CSF1PO,B,OL,300,10,OL,301.48,6,OL,303.68,5,7,306.39,60,8,310.43,1971,9,314,6,OL,315.89,2,10,318.48,6,OL,319.92,6,11,322.67,131,12,326.67,2239,13,330.64,9,OL,332.99,48,14,334.53,3,OL,337.23,4,OL,339.93,10,OL,341.04,6,,,,,,,,,,,,,,,,,,,,,,,,,,,,,,,,,,,,,,,,,,,,,,,,,,,,,,,,,,,,,,,,,,,,,,,,,,,,,,,,,,,,,,,,,,,,,,,,,,,,,,,,,,,,,,,,,,,,,,,,,,,,,,,,,,,,,,,,,,,,,,,,,,,,,,,,,,,,,,,,,,,,,,,,,,,,,,,,,,,,,,,,,,,,,,,,,,,,,,,,,,,,,,,,,,,,,,,,,,,,,,,,,,,,,,,,,,,,,,,,,,,,,,,,,
C01_RD14-0003-03d2a-0.25IP-Q0.7_003.20sec.fsa,D3S1358,G,OL,102.07,2,OL,116.49,19,OL,117.18,20,14,118.14,23,15,122.14,213,16,126.22,2614,17,130.06,2400,OL,133.99,21,OL,137.73,4,OL,139.79,7,OL,143.41,6,,,,,,,,,,,,,,,,,,,,,,,,,,,,,,,,,,,,,,,,,,,,,,,,,,,,,,,,,,,,,,,,,,,,,,,,,,,,,,,,,,,,,,,,,,,,,,,,,,,,,,,,,,,,,,,,,,,,,,,,,,,,,,,,,,,,,,,,,,,,,,,,,,,,,,,,,,,,,,,,,,,,,,,,,,,,,,,,,,,,,,,,,,,,,,,,,,,,,,,,,,,,,,,,,,,,,,,,,,,,,,,,,,,,,,,,,,,,,,,,,,,,,,,,,,,,,,,,,,,,,,,,,,,
C01_RD14-0003-03d2a-0.25IP-Q0.7_003.20sec.fsa,TH01,G,OL,155.23,3,OL,158.38,3,OL,162.81,10,OL,166.62,18,OL,170.87,9,7,172.45,109,8,176.48,4040,9,180.58,3823,9.3,183.72,5,10,184.52,4,OL,189.47,3,OL,190.78,1,12,192.45,3,OL,193.9,5,OL,194.63,5,,,,,,,,,,,,,,,,,,,,,,,,,,,,,,,,,,,,,,,,,,,,,,,,,,,,,,,,,,,,,,,,,,,,,,,,,,,,,,,,,,,,,,,,,,,,,,,,,,,,,,,,,,,,,,,,,,,,,,,,,,,,,,,,,,,,,,,,,,,,,,,,,,,,,,,,,,,,,,,,,,,,,,,,,,,,,,,,,,,,,,,,,,,,,,,,,,,,,,,,,,,,,,,,,,,,,,,,,,,,,,,,,,,,,,,,,,,,,,,,,,,,,,,,,,,,,,,
C01_RD14-0003-03d2a-0.25IP-Q0.7_003.20sec.fsa,D13S317,G,OL,204.7,4,OL,209.13,3,7,210.85,8,OL,213.07,1,8,215.02,15,OL,217.44,11,9,219.05,8,OL,220.14,10,10,223.19,172,11,227.24,3224,12,231.3,3797,13,235.29,17,OL,237.75,3,OL,239.93,10,OL,241.55,8,OL,246.12,3,,,,,,,,,,,,,,,,,,,,,,,,,,,,,,,,,,,,,,,,,,,,,,,,,,,,,,,,,,,,,,,,,,,,,,,,,,,,,,,,,,,,,,,,,,,,,,,,,,,,,,,,,,,,,,,,,,,,,,,,,,,,,,,,,,,,,,,,,,,,,,,,,,,,,,,,,,,,,,,,,,,,,,,,,,,,,,,,,,,,,,,,,,,,,,,,,,,,,,,,,,,,,,,,,,,,,,,,,,,,,,,,,,,,,,,,,,,,,,,,,,,,,,,,,,,,
C01_RD14-0003-03d2a-0.25IP-Q0.7_003.20sec.fsa,D16S539,G,OL,250.71,5,5,251.5,5,OL,253.49,6,OL,257.03,7,7,259.01,5,7,259.86,7,9,267.33,7,10,271.18,145,11,275.26,2868,12,279.12,23,13,283.15,204,14,287.09,2451,15,291.01,22,,,,,,,,,,,,,,,,,,,,,,,,,,,,,,,,,,,,,,,,,,,,,,,,,,,,,,,,,,,,,,,,,,,,,,,,,,,,,,,,,,,,,,,,,,,,,,,,,,,,,,,,,,,,,,,,,,,,,,,,,,,,,,,,,,,,,,,,,,,,,,,,,,,,,,,,,,,,,,,,,,,,,,,,,,,,,,,,,,,,,,,,,,,,,,,,,,,,,,,,,,,,,,,,,,,,,,,,,,,,,,,,,,,,,,,,,,,,,,,,,,,,,,,,,,,,,,,,,,,,,
C01_RD14-0003-03d2a-0.25IP-Q0.7_003.20sec.fsa,D2S1338,G,OL,301.9,4,15,304.25,4,OL,305.53,3,18,316.5,9,OL,317.33,9,OL,319.77,16,OL,323.34,5,20,324.74,20,21,328.95,174,22,332.99,2222,23,336.94,67,24,340.96,294,25,345.03,2524,OL,351.33,12,OL,356.44,3,OL,359.78,4,OL,364.93,3,OL,365.97,3,,,,,,,,,,,,,,,,,,,,,,,,,,,,,,,,,,,,,,,,,,,,,,,,,,,,,,,,,,,,,,,,,,,,,,,,,,,,,,,,,,,,,,,,,,,,,,,,,,,,,,,,,,,,,,,,,,,,,,,,,,,,,,,,,,,,,,,,,,,,,,,,,,,,,,,,,,,,,,,,,,,,,,,,,,,,,,,,,,,,,,,,,,,,,,,,,,,,,,,,,,,,,,,,,,,,,,,,,,,,,,,,,,,,,,,,,,,,,,,,,,,,,,
C01_RD14-0003-03d2a-0.25IP-Q0.7_003.20sec.fsa,D19S433,Y,OL,95.13,25,9,99.93,8,10,103.65,17,11,107.92,145,12,112.02,2290,13,116,160,14,120,2178,15,124.14,11,16,127.76,13,16,128.45,11,16.2,129.78,12,OL,135.4,8,18.2,138.08,7,OL,139.93,5,,,,,,,,,,,,,,,,,,,,,,,,,,,,,,,,,,,,,,,,,,,,,,,,,,,,,,,,,,,,,,,,,,,,,,,,,,,,,,,,,,,,,,,,,,,,,,,,,,,,,,,,,,,,,,,,,,,,,,,,,,,,,,,,,,,,,,,,,,,,,,,,,,,,,,,,,,,,,,,,,,,,,,,,,,,,,,,,,,,,,,,,,,,,,,,,,,,,,,,,,,,,,,,,,,,,,,,,,,,,,,,,,,,,,,,,,,,,,,,,,,,,,,,,,,,,,,,,,,
C01_RD14-0003-03d2a-0.25IP-Q0.7_003.20sec.fsa,vWA,Y,OL,152.52,12,OL,156.55,15,13,159.85,28,14,163.96,123,15,167.99,2329,16,172.09,2457,OL,174.82,7,OL,177.56,17,OL,178.85,21,OL,182.84,4,OL,186.63,8,OL,194.19,2,OL,195.28,6,OL,201.21,3,OL,202.06,4,,,,,,,,,,,,,,,,,,,,,,,,,,,,,,,,,,,,,,,,,,,,,,,,,,,,,,,,,,,,,,,,,,,,,,,,,,,,,,,,,,,,,,,,,,,,,,,,,,,,,,,,,,,,,,,,,,,,,,,,,,,,,,,,,,,,,,,,,,,,,,,,,,,,,,,,,,,,,,,,,,,,,,,,,,,,,,,,,,,,,,,,,,,,,,,,,,,,,,,,,,,,,,,,,,,,,,,,,,,,,,,,,,,,,,,,,,,,,,,,,,,,,,,,,,,,,,,
C01_RD14-0003-03d2a-0.25IP-Q0.7_003.20sec.fsa,TPOX,Y,OL,214,11,OL,220,9,OL,222.97,29,8,228.33,47,OL,230.21,42,9,232.82,11,10,236.52,137,11,240.52,3925,12,244.72,38,OL,249.93,8,OL,256.39,7,,,,,,,,,,,,,,,,,,,,,,,,,,,,,,,,,,,,,,,,,,,,,,,,,,,,,,,,,,,,,,,,,,,,,,,,,,,,,,,,,,,,,,,,,,,,,,,,,,,,,,,,,,,,,,,,,,,,,,,,,,,,,,,,,,,,,,,,,,,,,,,,,,,,,,,,,,,,,,,,,,,,,,,,,,,,,,,,,,,,,,,,,,,,,,,,,,,,,,,,,,,,,,,,,,,,,,,,,,,,,,,,,,,,,,,,,,,,,,,,,,,,,,,,,,,,,,,,,,,,,,,,,,,
C01_RD14-0003-03d2a-0.25IP-Q0.7_003.20sec.fsa,D18S51,Y,OL,263.92,5,9.2,270.53,6,OL,279.93,13,OL,288.44,9,14,289.01,8,OL,290.02,5,15,292.94,14,16,296.94,153,17,300.92,1604,18,304.89,1629,19,308.98,15,OL,313.93,11,OL,318.25,4,OL,340,14,OL,342.44,13,,,,,,,,,,,,,,,,,,,,,,,,,,,,,,,,,,,,,,,,,,,,,,,,,,,,,,,,,,,,,,,,,,,,,,,,,,,,,,,,,,,,,,,,,,,,,,,,,,,,,,,,,,,,,,,,,,,,,,,,,,,,,,,,,,,,,,,,,,,,,,,,,,,,,,,,,,,,,,,,,,,,,,,,,,,,,,,,,,,,,,,,,,,,,,,,,,,,,,,,,,,,,,,,,,,,,,,,,,,,,,,,,,,,,,,,,,,,,,,,,,,,,,,,,,,,,,,
C01_RD14-0003-03d2a-0.25IP-Q0.7_003.20sec.fsa,AMEL,R,X,104.86,1281,OL,106.14,48,Y,110.75,1533,,,,,,,,,,,,,,,,,,,,,,,,,,,,,,,,,,,,,,,,,,,,,,,,,,,,,,,,,,,,,,,,,,,,,,,,,,,,,,,,,,,,,,,,,,,,,,,,,,,,,,,,,,,,,,,,,,,,,,,,,,,,,,,,,,,,,,,,,,,,,,,,,,,,,,,,,,,,,,,,,,,,,,,,,,,,,,,,,,,,,,,,,,,,,,,,,,,,,,,,,,,,,,,,,,,,,,,,,,,,,,,,,,,,,,,,,,,,,,,,,,,,,,,,,,,,,,,,,,,,,,,,,,,,,,,,,,,,,,,,,,,,,,,,,,,
C01_RD14-0003-03d2a-0.25IP-Q0.7_003.20sec.fsa,D5S818,R,OL,125.74,11,6,128.8,13,OL,130.9,8,7,133,6,OL,134.83,7,11,148.72,134,12,152.89,1768,13,156.99,1622,14,161.01,29,16,169.07,8,OL,175.9,13,OL,176.91,16,,,,,,,,,,,,,,,,,,,,,,,,,,,,,,,,,,,,,,,,,,,,,,,,,,,,,,,,,,,,,,,,,,,,,,,,,,,,,,,,,,,,,,,,,,,,,,,,,,,,,,,,,,,,,,,,,,,,,,,,,,,,,,,,,,,,,,,,,,,,,,,,,,,,,,,,,,,,,,,,,,,,,,,,,,,,,,,,,,,,,,,,,,,,,,,,,,,,,,,,,,,,,,,,,,,,,,,,,,,,,,,,,,,,,,,,,,,,,,,,,,,,,,,,,,,,,,,,,,,,,,,,
C01_RD14-0003-03d2a-0.25IP-Q0.7_003.20sec.fsa,FGA,R,OL,207.77,7,17,213.14,14,17.2,214.51,9,18,216.85,78,19,220.94,2027,20,224.92,13,22,233.11,10,23,237.24,123,24,241.33,1532,OL,244.5,7,OL,248.83,5,OL,260.8,17,OL,264.93,7,OL,268.2,8,32.2,275.26,36,OL,287.37,29,OL,297.44,5,OL,298.22,7,OL,298.93,5,OL,300.63,14,OL,302.4,8,OL,304.1,6,OL,306.6,6,OL,311.52,8,OL,325.34,7,45.2,328.73,9,OL,330.27,4,46.2,332.7,27,OL,333.28,29,48.2,340.89,9,49.2,344.96,44,50.2,349.11,5,,,,,,,,,,,,,,,,,,,,,,,,,,,,,,,,,,,,,,,,,,,,,,,,,,,,,,,,,,,,,,,,,,,,,,,,,,,,,,,,,,,,,,,,,,,,,,,,,,,,,,,,,,,,,,,,,,,,,,,,,,,,,,,,,,,,,,,,,,,,,,,,,,,,,,,,,,,,,,,,,,,,,,,,,,,,,,,,,,,,,,,,,,,,,,,,,,,,,,,,,,,,
C02_RD14-0003-03d2b-0.25IP-Q0.9_003.20sec.fsa,D8S1179,B,OL,112.22,2,OL,113.07,6,OL,113.92,4,OL,119.03,4,OL,127.17,4,OL,128.95,6,10,129.57,5,OL,139.92,3,13,141.94,92,14,146.06,1486,15,150.2,1283,OL,159.92,4,OL,169.87,4,OL,176.62,5,OL,177.75,5,,,,,,,,,,,,,,,,,,,,,,,,,,,,,,,,,,,,,,,,,,,,,,,,,,,,,,,,,,,,,,,,,,,,,,,,,,,,,,,,,,,,,,,,,,,,,,,,,,,,,,,,,,,,,,,,,,,,,,,,,,,,,,,,,,,,,,,,,,,,,,,,,,,,,,,,,,,,,,,,,,,,,,,,,,,,,,,,,,,,,,,,,,,,,,,,,,,,,,,,,,,,,,,,,,,,,,,,,,,,,,,,,,,,,,,,,,,,,,,,,,,,,,,,,,,,,,,
C02_RD14-0003-03d2b-0.25IP-Q0.9_003.20sec.fsa,D21S11,B,23.2,179.92,9,25.2,188.2,2,27.2,196.56,2,OL,197.95,3,OL,199.92,4,29,202.88,6,30.2,208.42,6,31.2,212.62,124,32,214.58,7,32.2,216.66,1720,33.2,220.66,8,OL,227.41,14,OL,230.04,3,OL,231.36,16,OL,234.16,3,37,235.39,2,OL,239.92,5,,,,,,,,,,,,,,,,,,,,,,,,,,,,,,,,,,,,,,,,,,,,,,,,,,,,,,,,,,,,,,,,,,,,,,,,,,,,,,,,,,,,,,,,,,,,,,,,,,,,,,,,,,,,,,,,,,,,,,,,,,,,,,,,,,,,,,,,,,,,,,,,,,,,,,,,,,,,,,,,,,,,,,,,,,,,,,,,,,,,,,,,,,,,,,,,,,,,,,,,,,,,,,,,,,,,,,,,,,,,,,,,,,,,,,,,,,,,,,,,,,,,,,,,,
C02_RD14-0003-03d2b-0.25IP-Q0.9_003.20sec.fsa,D7S820,B,7,257.97,21,8,262.07,733,10,270.18,25,11,274.17,490,OL,278.75,3,OL,281.49,3,OL,284.95,2,OL,287.18,13,OL,288.74,2,,,,,,,,,,,,,,,,,,,,,,,,,,,,,,,,,,,,,,,,,,,,,,,,,,,,,,,,,,,,,,,,,,,,,,,,,,,,,,,,,,,,,,,,,,,,,,,,,,,,,,,,,,,,,,,,,,,,,,,,,,,,,,,,,,,,,,,,,,,,,,,,,,,,,,,,,,,,,,,,,,,,,,,,,,,,,,,,,,,,,,,,,,,,,,,,,,,,,,,,,,,,,,,,,,,,,,,,,,,,,,,,,,,,,,,,,,,,,,,,,,,,,,,,,,,,,,,,,,,,,,,,,,,,,,,,,
C02_RD14-0003-03d2b-0.25IP-Q0.9_003.20sec.fsa,CSF1PO,B,OL,300.16,6,OL,304.1,2,7,306.54,11,8,310.58,607,OL,313.92,3,OL,317.7,3,10,318.76,6,11,322.82,29,12,326.9,593,OL,333.06,12,OL,339.75,3,,,,,,,,,,,,,,,,,,,,,,,,,,,,,,,,,,,,,,,,,,,,,,,,,,,,,,,,,,,,,,,,,,,,,,,,,,,,,,,,,,,,,,,,,,,,,,,,,,,,,,,,,,,,,,,,,,,,,,,,,,,,,,,,,,,,,,,,,,,,,,,,,,,,,,,,,,,,,,,,,,,,,,,,,,,,,,,,,,,,,,,,,,,,,,,,,,,,,,,,,,,,,,,,,,,,,,,,,,,,,,,,,,,,,,,,,,,,,,,,,,,,,,,,,,,,,,,,,,,,,,,,,,,
C02_RD14-0003-03d2b-0.25IP-Q0.9_003.20sec.fsa,D3S1358,G,OL,95.13,8,OL,99.77,8,OL,101.42,5,OL,102.68,4,OL,105.67,6,11,106.21,6,13,114.83,24,14,118.13,11,OL,119.93,7,15,122.28,126,16,126.25,1851,17,130.11,1492,18,134.16,8,OL,139.92,6,,,,,,,,,,,,,,,,,,,,,,,,,,,,,,,,,,,,,,,,,,,,,,,,,,,,,,,,,,,,,,,,,,,,,,,,,,,,,,,,,,,,,,,,,,,,,,,,,,,,,,,,,,,,,,,,,,,,,,,,,,,,,,,,,,,,,,,,,,,,,,,,,,,,,,,,,,,,,,,,,,,,,,,,,,,,,,,,,,,,,,,,,,,,,,,,,,,,,,,,,,,,,,,,,,,,,,,,,,,,,,,,,,,,,,,,,,,,,,,,,,,,,,,,,,,,,,,,,,
C02_RD14-0003-03d2b-0.25IP-Q0.9_003.20sec.fsa,TH01,G,OL,154.93,5,OL,158.77,4,OL,162.16,4,5.3,167.14,10,5.3,167.86,5,6.3,171.48,9,7,172.6,56,8,176.7,2344,9,180.74,2218,10.3,187.95,3,13.3,199.75,7,,,,,,,,,,,,,,,,,,,,,,,,,,,,,,,,,,,,,,,,,,,,,,,,,,,,,,,,,,,,,,,,,,,,,,,,,,,,,,,,,,,,,,,,,,,,,,,,,,,,,,,,,,,,,,,,,,,,,,,,,,,,,,,,,,,,,,,,,,,,,,,,,,,,,,,,,,,,,,,,,,,,,,,,,,,,,,,,,,,,,,,,,,,,,,,,,,,,,,,,,,,,,,,,,,,,,,,,,,,,,,,,,,,,,,,,,,,,,,,,,,,,,,,,,,,,,,,,,,,,,,,,,,,
C02_RD14-0003-03d2b-0.25IP-Q0.9_003.20sec.fsa,D13S317,G,OL,216.66,15,OL,218.75,8,OL,219.92,7,10,223.13,50,11,227.25,1596,12,231.36,1553,13,235.39,19,OL,241.84,6,OL,242.67,3,,,,,,,,,,,,,,,,,,,,,,,,,,,,,,,,,,,,,,,,,,,,,,,,,,,,,,,,,,,,,,,,,,,,,,,,,,,,,,,,,,,,,,,,,,,,,,,,,,,,,,,,,,,,,,,,,,,,,,,,,,,,,,,,,,,,,,,,,,,,,,,,,,,,,,,,,,,,,,,,,,,,,,,,,,,,,,,,,,,,,,,,,,,,,,,,,,,,,,,,,,,,,,,,,,,,,,,,,,,,,,,,,,,,,,,,,,,,,,,,,,,,,,,,,,,,,,,,,,,,,,,,,,,,,,,,,
C02_RD14-0003-03d2b-0.25IP-Q0.9_003.20sec.fsa,D16S539,G,OL,254.48,3,7,259.84,6,OL,262.07,9,OL,269.19,2,10,271.35,42,11,275.34,836,13,283.22,90,OL,285.53,11,14,287.26,1080,15,291.13,9,,,,,,,,,,,,,,,,,,,,,,,,,,,,,,,,,,,,,,,,,,,,,,,,,,,,,,,,,,,,,,,,,,,,,,,,,,,,,,,,,,,,,,,,,,,,,,,,,,,,,,,,,,,,,,,,,,,,,,,,,,,,,,,,,,,,,,,,,,,,,,,,,,,,,,,,,,,,,,,,,,,,,,,,,,,,,,,,,,,,,,,,,,,,,,,,,,,,,,,,,,,,,,,,,,,,,,,,,,,,,,,,,,,,,,,,,,,,,,,,,,,,,,,,,,,,,,,,,,,,,,,,,,,,,,
C02_RD14-0003-03d2b-0.25IP-Q0.9_003.20sec.fsa,D2S1338,G,16,309.09,6,21,329.27,45,22,333.23,766,24,341.19,60,25,345.1,767,OL,350.8,6,OL,355.48,3,,,,,,,,,,,,,,,,,,,,,,,,,,,,,,,,,,,,,,,,,,,,,,,,,,,,,,,,,,,,,,,,,,,,,,,,,,,,,,,,,,,,,,,,,,,,,,,,,,,,,,,,,,,,,,,,,,,,,,,,,,,,,,,,,,,,,,,,,,,,,,,,,,,,,,,,,,,,,,,,,,,,,,,,,,,,,,,,,,,,,,,,,,,,,,,,,,,,,,,,,,,,,,,,,,,,,,,,,,,,,,,,,,,,,,,,,,,,,,,,,,,,,,,,,,,,,,,,,,,,,,,,,,,,,,,,,,,,,,,
C02_RD14-0003-03d2b-0.25IP-Q0.9_003.20sec.fsa,D19S433,Y,9,100,6,OL,100.95,5,11,108.17,104,12,112.29,2074,13,116.25,147,14,120.15,1796,OL,121.36,17,OL,124.72,6,15.2,126.17,22,OL,138.73,6,,,,,,,,,,,,,,,,,,,,,,,,,,,,,,,,,,,,,,,,,,,,,,,,,,,,,,,,,,,,,,,,,,,,,,,,,,,,,,,,,,,,,,,,,,,,,,,,,,,,,,,,,,,,,,,,,,,,,,,,,,,,,,,,,,,,,,,,,,,,,,,,,,,,,,,,,,,,,,,,,,,,,,,,,,,,,,,,,,,,,,,,,,,,,,,,,,,,,,,,,,,,,,,,,,,,,,,,,,,,,,,,,,,,,,,,,,,,,,,,,,,,,,,,,,,,,,,,,,,,,,,,,,,,,,
C02_RD14-0003-03d2b-0.25IP-Q0.9_003.20sec.fsa,vWA,Y,10,147.36,15,OL,148.41,19,OL,149.22,14,OL,152.64,10,OL,156.97,11,14,164.09,39,15,168.1,912,16,172.2,1236,OL,178.95,9,OL,181.8,3,24,204.64,5,,,,,,,,,,,,,,,,,,,,,,,,,,,,,,,,,,,,,,,,,,,,,,,,,,,,,,,,,,,,,,,,,,,,,,,,,,,,,,,,,,,,,,,,,,,,,,,,,,,,,,,,,,,,,,,,,,,,,,,,,,,,,,,,,,,,,,,,,,,,,,,,,,,,,,,,,,,,,,,,,,,,,,,,,,,,,,,,,,,,,,,,,,,,,,,,,,,,,,,,,,,,,,,,,,,,,,,,,,,,,,,,,,,,,,,,,,,,,,,,,,,,,,,,,,,,,,,,,,,,,,,,,,,
C02_RD14-0003-03d2b-0.25IP-Q0.9_003.20sec.fsa,TPOX,Y,OL,215.25,8,OL,217.33,10,OL,217.99,10,OL,219.67,13,6,220.58,14,OL,223.95,7,OL,226.26,6,10,236.87,68,11,240.84,1925,13,248.59,5,14,252.93,5,OL,255.37,3,,,,,,,,,,,,,,,,,,,,,,,,,,,,,,,,,,,,,,,,,,,,,,,,,,,,,,,,,,,,,,,,,,,,,,,,,,,,,,,,,,,,,,,,,,,,,,,,,,,,,,,,,,,,,,,,,,,,,,,,,,,,,,,,,,,,,,,,,,,,,,,,,,,,,,,,,,,,,,,,,,,,,,,,,,,,,,,,,,,,,,,,,,,,,,,,,,,,,,,,,,,,,,,,,,,,,,,,,,,,,,,,,,,,,,,,,,,,,,,,,,,,,,,,,,,,,,,,,,,,,,,,
C02_RD14-0003-03d2b-0.25IP-Q0.9_003.20sec.fsa,D18S51,Y,OL,284.13,4,14,289.48,6,16,297.13,49,17,301.12,591,18,304.99,481,OL,310.16,7,OL,313.83,8,21.2,319.73,7,23,325.72,6,23.2,327.84,6,OL,337.17,5,OL,339.67,8,,,,,,,,,,,,,,,,,,,,,,,,,,,,,,,,,,,,,,,,,,,,,,,,,,,,,,,,,,,,,,,,,,,,,,,,,,,,,,,,,,,,,,,,,,,,,,,,,,,,,,,,,,,,,,,,,,,,,,,,,,,,,,,,,,,,,,,,,,,,,,,,,,,,,,,,,,,,,,,,,,,,,,,,,,,,,,,,,,,,,,,,,,,,,,,,,,,,,,,,,,,,,,,,,,,,,,,,,,,,,,,,,,,,,,,,,,,,,,,,,,,,,,,,,,,,,,,,,,,,,,,,
C02_RD14-0003-03d2b-0.25IP-Q0.9_003.20sec.fsa,AMEL,R,X,104.96,1282,OL,106.21,35,Y,110.9,1890,,,,,,,,,,,,,,,,,,,,,,,,,,,,,,,,,,,,,,,,,,,,,,,,,,,,,,,,,,,,,,,,,,,,,,,,,,,,,,,,,,,,,,,,,,,,,,,,,,,,,,,,,,,,,,,,,,,,,,,,,,,,,,,,,,,,,,,,,,,,,,,,,,,,,,,,,,,,,,,,,,,,,,,,,,,,,,,,,,,,,,,,,,,,,,,,,,,,,,,,,,,,,,,,,,,,,,,,,,,,,,,,,,,,,,,,,,,,,,,,,,,,,,,,,,,,,,,,,,,,,,,,,,,,,,,,,,,,,,,,,,,,,,,,,,,
C02_RD14-0003-03d2b-0.25IP-Q0.9_003.20sec.fsa,D5S818,R,OL,126.86,23,OL,127.48,24,6,129.02,21,OL,131.9,8,7,132.99,5,OL,137.86,9,OL,139.29,8,10,145.17,4,11,148.9,66,12,152.97,1006,13,157.13,1166,14,161.12,11,OL,171.72,10,OL,177.59,40,,,,,,,,,,,,,,,,,,,,,,,,,,,,,,,,,,,,,,,,,,,,,,,,,,,,,,,,,,,,,,,,,,,,,,,,,,,,,,,,,,,,,,,,,,,,,,,,,,,,,,,,,,,,,,,,,,,,,,,,,,,,,,,,,,,,,,,,,,,,,,,,,,,,,,,,,,,,,,,,,,,,,,,,,,,,,,,,,,,,,,,,,,,,,,,,,,,,,,,,,,,,,,,,,,,,,,,,,,,,,,,,,,,,,,,,,,,,,,,,,,,,,,,,,,,,,,,,,,
C02_RD14-0003-03d2b-0.25IP-Q0.9_003.20sec.fsa,FGA,R,OL,206.49,6,OL,207.61,3,16.2,210.84,8,OL,211.49,11,17,212.62,11,17.2,214.42,8,18,216.74,49,19,220.91,814,20,225.27,7,OL,228.23,13,OL,229.96,13,21.2,230.7,17,23,237.2,39,24,241.34,448,26,249.5,5,OL,260.74,6,29.2,263.72,7,OL,265.13,6,OL,277.08,12,OL,296.8,5,OL,299.18,7,OL,304.35,6,OL,321.97,6,44.2,323.93,7,OL,334.32,6,48.2,340.85,5,OL,343.57,5,OL,345.86,9,OL,351.05,5,OL,358.81,6,,,,,,,,,,,,,,,,,,,,,,,,,,,,,,,,,,,,,,,,,,,,,,,,,,,,,,,,,,,,,,,,,,,,,,,,,,,,,,,,,,,,,,,,,,,,,,,,,,,,,,,,,,,,,,,,,,,,,,,,,,,,,,,,,,,,,,,,,,,,,,,,,,,,,,,,,,,,,,,,,,,,,,,,,,,,,,,,,,,,,,,,,,,,,,,,,,,,,,,,,,,,,,,,,,
C03_RD14-0003-03d1c-0.5IP-Q0.9_003.20sec.fsa,D8S1179,B,OL,114,4,OL,122.22,6,OL,128.06,5,OL,135.32,7,12,137.91,17,OL,139.4,11,13,141.89,190,14,146.05,2877,15,150.22,3102,16,154.26,14,OL,157.01,2,17,158.16,5,18,162.41,3,19,166.48,5,OL,170.03,6,OL,174.11,4,OL,176.52,22,,,,,,,,,,,,,,,,,,,,,,,,,,,,,,,,,,,,,,,,,,,,,,,,,,,,,,,,,,,,,,,,,,,,,,,,,,,,,,,,,,,,,,,,,,,,,,,,,,,,,,,,,,,,,,,,,,,,,,,,,,,,,,,,,,,,,,,,,,,,,,,,,,,,,,,,,,,,,,,,,,,,,,,,,,,,,,,,,,,,,,,,,,,,,,,,,,,,,,,,,,,,,,,,,,,,,,,,,,,,,,,,,,,,,,,,,,,,,,,,,,,,,,,,,
C03_RD14-0003-03d1c-0.5IP-Q0.9_003.20sec.fsa,D21S11,B,23.2,180.61,20,OL,183.53,4,OL,187.21,2,27,194.34,4,OL,195.79,3,OL,199.85,3,OL,202.1,15,29.2,204.5,5,OL,207.29,1,30.2,208.57,12,31.2,212.56,277,32,214.54,15,32.2,216.61,3774,33.2,220.76,24,34,222.59,6,34.2,224.5,4,35,227.18,53,OL,228.33,2,36,231.32,34,37.2,237.23,2,OL,242.04,2,,,,,,,,,,,,,,,,,,,,,,,,,,,,,,,,,,,,,,,,,,,,,,,,,,,,,,,,,,,,,,,,,,,,,,,,,,,,,,,,,,,,,,,,,,,,,,,,,,,,,,,,,,,,,,,,,,,,,,,,,,,,,,,,,,,,,,,,,,,,,,,,,,,,,,,,,,,,,,,,,,,,,,,,,,,,,,,,,,,,,,,,,,,,,,,,,,,,,,,,,,,,,,,,,,,,,,,,,,,,,,,,,,,,,,,,,,,,,
C03_RD14-0003-03d1c-0.5IP-Q0.9_003.20sec.fsa,D7S820,B,OL,247.35,3,OL,248.91,2,6,254.1,5,OL,254.94,3,7,258.04,40,8,262.08,1536,9,266.01,7,10,270.1,69,11,274.12,1350,12,278.07,7,OL,279.92,5,OL,283.12,6,OL,287.15,47,15,290.04,5,,,,,,,,,,,,,,,,,,,,,,,,,,,,,,,,,,,,,,,,,,,,,,,,,,,,,,,,,,,,,,,,,,,,,,,,,,,,,,,,,,,,,,,,,,,,,,,,,,,,,,,,,,,,,,,,,,,,,,,,,,,,,,,,,,,,,,,,,,,,,,,,,,,,,,,,,,,,,,,,,,,,,,,,,,,,,,,,,,,,,,,,,,,,,,,,,,,,,,,,,,,,,,,,,,,,,,,,,,,,,,,,,,,,,,,,,,,,,,,,,,,,,,,,,,,,,,,,,,
C03_RD14-0003-03d1c-0.5IP-Q0.9_003.20sec.fsa,CSF1PO,B,OL,299.85,5,OL,300.98,4,6,302.71,7,7,306.53,39,8,310.47,1532,9,314.08,4,10,318.93,5,11,322.78,92,12,326.81,1410,OL,333.08,37,OL,337.29,3,OL,339.77,5,OL,341.11,7,OL,341.91,3,,,,,,,,,,,,,,,,,,,,,,,,,,,,,,,,,,,,,,,,,,,,,,,,,,,,,,,,,,,,,,,,,,,,,,,,,,,,,,,,,,,,,,,,,,,,,,,,,,,,,,,,,,,,,,,,,,,,,,,,,,,,,,,,,,,,,,,,,,,,,,,,,,,,,,,,,,,,,,,,,,,,,,,,,,,,,,,,,,,,,,,,,,,,,,,,,,,,,,,,,,,,,,,,,,,,,,,,,,,,,,,,,,,,,,,,,,,,,,,,,,,,,,,,,,,,,,,,,,
C03_RD14-0003-03d1c-0.5IP-Q0.9_003.20sec.fsa,D3S1358,G,OL,99.05,5,OL,104.98,5,OL,106.82,5,OL,111.59,9,OL,115.13,33,14,118.24,32,15,122.29,340,16,126.25,4357,17,130.1,4126,18,134.21,29,18.2,136.06,6,,,,,,,,,,,,,,,,,,,,,,,,,,,,,,,,,,,,,,,,,,,,,,,,,,,,,,,,,,,,,,,,,,,,,,,,,,,,,,,,,,,,,,,,,,,,,,,,,,,,,,,,,,,,,,,,,,,,,,,,,,,,,,,,,,,,,,,,,,,,,,,,,,,,,,,,,,,,,,,,,,,,,,,,,,,,,,,,,,,,,,,,,,,,,,,,,,,,,,,,,,,,,,,,,,,,,,,,,,,,,,,,,,,,,,,,,,,,,,,,,,,,,,,,,,,,,,,,,,,,,,,,,,,
C03_RD14-0003-03d1c-0.5IP-Q0.9_003.20sec.fsa,TH01,G,OL,161.88,3,OL,162.86,15,OL,166.78,31,6,168.44,13,7,172.59,161,OL,173.65,1,8,176.6,5466,9,180.69,4897,OL,190.05,5,13.3,200,8,,,,,,,,,,,,,,,,,,,,,,,,,,,,,,,,,,,,,,,,,,,,,,,,,,,,,,,,,,,,,,,,,,,,,,,,,,,,,,,,,,,,,,,,,,,,,,,,,,,,,,,,,,,,,,,,,,,,,,,,,,,,,,,,,,,,,,,,,,,,,,,,,,,,,,,,,,,,,,,,,,,,,,,,,,,,,,,,,,,,,,,,,,,,,,,,,,,,,,,,,,,,,,,,,,,,,,,,,,,,,,,,,,,,,,,,,,,,,,,,,,,,,,,,,,,,,,,,,,,,,,,,,,,,,,
C03_RD14-0003-03d1c-0.5IP-Q0.9_003.20sec.fsa,D13S317,G,OL,206.61,5,7,211.21,19,OL,217.53,15,10,223.2,200,11,227.18,5006,12,231.32,3131,13,235.31,56,OL,239.85,14,,,,,,,,,,,,,,,,,,,,,,,,,,,,,,,,,,,,,,,,,,,,,,,,,,,,,,,,,,,,,,,,,,,,,,,,,,,,,,,,,,,,,,,,,,,,,,,,,,,,,,,,,,,,,,,,,,,,,,,,,,,,,,,,,,,,,,,,,,,,,,,,,,,,,,,,,,,,,,,,,,,,,,,,,,,,,,,,,,,,,,,,,,,,,,,,,,,,,,,,,,,,,,,,,,,,,,,,,,,,,,,,,,,,,,,,,,,,,,,,,,,,,,,,,,,,,,,,,,,,,,,,,,,,,,,,,,,,
C03_RD14-0003-03d1c-0.5IP-Q0.9_003.20sec.fsa,D16S539,G,OL,256.37,5,OL,260.92,5,10,271.34,143,OL,273.43,5,11,275.28,2863,12,279.38,36,13,283.2,270,OL,285.33,11,14,287.15,2908,15,291.1,21,,,,,,,,,,,,,,,,,,,,,,,,,,,,,,,,,,,,,,,,,,,,,,,,,,,,,,,,,,,,,,,,,,,,,,,,,,,,,,,,,,,,,,,,,,,,,,,,,,,,,,,,,,,,,,,,,,,,,,,,,,,,,,,,,,,,,,,,,,,,,,,,,,,,,,,,,,,,,,,,,,,,,,,,,,,,,,,,,,,,,,,,,,,,,,,,,,,,,,,,,,,,,,,,,,,,,,,,,,,,,,,,,,,,,,,,,,,,,,,,,,,,,,,,,,,,,,,,,,,,,,,,,,,,,,
C03_RD14-0003-03d1c-0.5IP-Q0.9_003.20sec.fsa,D2S1338,G,OL,306.53,7,OL,307.22,6,16,308.45,10,17,312.74,6,OL,313.76,5,OL,319.83,10,20,324.84,7,21,329.09,160,22,333.08,2255,OL,335.03,5,23,337.13,16,24,341.03,281,25,345.09,1957,OL,351.46,12,28,357.84,4,OL,359.84,7,OL,360.95,4,OL,362.06,4,,,,,,,,,,,,,,,,,,,,,,,,,,,,,,,,,,,,,,,,,,,,,,,,,,,,,,,,,,,,,,,,,,,,,,,,,,,,,,,,,,,,,,,,,,,,,,,,,,,,,,,,,,,,,,,,,,,,,,,,,,,,,,,,,,,,,,,,,,,,,,,,,,,,,,,,,,,,,,,,,,,,,,,,,,,,,,,,,,,,,,,,,,,,,,,,,,,,,,,,,,,,,,,,,,,,,,,,,,,,,,,,,,,,,,,,,,,,,,,,,,,,,,
C03_RD14-0003-03d1c-0.5IP-Q0.9_003.20sec.fsa,D19S433,Y,OL,95.98,7,OL,97.95,9,9,99.85,10,10,104.24,38,11,108.15,216,12,112.18,3914,13,116.19,250,14,120.07,3607,15,123.94,10,OL,128.86,3,,,,,,,,,,,,,,,,,,,,,,,,,,,,,,,,,,,,,,,,,,,,,,,,,,,,,,,,,,,,,,,,,,,,,,,,,,,,,,,,,,,,,,,,,,,,,,,,,,,,,,,,,,,,,,,,,,,,,,,,,,,,,,,,,,,,,,,,,,,,,,,,,,,,,,,,,,,,,,,,,,,,,,,,,,,,,,,,,,,,,,,,,,,,,,,,,,,,,,,,,,,,,,,,,,,,,,,,,,,,,,,,,,,,,,,,,,,,,,,,,,,,,,,,,,,,,,,,,,,,,,,,,,,,,,
C03_RD14-0003-03d1c-0.5IP-Q0.9_003.20sec.fsa,vWA,Y,OL,146.66,19,10,147.79,16,OL,148.7,16,OL,152.81,32,OL,153.8,8,OL,156.78,27,13,159.85,20,14,163.99,115,15,168.07,2170,16,172.14,2795,17,176.6,74,OL,177.58,7,OL,178.26,10,OL,181.69,6,OL,185.06,8,21,192.73,10,OL,199.92,13,OL,206.84,6,,,,,,,,,,,,,,,,,,,,,,,,,,,,,,,,,,,,,,,,,,,,,,,,,,,,,,,,,,,,,,,,,,,,,,,,,,,,,,,,,,,,,,,,,,,,,,,,,,,,,,,,,,,,,,,,,,,,,,,,,,,,,,,,,,,,,,,,,,,,,,,,,,,,,,,,,,,,,,,,,,,,,,,,,,,,,,,,,,,,,,,,,,,,,,,,,,,,,,,,,,,,,,,,,,,,,,,,,,,,,,,,,,,,,,,,,,,,,,,,,,,,,,
C03_RD14-0003-03d1c-0.5IP-Q0.9_003.20sec.fsa,TPOX,Y,OL,213.85,9,OL,221.53,4,OL,223.13,39,OL,225.42,9,8,228.4,21,8,229.09,16,9,232.54,14,10,236.61,140,11,240.71,4689,12,245.01,6,OL,252.28,6,,,,,,,,,,,,,,,,,,,,,,,,,,,,,,,,,,,,,,,,,,,,,,,,,,,,,,,,,,,,,,,,,,,,,,,,,,,,,,,,,,,,,,,,,,,,,,,,,,,,,,,,,,,,,,,,,,,,,,,,,,,,,,,,,,,,,,,,,,,,,,,,,,,,,,,,,,,,,,,,,,,,,,,,,,,,,,,,,,,,,,,,,,,,,,,,,,,,,,,,,,,,,,,,,,,,,,,,,,,,,,,,,,,,,,,,,,,,,,,,,,,,,,,,,,,,,,,,,,,,,,,,,,,
C03_RD14-0003-03d1c-0.5IP-Q0.9_003.20sec.fsa,D18S51,Y,9.2,271.26,5,OL,271.96,7,11.2,278.53,8,12,281.07,9,13,285.17,10,14.2,291.33,7,16,297.04,152,17,300.98,1834,18,304.92,1669,19,308.92,14,OL,309.69,8,23,325.86,9,OL,335.58,6,OL,342.7,14,OL,343.34,12,,,,,,,,,,,,,,,,,,,,,,,,,,,,,,,,,,,,,,,,,,,,,,,,,,,,,,,,,,,,,,,,,,,,,,,,,,,,,,,,,,,,,,,,,,,,,,,,,,,,,,,,,,,,,,,,,,,,,,,,,,,,,,,,,,,,,,,,,,,,,,,,,,,,,,,,,,,,,,,,,,,,,,,,,,,,,,,,,,,,,,,,,,,,,,,,,,,,,,,,,,,,,,,,,,,,,,,,,,,,,,,,,,,,,,,,,,,,,,,,,,,,,,,,,,,,,,,
C03_RD14-0003-03d1c-0.5IP-Q0.9_003.20sec.fsa,AMEL,R,X,104.98,3599,OL,108.73,8,Y,110.86,2598,,,,,,,,,,,,,,,,,,,,,,,,,,,,,,,,,,,,,,,,,,,,,,,,,,,,,,,,,,,,,,,,,,,,,,,,,,,,,,,,,,,,,,,,,,,,,,,,,,,,,,,,,,,,,,,,,,,,,,,,,,,,,,,,,,,,,,,,,,,,,,,,,,,,,,,,,,,,,,,,,,,,,,,,,,,,,,,,,,,,,,,,,,,,,,,,,,,,,,,,,,,,,,,,,,,,,,,,,,,,,,,,,,,,,,,,,,,,,,,,,,,,,,,,,,,,,,,,,,,,,,,,,,,,,,,,,,,,,,,,,,,,,,,,,,,
C03_RD14-0003-03d1c-0.5IP-Q0.9_003.20sec.fsa,D5S818,R,OL,126.9,43,OL,127.85,47,6,128.57,46,OL,129.23,47,OL,135.98,7,OL,137.47,6,9,140.53,6,OL,143.4,6,10,144.53,10,10,145.14,11,OL,145.9,16,11,148.86,195,12,152.97,2773,13,157.09,2713,14,161.21,30,OL,163.54,10,OL,168.59,7,16,169.05,7,OL,177.2,48,,,,,,,,,,,,,,,,,,,,,,,,,,,,,,,,,,,,,,,,,,,,,,,,,,,,,,,,,,,,,,,,,,,,,,,,,,,,,,,,,,,,,,,,,,,,,,,,,,,,,,,,,,,,,,,,,,,,,,,,,,,,,,,,,,,,,,,,,,,,,,,,,,,,,,,,,,,,,,,,,,,,,,,,,,,,,,,,,,,,,,,,,,,,,,,,,,,,,,,,,,,,,,,,,,,,,,,,,,,,,,,,,,,,,,,,,,,,,,,,,,,
C03_RD14-0003-03d1c-0.5IP-Q0.9_003.20sec.fsa,FGA,R,16.2,210.38,9,OL,211.51,13,18,216.84,123,19,220.92,2721,19.2,223.28,8,20,224.73,18,OL,225.8,6,21,228.86,24,21.2,230.7,19,23,237.23,144,24,241.33,1852,25,245.48,25,OL,256.68,2,OL,260.77,12,32.2,275.9,18,OL,277.29,9,OL,285.55,8,OL,305.3,15,OL,323.18,7,OL,325.47,9,OL,330.11,10,OL,333.55,23,47.2,336.12,9,47.2,336.98,13,49.2,344.45,9,50.2,348.99,5,OL,358.08,7,OL,359.6,4,,,,,,,,,,,,,,,,,,,,,,,,,,,,,,,,,,,,,,,,,,,,,,,,,,,,,,,,,,,,,,,,,,,,,,,,,,,,,,,,,,,,,,,,,,,,,,,,,,,,,,,,,,,,,,,,,,,,,,,,,,,,,,,,,,,,,,,,,,,,,,,,,,,,,,,,,,,,,,,,,,,,,,,,,,,,,,,,,,,,,,,,,,,,,,,,,,,,,,,,,,,,,,,,,,,,,,,,
C04_RD14-0003-03d1d-0.5IP-Q2.1_003.20sec.fsa,D8S1179,B,OL,113.85,5,OL,120.07,6,OL,120.79,4,12,137.99,8,OL,139.33,6,13,141.97,108,OL,144.4,8,14,146.14,1876,15,150.26,2005,16,154.39,10,OL,159.85,5,OL,163.34,2,OL,168.95,3,OL,170.09,4,OL,174.43,3,OL,175.12,2,,,,,,,,,,,,,,,,,,,,,,,,,,,,,,,,,,,,,,,,,,,,,,,,,,,,,,,,,,,,,,,,,,,,,,,,,,,,,,,,,,,,,,,,,,,,,,,,,,,,,,,,,,,,,,,,,,,,,,,,,,,,,,,,,,,,,,,,,,,,,,,,,,,,,,,,,,,,,,,,,,,,,,,,,,,,,,,,,,,,,,,,,,,,,,,,,,,,,,,,,,,,,,,,,,,,,,,,,,,,,,,,,,,,,,,,,,,,,,,,,,,,,,,,,,,,
C04_RD14-0003-03d1d-0.5IP-Q2.1_003.20sec.fsa,D21S11,B,29,202.11,4,30.2,208.8,7,OL,209.94,3,31.2,212.62,115,32.2,216.76,1550,33.2,220.85,16,35,227.19,16,OL,229.44,3,36,231.22,18,36.2,232.7,5,37.2,237.36,4,,,,,,,,,,,,,,,,,,,,,,,,,,,,,,,,,,,,,,,,,,,,,,,,,,,,,,,,,,,,,,,,,,,,,,,,,,,,,,,,,,,,,,,,,,,,,,,,,,,,,,,,,,,,,,,,,,,,,,,,,,,,,,,,,,,,,,,,,,,,,,,,,,,,,,,,,,,,,,,,,,,,,,,,,,,,,,,,,,,,,,,,,,,,,,,,,,,,,,,,,,,,,,,,,,,,,,,,,,,,,,,,,,,,,,,,,,,,,,,,,,,,,,,,,,,,,,,,,,,,,,,,,,,
C04_RD14-0003-03d1d-0.5IP-Q2.1_003.20sec.fsa,D7S820,B,5,249.76,3,7,258.16,16,OL,259.92,3,8,262.12,710,9.2,267.64,3,10,270.17,21,11,274.2,508,14,286.18,2,OL,287.27,9,OL,291.25,3,,,,,,,,,,,,,,,,,,,,,,,,,,,,,,,,,,,,,,,,,,,,,,,,,,,,,,,,,,,,,,,,,,,,,,,,,,,,,,,,,,,,,,,,,,,,,,,,,,,,,,,,,,,,,,,,,,,,,,,,,,,,,,,,,,,,,,,,,,,,,,,,,,,,,,,,,,,,,,,,,,,,,,,,,,,,,,,,,,,,,,,,,,,,,,,,,,,,,,,,,,,,,,,,,,,,,,,,,,,,,,,,,,,,,,,,,,,,,,,,,,,,,,,,,,,,,,,,,,,,,,,,,,,,,,
C04_RD14-0003-03d1d-0.5IP-Q2.1_003.20sec.fsa,CSF1PO,B,OL,300,7,OL,303.95,4,7,306.53,18,8,310.48,607,OL,316.66,3,OL,319.92,6,11,322.69,26,12,326.76,531,OL,328.7,3,OL,332.99,19,15,338.87,3,OL,339.84,6,,,,,,,,,,,,,,,,,,,,,,,,,,,,,,,,,,,,,,,,,,,,,,,,,,,,,,,,,,,,,,,,,,,,,,,,,,,,,,,,,,,,,,,,,,,,,,,,,,,,,,,,,,,,,,,,,,,,,,,,,,,,,,,,,,,,,,,,,,,,,,,,,,,,,,,,,,,,,,,,,,,,,,,,,,,,,,,,,,,,,,,,,,,,,,,,,,,,,,,,,,,,,,,,,,,,,,,,,,,,,,,,,,,,,,,,,,,,,,,,,,,,,,,,,,,,,,,,,,,,,,,,
C04_RD14-0003-03d1d-0.5IP-Q2.1_003.20sec.fsa,D3S1358,G,OL,97.74,4,OL,103.7,5,OL,105.11,8,12,109.97,7,OL,111.07,8,13,114,29,14,118.29,19,15,122.3,206,16,126.29,2693,17,130.16,2842,18,134.06,27,,,,,,,,,,,,,,,,,,,,,,,,,,,,,,,,,,,,,,,,,,,,,,,,,,,,,,,,,,,,,,,,,,,,,,,,,,,,,,,,,,,,,,,,,,,,,,,,,,,,,,,,,,,,,,,,,,,,,,,,,,,,,,,,,,,,,,,,,,,,,,,,,,,,,,,,,,,,,,,,,,,,,,,,,,,,,,,,,,,,,,,,,,,,,,,,,,,,,,,,,,,,,,,,,,,,,,,,,,,,,,,,,,,,,,,,,,,,,,,,,,,,,,,,,,,,,,,,,,,,,,,,,,,
C04_RD14-0003-03d1d-0.5IP-Q2.1_003.20sec.fsa,TH01,G,4,159.92,7,OL,162.2,5,OL,166.75,6,7,172.61,64,8,176.64,2165,9,180.7,2238,9.3,183.34,1,OL,192.25,6,OL,195.97,5,13,196.75,5,,,,,,,,,,,,,,,,,,,,,,,,,,,,,,,,,,,,,,,,,,,,,,,,,,,,,,,,,,,,,,,,,,,,,,,,,,,,,,,,,,,,,,,,,,,,,,,,,,,,,,,,,,,,,,,,,,,,,,,,,,,,,,,,,,,,,,,,,,,,,,,,,,,,,,,,,,,,,,,,,,,,,,,,,,,,,,,,,,,,,,,,,,,,,,,,,,,,,,,,,,,,,,,,,,,,,,,,,,,,,,,,,,,,,,,,,,,,,,,,,,,,,,,,,,,,,,,,,,,,,,,,,,,,,,
C04_RD14-0003-03d1d-0.5IP-Q2.1_003.20sec.fsa,D13S317,G,OL,213.85,13,10,223.25,62,11,227.19,1568,12,231.3,1361,OL,237.51,4,14,239.77,14,OL,241.53,5,,,,,,,,,,,,,,,,,,,,,,,,,,,,,,,,,,,,,,,,,,,,,,,,,,,,,,,,,,,,,,,,,,,,,,,,,,,,,,,,,,,,,,,,,,,,,,,,,,,,,,,,,,,,,,,,,,,,,,,,,,,,,,,,,,,,,,,,,,,,,,,,,,,,,,,,,,,,,,,,,,,,,,,,,,,,,,,,,,,,,,,,,,,,,,,,,,,,,,,,,,,,,,,,,,,,,,,,,,,,,,,,,,,,,,,,,,,,,,,,,,,,,,,,,,,,,,,,,,,,,,,,,,,,,,,,,,,,,,,
C04_RD14-0003-03d1d-0.5IP-Q2.1_003.20sec.fsa,D16S539,G,OL,269.38,5,10,271.27,36,11,275.23,767,12,279.6,8,13,283.13,56,14,287.19,634,15,290.94,7,,,,,,,,,,,,,,,,,,,,,,,,,,,,,,,,,,,,,,,,,,,,,,,,,,,,,,,,,,,,,,,,,,,,,,,,,,,,,,,,,,,,,,,,,,,,,,,,,,,,,,,,,,,,,,,,,,,,,,,,,,,,,,,,,,,,,,,,,,,,,,,,,,,,,,,,,,,,,,,,,,,,,,,,,,,,,,,,,,,,,,,,,,,,,,,,,,,,,,,,,,,,,,,,,,,,,,,,,,,,,,,,,,,,,,,,,,,,,,,,,,,,,,,,,,,,,,,,,,,,,,,,,,,,,,,,,,,,,,,
C04_RD14-0003-03d1d-0.5IP-Q2.1_003.20sec.fsa,D2S1338,G,16,308.18,3,OL,315.99,5,OL,317.49,7,21,329.11,65,22,333.07,1056,24,340.98,103,25,345.07,980,,,,,,,,,,,,,,,,,,,,,,,,,,,,,,,,,,,,,,,,,,,,,,,,,,,,,,,,,,,,,,,,,,,,,,,,,,,,,,,,,,,,,,,,,,,,,,,,,,,,,,,,,,,,,,,,,,,,,,,,,,,,,,,,,,,,,,,,,,,,,,,,,,,,,,,,,,,,,,,,,,,,,,,,,,,,,,,,,,,,,,,,,,,,,,,,,,,,,,,,,,,,,,,,,,,,,,,,,,,,,,,,,,,,,,,,,,,,,,,,,,,,,,,,,,,,,,,,,,,,,,,,,,,,,,,,,,,,,,,
C04_RD14-0003-03d1d-0.5IP-Q2.1_003.20sec.fsa,D19S433,Y,10,104.07,20,11,108.13,152,11.2,109.75,6,12,112.17,2522,13,116.22,189,14,120.14,2614,OL,121.15,29,15,124.18,9,OL,125.05,6,15.2,126.29,47,16.2,130.16,57,OL,139.93,6,,,,,,,,,,,,,,,,,,,,,,,,,,,,,,,,,,,,,,,,,,,,,,,,,,,,,,,,,,,,,,,,,,,,,,,,,,,,,,,,,,,,,,,,,,,,,,,,,,,,,,,,,,,,,,,,,,,,,,,,,,,,,,,,,,,,,,,,,,,,,,,,,,,,,,,,,,,,,,,,,,,,,,,,,,,,,,,,,,,,,,,,,,,,,,,,,,,,,,,,,,,,,,,,,,,,,,,,,,,,,,,,,,,,,,,,,,,,,,,,,,,,,,,,,,,,,,,,,,,,,,,,
C04_RD14-0003-03d1d-0.5IP-Q2.1_003.20sec.fsa,vWA,Y,OL,148.66,10,OL,150.95,7,OL,152.55,14,12,155.69,11,OL,156.77,16,OL,158.92,9,13,159.92,12,OL,160.98,5,OL,162.73,9,14,164.02,117,15,168.12,1616,16,172.15,1334,17,176.64,49,18,180.7,48,18.2,182.09,6,OL,183.49,8,24,205.07,7,,,,,,,,,,,,,,,,,,,,,,,,,,,,,,,,,,,,,,,,,,,,,,,,,,,,,,,,,,,,,,,,,,,,,,,,,,,,,,,,,,,,,,,,,,,,,,,,,,,,,,,,,,,,,,,,,,,,,,,,,,,,,,,,,,,,,,,,,,,,,,,,,,,,,,,,,,,,,,,,,,,,,,,,,,,,,,,,,,,,,,,,,,,,,,,,,,,,,,,,,,,,,,,,,,,,,,,,,,,,,,,,,,,,,,,,,,,,,,,,,,,,,,,,,
C04_RD14-0003-03d1d-0.5IP-Q2.1_003.20sec.fsa,TPOX,Y,OL,214,16,OL,222.86,10,OL,230.37,6,10,236.58,48,11,240.72,1476,OL,244.09,6,,,,,,,,,,,,,,,,,,,,,,,,,,,,,,,,,,,,,,,,,,,,,,,,,,,,,,,,,,,,,,,,,,,,,,,,,,,,,,,,,,,,,,,,,,,,,,,,,,,,,,,,,,,,,,,,,,,,,,,,,,,,,,,,,,,,,,,,,,,,,,,,,,,,,,,,,,,,,,,,,,,,,,,,,,,,,,,,,,,,,,,,,,,,,,,,,,,,,,,,,,,,,,,,,,,,,,,,,,,,,,,,,,,,,,,,,,,,,,,,,,,,,,,,,,,,,,,,,,,,,,,,,,,,,,,,,,,,,,,,,,
C04_RD14-0003-03d1d-0.5IP-Q2.1_003.20sec.fsa,D18S51,Y,8,264.64,7,OL,267.01,6,OL,283.67,6,OL,284.46,6,13,285.32,6,OL,290.24,8,15,293.36,11,16,297.11,62,17,301.08,729,18,305.04,905,19.2,310.96,9,OL,316.49,5,OL,319.92,9,OL,328.62,7,OL,339.92,10,,,,,,,,,,,,,,,,,,,,,,,,,,,,,,,,,,,,,,,,,,,,,,,,,,,,,,,,,,,,,,,,,,,,,,,,,,,,,,,,,,,,,,,,,,,,,,,,,,,,,,,,,,,,,,,,,,,,,,,,,,,,,,,,,,,,,,,,,,,,,,,,,,,,,,,,,,,,,,,,,,,,,,,,,,,,,,,,,,,,,,,,,,,,,,,,,,,,,,,,,,,,,,,,,,,,,,,,,,,,,,,,,,,,,,,,,,,,,,,,,,,,,,,,,,,,,,,
C04_RD14-0003-03d1d-0.5IP-Q2.1_003.20sec.fsa,AMEL,R,X,104.88,2281,OL,106.21,66,OL,107.39,8,Y,110.77,2675,,,,,,,,,,,,,,,,,,,,,,,,,,,,,,,,,,,,,,,,,,,,,,,,,,,,,,,,,,,,,,,,,,,,,,,,,,,,,,,,,,,,,,,,,,,,,,,,,,,,,,,,,,,,,,,,,,,,,,,,,,,,,,,,,,,,,,,,,,,,,,,,,,,,,,,,,,,,,,,,,,,,,,,,,,,,,,,,,,,,,,,,,,,,,,,,,,,,,,,,,,,,,,,,,,,,,,,,,,,,,,,,,,,,,,,,,,,,,,,,,,,,,,,,,,,,,,,,,,,,,,,,,,,,,,,,,,,,,,,,,,,,,,,,
C04_RD14-0003-03d1d-0.5IP-Q2.1_003.20sec.fsa,D5S818,R,OL,126.8,43,OL,127.6,44,6,128.25,41,6,129.06,44,OL,129.5,45,11,148.89,89,12,153.01,1663,13,157.08,1649,14,161.21,19,OL,164.25,11,OL,166.37,4,OL,172.53,13,OL,177.48,40,,,,,,,,,,,,,,,,,,,,,,,,,,,,,,,,,,,,,,,,,,,,,,,,,,,,,,,,,,,,,,,,,,,,,,,,,,,,,,,,,,,,,,,,,,,,,,,,,,,,,,,,,,,,,,,,,,,,,,,,,,,,,,,,,,,,,,,,,,,,,,,,,,,,,,,,,,,,,,,,,,,,,,,,,,,,,,,,,,,,,,,,,,,,,,,,,,,,,,,,,,,,,,,,,,,,,,,,,,,,,,,,,,,,,,,,,,,,,,,,,,,,,,,,,,,,,,,,,,,,,
C04_RD14-0003-03d1d-0.5IP-Q2.1_003.20sec.fsa,FGA,R,16.2,210.86,8,17,213.23,9,OL,215.42,10,18,216.84,60,19,221,1352,20,224.72,6,OL,227.81,21,OL,228.43,20,21,228.97,19,OL,230.14,18,21.2,230.76,21,OL,234.64,7,23,237.2,133,24,241.29,1426,OL,260.79,12,OL,264.17,9,33.2,279.44,9,OL,289.85,7,OL,293.83,9,OL,308.26,6,OL,308.97,6,OL,310.48,13,OL,331.13,6,OL,335.41,6,49.2,344.66,15,OL,355.73,7,OL,356.71,4,OL,358.52,4,,,,,,,,,,,,,,,,,,,,,,,,,,,,,,,,,,,,,,,,,,,,,,,,,,,,,,,,,,,,,,,,,,,,,,,,,,,,,,,,,,,,,,,,,,,,,,,,,,,,,,,,,,,,,,,,,,,,,,,,,,,,,,,,,,,,,,,,,,,,,,,,,,,,,,,,,,,,,,,,,,,,,,,,,,,,,,,,,,,,,,,,,,,,,,,,,,,,,,,,,,,,,,,,,,,,,,,,
C06_RD14-0003-03d3e-0.02IP-Q2.5_003.20sec.fsa,D8S1179,B,OL,118.9,6,OL,120.67,7,OL,124.25,7,OL,130.98,8,OL,139.38,5,OL,142.76,13,OL,143.94,16,15,150.27,60,OL,155.53,1,OL,159.76,3,OL,162.04,6,OL,164,5,OL,164.95,2,OL,166.12,4,20,170.85,2,,,,,,,,,,,,,,,,,,,,,,,,,,,,,,,,,,,,,,,,,,,,,,,,,,,,,,,,,,,,,,,,,,,,,,,,,,,,,,,,,,,,,,,,,,,,,,,,,,,,,,,,,,,,,,,,,,,,,,,,,,,,,,,,,,,,,,,,,,,,,,,,,,,,,,,,,,,,,,,,,,,,,,,,,,,,,,,,,,,,,,,,,,,,,,,,,,,,,,,,,,,,,,,,,,,,,,,,,,,,,,,,,,,,,,,,,,,,,,,,,,,,,,,,,,,,,,,
C06_RD14-0003-03d3e-0.02IP-Q2.5_003.20sec.fsa,D21S11,B,23.2,179.92,7,OL,183.06,3,OL,187.82,4,OL,189.76,4,OL,193.39,4,28,198.71,5,OL,200,6,29.2,204.87,5,30.2,208.27,3,OL,209.46,9,OL,215.48,4,32.2,216.79,28,OL,226.31,3,OL,239.84,7,,,,,,,,,,,,,,,,,,,,,,,,,,,,,,,,,,,,,,,,,,,,,,,,,,,,,,,,,,,,,,,,,,,,,,,,,,,,,,,,,,,,,,,,,,,,,,,,,,,,,,,,,,,,,,,,,,,,,,,,,,,,,,,,,,,,,,,,,,,,,,,,,,,,,,,,,,,,,,,,,,,,,,,,,,,,,,,,,,,,,,,,,,,,,,,,,,,,,,,,,,,,,,,,,,,,,,,,,,,,,,,,,,,,,,,,,,,,,,,,,,,,,,,,,,,,,,,,,,
C06_RD14-0003-03d3e-0.02IP-Q2.5_003.20sec.fsa,D7S820,B,7,257.77,3,OL,259.84,6,8,262.2,6,10,269.72,3,11,274.16,20,OL,275.55,2,OL,277.2,4,12,278.52,4,OL,280,9,OL,281.47,4,,,,,,,,,,,,,,,,,,,,,,,,,,,,,,,,,,,,,,,,,,,,,,,,,,,,,,,,,,,,,,,,,,,,,,,,,,,,,,,,,,,,,,,,,,,,,,,,,,,,,,,,,,,,,,,,,,,,,,,,,,,,,,,,,,,,,,,,,,,,,,,,,,,,,,,,,,,,,,,,,,,,,,,,,,,,,,,,,,,,,,,,,,,,,,,,,,,,,,,,,,,,,,,,,,,,,,,,,,,,,,,,,,,,,,,,,,,,,,,,,,,,,,,,,,,,,,,,,,,,,,,,,,,,,,
C06_RD14-0003-03d3e-0.02IP-Q2.5_003.20sec.fsa,CSF1PO,B,5,298.7,5,OL,299.92,8,OL,303.99,4,OL,305.12,5,OL,307.63,2,8,310.42,27,OL,316.99,3,OL,320.09,7,11,322.46,8,OL,324.58,3,13,330.63,5,OL,332.3,4,14,334.55,4,OL,339.84,6,,,,,,,,,,,,,,,,,,,,,,,,,,,,,,,,,,,,,,,,,,,,,,,,,,,,,,,,,,,,,,,,,,,,,,,,,,,,,,,,,,,,,,,,,,,,,,,,,,,,,,,,,,,,,,,,,,,,,,,,,,,,,,,,,,,,,,,,,,,,,,,,,,,,,,,,,,,,,,,,,,,,,,,,,,,,,,,,,,,,,,,,,,,,,,,,,,,,,,,,,,,,,,,,,,,,,,,,,,,,,,,,,,,,,,,,,,,,,,,,,,,,,,,,,,,,,,,,,,
C06_RD14-0003-03d3e-0.02IP-Q2.5_003.20sec.fsa,D3S1358,G,OL,107.87,5,OL,109.24,7,12,110,11,OL,113.85,28,OL,120,7,15,122.38,17,15.2,124.25,8,16,126.28,110,17,130.14,68,19,138.83,6,OL,139.92,9,OL,143.86,5,,,,,,,,,,,,,,,,,,,,,,,,,,,,,,,,,,,,,,,,,,,,,,,,,,,,,,,,,,,,,,,,,,,,,,,,,,,,,,,,,,,,,,,,,,,,,,,,,,,,,,,,,,,,,,,,,,,,,,,,,,,,,,,,,,,,,,,,,,,,,,,,,,,,,,,,,,,,,,,,,,,,,,,,,,,,,,,,,,,,,,,,,,,,,,,,,,,,,,,,,,,,,,,,,,,,,,,,,,,,,,,,,,,,,,,,,,,,,,,,,,,,,,,,,,,,,,,,,,,,,,,,
C06_RD14-0003-03d3e-0.02IP-Q2.5_003.20sec.fsa,TH01,G,4,159.92,7,8,176.84,11,8.3,179.53,6,9,180.81,117,OL,188.22,5,OL,191.29,5,OL,194.6,6,OL,195.81,5,OL,201.1,5,,,,,,,,,,,,,,,,,,,,,,,,,,,,,,,,,,,,,,,,,,,,,,,,,,,,,,,,,,,,,,,,,,,,,,,,,,,,,,,,,,,,,,,,,,,,,,,,,,,,,,,,,,,,,,,,,,,,,,,,,,,,,,,,,,,,,,,,,,,,,,,,,,,,,,,,,,,,,,,,,,,,,,,,,,,,,,,,,,,,,,,,,,,,,,,,,,,,,,,,,,,,,,,,,,,,,,,,,,,,,,,,,,,,,,,,,,,,,,,,,,,,,,,,,,,,,,,,,,,,,,,,,,,,,,,,,
C06_RD14-0003-03d3e-0.02IP-Q2.5_003.20sec.fsa,D13S317,G,OL,209.62,9,OL,212.09,4,OL,214,9,OL,218.43,7,9,219.75,7,11,227.2,89,OL,236.11,9,OL,246.37,2,,,,,,,,,,,,,,,,,,,,,,,,,,,,,,,,,,,,,,,,,,,,,,,,,,,,,,,,,,,,,,,,,,,,,,,,,,,,,,,,,,,,,,,,,,,,,,,,,,,,,,,,,,,,,,,,,,,,,,,,,,,,,,,,,,,,,,,,,,,,,,,,,,,,,,,,,,,,,,,,,,,,,,,,,,,,,,,,,,,,,,,,,,,,,,,,,,,,,,,,,,,,,,,,,,,,,,,,,,,,,,,,,,,,,,,,,,,,,,,,,,,,,,,,,,,,,,,,,,,,,,,,,,,,,,,,,,,,
C06_RD14-0003-03d3e-0.02IP-Q2.5_003.20sec.fsa,D16S539,G,OL,265.14,4,OL,273.01,4,OL,274.48,5,OL,294.32,7,16,294.88,5,,,,,,,,,,,,,,,,,,,,,,,,,,,,,,,,,,,,,,,,,,,,,,,,,,,,,,,,,,,,,,,,,,,,,,,,,,,,,,,,,,,,,,,,,,,,,,,,,,,,,,,,,,,,,,,,,,,,,,,,,,,,,,,,,,,,,,,,,,,,,,,,,,,,,,,,,,,,,,,,,,,,,,,,,,,,,,,,,,,,,,,,,,,,,,,,,,,,,,,,,,,,,,,,,,,,,,,,,,,,,,,,,,,,,,,,,,,,,,,,,,,,,,,,,,,,,,,,,,,,,,,,,,,,,,,,,,,,,,,,,,,,,
C06_RD14-0003-03d3e-0.02IP-Q2.5_003.20sec.fsa,D2S1338,G,OL,310.92,5,OL,314,9,OL,315.49,5,OL,320.09,7,OL,322.21,9,OL,331.13,6,22,333.13,65,OL,340,10,OL,347.61,5,26,348.71,4,OL,358.22,6,OL,359.83,10,OL,365.07,7,,,,,,,,,,,,,,,,,,,,,,,,,,,,,,,,,,,,,,,,,,,,,,,,,,,,,,,,,,,,,,,,,,,,,,,,,,,,,,,,,,,,,,,,,,,,,,,,,,,,,,,,,,,,,,,,,,,,,,,,,,,,,,,,,,,,,,,,,,,,,,,,,,,,,,,,,,,,,,,,,,,,,,,,,,,,,,,,,,,,,,,,,,,,,,,,,,,,,,,,,,,,,,,,,,,,,,,,,,,,,,,,,,,,,,,,,,,,,,,,,,,,,,,,,,,,,,,,,,,,,
C06_RD14-0003-03d3e-0.02IP-Q2.5_003.20sec.fsa,D19S433,Y,9,99.85,13,10.2,105.59,5,OL,106.58,6,12,112.27,57,13,116.34,18,14,120.15,155,15.2,126.28,7,OL,140,10,,,,,,,,,,,,,,,,,,,,,,,,,,,,,,,,,,,,,,,,,,,,,,,,,,,,,,,,,,,,,,,,,,,,,,,,,,,,,,,,,,,,,,,,,,,,,,,,,,,,,,,,,,,,,,,,,,,,,,,,,,,,,,,,,,,,,,,,,,,,,,,,,,,,,,,,,,,,,,,,,,,,,,,,,,,,,,,,,,,,,,,,,,,,,,,,,,,,,,,,,,,,,,,,,,,,,,,,,,,,,,,,,,,,,,,,,,,,,,,,,,,,,,,,,,,,,,,,,,,,,,,,,,,,,,,,,,,,
C06_RD14-0003-03d3e-0.02IP-Q2.5_003.20sec.fsa,vWA,Y,OL,153.77,7,OL,154.57,8,12,155.53,8,OL,163.14,7,16,171.87,7,OL,174.39,5,OL,178.97,14,OL,183.87,4,OL,201.18,9,,,,,,,,,,,,,,,,,,,,,,,,,,,,,,,,,,,,,,,,,,,,,,,,,,,,,,,,,,,,,,,,,,,,,,,,,,,,,,,,,,,,,,,,,,,,,,,,,,,,,,,,,,,,,,,,,,,,,,,,,,,,,,,,,,,,,,,,,,,,,,,,,,,,,,,,,,,,,,,,,,,,,,,,,,,,,,,,,,,,,,,,,,,,,,,,,,,,,,,,,,,,,,,,,,,,,,,,,,,,,,,,,,,,,,,,,,,,,,,,,,,,,,,,,,,,,,,,,,,,,,,,,,,,,,,,,
C06_RD14-0003-03d3e-0.02IP-Q2.5_003.20sec.fsa,TPOX,Y,OL,213.92,11,5,216.54,8,6,220.73,4,OL,223.4,10,7,224.69,8,OL,231.9,7,11,240.83,23,OL,243.48,8,13,248.85,6,,,,,,,,,,,,,,,,,,,,,,,,,,,,,,,,,,,,,,,,,,,,,,,,,,,,,,,,,,,,,,,,,,,,,,,,,,,,,,,,,,,,,,,,,,,,,,,,,,,,,,,,,,,,,,,,,,,,,,,,,,,,,,,,,,,,,,,,,,,,,,,,,,,,,,,,,,,,,,,,,,,,,,,,,,,,,,,,,,,,,,,,,,,,,,,,,,,,,,,,,,,,,,,,,,,,,,,,,,,,,,,,,,,,,,,,,,,,,,,,,,,,,,,,,,,,,,,,,,,,,,,,,,,,,,,,,
C06_RD14-0003-03d3e-0.02IP-Q2.5_003.20sec.fsa,D18S51,Y,8,265.06,9,OL,269.81,5,10,273.17,6,OL,277.69,7,OL,279.92,11,12,280.9,9,OL,282.52,12,OL,290.25,7,OL,293.67,9,18,305.12,42,20,313.33,7,22,321.19,12,22.2,323.99,6,OL,325.09,10,OL,339.84,10,OL,345.75,7,,,,,,,,,,,,,,,,,,,,,,,,,,,,,,,,,,,,,,,,,,,,,,,,,,,,,,,,,,,,,,,,,,,,,,,,,,,,,,,,,,,,,,,,,,,,,,,,,,,,,,,,,,,,,,,,,,,,,,,,,,,,,,,,,,,,,,,,,,,,,,,,,,,,,,,,,,,,,,,,,,,,,,,,,,,,,,,,,,,,,,,,,,,,,,,,,,,,,,,,,,,,,,,,,,,,,,,,,,,,,,,,,,,,,,,,,,,,,,,,,,,,,,,,,,,,
C06_RD14-0003-03d3e-0.02IP-Q2.5_003.20sec.fsa,AMEL,R,X,104.9,19,OL,106.88,18,Y,110.83,127,,,,,,,,,,,,,,,,,,,,,,,,,,,,,,,,,,,,,,,,,,,,,,,,,,,,,,,,,,,,,,,,,,,,,,,,,,,,,,,,,,,,,,,,,,,,,,,,,,,,,,,,,,,,,,,,,,,,,,,,,,,,,,,,,,,,,,,,,,,,,,,,,,,,,,,,,,,,,,,,,,,,,,,,,,,,,,,,,,,,,,,,,,,,,,,,,,,,,,,,,,,,,,,,,,,,,,,,,,,,,,,,,,,,,,,,,,,,,,,,,,,,,,,,,,,,,,,,,,,,,,,,,,,,,,,,,,,,,,,,,,,,,,,,,,,
C06_RD14-0003-03d3e-0.02IP-Q2.5_003.20sec.fsa,D5S818,R,OL,131.89,8,OL,135.96,6,OL,138.99,7,9,140.55,9,OL,141.34,10,OL,142.21,7,OL,145.84,6,OL,151.23,14,12,152.98,27,13,157.12,90,OL,165.97,7,16,169.35,8,OL,172.5,10,OL,173.92,6,,,,,,,,,,,,,,,,,,,,,,,,,,,,,,,,,,,,,,,,,,,,,,,,,,,,,,,,,,,,,,,,,,,,,,,,,,,,,,,,,,,,,,,,,,,,,,,,,,,,,,,,,,,,,,,,,,,,,,,,,,,,,,,,,,,,,,,,,,,,,,,,,,,,,,,,,,,,,,,,,,,,,,,,,,,,,,,,,,,,,,,,,,,,,,,,,,,,,,,,,,,,,,,,,,,,,,,,,,,,,,,,,,,,,,,,,,,,,,,,,,,,,,,,,,,,,,,,,,
C06_RD14-0003-03d3e-0.02IP-Q2.5_003.20sec.fsa,FGA,R,16,208.43,13,17.2,214.41,13,OL,220.49,15,OL,224.53,7,20.2,226.88,10,23.2,238.87,12,OL,243.98,7,26.2,252.09,9,27,253.13,8,27,253.85,9,OL,260.81,10,OL,297.4,8,OL,307.47,5,OL,314.88,6,42.2,316.2,9,OL,325.42,7,OL,329.79,8,46.2,332.55,6,47.2,336.12,7,,,,,,,,,,,,,,,,,,,,,,,,,,,,,,,,,,,,,,,,,,,,,,,,,,,,,,,,,,,,,,,,,,,,,,,,,,,,,,,,,,,,,,,,,,,,,,,,,,,,,,,,,,,,,,,,,,,,,,,,,,,,,,,,,,,,,,,,,,,,,,,,,,,,,,,,,,,,,,,,,,,,,,,,,,,,,,,,,,,,,,,,,,,,,,,,,,,,,,,,,,,,,,,,,,,,,,,,,,,,,,,,,,,,,,,,,,,,,,,,,,,
C08_RD14-0003-04d3b-0.0313IP-Q1.2_003.20sec.fsa,D8S1179,B,OL,113.85,4,OL,119.93,7,OL,121.06,6,OL,126.42,5,10,129.75,4,OL,132.56,6,OL,138.88,4,13,142.02,59,OL,143.31,15,14,146.15,158,OL,149.25,4,15,150.55,4,OL,152.6,5,OL,174.59,8,,,,,,,,,,,,,,,,,,,,,,,,,,,,,,,,,,,,,,,,,,,,,,,,,,,,,,,,,,,,,,,,,,,,,,,,,,,,,,,,,,,,,,,,,,,,,,,,,,,,,,,,,,,,,,,,,,,,,,,,,,,,,,,,,,,,,,,,,,,,,,,,,,,,,,,,,,,,,,,,,,,,,,,,,,,,,,,,,,,,,,,,,,,,,,,,,,,,,,,,,,,,,,,,,,,,,,,,,,,,,,,,,,,,,,,,,,,,,,,,,,,,,,,,,,,,,,,,,,
C08_RD14-0003-04d3b-0.0313IP-Q1.2_003.20sec.fsa,D21S11,B,OL,181.25,5,27,194.66,11,28,198.75,228,30,206.73,24,31.2,212.59,3,,,,,,,,,,,,,,,,,,,,,,,,,,,,,,,,,,,,,,,,,,,,,,,,,,,,,,,,,,,,,,,,,,,,,,,,,,,,,,,,,,,,,,,,,,,,,,,,,,,,,,,,,,,,,,,,,,,,,,,,,,,,,,,,,,,,,,,,,,,,,,,,,,,,,,,,,,,,,,,,,,,,,,,,,,,,,,,,,,,,,,,,,,,,,,,,,,,,,,,,,,,,,,,,,,,,,,,,,,,,,,,,,,,,,,,,,,,,,,,,,,,,,,,,,,,,,,,,,,,,,,,,,,,,,,,,,,,,,,,,,,,,,
C08_RD14-0003-04d3b-0.0313IP-Q1.2_003.20sec.fsa,D7S820,B,OL,251,3,7,257.76,4,OL,259.92,7,8,262.05,13,9,266.16,408,OL,279.91,5,OL,293.13,5,,,,,,,,,,,,,,,,,,,,,,,,,,,,,,,,,,,,,,,,,,,,,,,,,,,,,,,,,,,,,,,,,,,,,,,,,,,,,,,,,,,,,,,,,,,,,,,,,,,,,,,,,,,,,,,,,,,,,,,,,,,,,,,,,,,,,,,,,,,,,,,,,,,,,,,,,,,,,,,,,,,,,,,,,,,,,,,,,,,,,,,,,,,,,,,,,,,,,,,,,,,,,,,,,,,,,,,,,,,,,,,,,,,,,,,,,,,,,,,,,,,,,,,,,,,,,,,,,,,,,,,,,,,,,,,,,,,,,,,
C08_RD14-0003-04d3b-0.0313IP-Q1.2_003.20sec.fsa,CSF1PO,B,9,314.09,5,OL,315.56,5,10.2,320.18,4,11,322.96,12,12,326.9,244,OL,328.5,3,OL,329.21,4,OL,335.95,3,OL,339.91,6,,,,,,,,,,,,,,,,,,,,,,,,,,,,,,,,,,,,,,,,,,,,,,,,,,,,,,,,,,,,,,,,,,,,,,,,,,,,,,,,,,,,,,,,,,,,,,,,,,,,,,,,,,,,,,,,,,,,,,,,,,,,,,,,,,,,,,,,,,,,,,,,,,,,,,,,,,,,,,,,,,,,,,,,,,,,,,,,,,,,,,,,,,,,,,,,,,,,,,,,,,,,,,,,,,,,,,,,,,,,,,,,,,,,,,,,,,,,,,,,,,,,,,,,,,,,,,,,,,,,,,,,,,,,,,,,,
C08_RD14-0003-04d3b-0.0313IP-Q1.2_003.20sec.fsa,D3S1358,G,OL,96.83,9,OL,97.99,6,OL,99.69,6,OL,101.66,5,OL,102.68,7,OL,107.54,4,OL,113.92,31,14,118.13,10,15,122.13,196,16,126.27,141,17,130.84,19,17.2,132.33,6,,,,,,,,,,,,,,,,,,,,,,,,,,,,,,,,,,,,,,,,,,,,,,,,,,,,,,,,,,,,,,,,,,,,,,,,,,,,,,,,,,,,,,,,,,,,,,,,,,,,,,,,,,,,,,,,,,,,,,,,,,,,,,,,,,,,,,,,,,,,,,,,,,,,,,,,,,,,,,,,,,,,,,,,,,,,,,,,,,,,,,,,,,,,,,,,,,,,,,,,,,,,,,,,,,,,,,,,,,,,,,,,,,,,,,,,,,,,,,,,,,,,,,,,,,,,,,,,,,,,,,,,
C08_RD14-0003-04d3b-0.0313IP-Q1.2_003.20sec.fsa,TH01,G,5,164.88,10,5.3,167.24,4,7,172.79,11,OL,174.43,7,8,176.72,450,8.3,180,10,OL,181.5,7,OL,182.25,12,OL,189.91,4,OL,192.08,6,OL,195.74,6,13.3,199.83,8,,,,,,,,,,,,,,,,,,,,,,,,,,,,,,,,,,,,,,,,,,,,,,,,,,,,,,,,,,,,,,,,,,,,,,,,,,,,,,,,,,,,,,,,,,,,,,,,,,,,,,,,,,,,,,,,,,,,,,,,,,,,,,,,,,,,,,,,,,,,,,,,,,,,,,,,,,,,,,,,,,,,,,,,,,,,,,,,,,,,,,,,,,,,,,,,,,,,,,,,,,,,,,,,,,,,,,,,,,,,,,,,,,,,,,,,,,,,,,,,,,,,,,,,,,,,,,,,,,,,,,,,
C08_RD14-0003-04d3b-0.0313IP-Q1.2_003.20sec.fsa,D13S317,G,OL,205.74,5,OL,217.63,7,10,223.18,13,11,227.13,279,12,231.18,116,OL,244.62,6,,,,,,,,,,,,,,,,,,,,,,,,,,,,,,,,,,,,,,,,,,,,,,,,,,,,,,,,,,,,,,,,,,,,,,,,,,,,,,,,,,,,,,,,,,,,,,,,,,,,,,,,,,,,,,,,,,,,,,,,,,,,,,,,,,,,,,,,,,,,,,,,,,,,,,,,,,,,,,,,,,,,,,,,,,,,,,,,,,,,,,,,,,,,,,,,,,,,,,,,,,,,,,,,,,,,,,,,,,,,,,,,,,,,,,,,,,,,,,,,,,,,,,,,,,,,,,,,,,,,,,,,,,,,,,,,,,,,,,,,,,
C08_RD14-0003-04d3b-0.0313IP-Q1.2_003.20sec.fsa,D16S539,G,OL,250.25,4,OL,253.85,9,OL,254.51,8,OL,266.25,6,OL,269.09,4,10,271.16,18,11,275.22,354,12.2,281.2,3,OL,283.95,6,OL,289.01,9,OL,294.33,5,,,,,,,,,,,,,,,,,,,,,,,,,,,,,,,,,,,,,,,,,,,,,,,,,,,,,,,,,,,,,,,,,,,,,,,,,,,,,,,,,,,,,,,,,,,,,,,,,,,,,,,,,,,,,,,,,,,,,,,,,,,,,,,,,,,,,,,,,,,,,,,,,,,,,,,,,,,,,,,,,,,,,,,,,,,,,,,,,,,,,,,,,,,,,,,,,,,,,,,,,,,,,,,,,,,,,,,,,,,,,,,,,,,,,,,,,,,,,,,,,,,,,,,,,,,,,,,,,,,,,,,,,,,
C08_RD14-0003-04d3b-0.0313IP-Q1.2_003.20sec.fsa,D2S1338,G,15,304.93,6,OL,305.71,9,OL,306.83,9,OL,313.91,10,18,317.04,7,21,329.21,66,OL,338.15,4,24,341.35,9,25,345.21,64,OL,351.88,7,OL,360,12,,,,,,,,,,,,,,,,,,,,,,,,,,,,,,,,,,,,,,,,,,,,,,,,,,,,,,,,,,,,,,,,,,,,,,,,,,,,,,,,,,,,,,,,,,,,,,,,,,,,,,,,,,,,,,,,,,,,,,,,,,,,,,,,,,,,,,,,,,,,,,,,,,,,,,,,,,,,,,,,,,,,,,,,,,,,,,,,,,,,,,,,,,,,,,,,,,,,,,,,,,,,,,,,,,,,,,,,,,,,,,,,,,,,,,,,,,,,,,,,,,,,,,,,,,,,,,,,,,,,,,,,,,,
C08_RD14-0003-04d3b-0.0313IP-Q1.2_003.20sec.fsa,D19S433,Y,OL,98.84,5,9.2,101.42,7,OL,102.99,9,OL,107.31,9,OL,109.34,10,11.2,110.27,21,12.2,114.38,195,14,120.08,14,15,124.12,137,OL,132.72,8,,,,,,,,,,,,,,,,,,,,,,,,,,,,,,,,,,,,,,,,,,,,,,,,,,,,,,,,,,,,,,,,,,,,,,,,,,,,,,,,,,,,,,,,,,,,,,,,,,,,,,,,,,,,,,,,,,,,,,,,,,,,,,,,,,,,,,,,,,,,,,,,,,,,,,,,,,,,,,,,,,,,,,,,,,,,,,,,,,,,,,,,,,,,,,,,,,,,,,,,,,,,,,,,,,,,,,,,,,,,,,,,,,,,,,,,,,,,,,,,,,,,,,,,,,,,,,,,,,,,,,,,,,,,,,
C08_RD14-0003-04d3b-0.0313IP-Q1.2_003.20sec.fsa,vWA,Y,OL,149.57,5,OL,152.76,6,OL,163.66,10,OL,170.91,10,16,172.22,214,19,184.41,137,20,188.49,7,,,,,,,,,,,,,,,,,,,,,,,,,,,,,,,,,,,,,,,,,,,,,,,,,,,,,,,,,,,,,,,,,,,,,,,,,,,,,,,,,,,,,,,,,,,,,,,,,,,,,,,,,,,,,,,,,,,,,,,,,,,,,,,,,,,,,,,,,,,,,,,,,,,,,,,,,,,,,,,,,,,,,,,,,,,,,,,,,,,,,,,,,,,,,,,,,,,,,,,,,,,,,,,,,,,,,,,,,,,,,,,,,,,,,,,,,,,,,,,,,,,,,,,,,,,,,,,,,,,,,,,,,,,,,,,,,,,,,,,
C08_RD14-0003-04d3b-0.0313IP-Q1.2_003.20sec.fsa,TPOX,Y,5,216.95,6,OL,219.83,13,OL,227.13,10,OL,230.75,7,OL,234.56,5,10,236.77,60,11,240.79,45,,,,,,,,,,,,,,,,,,,,,,,,,,,,,,,,,,,,,,,,,,,,,,,,,,,,,,,,,,,,,,,,,,,,,,,,,,,,,,,,,,,,,,,,,,,,,,,,,,,,,,,,,,,,,,,,,,,,,,,,,,,,,,,,,,,,,,,,,,,,,,,,,,,,,,,,,,,,,,,,,,,,,,,,,,,,,,,,,,,,,,,,,,,,,,,,,,,,,,,,,,,,,,,,,,,,,,,,,,,,,,,,,,,,,,,,,,,,,,,,,,,,,,,,,,,,,,,,,,,,,,,,,,,,,,,,,,,,,,,
C08_RD14-0003-04d3b-0.0313IP-Q1.2_003.20sec.fsa,D18S51,Y,11,277.39,11,12,281.29,9,OL,287.64,11,15,293.21,50,16,297.17,10,17,301.18,72,19,308.99,8,OL,336.57,7,OL,340,10,OL,343.77,9,,,,,,,,,,,,,,,,,,,,,,,,,,,,,,,,,,,,,,,,,,,,,,,,,,,,,,,,,,,,,,,,,,,,,,,,,,,,,,,,,,,,,,,,,,,,,,,,,,,,,,,,,,,,,,,,,,,,,,,,,,,,,,,,,,,,,,,,,,,,,,,,,,,,,,,,,,,,,,,,,,,,,,,,,,,,,,,,,,,,,,,,,,,,,,,,,,,,,,,,,,,,,,,,,,,,,,,,,,,,,,,,,,,,,,,,,,,,,,,,,,,,,,,,,,,,,,,,,,,,,,,,,,,,,,
C08_RD14-0003-04d3b-0.0313IP-Q1.2_003.20sec.fsa,AMEL,R,X,104.88,212,OL,105.98,13,OL,107.85,5,Y,110.82,113,,,,,,,,,,,,,,,,,,,,,,,,,,,,,,,,,,,,,,,,,,,,,,,,,,,,,,,,,,,,,,,,,,,,,,,,,,,,,,,,,,,,,,,,,,,,,,,,,,,,,,,,,,,,,,,,,,,,,,,,,,,,,,,,,,,,,,,,,,,,,,,,,,,,,,,,,,,,,,,,,,,,,,,,,,,,,,,,,,,,,,,,,,,,,,,,,,,,,,,,,,,,,,,,,,,,,,,,,,,,,,,,,,,,,,,,,,,,,,,,,,,,,,,,,,,,,,,,,,,,,,,,,,,,,,,,,,,,,,,,,,,,,,,,
C08_RD14-0003-04d3b-0.0313IP-Q1.2_003.20sec.fsa,D5S818,R,7,132.41,9,8,136.58,5,OL,138.25,9,10,144.77,19,11,148.84,300,12,153.01,179,14,160.89,8,OL,175.74,6,,,,,,,,,,,,,,,,,,,,,,,,,,,,,,,,,,,,,,,,,,,,,,,,,,,,,,,,,,,,,,,,,,,,,,,,,,,,,,,,,,,,,,,,,,,,,,,,,,,,,,,,,,,,,,,,,,,,,,,,,,,,,,,,,,,,,,,,,,,,,,,,,,,,,,,,,,,,,,,,,,,,,,,,,,,,,,,,,,,,,,,,,,,,,,,,,,,,,,,,,,,,,,,,,,,,,,,,,,,,,,,,,,,,,,,,,,,,,,,,,,,,,,,,,,,,,,,,,,,,,,,,,,,,,,,,,,,,
C08_RD14-0003-04d3b-0.0313IP-Q1.2_003.20sec.fsa,FGA,R,OL,206.65,4,17.2,215.1,7,18.2,219.24,8,19,221.42,8,OL,223.77,4,20,224.94,44,OL,227.97,10,OL,240.61,12,24,241.66,8,OL,244.97,9,25,245.93,7,OL,254.85,8,OL,270.9,7,OL,278.78,13,OL,292.87,10,OL,300.51,10,OL,304.25,7,43.2,320.63,7,OL,321.26,7,OL,323.77,8,45.2,328.59,8,OL,331.26,6,OL,338.77,11,OL,341.89,9,OL,355.21,8,,,,,,,,,,,,,,,,,,,,,,,,,,,,,,,,,,,,,,,,,,,,,,,,,,,,,,,,,,,,,,,,,,,,,,,,,,,,,,,,,,,,,,,,,,,,,,,,,,,,,,,,,,,,,,,,,,,,,,,,,,,,,,,,,,,,,,,,,,,,,,,,,,,,,,,,,,,,,,,,,,,,,,,,,,,,,,,,,,,,,,,,,,,,,,,,,,,,,,,,,,,,,,,,,,,,,,,,,,,,,,,,,
C09_RD14-0003-04d3c-0.0313IP-Q1.7_003.20sec.fsa,D8S1179,B,OL,122.22,13,OL,122.79,13,OL,131.57,3,13,142.03,73,14,146.18,170,OL,153.22,6,16,154.06,4,OL,158.02,6,OL,160.75,4,19,166.76,4,OL,167.74,7,OL,171.42,4,,,,,,,,,,,,,,,,,,,,,,,,,,,,,,,,,,,,,,,,,,,,,,,,,,,,,,,,,,,,,,,,,,,,,,,,,,,,,,,,,,,,,,,,,,,,,,,,,,,,,,,,,,,,,,,,,,,,,,,,,,,,,,,,,,,,,,,,,,,,,,,,,,,,,,,,,,,,,,,,,,,,,,,,,,,,,,,,,,,,,,,,,,,,,,,,,,,,,,,,,,,,,,,,,,,,,,,,,,,,,,,,,,,,,,,,,,,,,,,,,,,,,,,,,,,,,,,,,,,,,,,,
C09_RD14-0003-04d3c-0.0313IP-Q1.7_003.20sec.fsa,D21S11,B,23.2,180,7,OL,182.83,4,28,198.71,49,OL,200,9,OL,201.41,6,30,206.68,69,OL,214,6,32.2,216.46,4,OL,221.75,5,34,222.51,3,OL,238.25,4,38,239.16,4,,,,,,,,,,,,,,,,,,,,,,,,,,,,,,,,,,,,,,,,,,,,,,,,,,,,,,,,,,,,,,,,,,,,,,,,,,,,,,,,,,,,,,,,,,,,,,,,,,,,,,,,,,,,,,,,,,,,,,,,,,,,,,,,,,,,,,,,,,,,,,,,,,,,,,,,,,,,,,,,,,,,,,,,,,,,,,,,,,,,,,,,,,,,,,,,,,,,,,,,,,,,,,,,,,,,,,,,,,,,,,,,,,,,,,,,,,,,,,,,,,,,,,,,,,,,,,,,,,,,,,,,
C09_RD14-0003-04d3c-0.0313IP-Q1.7_003.20sec.fsa,D7S820,B,OL,248.3,1,OL,256.13,3,OL,259.03,3,8,262.05,9,9,266.16,202,11,274.03,3,OL,277.32,4,14,285.97,5,OL,293.14,5,,,,,,,,,,,,,,,,,,,,,,,,,,,,,,,,,,,,,,,,,,,,,,,,,,,,,,,,,,,,,,,,,,,,,,,,,,,,,,,,,,,,,,,,,,,,,,,,,,,,,,,,,,,,,,,,,,,,,,,,,,,,,,,,,,,,,,,,,,,,,,,,,,,,,,,,,,,,,,,,,,,,,,,,,,,,,,,,,,,,,,,,,,,,,,,,,,,,,,,,,,,,,,,,,,,,,,,,,,,,,,,,,,,,,,,,,,,,,,,,,,,,,,,,,,,,,,,,,,,,,,,,,,,,,,,,,
C09_RD14-0003-04d3c-0.0313IP-Q1.7_003.20sec.fsa,CSF1PO,B,OL,307.48,3,OL,311.07,2,OL,316.1,3,OL,321.73,2,12,326.74,23,OL,334.25,4,OL,340,8,OL,343.75,4,,,,,,,,,,,,,,,,,,,,,,,,,,,,,,,,,,,,,,,,,,,,,,,,,,,,,,,,,,,,,,,,,,,,,,,,,,,,,,,,,,,,,,,,,,,,,,,,,,,,,,,,,,,,,,,,,,,,,,,,,,,,,,,,,,,,,,,,,,,,,,,,,,,,,,,,,,,,,,,,,,,,,,,,,,,,,,,,,,,,,,,,,,,,,,,,,,,,,,,,,,,,,,,,,,,,,,,,,,,,,,,,,,,,,,,,,,,,,,,,,,,,,,,,,,,,,,,,,,,,,,,,,,,,,,,,,,,,
C09_RD14-0003-04d3c-0.0313IP-Q1.7_003.20sec.fsa,D3S1358,G,OL,99.93,11,OL,108.81,5,OL,112.1,6,OL,116.05,22,OL,116.97,10,14,118.24,20,15,122.22,294,16,126.33,233,OL,133.55,7,18,134.95,7,OL,135.4,8,OL,140,8,,,,,,,,,,,,,,,,,,,,,,,,,,,,,,,,,,,,,,,,,,,,,,,,,,,,,,,,,,,,,,,,,,,,,,,,,,,,,,,,,,,,,,,,,,,,,,,,,,,,,,,,,,,,,,,,,,,,,,,,,,,,,,,,,,,,,,,,,,,,,,,,,,,,,,,,,,,,,,,,,,,,,,,,,,,,,,,,,,,,,,,,,,,,,,,,,,,,,,,,,,,,,,,,,,,,,,,,,,,,,,,,,,,,,,,,,,,,,,,,,,,,,,,,,,,,,,,,,,,,,,,,
C09_RD14-0003-04d3c-0.0313IP-Q1.7_003.20sec.fsa,TH01,G,OL,158.17,12,OL,159.85,10,5,164.43,5,OL,173.9,4,8,176.69,235,OL,177.89,6,OL,182.99,9,11,189.02,6,OL,190.86,5,12,192.84,8,OL,193.68,7,OL,195.81,9,OL,198.86,4,,,,,,,,,,,,,,,,,,,,,,,,,,,,,,,,,,,,,,,,,,,,,,,,,,,,,,,,,,,,,,,,,,,,,,,,,,,,,,,,,,,,,,,,,,,,,,,,,,,,,,,,,,,,,,,,,,,,,,,,,,,,,,,,,,,,,,,,,,,,,,,,,,,,,,,,,,,,,,,,,,,,,,,,,,,,,,,,,,,,,,,,,,,,,,,,,,,,,,,,,,,,,,,,,,,,,,,,,,,,,,,,,,,,,,,,,,,,,,,,,,,,,,,,,,,,,,,,,,,,,
C09_RD14-0003-04d3c-0.0313IP-Q1.7_003.20sec.fsa,D13S317,G,OL,204.52,10,OL,208.62,5,7,211.53,9,OL,214,8,8,214.77,4,OL,216.38,6,12,231.24,159,OL,233.15,4,13,235.73,6,15,243.74,6,,,,,,,,,,,,,,,,,,,,,,,,,,,,,,,,,,,,,,,,,,,,,,,,,,,,,,,,,,,,,,,,,,,,,,,,,,,,,,,,,,,,,,,,,,,,,,,,,,,,,,,,,,,,,,,,,,,,,,,,,,,,,,,,,,,,,,,,,,,,,,,,,,,,,,,,,,,,,,,,,,,,,,,,,,,,,,,,,,,,,,,,,,,,,,,,,,,,,,,,,,,,,,,,,,,,,,,,,,,,,,,,,,,,,,,,,,,,,,,,,,,,,,,,,,,,,,,,,,,,,,,,,,,,,,
C09_RD14-0003-04d3c-0.0313IP-Q1.7_003.20sec.fsa,D16S539,G,OL,249.85,12,OL,252.32,7,OL,257.92,8,OL,264.18,6,9,267.15,7,OL,269.59,5,11,275.25,103,13,283.4,6,,,,,,,,,,,,,,,,,,,,,,,,,,,,,,,,,,,,,,,,,,,,,,,,,,,,,,,,,,,,,,,,,,,,,,,,,,,,,,,,,,,,,,,,,,,,,,,,,,,,,,,,,,,,,,,,,,,,,,,,,,,,,,,,,,,,,,,,,,,,,,,,,,,,,,,,,,,,,,,,,,,,,,,,,,,,,,,,,,,,,,,,,,,,,,,,,,,,,,,,,,,,,,,,,,,,,,,,,,,,,,,,,,,,,,,,,,,,,,,,,,,,,,,,,,,,,,,,,,,,,,,,,,,,,,,,,,,,
C09_RD14-0003-04d3c-0.0313IP-Q1.7_003.20sec.fsa,D2S1338,G,OL,303.19,6,OL,306.27,8,19,321.26,5,OL,323.14,7,OL,325.88,8,21,329.07,131,22,333.25,4,23,337.55,7,OL,339.54,9,OL,341.87,6,25,345.15,38,27,352.73,7,OL,354.14,9,OL,359.77,11,,,,,,,,,,,,,,,,,,,,,,,,,,,,,,,,,,,,,,,,,,,,,,,,,,,,,,,,,,,,,,,,,,,,,,,,,,,,,,,,,,,,,,,,,,,,,,,,,,,,,,,,,,,,,,,,,,,,,,,,,,,,,,,,,,,,,,,,,,,,,,,,,,,,,,,,,,,,,,,,,,,,,,,,,,,,,,,,,,,,,,,,,,,,,,,,,,,,,,,,,,,,,,,,,,,,,,,,,,,,,,,,,,,,,,,,,,,,,,,,,,,,,,,,,,,,,,,,,,
C09_RD14-0003-04d3c-0.0313IP-Q1.7_003.20sec.fsa,D19S433,Y,OL,108.81,7,12.2,114.21,152,OL,115.2,11,14,120.07,29,15,124.02,220,OL,128.8,10,OL,136.8,9,,,,,,,,,,,,,,,,,,,,,,,,,,,,,,,,,,,,,,,,,,,,,,,,,,,,,,,,,,,,,,,,,,,,,,,,,,,,,,,,,,,,,,,,,,,,,,,,,,,,,,,,,,,,,,,,,,,,,,,,,,,,,,,,,,,,,,,,,,,,,,,,,,,,,,,,,,,,,,,,,,,,,,,,,,,,,,,,,,,,,,,,,,,,,,,,,,,,,,,,,,,,,,,,,,,,,,,,,,,,,,,,,,,,,,,,,,,,,,,,,,,,,,,,,,,,,,,,,,,,,,,,,,,,,,,,,,,,,,,
C09_RD14-0003-04d3c-0.0313IP-Q1.7_003.20sec.fsa,vWA,Y,10,148.07,10,OL,154.21,9,OL,162.93,5,14,164.05,13,OL,164.96,14,16,172.17,130,18,180,17,19,184.44,150,OL,195.43,8,OL,200,11,,,,,,,,,,,,,,,,,,,,,,,,,,,,,,,,,,,,,,,,,,,,,,,,,,,,,,,,,,,,,,,,,,,,,,,,,,,,,,,,,,,,,,,,,,,,,,,,,,,,,,,,,,,,,,,,,,,,,,,,,,,,,,,,,,,,,,,,,,,,,,,,,,,,,,,,,,,,,,,,,,,,,,,,,,,,,,,,,,,,,,,,,,,,,,,,,,,,,,,,,,,,,,,,,,,,,,,,,,,,,,,,,,,,,,,,,,,,,,,,,,,,,,,,,,,,,,,,,,,,,,,,,,,,,,
C09_RD14-0003-04d3c-0.0313IP-Q1.7_003.20sec.fsa,TPOX,Y,OL,213.7,9,5,216.38,9,8,229.12,10,OL,233.98,5,10,236.65,26,OL,237.64,5,OL,239.7,10,11,240.94,18,,,,,,,,,,,,,,,,,,,,,,,,,,,,,,,,,,,,,,,,,,,,,,,,,,,,,,,,,,,,,,,,,,,,,,,,,,,,,,,,,,,,,,,,,,,,,,,,,,,,,,,,,,,,,,,,,,,,,,,,,,,,,,,,,,,,,,,,,,,,,,,,,,,,,,,,,,,,,,,,,,,,,,,,,,,,,,,,,,,,,,,,,,,,,,,,,,,,,,,,,,,,,,,,,,,,,,,,,,,,,,,,,,,,,,,,,,,,,,,,,,,,,,,,,,,,,,,,,,,,,,,,,,,,,,,,,,,,
C09_RD14-0003-04d3c-0.0313IP-Q1.7_003.20sec.fsa,D18S51,Y,OL,272.42,9,OL,276.4,6,11,276.93,7,OL,285.82,11,14.2,291.41,10,16,297.44,10,17,301.04,52,21,317.07,6,22,321.1,8,OL,336.86,9,,,,,,,,,,,,,,,,,,,,,,,,,,,,,,,,,,,,,,,,,,,,,,,,,,,,,,,,,,,,,,,,,,,,,,,,,,,,,,,,,,,,,,,,,,,,,,,,,,,,,,,,,,,,,,,,,,,,,,,,,,,,,,,,,,,,,,,,,,,,,,,,,,,,,,,,,,,,,,,,,,,,,,,,,,,,,,,,,,,,,,,,,,,,,,,,,,,,,,,,,,,,,,,,,,,,,,,,,,,,,,,,,,,,,,,,,,,,,,,,,,,,,,,,,,,,,,,,,,,,,,,,,,,,,,
C09_RD14-0003-04d3c-0.0313IP-Q1.7_003.20sec.fsa,AMEL,R,X,104.9,46,OL,109.39,9,Y,110.93,67,,,,,,,,,,,,,,,,,,,,,,,,,,,,,,,,,,,,,,,,,,,,,,,,,,,,,,,,,,,,,,,,,,,,,,,,,,,,,,,,,,,,,,,,,,,,,,,,,,,,,,,,,,,,,,,,,,,,,,,,,,,,,,,,,,,,,,,,,,,,,,,,,,,,,,,,,,,,,,,,,,,,,,,,,,,,,,,,,,,,,,,,,,,,,,,,,,,,,,,,,,,,,,,,,,,,,,,,,,,,,,,,,,,,,,,,,,,,,,,,,,,,,,,,,,,,,,,,,,,,,,,,,,,,,,,,,,,,,,,,,,,,,,,,,,,
C09_RD14-0003-04d3c-0.0313IP-Q1.7_003.20sec.fsa,D5S818,R,7,132.89,9,OL,139.48,6,10,144.9,12,11,148.9,103,OL,151.48,4,12,153,69,OL,176.84,10,OL,177.44,10,,,,,,,,,,,,,,,,,,,,,,,,,,,,,,,,,,,,,,,,,,,,,,,,,,,,,,,,,,,,,,,,,,,,,,,,,,,,,,,,,,,,,,,,,,,,,,,,,,,,,,,,,,,,,,,,,,,,,,,,,,,,,,,,,,,,,,,,,,,,,,,,,,,,,,,,,,,,,,,,,,,,,,,,,,,,,,,,,,,,,,,,,,,,,,,,,,,,,,,,,,,,,,,,,,,,,,,,,,,,,,,,,,,,,,,,,,,,,,,,,,,,,,,,,,,,,,,,,,,,,,,,,,,,,,,,,,,,
C09_RD14-0003-04d3c-0.0313IP-Q1.7_003.20sec.fsa,FGA,R,16,208.54,4,17,212.43,9,OL,217.69,13,18.2,219,15,OL,220.38,10,OL,223.57,6,20,225.09,70,21,229.19,89,OL,238.4,12,OL,240.78,11,OL,250.53,11,OL,257.03,10,OL,268.53,6,31.2,271.2,6,32.2,275.63,6,OL,277.93,9,OL,291.03,10,OL,295.71,10,OL,306.42,9,OL,310.76,6,OL,319.02,10,45.2,328.84,8,47.2,336.48,5,OL,339.08,13,49.2,344.84,8,OL,358.67,7,,,,,,,,,,,,,,,,,,,,,,,,,,,,,,,,,,,,,,,,,,,,,,,,,,,,,,,,,,,,,,,,,,,,,,,,,,,,,,,,,,,,,,,,,,,,,,,,,,,,,,,,,,,,,,,,,,,,,,,,,,,,,,,,,,,,,,,,,,,,,,,,,,,,,,,,,,,,,,,,,,,,,,,,,,,,,,,,,,,,,,,,,,,,,,,,,,,,,,,,,,,,,,,,,,,,,,,,,,,,,,
C10_RD14-0003-04d3d-0.0625IP-Q1.6_003.20sec.fsa,D8S1179,B,OL,118.77,3,OL,119.86,3,8,121.16,7,OL,122.33,12,OL,124.15,3,12,137.89,17,13,142,201,OL,144.85,6,14,146.17,98,16,154.54,7,OL,160.08,6,OL,168.19,3,OL,169.11,6,OL,172.56,6,,,,,,,,,,,,,,,,,,,,,,,,,,,,,,,,,,,,,,,,,,,,,,,,,,,,,,,,,,,,,,,,,,,,,,,,,,,,,,,,,,,,,,,,,,,,,,,,,,,,,,,,,,,,,,,,,,,,,,,,,,,,,,,,,,,,,,,,,,,,,,,,,,,,,,,,,,,,,,,,,,,,,,,,,,,,,,,,,,,,,,,,,,,,,,,,,,,,,,,,,,,,,,,,,,,,,,,,,,,,,,,,,,,,,,,,,,,,,,,,,,,,,,,,,,,,,,,,,,
C10_RD14-0003-04d3d-0.0625IP-Q1.6_003.20sec.fsa,D21S11,B,23.2,179.92,7,OL,187.82,5,26.2,191.96,5,27,194.69,12,28,198.67,144,29,202.66,14,30,206.63,168,31,211.08,3,OL,216.13,4,OL,220.08,8,OL,221.71,3,36,231.34,4,37.2,236.8,5,OL,239.84,5,,,,,,,,,,,,,,,,,,,,,,,,,,,,,,,,,,,,,,,,,,,,,,,,,,,,,,,,,,,,,,,,,,,,,,,,,,,,,,,,,,,,,,,,,,,,,,,,,,,,,,,,,,,,,,,,,,,,,,,,,,,,,,,,,,,,,,,,,,,,,,,,,,,,,,,,,,,,,,,,,,,,,,,,,,,,,,,,,,,,,,,,,,,,,,,,,,,,,,,,,,,,,,,,,,,,,,,,,,,,,,,,,,,,,,,,,,,,,,,,,,,,,,,,,,,,,,,,,,
C10_RD14-0003-04d3d-0.0625IP-Q1.6_003.20sec.fsa,D7S820,B,OL,250.93,2,8,262.11,11,9,266.18,374,OL,269.23,8,OL,275.28,6,OL,279.84,9,OL,280.78,8,OL,283.66,8,14,286.15,6,,,,,,,,,,,,,,,,,,,,,,,,,,,,,,,,,,,,,,,,,,,,,,,,,,,,,,,,,,,,,,,,,,,,,,,,,,,,,,,,,,,,,,,,,,,,,,,,,,,,,,,,,,,,,,,,,,,,,,,,,,,,,,,,,,,,,,,,,,,,,,,,,,,,,,,,,,,,,,,,,,,,,,,,,,,,,,,,,,,,,,,,,,,,,,,,,,,,,,,,,,,,,,,,,,,,,,,,,,,,,,,,,,,,,,,,,,,,,,,,,,,,,,,,,,,,,,,,,,,,,,,,,,,,,,,,,
C10_RD14-0003-04d3d-0.0625IP-Q1.6_003.20sec.fsa,CSF1PO,B,OL,303.77,9,OL,305.32,4,OL,313.92,6,OL,320,8,OL,321.62,4,11,322.75,13,12,326.86,155,14,334.93,4,16,342.66,4,,,,,,,,,,,,,,,,,,,,,,,,,,,,,,,,,,,,,,,,,,,,,,,,,,,,,,,,,,,,,,,,,,,,,,,,,,,,,,,,,,,,,,,,,,,,,,,,,,,,,,,,,,,,,,,,,,,,,,,,,,,,,,,,,,,,,,,,,,,,,,,,,,,,,,,,,,,,,,,,,,,,,,,,,,,,,,,,,,,,,,,,,,,,,,,,,,,,,,,,,,,,,,,,,,,,,,,,,,,,,,,,,,,,,,,,,,,,,,,,,,,,,,,,,,,,,,,,,,,,,,,,,,,,,,,,,
C10_RD14-0003-04d3d-0.0625IP-Q1.6_003.20sec.fsa,D3S1358,G,OL,94.74,9,OL,99.85,7,OL,107.37,11,OL,108.94,10,12,110.65,6,OL,112.22,10,OL,115.45,27,OL,116.17,21,14,118.12,17,15,122.18,184,16,126.28,161,OL,135.11,6,,,,,,,,,,,,,,,,,,,,,,,,,,,,,,,,,,,,,,,,,,,,,,,,,,,,,,,,,,,,,,,,,,,,,,,,,,,,,,,,,,,,,,,,,,,,,,,,,,,,,,,,,,,,,,,,,,,,,,,,,,,,,,,,,,,,,,,,,,,,,,,,,,,,,,,,,,,,,,,,,,,,,,,,,,,,,,,,,,,,,,,,,,,,,,,,,,,,,,,,,,,,,,,,,,,,,,,,,,,,,,,,,,,,,,,,,,,,,,,,,,,,,,,,,,,,,,,,,,,,,,,,
C10_RD14-0003-04d3d-0.0625IP-Q1.6_003.20sec.fsa,TH01,G,OL,155.32,5,OL,166.35,6,8,176.7,517,8.3,179.85,10,10.3,187.35,4,,,,,,,,,,,,,,,,,,,,,,,,,,,,,,,,,,,,,,,,,,,,,,,,,,,,,,,,,,,,,,,,,,,,,,,,,,,,,,,,,,,,,,,,,,,,,,,,,,,,,,,,,,,,,,,,,,,,,,,,,,,,,,,,,,,,,,,,,,,,,,,,,,,,,,,,,,,,,,,,,,,,,,,,,,,,,,,,,,,,,,,,,,,,,,,,,,,,,,,,,,,,,,,,,,,,,,,,,,,,,,,,,,,,,,,,,,,,,,,,,,,,,,,,,,,,,,,,,,,,,,,,,,,,,,,,,,,,,,,,,,,,,
C10_RD14-0003-04d3d-0.0625IP-Q1.6_003.20sec.fsa,D13S317,G,OL,204.04,5,OL,213,9,8,215.5,6,10,223.26,36,11,227.22,410,12,231.27,147,14,239.77,7,OL,242.81,9,,,,,,,,,,,,,,,,,,,,,,,,,,,,,,,,,,,,,,,,,,,,,,,,,,,,,,,,,,,,,,,,,,,,,,,,,,,,,,,,,,,,,,,,,,,,,,,,,,,,,,,,,,,,,,,,,,,,,,,,,,,,,,,,,,,,,,,,,,,,,,,,,,,,,,,,,,,,,,,,,,,,,,,,,,,,,,,,,,,,,,,,,,,,,,,,,,,,,,,,,,,,,,,,,,,,,,,,,,,,,,,,,,,,,,,,,,,,,,,,,,,,,,,,,,,,,,,,,,,,,,,,,,,,,,,,,,,,
C10_RD14-0003-04d3d-0.0625IP-Q1.6_003.20sec.fsa,D16S539,G,OL,253.17,5,6,255.79,15,8,263.52,8,10,271.27,19,OL,273.86,7,11,275.28,272,12,279.68,9,OL,281.87,16,OL,284.67,8,OL,285.76,3,OL,288.95,6,OL,289.81,3,OL,292.92,13,,,,,,,,,,,,,,,,,,,,,,,,,,,,,,,,,,,,,,,,,,,,,,,,,,,,,,,,,,,,,,,,,,,,,,,,,,,,,,,,,,,,,,,,,,,,,,,,,,,,,,,,,,,,,,,,,,,,,,,,,,,,,,,,,,,,,,,,,,,,,,,,,,,,,,,,,,,,,,,,,,,,,,,,,,,,,,,,,,,,,,,,,,,,,,,,,,,,,,,,,,,,,,,,,,,,,,,,,,,,,,,,,,,,,,,,,,,,,,,,,,,,,,,,,,,,,,,,,,,,,
C10_RD14-0003-04d3d-0.0625IP-Q1.6_003.20sec.fsa,D2S1338,G,OL,310.5,6,OL,311.85,8,OL,319.92,12,OL,322.91,3,21,329.19,95,OL,330.39,7,OL,331.51,9,OL,335.57,5,OL,340,7,24,340.97,19,25,345.08,242,27,353.22,9,OL,356.53,7,OL,362.4,9,,,,,,,,,,,,,,,,,,,,,,,,,,,,,,,,,,,,,,,,,,,,,,,,,,,,,,,,,,,,,,,,,,,,,,,,,,,,,,,,,,,,,,,,,,,,,,,,,,,,,,,,,,,,,,,,,,,,,,,,,,,,,,,,,,,,,,,,,,,,,,,,,,,,,,,,,,,,,,,,,,,,,,,,,,,,,,,,,,,,,,,,,,,,,,,,,,,,,,,,,,,,,,,,,,,,,,,,,,,,,,,,,,,,,,,,,,,,,,,,,,,,,,,,,,,,,,,,,,
C10_RD14-0003-04d3d-0.0625IP-Q1.6_003.20sec.fsa,D19S433,Y,10,103.77,10,11.2,110.13,10,OL,111.25,9,12.2,114.22,72,14,120.22,35,14.2,122.18,11,15,124.08,332,OL,129.01,6,,,,,,,,,,,,,,,,,,,,,,,,,,,,,,,,,,,,,,,,,,,,,,,,,,,,,,,,,,,,,,,,,,,,,,,,,,,,,,,,,,,,,,,,,,,,,,,,,,,,,,,,,,,,,,,,,,,,,,,,,,,,,,,,,,,,,,,,,,,,,,,,,,,,,,,,,,,,,,,,,,,,,,,,,,,,,,,,,,,,,,,,,,,,,,,,,,,,,,,,,,,,,,,,,,,,,,,,,,,,,,,,,,,,,,,,,,,,,,,,,,,,,,,,,,,,,,,,,,,,,,,,,,,,,,,,,,,,
C10_RD14-0003-04d3d-0.0625IP-Q1.6_003.20sec.fsa,vWA,Y,OL,150.73,8,OL,160.99,8,14,164.13,13,OL,165.05,14,16,172.17,189,18,180.16,14,19,184.38,127,OL,187.43,11,OL,203.2,6,,,,,,,,,,,,,,,,,,,,,,,,,,,,,,,,,,,,,,,,,,,,,,,,,,,,,,,,,,,,,,,,,,,,,,,,,,,,,,,,,,,,,,,,,,,,,,,,,,,,,,,,,,,,,,,,,,,,,,,,,,,,,,,,,,,,,,,,,,,,,,,,,,,,,,,,,,,,,,,,,,,,,,,,,,,,,,,,,,,,,,,,,,,,,,,,,,,,,,,,,,,,,,,,,,,,,,,,,,,,,,,,,,,,,,,,,,,,,,,,,,,,,,,,,,,,,,,,,,,,,,,,,,,,,,,,,
C10_RD14-0003-04d3d-0.0625IP-Q1.6_003.20sec.fsa,TPOX,Y,10,236.72,181,11,240.8,169,OL,246.09,11,OL,248.09,9,,,,,,,,,,,,,,,,,,,,,,,,,,,,,,,,,,,,,,,,,,,,,,,,,,,,,,,,,,,,,,,,,,,,,,,,,,,,,,,,,,,,,,,,,,,,,,,,,,,,,,,,,,,,,,,,,,,,,,,,,,,,,,,,,,,,,,,,,,,,,,,,,,,,,,,,,,,,,,,,,,,,,,,,,,,,,,,,,,,,,,,,,,,,,,,,,,,,,,,,,,,,,,,,,,,,,,,,,,,,,,,,,,,,,,,,,,,,,,,,,,,,,,,,,,,,,,,,,,,,,,,,,,,,,,,,,,,,,,,,,,,,,,,,
C10_RD14-0003-04d3d-0.0625IP-Q1.6_003.20sec.fsa,D18S51,Y,OL,262.73,8,OL,268.29,4,OL,274.18,8,OL,278.11,12,14,289.03,15,15,293.15,92,OL,306.41,8,OL,307.66,5,OL,313.84,5,OL,319.92,12,OL,330.63,11,OL,339.84,17,OL,343.95,11,,,,,,,,,,,,,,,,,,,,,,,,,,,,,,,,,,,,,,,,,,,,,,,,,,,,,,,,,,,,,,,,,,,,,,,,,,,,,,,,,,,,,,,,,,,,,,,,,,,,,,,,,,,,,,,,,,,,,,,,,,,,,,,,,,,,,,,,,,,,,,,,,,,,,,,,,,,,,,,,,,,,,,,,,,,,,,,,,,,,,,,,,,,,,,,,,,,,,,,,,,,,,,,,,,,,,,,,,,,,,,,,,,,,,,,,,,,,,,,,,,,,,,,,,,,,,,,,,,,,,
C10_RD14-0003-04d3d-0.0625IP-Q1.6_003.20sec.fsa,AMEL,R,X,104.97,123,OL,107.37,6,Y,110.88,273,,,,,,,,,,,,,,,,,,,,,,,,,,,,,,,,,,,,,,,,,,,,,,,,,,,,,,,,,,,,,,,,,,,,,,,,,,,,,,,,,,,,,,,,,,,,,,,,,,,,,,,,,,,,,,,,,,,,,,,,,,,,,,,,,,,,,,,,,,,,,,,,,,,,,,,,,,,,,,,,,,,,,,,,,,,,,,,,,,,,,,,,,,,,,,,,,,,,,,,,,,,,,,,,,,,,,,,,,,,,,,,,,,,,,,,,,,,,,,,,,,,,,,,,,,,,,,,,,,,,,,,,,,,,,,,,,,,,,,,,,,,,,,,,,,,
C10_RD14-0003-04d3d-0.0625IP-Q1.6_003.20sec.fsa,D5S818,R,OL,134.06,7,9,140.62,10,OL,143.54,9,10,144.78,17,11,148.87,197,12,152.99,281,OL,158.05,5,OL,166.35,7,OL,167.81,4,OL,170.56,8,OL,174.86,9,OL,177.16,8,,,,,,,,,,,,,,,,,,,,,,,,,,,,,,,,,,,,,,,,,,,,,,,,,,,,,,,,,,,,,,,,,,,,,,,,,,,,,,,,,,,,,,,,,,,,,,,,,,,,,,,,,,,,,,,,,,,,,,,,,,,,,,,,,,,,,,,,,,,,,,,,,,,,,,,,,,,,,,,,,,,,,,,,,,,,,,,,,,,,,,,,,,,,,,,,,,,,,,,,,,,,,,,,,,,,,,,,,,,,,,,,,,,,,,,,,,,,,,,,,,,,,,,,,,,,,,,,,,,,,,,,
C10_RD14-0003-04d3d-0.0625IP-Q1.6_003.20sec.fsa,FGA,R,OL,205.03,4,17,212.46,14,19,220.93,18,20,225.04,261,21,229.16,165,OL,248.25,6,26,249.36,6,OL,251.16,9,27.2,255.17,8,27.2,255.86,8,OL,260.47,5,32,273.55,10,OL,279.05,8,OL,289.81,9,OL,303.61,9,OL,306.02,6,OL,308.05,6,OL,315.16,10,OL,330.31,11,OL,338.26,11,OL,339.21,9,48.2,340.56,10,49.2,344.43,3,OL,347.9,8,,,,,,,,,,,,,,,,,,,,,,,,,,,,,,,,,,,,,,,,,,,,,,,,,,,,,,,,,,,,,,,,,,,,,,,,,,,,,,,,,,,,,,,,,,,,,,,,,,,,,,,,,,,,,,,,,,,,,,,,,,,,,,,,,,,,,,,,,,,,,,,,,,,,,,,,,,,,,,,,,,,,,,,,,,,,,,,,,,,,,,,,,,,,,,,,,,,,,,,,,,,,,,,,,,,,,,,,,,,,,,,,,,,,
C11_RD14-0003-04d2e-0.0625IP-Q2.4_003.20sec.fsa,D8S1179,B,OL,120.23,10,OL,120.84,13,OL,132.23,4,13,142.04,120,OL,144,12,OL,144.65,13,14,146.2,257,17,158.34,8,18,162.37,3,,,,,,,,,,,,,,,,,,,,,,,,,,,,,,,,,,,,,,,,,,,,,,,,,,,,,,,,,,,,,,,,,,,,,,,,,,,,,,,,,,,,,,,,,,,,,,,,,,,,,,,,,,,,,,,,,,,,,,,,,,,,,,,,,,,,,,,,,,,,,,,,,,,,,,,,,,,,,,,,,,,,,,,,,,,,,,,,,,,,,,,,,,,,,,,,,,,,,,,,,,,,,,,,,,,,,,,,,,,,,,,,,,,,,,,,,,,,,,,,,,,,,,,,,,,,,,,,,,,,,,,,,,,,,,,,,
C11_RD14-0003-04d2e-0.0625IP-Q2.4_003.20sec.fsa,D21S11,B,26.2,192.79,3,27,194.47,13,28,198.74,174,29,202.63,6,30,206.76,83,OL,217.77,7,33,218.8,5,OL,219.91,9,34,223.04,4,34.2,224.65,3,35,227.1,6,37.2,236.6,7,OL,238.21,4,OL,239.91,5,,,,,,,,,,,,,,,,,,,,,,,,,,,,,,,,,,,,,,,,,,,,,,,,,,,,,,,,,,,,,,,,,,,,,,,,,,,,,,,,,,,,,,,,,,,,,,,,,,,,,,,,,,,,,,,,,,,,,,,,,,,,,,,,,,,,,,,,,,,,,,,,,,,,,,,,,,,,,,,,,,,,,,,,,,,,,,,,,,,,,,,,,,,,,,,,,,,,,,,,,,,,,,,,,,,,,,,,,,,,,,,,,,,,,,,,,,,,,,,,,,,,,,,,,,,,,,,,,,
C11_RD14-0003-04d2e-0.0625IP-Q2.4_003.20sec.fsa,D7S820,B,5,250.08,6,5.2,251.94,5,7,257.82,11,9,266.11,47,OL,272.17,4,OL,273.56,4,11,274.43,4,OL,280,7,OL,281.46,4,OL,289.18,3,,,,,,,,,,,,,,,,,,,,,,,,,,,,,,,,,,,,,,,,,,,,,,,,,,,,,,,,,,,,,,,,,,,,,,,,,,,,,,,,,,,,,,,,,,,,,,,,,,,,,,,,,,,,,,,,,,,,,,,,,,,,,,,,,,,,,,,,,,,,,,,,,,,,,,,,,,,,,,,,,,,,,,,,,,,,,,,,,,,,,,,,,,,,,,,,,,,,,,,,,,,,,,,,,,,,,,,,,,,,,,,,,,,,,,,,,,,,,,,,,,,,,,,,,,,,,,,,,,,,,,,,,,,,,,
C11_RD14-0003-04d2e-0.0625IP-Q2.4_003.20sec.fsa,CSF1PO,B,OL,300.08,9,OL,315.2,4,12,326.83,44,OL,333.61,6,OL,341.71,5,,,,,,,,,,,,,,,,,,,,,,,,,,,,,,,,,,,,,,,,,,,,,,,,,,,,,,,,,,,,,,,,,,,,,,,,,,,,,,,,,,,,,,,,,,,,,,,,,,,,,,,,,,,,,,,,,,,,,,,,,,,,,,,,,,,,,,,,,,,,,,,,,,,,,,,,,,,,,,,,,,,,,,,,,,,,,,,,,,,,,,,,,,,,,,,,,,,,,,,,,,,,,,,,,,,,,,,,,,,,,,,,,,,,,,,,,,,,,,,,,,,,,,,,,,,,,,,,,,,,,,,,,,,,,,,,,,,,,,,,,,,,,
C11_RD14-0003-04d2e-0.0625IP-Q2.4_003.20sec.fsa,D3S1358,G,13,114.46,36,14,118.18,34,OL,119.7,6,15,122.22,494,16,126.3,391,OL,131.13,8,OL,131.84,10,OL,139.6,10,OL,141.38,13,,,,,,,,,,,,,,,,,,,,,,,,,,,,,,,,,,,,,,,,,,,,,,,,,,,,,,,,,,,,,,,,,,,,,,,,,,,,,,,,,,,,,,,,,,,,,,,,,,,,,,,,,,,,,,,,,,,,,,,,,,,,,,,,,,,,,,,,,,,,,,,,,,,,,,,,,,,,,,,,,,,,,,,,,,,,,,,,,,,,,,,,,,,,,,,,,,,,,,,,,,,,,,,,,,,,,,,,,,,,,,,,,,,,,,,,,,,,,,,,,,,,,,,,,,,,,,,,,,,,,,,,,,,,,,,,,
C11_RD14-0003-04d2e-0.0625IP-Q2.4_003.20sec.fsa,TH01,G,OL,166.29,12,8,176.79,343,OL,181.5,8,OL,185.77,4,,,,,,,,,,,,,,,,,,,,,,,,,,,,,,,,,,,,,,,,,,,,,,,,,,,,,,,,,,,,,,,,,,,,,,,,,,,,,,,,,,,,,,,,,,,,,,,,,,,,,,,,,,,,,,,,,,,,,,,,,,,,,,,,,,,,,,,,,,,,,,,,,,,,,,,,,,,,,,,,,,,,,,,,,,,,,,,,,,,,,,,,,,,,,,,,,,,,,,,,,,,,,,,,,,,,,,,,,,,,,,,,,,,,,,,,,,,,,,,,,,,,,,,,,,,,,,,,,,,,,,,,,,,,,,,,,,,,,,,,,,,,,,,,
C11_RD14-0003-04d2e-0.0625IP-Q2.4_003.20sec.fsa,D13S317,G,OL,211.74,7,OL,213,9,OL,214.09,8,8,215.37,9,9,219.48,7,10,223.21,13,11,227.27,175,12,231.34,385,OL,239.83,12,OL,244.62,11,OL,246.01,10,OL,246.88,5,,,,,,,,,,,,,,,,,,,,,,,,,,,,,,,,,,,,,,,,,,,,,,,,,,,,,,,,,,,,,,,,,,,,,,,,,,,,,,,,,,,,,,,,,,,,,,,,,,,,,,,,,,,,,,,,,,,,,,,,,,,,,,,,,,,,,,,,,,,,,,,,,,,,,,,,,,,,,,,,,,,,,,,,,,,,,,,,,,,,,,,,,,,,,,,,,,,,,,,,,,,,,,,,,,,,,,,,,,,,,,,,,,,,,,,,,,,,,,,,,,,,,,,,,,,,,,,,,,,,,,,,
C11_RD14-0003-04d2e-0.0625IP-Q2.4_003.20sec.fsa,D16S539,G,7,259.92,10,10,271.22,13,OL,272.95,7,11,275.3,162,OL,279.91,10,13,283.6,6,OL,285.49,5,OL,289.61,6,,,,,,,,,,,,,,,,,,,,,,,,,,,,,,,,,,,,,,,,,,,,,,,,,,,,,,,,,,,,,,,,,,,,,,,,,,,,,,,,,,,,,,,,,,,,,,,,,,,,,,,,,,,,,,,,,,,,,,,,,,,,,,,,,,,,,,,,,,,,,,,,,,,,,,,,,,,,,,,,,,,,,,,,,,,,,,,,,,,,,,,,,,,,,,,,,,,,,,,,,,,,,,,,,,,,,,,,,,,,,,,,,,,,,,,,,,,,,,,,,,,,,,,,,,,,,,,,,,,,,,,,,,,,,,,,,,,,
C11_RD14-0003-04d2e-0.0625IP-Q2.4_003.20sec.fsa,D2S1338,G,OL,305.49,6,OL,307.13,10,21,329.15,66,OL,337.79,8,25,345.15,90,OL,359.82,12,,,,,,,,,,,,,,,,,,,,,,,,,,,,,,,,,,,,,,,,,,,,,,,,,,,,,,,,,,,,,,,,,,,,,,,,,,,,,,,,,,,,,,,,,,,,,,,,,,,,,,,,,,,,,,,,,,,,,,,,,,,,,,,,,,,,,,,,,,,,,,,,,,,,,,,,,,,,,,,,,,,,,,,,,,,,,,,,,,,,,,,,,,,,,,,,,,,,,,,,,,,,,,,,,,,,,,,,,,,,,,,,,,,,,,,,,,,,,,,,,,,,,,,,,,,,,,,,,,,,,,,,,,,,,,,,,,,,,,,,,,
C11_RD14-0003-04d2e-0.0625IP-Q2.4_003.20sec.fsa,D19S433,Y,9,99.84,8,10.2,106.28,8,12.2,114.3,128,14,120.08,20,15,124.14,252,OL,134.59,9,,,,,,,,,,,,,,,,,,,,,,,,,,,,,,,,,,,,,,,,,,,,,,,,,,,,,,,,,,,,,,,,,,,,,,,,,,,,,,,,,,,,,,,,,,,,,,,,,,,,,,,,,,,,,,,,,,,,,,,,,,,,,,,,,,,,,,,,,,,,,,,,,,,,,,,,,,,,,,,,,,,,,,,,,,,,,,,,,,,,,,,,,,,,,,,,,,,,,,,,,,,,,,,,,,,,,,,,,,,,,,,,,,,,,,,,,,,,,,,,,,,,,,,,,,,,,,,,,,,,,,,,,,,,,,,,,,,,,,,,,,
C11_RD14-0003-04d2e-0.0625IP-Q2.4_003.20sec.fsa,vWA,Y,OL,151.3,9,11,151.96,9,OL,157.26,7,OL,163.68,12,16,172.28,207,19,184.51,73,OL,186.94,8,21,192.12,12,OL,195.05,7,,,,,,,,,,,,,,,,,,,,,,,,,,,,,,,,,,,,,,,,,,,,,,,,,,,,,,,,,,,,,,,,,,,,,,,,,,,,,,,,,,,,,,,,,,,,,,,,,,,,,,,,,,,,,,,,,,,,,,,,,,,,,,,,,,,,,,,,,,,,,,,,,,,,,,,,,,,,,,,,,,,,,,,,,,,,,,,,,,,,,,,,,,,,,,,,,,,,,,,,,,,,,,,,,,,,,,,,,,,,,,,,,,,,,,,,,,,,,,,,,,,,,,,,,,,,,,,,,,,,,,,,,,,,,,,,,
C11_RD14-0003-04d2e-0.0625IP-Q2.4_003.20sec.fsa,TPOX,Y,OL,229.89,7,9,232.86,15,10,236.77,150,11,240.79,97,OL,244.27,8,OL,249.91,8,OL,252.02,6,,,,,,,,,,,,,,,,,,,,,,,,,,,,,,,,,,,,,,,,,,,,,,,,,,,,,,,,,,,,,,,,,,,,,,,,,,,,,,,,,,,,,,,,,,,,,,,,,,,,,,,,,,,,,,,,,,,,,,,,,,,,,,,,,,,,,,,,,,,,,,,,,,,,,,,,,,,,,,,,,,,,,,,,,,,,,,,,,,,,,,,,,,,,,,,,,,,,,,,,,,,,,,,,,,,,,,,,,,,,,,,,,,,,,,,,,,,,,,,,,,,,,,,,,,,,,,,,,,,,,,,,,,,,,,,,,,,,,,,
C11_RD14-0003-04d2e-0.0625IP-Q2.4_003.20sec.fsa,D18S51,Y,9.2,270.61,7,14.2,290.72,6,15,293.21,26,15.2,295.36,8,16.2,298.97,4,19,309.05,8,22,321.44,7,OL,328.44,11,24,329.24,9,OL,344.96,14,,,,,,,,,,,,,,,,,,,,,,,,,,,,,,,,,,,,,,,,,,,,,,,,,,,,,,,,,,,,,,,,,,,,,,,,,,,,,,,,,,,,,,,,,,,,,,,,,,,,,,,,,,,,,,,,,,,,,,,,,,,,,,,,,,,,,,,,,,,,,,,,,,,,,,,,,,,,,,,,,,,,,,,,,,,,,,,,,,,,,,,,,,,,,,,,,,,,,,,,,,,,,,,,,,,,,,,,,,,,,,,,,,,,,,,,,,,,,,,,,,,,,,,,,,,,,,,,,,,,,,,,,,,,,,
C11_RD14-0003-04d2e-0.0625IP-Q2.4_003.20sec.fsa,AMEL,R,X,104.95,75,Y,110.89,117,,,,,,,,,,,,,,,,,,,,,,,,,,,,,,,,,,,,,,,,,,,,,,,,,,,,,,,,,,,,,,,,,,,,,,,,,,,,,,,,,,,,,,,,,,,,,,,,,,,,,,,,,,,,,,,,,,,,,,,,,,,,,,,,,,,,,,,,,,,,,,,,,,,,,,,,,,,,,,,,,,,,,,,,,,,,,,,,,,,,,,,,,,,,,,,,,,,,,,,,,,,,,,,,,,,,,,,,,,,,,,,,,,,,,,,,,,,,,,,,,,,,,,,,,,,,,,,,,,,,,,,,,,,,,,,,,,,,,,,,,,,,,,,,,,,,,,
C11_RD14-0003-04d2e-0.0625IP-Q2.4_003.20sec.fsa,D5S818,R,OL,129.1,8,OL,133.17,12,OL,143.34,4,11,148.91,175,12,153.03,148,OL,162.86,10,17,173.42,8,,,,,,,,,,,,,,,,,,,,,,,,,,,,,,,,,,,,,,,,,,,,,,,,,,,,,,,,,,,,,,,,,,,,,,,,,,,,,,,,,,,,,,,,,,,,,,,,,,,,,,,,,,,,,,,,,,,,,,,,,,,,,,,,,,,,,,,,,,,,,,,,,,,,,,,,,,,,,,,,,,,,,,,,,,,,,,,,,,,,,,,,,,,,,,,,,,,,,,,,,,,,,,,,,,,,,,,,,,,,,,,,,,,,,,,,,,,,,,,,,,,,,,,,,,,,,,,,,,,,,,,,,,,,,,,,,,,,,,,
C11_RD14-0003-04d2e-0.0625IP-Q2.4_003.20sec.fsa,FGA,R,OL,210.16,15,16.2,210.99,12,17.2,214.94,7,19,221.18,12,20,225.07,144,21,229.22,87,OL,232.27,7,OL,240.7,9,OL,246.7,7,OL,256.81,11,OL,258.41,11,OL,260.6,10,31.2,271.3,12,OL,282.23,9,OL,291.32,7,OL,296.05,7,OL,300.42,7,OL,307.05,7,OL,323.06,6,OL,326.11,10,45.2,327.99,9,OL,338.14,9,OL,351.39,11,OL,359.46,8,,,,,,,,,,,,,,,,,,,,,,,,,,,,,,,,,,,,,,,,,,,,,,,,,,,,,,,,,,,,,,,,,,,,,,,,,,,,,,,,,,,,,,,,,,,,,,,,,,,,,,,,,,,,,,,,,,,,,,,,,,,,,,,,,,,,,,,,,,,,,,,,,,,,,,,,,,,,,,,,,,,,,,,,,,,,,,,,,,,,,,,,,,,,,,,,,,,,,,,,,,,,,,,,,,,,,,,,,,,,,,,,,,,,
D01_RD14-0003-03d2a-0.125IP-Q0.7_004.20sec.fsa,D8S1179,B,OL,112.53,3,OL,114.07,5,OL,120.61,6,8,121.77,4,9,125.4,3,OL,126.5,3,OL,127.82,2,11,133.87,3,OL,134.71,4,OL,135.69,4,12,137.81,11,OL,139.01,3,13,141.87,98,14,146.04,1590,15,150.22,993,16,154.27,21,OL,159.93,4,OL,165.41,2,OL,169.97,2,OL,173.67,3,OL,174.24,3,OL,177.94,4,,,,,,,,,,,,,,,,,,,,,,,,,,,,,,,,,,,,,,,,,,,,,,,,,,,,,,,,,,,,,,,,,,,,,,,,,,,,,,,,,,,,,,,,,,,,,,,,,,,,,,,,,,,,,,,,,,,,,,,,,,,,,,,,,,,,,,,,,,,,,,,,,,,,,,,,,,,,,,,,,,,,,,,,,,,,,,,,,,,,,,,,,,,,,,,,,,,,,,,,,,,,,,,,,,,,,,,,,,,,,,,,,,,,,,,,,,
D01_RD14-0003-03d2a-0.125IP-Q0.7_004.20sec.fsa,D21S11,B,23.2,180.51,7,OL,185.41,2,OL,187,2,26,190.02,3,27.2,196.77,3,OL,199.93,3,OL,201.19,11,29,202.66,4,29.2,204.56,4,30.2,208.5,11,OL,210.05,1,31.2,212.45,224,32,214.36,11,32.2,216.45,2709,33.2,220.71,16,35,227.27,10,36,231.27,9,37,234.49,3,37.2,237.35,2,OL,240.07,6,,,,,,,,,,,,,,,,,,,,,,,,,,,,,,,,,,,,,,,,,,,,,,,,,,,,,,,,,,,,,,,,,,,,,,,,,,,,,,,,,,,,,,,,,,,,,,,,,,,,,,,,,,,,,,,,,,,,,,,,,,,,,,,,,,,,,,,,,,,,,,,,,,,,,,,,,,,,,,,,,,,,,,,,,,,,,,,,,,,,,,,,,,,,,,,,,,,,,,,,,,,,,,,,,,,,,,,,,,,,,,,,,,,,,,,,,,,,,,,,
D01_RD14-0003-03d2a-0.125IP-Q0.7_004.20sec.fsa,D7S820,B,7,258,20,8,261.99,711,OL,265.41,2,9,266.19,6,10,269.97,59,11,274.05,1214,OL,279.93,6,OL,281.06,3,OL,281.63,3,13,282.61,3,OL,287.27,8,OL,291.5,3,,,,,,,,,,,,,,,,,,,,,,,,,,,,,,,,,,,,,,,,,,,,,,,,,,,,,,,,,,,,,,,,,,,,,,,,,,,,,,,,,,,,,,,,,,,,,,,,,,,,,,,,,,,,,,,,,,,,,,,,,,,,,,,,,,,,,,,,,,,,,,,,,,,,,,,,,,,,,,,,,,,,,,,,,,,,,,,,,,,,,,,,,,,,,,,,,,,,,,,,,,,,,,,,,,,,,,,,,,,,,,,,,,,,,,,,,,,,,,,,,,,,,,,,,,,,,,,,,,,,,,,,
D01_RD14-0003-03d2a-0.125IP-Q0.7_004.20sec.fsa,CSF1PO,B,OL,300.14,6,OL,300.9,3,7,306.39,46,8,310.35,1458,OL,312.35,3,9,314.15,6,10,318.49,7,OL,320,4,11,322.62,123,12,326.67,1381,13,330.71,7,OL,332.86,11,OL,334.3,1,15,338.86,2,OL,339.86,6,,,,,,,,,,,,,,,,,,,,,,,,,,,,,,,,,,,,,,,,,,,,,,,,,,,,,,,,,,,,,,,,,,,,,,,,,,,,,,,,,,,,,,,,,,,,,,,,,,,,,,,,,,,,,,,,,,,,,,,,,,,,,,,,,,,,,,,,,,,,,,,,,,,,,,,,,,,,,,,,,,,,,,,,,,,,,,,,,,,,,,,,,,,,,,,,,,,,,,,,,,,,,,,,,,,,,,,,,,,,,,,,,,,,,,,,,,,,,,,,,,,,,,,,,,,,,,,
D01_RD14-0003-03d2a-0.125IP-Q0.7_004.20sec.fsa,D3S1358,G,OL,95.87,4,OL,98.6,2,11,106.41,3,OL,112.88,3,OL,116.1,20,OL,116.84,19,15,122.11,82,16,126.16,1200,17,130.03,1336,OL,133.94,12,OL,139.22,4,,,,,,,,,,,,,,,,,,,,,,,,,,,,,,,,,,,,,,,,,,,,,,,,,,,,,,,,,,,,,,,,,,,,,,,,,,,,,,,,,,,,,,,,,,,,,,,,,,,,,,,,,,,,,,,,,,,,,,,,,,,,,,,,,,,,,,,,,,,,,,,,,,,,,,,,,,,,,,,,,,,,,,,,,,,,,,,,,,,,,,,,,,,,,,,,,,,,,,,,,,,,,,,,,,,,,,,,,,,,,,,,,,,,,,,,,,,,,,,,,,,,,,,,,,,,,,,,,,,,,,,,,,,
D01_RD14-0003-03d2a-0.125IP-Q0.7_004.20sec.fsa,TH01,G,OL,161.07,6,6,168.26,2,7,172.46,47,8,176.52,1510,9,180.58,1246,OL,185.63,3,10.3,187.5,4,OL,190.88,5,OL,191.67,2,OL,195.62,5,13.3,200.14,2,,,,,,,,,,,,,,,,,,,,,,,,,,,,,,,,,,,,,,,,,,,,,,,,,,,,,,,,,,,,,,,,,,,,,,,,,,,,,,,,,,,,,,,,,,,,,,,,,,,,,,,,,,,,,,,,,,,,,,,,,,,,,,,,,,,,,,,,,,,,,,,,,,,,,,,,,,,,,,,,,,,,,,,,,,,,,,,,,,,,,,,,,,,,,,,,,,,,,,,,,,,,,,,,,,,,,,,,,,,,,,,,,,,,,,,,,,,,,,,,,,,,,,,,,,,,,,,,,,,,,,,,,,,
D01_RD14-0003-03d2a-0.125IP-Q0.7_004.20sec.fsa,D13S317,G,OL,204.91,3,OL,206.1,4,OL,206.74,5,OL,210.26,4,OL,213.58,6,OL,214.58,7,OL,218.41,3,9,219.06,7,10,223.14,77,11,227.2,1751,12,231.34,2026,13,235.2,10,OL,245.28,1,,,,,,,,,,,,,,,,,,,,,,,,,,,,,,,,,,,,,,,,,,,,,,,,,,,,,,,,,,,,,,,,,,,,,,,,,,,,,,,,,,,,,,,,,,,,,,,,,,,,,,,,,,,,,,,,,,,,,,,,,,,,,,,,,,,,,,,,,,,,,,,,,,,,,,,,,,,,,,,,,,,,,,,,,,,,,,,,,,,,,,,,,,,,,,,,,,,,,,,,,,,,,,,,,,,,,,,,,,,,,,,,,,,,,,,,,,,,,,,,,,,,,,,,,,,,,,,,,,,,,
D01_RD14-0003-03d2a-0.125IP-Q0.7_004.20sec.fsa,D16S539,G,OL,249.71,3,5,250.98,3,7,258.97,4,10,271.19,58,11,275.19,1270,12,279.21,15,13,283.11,94,14,287.13,1133,15,291,84,16,295.23,4,,,,,,,,,,,,,,,,,,,,,,,,,,,,,,,,,,,,,,,,,,,,,,,,,,,,,,,,,,,,,,,,,,,,,,,,,,,,,,,,,,,,,,,,,,,,,,,,,,,,,,,,,,,,,,,,,,,,,,,,,,,,,,,,,,,,,,,,,,,,,,,,,,,,,,,,,,,,,,,,,,,,,,,,,,,,,,,,,,,,,,,,,,,,,,,,,,,,,,,,,,,,,,,,,,,,,,,,,,,,,,,,,,,,,,,,,,,,,,,,,,,,,,,,,,,,,,,,,,,,,,,,,,,,,,
D01_RD14-0003-03d2a-0.125IP-Q0.7_004.20sec.fsa,D2S1338,G,OL,307.8,4,17,312.35,3,OL,319.47,4,OL,323.05,3,21,328.91,108,22,332.93,1359,23,336.8,7,24,340.95,99,25,344.96,1103,OL,351.38,3,28,357.3,3,29,361.3,2,,,,,,,,,,,,,,,,,,,,,,,,,,,,,,,,,,,,,,,,,,,,,,,,,,,,,,,,,,,,,,,,,,,,,,,,,,,,,,,,,,,,,,,,,,,,,,,,,,,,,,,,,,,,,,,,,,,,,,,,,,,,,,,,,,,,,,,,,,,,,,,,,,,,,,,,,,,,,,,,,,,,,,,,,,,,,,,,,,,,,,,,,,,,,,,,,,,,,,,,,,,,,,,,,,,,,,,,,,,,,,,,,,,,,,,,,,,,,,,,,,,,,,,,,,,,,,,,,,,,,,,,
D01_RD14-0003-03d2a-0.125IP-Q0.7_004.20sec.fsa,D19S433,Y,OL,94.89,23,OL,104.71,9,10.2,106.05,5,11,107.96,81,12,112.04,1228,OL,113.23,17,12.2,114,10,13,116.03,66,14,119.93,1013,,,,,,,,,,,,,,,,,,,,,,,,,,,,,,,,,,,,,,,,,,,,,,,,,,,,,,,,,,,,,,,,,,,,,,,,,,,,,,,,,,,,,,,,,,,,,,,,,,,,,,,,,,,,,,,,,,,,,,,,,,,,,,,,,,,,,,,,,,,,,,,,,,,,,,,,,,,,,,,,,,,,,,,,,,,,,,,,,,,,,,,,,,,,,,,,,,,,,,,,,,,,,,,,,,,,,,,,,,,,,,,,,,,,,,,,,,,,,,,,,,,,,,,,,,,,,,,,,,,,,,,,,,,,,,,,,
D01_RD14-0003-03d2a-0.125IP-Q0.7_004.20sec.fsa,vWA,Y,10,147.62,7,OL,148.63,8,OL,150.15,7,OL,153.55,7,14,163.92,62,15,168.05,1312,16,172.1,1407,18,180,16,19,184.62,5,20,188.58,5,OL,193.33,4,OL,200,11,OL,208.21,3,,,,,,,,,,,,,,,,,,,,,,,,,,,,,,,,,,,,,,,,,,,,,,,,,,,,,,,,,,,,,,,,,,,,,,,,,,,,,,,,,,,,,,,,,,,,,,,,,,,,,,,,,,,,,,,,,,,,,,,,,,,,,,,,,,,,,,,,,,,,,,,,,,,,,,,,,,,,,,,,,,,,,,,,,,,,,,,,,,,,,,,,,,,,,,,,,,,,,,,,,,,,,,,,,,,,,,,,,,,,,,,,,,,,,,,,,,,,,,,,,,,,,,,,,,,,,,,,,,,,,
D01_RD14-0003-03d2a-0.125IP-Q0.7_004.20sec.fsa,TPOX,Y,OL,213.86,10,6,220.28,6,OL,222.71,10,OL,231.99,11,10,236.56,84,11,240.52,2336,OL,243.45,3,,,,,,,,,,,,,,,,,,,,,,,,,,,,,,,,,,,,,,,,,,,,,,,,,,,,,,,,,,,,,,,,,,,,,,,,,,,,,,,,,,,,,,,,,,,,,,,,,,,,,,,,,,,,,,,,,,,,,,,,,,,,,,,,,,,,,,,,,,,,,,,,,,,,,,,,,,,,,,,,,,,,,,,,,,,,,,,,,,,,,,,,,,,,,,,,,,,,,,,,,,,,,,,,,,,,,,,,,,,,,,,,,,,,,,,,,,,,,,,,,,,,,,,,,,,,,,,,,,,,,,,,,,,,,,,,,,,,,,,
D01_RD14-0003-03d2a-0.125IP-Q0.7_004.20sec.fsa,D18S51,Y,9.2,271.26,7,OL,271.83,8,OL,273.76,2,10.2,275.05,16,11,277.49,6,OL,280.07,14,OL,281.91,6,14,289.24,5,14.2,291.5,3,15,292.76,7,OL,293.89,4,16,296.98,88,17,300.96,1143,18,304.92,961,19,308.93,11,OL,311.85,4,OL,320,9,22.2,323.2,5,OL,331.14,9,OL,340,13,OL,341.31,10,,,,,,,,,,,,,,,,,,,,,,,,,,,,,,,,,,,,,,,,,,,,,,,,,,,,,,,,,,,,,,,,,,,,,,,,,,,,,,,,,,,,,,,,,,,,,,,,,,,,,,,,,,,,,,,,,,,,,,,,,,,,,,,,,,,,,,,,,,,,,,,,,,,,,,,,,,,,,,,,,,,,,,,,,,,,,,,,,,,,,,,,,,,,,,,,,,,,,,,,,,,,,,,,,,,,,,,,,,,,,,,,,,,,,,,,,,,,,
D01_RD14-0003-03d2a-0.125IP-Q0.7_004.20sec.fsa,AMEL,R,X,104.85,809,Y,110.78,1073,,,,,,,,,,,,,,,,,,,,,,,,,,,,,,,,,,,,,,,,,,,,,,,,,,,,,,,,,,,,,,,,,,,,,,,,,,,,,,,,,,,,,,,,,,,,,,,,,,,,,,,,,,,,,,,,,,,,,,,,,,,,,,,,,,,,,,,,,,,,,,,,,,,,,,,,,,,,,,,,,,,,,,,,,,,,,,,,,,,,,,,,,,,,,,,,,,,,,,,,,,,,,,,,,,,,,,,,,,,,,,,,,,,,,,,,,,,,,,,,,,,,,,,,,,,,,,,,,,,,,,,,,,,,,,,,,,,,,,,,,,,,,,,,,,,,,,
D01_RD14-0003-03d2a-0.125IP-Q0.7_004.20sec.fsa,D5S818,R,OL,127.4,5,OL,133.8,8,OL,138.02,10,OL,144.02,7,11,148.78,67,12,152.9,675,13,157.02,1351,14,161,15,OL,166.69,12,OL,172.74,13,17,173.17,13,,,,,,,,,,,,,,,,,,,,,,,,,,,,,,,,,,,,,,,,,,,,,,,,,,,,,,,,,,,,,,,,,,,,,,,,,,,,,,,,,,,,,,,,,,,,,,,,,,,,,,,,,,,,,,,,,,,,,,,,,,,,,,,,,,,,,,,,,,,,,,,,,,,,,,,,,,,,,,,,,,,,,,,,,,,,,,,,,,,,,,,,,,,,,,,,,,,,,,,,,,,,,,,,,,,,,,,,,,,,,,,,,,,,,,,,,,,,,,,,,,,,,,,,,,,,,,,,,,,,,,,,,,,
D01_RD14-0003-03d2a-0.125IP-Q0.7_004.20sec.fsa,FGA,R,OL,206.6,6,17.2,214.58,12,18,216.74,55,19,220.93,901,20,225.13,11,OL,228.42,7,22,233.2,12,23,237.28,97,24,241.4,1026,OL,258.28,4,OL,289.46,10,OL,296,9,OL,300.62,6,OL,305.06,4,OL,307.03,9,45.2,328.41,7,OL,333.15,18,48.2,340.87,9,OL,342.4,7,OL,344.01,5,OL,347.87,4,OL,355.76,5,,,,,,,,,,,,,,,,,,,,,,,,,,,,,,,,,,,,,,,,,,,,,,,,,,,,,,,,,,,,,,,,,,,,,,,,,,,,,,,,,,,,,,,,,,,,,,,,,,,,,,,,,,,,,,,,,,,,,,,,,,,,,,,,,,,,,,,,,,,,,,,,,,,,,,,,,,,,,,,,,,,,,,,,,,,,,,,,,,,,,,,,,,,,,,,,,,,,,,,,,,,,,,,,,,,,,,,,,,,,,,,,,,,,,,,,,,
D02_RD14-0003-03d2b-0.125IP-Q0.9_004.20sec.fsa,D8S1179,B,OL,112.85,3,OL,120,7,OL,128.51,3,OL,132.67,3,12,137.81,4,OL,139.92,4,13,141.99,56,OL,143.35,9,14,146.07,826,15,150.24,1111,OL,160,5,OL,163.26,3,OL,173.69,4,OL,174.41,4,OL,177.76,4,,,,,,,,,,,,,,,,,,,,,,,,,,,,,,,,,,,,,,,,,,,,,,,,,,,,,,,,,,,,,,,,,,,,,,,,,,,,,,,,,,,,,,,,,,,,,,,,,,,,,,,,,,,,,,,,,,,,,,,,,,,,,,,,,,,,,,,,,,,,,,,,,,,,,,,,,,,,,,,,,,,,,,,,,,,,,,,,,,,,,,,,,,,,,,,,,,,,,,,,,,,,,,,,,,,,,,,,,,,,,,,,,,,,,,,,,,,,,,,,,,,,,,,,,,,,,,,
D02_RD14-0003-03d2b-0.125IP-Q0.9_004.20sec.fsa,D21S11,B,23.2,180,5,24,182.36,3,OL,183.58,3,25.2,188.79,3,26.2,192.04,2,OL,200,4,OL,201.9,2,29,202.53,2,OL,203.96,1,30.2,208.49,4,31.2,212.64,80,OL,214,3,32.2,216.71,1213,33.2,220.89,9,OL,238.04,3,OL,240,6,39,243.26,3,,,,,,,,,,,,,,,,,,,,,,,,,,,,,,,,,,,,,,,,,,,,,,,,,,,,,,,,,,,,,,,,,,,,,,,,,,,,,,,,,,,,,,,,,,,,,,,,,,,,,,,,,,,,,,,,,,,,,,,,,,,,,,,,,,,,,,,,,,,,,,,,,,,,,,,,,,,,,,,,,,,,,,,,,,,,,,,,,,,,,,,,,,,,,,,,,,,,,,,,,,,,,,,,,,,,,,,,,,,,,,,,,,,,,,,,,,,,,,,,,,,,,,,,,
D02_RD14-0003-03d2b-0.125IP-Q0.9_004.20sec.fsa,D7S820,B,5,249.92,3,7,258.09,26,8,262.12,609,10,270.06,25,OL,271.7,1,11,274.16,566,13,282.51,6,OL,283.97,2,OL,285.27,4,15,289.81,2,OL,291.1,2,,,,,,,,,,,,,,,,,,,,,,,,,,,,,,,,,,,,,,,,,,,,,,,,,,,,,,,,,,,,,,,,,,,,,,,,,,,,,,,,,,,,,,,,,,,,,,,,,,,,,,,,,,,,,,,,,,,,,,,,,,,,,,,,,,,,,,,,,,,,,,,,,,,,,,,,,,,,,,,,,,,,,,,,,,,,,,,,,,,,,,,,,,,,,,,,,,,,,,,,,,,,,,,,,,,,,,,,,,,,,,,,,,,,,,,,,,,,,,,,,,,,,,,,,,,,,,,,,,,,,,,,,,,
D02_RD14-0003-03d2b-0.125IP-Q0.9_004.20sec.fsa,CSF1PO,B,OL,299.92,7,7,306.36,10,8,310.61,442,10,318.54,4,OL,319.91,6,11,322.85,35,12,326.87,558,13,330.87,4,OL,336.44,2,OL,340.08,7,OL,343.88,1,,,,,,,,,,,,,,,,,,,,,,,,,,,,,,,,,,,,,,,,,,,,,,,,,,,,,,,,,,,,,,,,,,,,,,,,,,,,,,,,,,,,,,,,,,,,,,,,,,,,,,,,,,,,,,,,,,,,,,,,,,,,,,,,,,,,,,,,,,,,,,,,,,,,,,,,,,,,,,,,,,,,,,,,,,,,,,,,,,,,,,,,,,,,,,,,,,,,,,,,,,,,,,,,,,,,,,,,,,,,,,,,,,,,,,,,,,,,,,,,,,,,,,,,,,,,,,,,,,,,,,,,,,,
D02_RD14-0003-03d2b-0.125IP-Q0.9_004.20sec.fsa,D3S1358,G,OL,94.55,3,OL,98.31,4,OL,112.16,6,OL,115.05,30,OL,120,8,15,122.34,127,16,126.3,1770,17,130.13,947,17.2,132.83,4,18,134.22,9,OL,137.34,4,19,138.9,3,,,,,,,,,,,,,,,,,,,,,,,,,,,,,,,,,,,,,,,,,,,,,,,,,,,,,,,,,,,,,,,,,,,,,,,,,,,,,,,,,,,,,,,,,,,,,,,,,,,,,,,,,,,,,,,,,,,,,,,,,,,,,,,,,,,,,,,,,,,,,,,,,,,,,,,,,,,,,,,,,,,,,,,,,,,,,,,,,,,,,,,,,,,,,,,,,,,,,,,,,,,,,,,,,,,,,,,,,,,,,,,,,,,,,,,,,,,,,,,,,,,,,,,,,,,,,,,,,,,,,,,,
D02_RD14-0003-03d2b-0.125IP-Q0.9_004.20sec.fsa,TH01,G,4,160.48,5,OL,161.27,3,OL,163.26,6,6.3,171.38,2,7,172.66,45,8,176.64,1924,9,180.73,1113,9.3,183.58,4,,,,,,,,,,,,,,,,,,,,,,,,,,,,,,,,,,,,,,,,,,,,,,,,,,,,,,,,,,,,,,,,,,,,,,,,,,,,,,,,,,,,,,,,,,,,,,,,,,,,,,,,,,,,,,,,,,,,,,,,,,,,,,,,,,,,,,,,,,,,,,,,,,,,,,,,,,,,,,,,,,,,,,,,,,,,,,,,,,,,,,,,,,,,,,,,,,,,,,,,,,,,,,,,,,,,,,,,,,,,,,,,,,,,,,,,,,,,,,,,,,,,,,,,,,,,,,,,,,,,,,,,,,,,,,,,,,,,
D02_RD14-0003-03d2b-0.125IP-Q0.9_004.20sec.fsa,D13S317,G,OL,216.54,14,9,219.59,4,10,223.16,35,11,227.22,923,12,231.36,822,13,235.35,6,15,243.6,3,16,247.35,3,,,,,,,,,,,,,,,,,,,,,,,,,,,,,,,,,,,,,,,,,,,,,,,,,,,,,,,,,,,,,,,,,,,,,,,,,,,,,,,,,,,,,,,,,,,,,,,,,,,,,,,,,,,,,,,,,,,,,,,,,,,,,,,,,,,,,,,,,,,,,,,,,,,,,,,,,,,,,,,,,,,,,,,,,,,,,,,,,,,,,,,,,,,,,,,,,,,,,,,,,,,,,,,,,,,,,,,,,,,,,,,,,,,,,,,,,,,,,,,,,,,,,,,,,,,,,,,,,,,,,,,,,,,,,,,,,,,,
D02_RD14-0003-03d2b-0.125IP-Q0.9_004.20sec.fsa,D16S539,G,OL,254.02,4,OL,257.13,3,OL,266.04,2,10,271.37,34,11,275.39,595,12,279.26,8,13,283.24,52,14,287.21,796,15,291.34,6,,,,,,,,,,,,,,,,,,,,,,,,,,,,,,,,,,,,,,,,,,,,,,,,,,,,,,,,,,,,,,,,,,,,,,,,,,,,,,,,,,,,,,,,,,,,,,,,,,,,,,,,,,,,,,,,,,,,,,,,,,,,,,,,,,,,,,,,,,,,,,,,,,,,,,,,,,,,,,,,,,,,,,,,,,,,,,,,,,,,,,,,,,,,,,,,,,,,,,,,,,,,,,,,,,,,,,,,,,,,,,,,,,,,,,,,,,,,,,,,,,,,,,,,,,,,,,,,,,,,,,,,,,,,,,,,,
D02_RD14-0003-03d2b-0.125IP-Q0.9_004.20sec.fsa,D2S1338,G,15,304.9,5,OL,319.57,4,19,320.5,5,OL,323.36,5,20,324.78,6,21,329.21,68,22,333.12,925,24,341.1,70,25,345.14,799,OL,349.95,5,OL,351.47,3,27,352.82,4,OL,358.56,4,29,361.92,4,OL,362.76,3,,,,,,,,,,,,,,,,,,,,,,,,,,,,,,,,,,,,,,,,,,,,,,,,,,,,,,,,,,,,,,,,,,,,,,,,,,,,,,,,,,,,,,,,,,,,,,,,,,,,,,,,,,,,,,,,,,,,,,,,,,,,,,,,,,,,,,,,,,,,,,,,,,,,,,,,,,,,,,,,,,,,,,,,,,,,,,,,,,,,,,,,,,,,,,,,,,,,,,,,,,,,,,,,,,,,,,,,,,,,,,,,,,,,,,,,,,,,,,,,,,,,,,,,,,,,,,,
D02_RD14-0003-03d2b-0.125IP-Q0.9_004.20sec.fsa,D19S433,Y,OL,104.51,12,11,108.15,69,12,112.23,1384,13,116.25,47,14,120.23,690,15,123.78,11,16,127.59,7,OL,133.29,7,,,,,,,,,,,,,,,,,,,,,,,,,,,,,,,,,,,,,,,,,,,,,,,,,,,,,,,,,,,,,,,,,,,,,,,,,,,,,,,,,,,,,,,,,,,,,,,,,,,,,,,,,,,,,,,,,,,,,,,,,,,,,,,,,,,,,,,,,,,,,,,,,,,,,,,,,,,,,,,,,,,,,,,,,,,,,,,,,,,,,,,,,,,,,,,,,,,,,,,,,,,,,,,,,,,,,,,,,,,,,,,,,,,,,,,,,,,,,,,,,,,,,,,,,,,,,,,,,,,,,,,,,,,,,,,,,,,,
D02_RD14-0003-03d2b-0.125IP-Q0.9_004.20sec.fsa,vWA,Y,OL,146.47,14,10,147.83,13,OL,149.03,18,11,151.6,10,13,160.16,10,14,164.05,51,15,168.11,1098,16,172.18,952,17,176.72,36,OL,177.92,12,OL,185.37,9,,,,,,,,,,,,,,,,,,,,,,,,,,,,,,,,,,,,,,,,,,,,,,,,,,,,,,,,,,,,,,,,,,,,,,,,,,,,,,,,,,,,,,,,,,,,,,,,,,,,,,,,,,,,,,,,,,,,,,,,,,,,,,,,,,,,,,,,,,,,,,,,,,,,,,,,,,,,,,,,,,,,,,,,,,,,,,,,,,,,,,,,,,,,,,,,,,,,,,,,,,,,,,,,,,,,,,,,,,,,,,,,,,,,,,,,,,,,,,,,,,,,,,,,,,,,,,,,,,,,,,,,,,,
D02_RD14-0003-03d2b-0.125IP-Q0.9_004.20sec.fsa,TPOX,Y,OL,214,9,OL,215.31,9,OL,218.02,10,OL,220,15,OL,231.2,13,10,236.82,48,OL,238.45,7,11,240.84,1410,,,,,,,,,,,,,,,,,,,,,,,,,,,,,,,,,,,,,,,,,,,,,,,,,,,,,,,,,,,,,,,,,,,,,,,,,,,,,,,,,,,,,,,,,,,,,,,,,,,,,,,,,,,,,,,,,,,,,,,,,,,,,,,,,,,,,,,,,,,,,,,,,,,,,,,,,,,,,,,,,,,,,,,,,,,,,,,,,,,,,,,,,,,,,,,,,,,,,,,,,,,,,,,,,,,,,,,,,,,,,,,,,,,,,,,,,,,,,,,,,,,,,,,,,,,,,,,,,,,,,,,,,,,,,,,,,,,,
D02_RD14-0003-03d2b-0.125IP-Q0.9_004.20sec.fsa,D18S51,Y,OL,261.55,8,OL,267.35,5,OL,276.46,9,OL,277.94,5,16,297.17,74,17,301.12,774,18,305.07,475,19,309.38,8,OL,320.08,15,OL,322.85,6,OL,340,15,OL,343.79,7,,,,,,,,,,,,,,,,,,,,,,,,,,,,,,,,,,,,,,,,,,,,,,,,,,,,,,,,,,,,,,,,,,,,,,,,,,,,,,,,,,,,,,,,,,,,,,,,,,,,,,,,,,,,,,,,,,,,,,,,,,,,,,,,,,,,,,,,,,,,,,,,,,,,,,,,,,,,,,,,,,,,,,,,,,,,,,,,,,,,,,,,,,,,,,,,,,,,,,,,,,,,,,,,,,,,,,,,,,,,,,,,,,,,,,,,,,,,,,,,,,,,,,,,,,,,,,,,,,,,,,,,
D02_RD14-0003-03d2b-0.125IP-Q0.9_004.20sec.fsa,AMEL,R,X,104.9,815,Y,110.85,890,,,,,,,,,,,,,,,,,,,,,,,,,,,,,,,,,,,,,,,,,,,,,,,,,,,,,,,,,,,,,,,,,,,,,,,,,,,,,,,,,,,,,,,,,,,,,,,,,,,,,,,,,,,,,,,,,,,,,,,,,,,,,,,,,,,,,,,,,,,,,,,,,,,,,,,,,,,,,,,,,,,,,,,,,,,,,,,,,,,,,,,,,,,,,,,,,,,,,,,,,,,,,,,,,,,,,,,,,,,,,,,,,,,,,,,,,,,,,,,,,,,,,,,,,,,,,,,,,,,,,,,,,,,,,,,,,,,,,,,,,,,,,,,,,,,,,,
D02_RD14-0003-03d2b-0.125IP-Q0.9_004.20sec.fsa,D5S818,R,OL,127.21,17,6,128.82,21,OL,129.44,16,OL,137.26,11,OL,145.91,8,11,148.87,49,12,152.97,797,13,157.09,837,16,169.63,10,OL,171.7,13,17,173.21,9,OL,174.33,7,OL,177.52,16,,,,,,,,,,,,,,,,,,,,,,,,,,,,,,,,,,,,,,,,,,,,,,,,,,,,,,,,,,,,,,,,,,,,,,,,,,,,,,,,,,,,,,,,,,,,,,,,,,,,,,,,,,,,,,,,,,,,,,,,,,,,,,,,,,,,,,,,,,,,,,,,,,,,,,,,,,,,,,,,,,,,,,,,,,,,,,,,,,,,,,,,,,,,,,,,,,,,,,,,,,,,,,,,,,,,,,,,,,,,,,,,,,,,,,,,,,,,,,,,,,,,,,,,,,,,,,,,,,,,,
D02_RD14-0003-03d2b-0.125IP-Q0.9_004.20sec.fsa,FGA,R,18,216.71,33,18.2,219.01,7,19,220.89,539,19.2,223.08,9,OL,228.03,15,21,229.25,14,OL,230.3,14,22,233.32,9,OL,235.84,7,23,237.23,53,24,241.34,568,OL,246.93,5,OL,250.48,4,29.2,263.92,8,OL,270.96,6,OL,277.12,11,OL,280.97,8,OL,294.58,7,OL,298.46,7,OL,300.96,6,OL,303.93,4,OL,308.97,8,OL,335.78,7,OL,339.01,8,OL,342.36,10,OL,342.95,9,OL,358.9,6,,,,,,,,,,,,,,,,,,,,,,,,,,,,,,,,,,,,,,,,,,,,,,,,,,,,,,,,,,,,,,,,,,,,,,,,,,,,,,,,,,,,,,,,,,,,,,,,,,,,,,,,,,,,,,,,,,,,,,,,,,,,,,,,,,,,,,,,,,,,,,,,,,,,,,,,,,,,,,,,,,,,,,,,,,,,,,,,,,,,,,,,,,,,,,,,,,,,,,,,,,,,,,,,,,,,,,,,,,,
D03_RD14-0003-03d1c-0.25IP-Q0.9_004.20sec.fsa,D8S1179,B,OL,112.19,5,OL,113.06,4,OL,118.66,6,OL,119.22,8,OL,127.45,5,12,137.71,7,13,141.94,128,OL,143.29,10,14,146.06,1923,15,150.18,1316,OL,159.85,4,OL,165.76,2,OL,173.7,4,OL,176.4,6,,,,,,,,,,,,,,,,,,,,,,,,,,,,,,,,,,,,,,,,,,,,,,,,,,,,,,,,,,,,,,,,,,,,,,,,,,,,,,,,,,,,,,,,,,,,,,,,,,,,,,,,,,,,,,,,,,,,,,,,,,,,,,,,,,,,,,,,,,,,,,,,,,,,,,,,,,,,,,,,,,,,,,,,,,,,,,,,,,,,,,,,,,,,,,,,,,,,,,,,,,,,,,,,,,,,,,,,,,,,,,,,,,,,,,,,,,,,,,,,,,,,,,,,,,,,,,,,,,
D03_RD14-0003-03d1c-0.25IP-Q0.9_004.20sec.fsa,D21S11,B,OL,183.42,4,OL,184.86,2,OL,185.62,4,OL,187.43,6,27,194.48,4,OL,201.48,7,OL,207.36,3,30.2,208.63,9,31.2,212.58,177,32.2,216.65,2355,33.2,220.68,11,OL,222.11,2,34,223.24,3,35,227.24,8,OL,228,3,36,231.33,8,OL,235.58,4,,,,,,,,,,,,,,,,,,,,,,,,,,,,,,,,,,,,,,,,,,,,,,,,,,,,,,,,,,,,,,,,,,,,,,,,,,,,,,,,,,,,,,,,,,,,,,,,,,,,,,,,,,,,,,,,,,,,,,,,,,,,,,,,,,,,,,,,,,,,,,,,,,,,,,,,,,,,,,,,,,,,,,,,,,,,,,,,,,,,,,,,,,,,,,,,,,,,,,,,,,,,,,,,,,,,,,,,,,,,,,,,,,,,,,,,,,,,,,,,,,,,,,,,,
D03_RD14-0003-03d1c-0.25IP-Q0.9_004.20sec.fsa,D7S820,B,OL,249,2,OL,254.83,3,7,258.01,20,8,262.04,774,9,266.05,7,10,270,47,11,274.04,965,12,278.01,7,OL,279.92,4,13,282.65,5,OL,287.11,11,,,,,,,,,,,,,,,,,,,,,,,,,,,,,,,,,,,,,,,,,,,,,,,,,,,,,,,,,,,,,,,,,,,,,,,,,,,,,,,,,,,,,,,,,,,,,,,,,,,,,,,,,,,,,,,,,,,,,,,,,,,,,,,,,,,,,,,,,,,,,,,,,,,,,,,,,,,,,,,,,,,,,,,,,,,,,,,,,,,,,,,,,,,,,,,,,,,,,,,,,,,,,,,,,,,,,,,,,,,,,,,,,,,,,,,,,,,,,,,,,,,,,,,,,,,,,,,,,,,,,,,,,,,
D03_RD14-0003-03d1c-0.25IP-Q0.9_004.20sec.fsa,CSF1PO,B,5,298.64,5,OL,300,5,6,302.36,6,7,306.46,27,8,310.39,1184,OL,313.92,5,OL,316.42,3,OL,319.92,5,11,322.66,77,12,326.78,1173,13,330.57,6,OL,333.04,5,OL,334.04,3,15,338.4,3,OL,339.92,8,OL,341.18,4,,,,,,,,,,,,,,,,,,,,,,,,,,,,,,,,,,,,,,,,,,,,,,,,,,,,,,,,,,,,,,,,,,,,,,,,,,,,,,,,,,,,,,,,,,,,,,,,,,,,,,,,,,,,,,,,,,,,,,,,,,,,,,,,,,,,,,,,,,,,,,,,,,,,,,,,,,,,,,,,,,,,,,,,,,,,,,,,,,,,,,,,,,,,,,,,,,,,,,,,,,,,,,,,,,,,,,,,,,,,,,,,,,,,,,,,,,,,,,,,,,,,,,,,,,,,
D03_RD14-0003-03d1c-0.25IP-Q0.9_004.20sec.fsa,D3S1358,G,OL,98.26,3,OL,115.06,29,14,118.1,4,15,122.28,166,15.2,123.78,4,16,126.29,2099,17,130.12,2112,17.2,132.59,3,18,134.12,12,18.2,136.98,6,OL,143.51,6,,,,,,,,,,,,,,,,,,,,,,,,,,,,,,,,,,,,,,,,,,,,,,,,,,,,,,,,,,,,,,,,,,,,,,,,,,,,,,,,,,,,,,,,,,,,,,,,,,,,,,,,,,,,,,,,,,,,,,,,,,,,,,,,,,,,,,,,,,,,,,,,,,,,,,,,,,,,,,,,,,,,,,,,,,,,,,,,,,,,,,,,,,,,,,,,,,,,,,,,,,,,,,,,,,,,,,,,,,,,,,,,,,,,,,,,,,,,,,,,,,,,,,,,,,,,,,,,,,,,,,,,,,,
D03_RD14-0003-03d1c-0.25IP-Q0.9_004.20sec.fsa,TH01,G,3,155.99,5,OL,159.85,4,OL,161.87,4,OL,162.77,6,OL,163.89,3,6,168.53,6,7,172.58,41,OL,173.62,6,8,176.62,1816,9,180.68,2113,OL,182.05,3,OL,188.19,5,OL,193.65,7,OL,195.54,5,,,,,,,,,,,,,,,,,,,,,,,,,,,,,,,,,,,,,,,,,,,,,,,,,,,,,,,,,,,,,,,,,,,,,,,,,,,,,,,,,,,,,,,,,,,,,,,,,,,,,,,,,,,,,,,,,,,,,,,,,,,,,,,,,,,,,,,,,,,,,,,,,,,,,,,,,,,,,,,,,,,,,,,,,,,,,,,,,,,,,,,,,,,,,,,,,,,,,,,,,,,,,,,,,,,,,,,,,,,,,,,,,,,,,,,,,,,,,,,,,,,,,,,,,,,,,,,,,,
D03_RD14-0003-03d1c-0.25IP-Q0.9_004.20sec.fsa,D13S317,G,OL,206.91,4,OL,209.07,4,7,210.86,7,10,223.16,104,11,227.17,2285,12,231.33,1967,13,235.35,28,OL,237.56,3,OL,242.42,4,OL,244.44,3,,,,,,,,,,,,,,,,,,,,,,,,,,,,,,,,,,,,,,,,,,,,,,,,,,,,,,,,,,,,,,,,,,,,,,,,,,,,,,,,,,,,,,,,,,,,,,,,,,,,,,,,,,,,,,,,,,,,,,,,,,,,,,,,,,,,,,,,,,,,,,,,,,,,,,,,,,,,,,,,,,,,,,,,,,,,,,,,,,,,,,,,,,,,,,,,,,,,,,,,,,,,,,,,,,,,,,,,,,,,,,,,,,,,,,,,,,,,,,,,,,,,,,,,,,,,,,,,,,,,,,,,,,,,,,
D03_RD14-0003-03d1c-0.25IP-Q0.9_004.20sec.fsa,D16S539,G,OL,253.94,6,OL,256.68,3,7,258.97,4,10,271.15,53,11,275.26,959,12,279.16,16,13,283.18,145,14,287.11,1845,15,291.11,9,,,,,,,,,,,,,,,,,,,,,,,,,,,,,,,,,,,,,,,,,,,,,,,,,,,,,,,,,,,,,,,,,,,,,,,,,,,,,,,,,,,,,,,,,,,,,,,,,,,,,,,,,,,,,,,,,,,,,,,,,,,,,,,,,,,,,,,,,,,,,,,,,,,,,,,,,,,,,,,,,,,,,,,,,,,,,,,,,,,,,,,,,,,,,,,,,,,,,,,,,,,,,,,,,,,,,,,,,,,,,,,,,,,,,,,,,,,,,,,,,,,,,,,,,,,,,,,,,,,,,,,,,,,,,,,,,
D03_RD14-0003-03d1c-0.25IP-Q0.9_004.20sec.fsa,D2S1338,G,OL,301.91,4,16,308.49,6,OL,315.53,3,OL,323.28,3,20,324.99,7,21,329.1,77,22,333.04,1186,23,336.95,38,24,341.02,136,25,345.03,1246,OL,351.25,6,OL,352.12,7,27,353.61,3,OL,354.4,2,OL,359.61,2,29,361.71,3,OL,364.74,4,,,,,,,,,,,,,,,,,,,,,,,,,,,,,,,,,,,,,,,,,,,,,,,,,,,,,,,,,,,,,,,,,,,,,,,,,,,,,,,,,,,,,,,,,,,,,,,,,,,,,,,,,,,,,,,,,,,,,,,,,,,,,,,,,,,,,,,,,,,,,,,,,,,,,,,,,,,,,,,,,,,,,,,,,,,,,,,,,,,,,,,,,,,,,,,,,,,,,,,,,,,,,,,,,,,,,,,,,,,,,,,,,,,,,,,,,,,,,,,,,,,,,,,,,
D03_RD14-0003-03d1c-0.25IP-Q0.9_004.20sec.fsa,D19S433,Y,OL,99.2,5,9,99.93,7,11,108.12,92,12,112.12,1794,12.2,114.07,7,OL,114.85,4,13,116.19,131,14,120.07,1697,15,123.78,9,15.2,126.15,41,16.2,130.05,34,,,,,,,,,,,,,,,,,,,,,,,,,,,,,,,,,,,,,,,,,,,,,,,,,,,,,,,,,,,,,,,,,,,,,,,,,,,,,,,,,,,,,,,,,,,,,,,,,,,,,,,,,,,,,,,,,,,,,,,,,,,,,,,,,,,,,,,,,,,,,,,,,,,,,,,,,,,,,,,,,,,,,,,,,,,,,,,,,,,,,,,,,,,,,,,,,,,,,,,,,,,,,,,,,,,,,,,,,,,,,,,,,,,,,,,,,,,,,,,,,,,,,,,,,,,,,,,,,,,,,,,,,,,
D03_RD14-0003-03d1c-0.25IP-Q0.9_004.20sec.fsa,vWA,Y,OL,147.26,9,OL,148.83,12,OL,156.67,15,14,163.96,84,OL,165.46,12,15,168.08,1551,16,172.13,1548,18,180.61,35,21,192.28,6,22,196.45,2,OL,198.64,6,OL,200.07,13,OL,206.17,6,25,209.15,4,,,,,,,,,,,,,,,,,,,,,,,,,,,,,,,,,,,,,,,,,,,,,,,,,,,,,,,,,,,,,,,,,,,,,,,,,,,,,,,,,,,,,,,,,,,,,,,,,,,,,,,,,,,,,,,,,,,,,,,,,,,,,,,,,,,,,,,,,,,,,,,,,,,,,,,,,,,,,,,,,,,,,,,,,,,,,,,,,,,,,,,,,,,,,,,,,,,,,,,,,,,,,,,,,,,,,,,,,,,,,,,,,,,,,,,,,,,,,,,,,,,,,,,,,,,,,,,,,,
D03_RD14-0003-03d1c-0.25IP-Q0.9_004.20sec.fsa,TPOX,Y,OL,220.08,11,OL,227.24,44,OL,231.18,34,10,236.65,92,11,240.7,2613,OL,247.84,6,OL,251.56,4,OL,254.83,4,,,,,,,,,,,,,,,,,,,,,,,,,,,,,,,,,,,,,,,,,,,,,,,,,,,,,,,,,,,,,,,,,,,,,,,,,,,,,,,,,,,,,,,,,,,,,,,,,,,,,,,,,,,,,,,,,,,,,,,,,,,,,,,,,,,,,,,,,,,,,,,,,,,,,,,,,,,,,,,,,,,,,,,,,,,,,,,,,,,,,,,,,,,,,,,,,,,,,,,,,,,,,,,,,,,,,,,,,,,,,,,,,,,,,,,,,,,,,,,,,,,,,,,,,,,,,,,,,,,,,,,,,,,,,,,,,,,,
D03_RD14-0003-03d1c-0.25IP-Q0.9_004.20sec.fsa,D18S51,Y,OL,265.75,5,13.2,287.03,36,14,289.37,6,14.2,291.11,5,16,297.06,104,17,301.03,1324,18,304.96,872,OL,308.34,9,19,309.02,10,OL,332.88,21,OL,345.74,6,,,,,,,,,,,,,,,,,,,,,,,,,,,,,,,,,,,,,,,,,,,,,,,,,,,,,,,,,,,,,,,,,,,,,,,,,,,,,,,,,,,,,,,,,,,,,,,,,,,,,,,,,,,,,,,,,,,,,,,,,,,,,,,,,,,,,,,,,,,,,,,,,,,,,,,,,,,,,,,,,,,,,,,,,,,,,,,,,,,,,,,,,,,,,,,,,,,,,,,,,,,,,,,,,,,,,,,,,,,,,,,,,,,,,,,,,,,,,,,,,,,,,,,,,,,,,,,,,,,,,,,,,,,
D03_RD14-0003-03d1c-0.25IP-Q0.9_004.20sec.fsa,AMEL,R,X,104.91,1813,Y,110.81,1709,,,,,,,,,,,,,,,,,,,,,,,,,,,,,,,,,,,,,,,,,,,,,,,,,,,,,,,,,,,,,,,,,,,,,,,,,,,,,,,,,,,,,,,,,,,,,,,,,,,,,,,,,,,,,,,,,,,,,,,,,,,,,,,,,,,,,,,,,,,,,,,,,,,,,,,,,,,,,,,,,,,,,,,,,,,,,,,,,,,,,,,,,,,,,,,,,,,,,,,,,,,,,,,,,,,,,,,,,,,,,,,,,,,,,,,,,,,,,,,,,,,,,,,,,,,,,,,,,,,,,,,,,,,,,,,,,,,,,,,,,,,,,,,,,,,,,,
D03_RD14-0003-03d1c-0.25IP-Q0.9_004.20sec.fsa,D5S818,R,OL,127.66,30,6,128.24,29,OL,129.18,26,OL,130.41,4,OL,142.54,6,10,145.31,7,OL,146.51,7,11,148.83,89,12,152.89,1357,13,157.05,1517,15,165.24,11,OL,177.15,23,,,,,,,,,,,,,,,,,,,,,,,,,,,,,,,,,,,,,,,,,,,,,,,,,,,,,,,,,,,,,,,,,,,,,,,,,,,,,,,,,,,,,,,,,,,,,,,,,,,,,,,,,,,,,,,,,,,,,,,,,,,,,,,,,,,,,,,,,,,,,,,,,,,,,,,,,,,,,,,,,,,,,,,,,,,,,,,,,,,,,,,,,,,,,,,,,,,,,,,,,,,,,,,,,,,,,,,,,,,,,,,,,,,,,,,,,,,,,,,,,,,,,,,,,,,,,,,,,,,,,,,,
D03_RD14-0003-03d1c-0.25IP-Q0.9_004.20sec.fsa,FGA,R,OL,209.52,4,17,212.73,13,OL,213.48,5,18,216.81,82,19,220.9,1443,OL,228.07,35,21,228.91,39,OL,230.35,40,22.2,234.97,5,23,237.26,72,24,241.4,928,OL,248.38,7,OL,254.17,7,27.2,255.87,4,OL,269.02,7,OL,281.36,9,OL,284.76,8,OL,290.35,5,OL,293.75,6,OL,294.35,6,OL,301.99,9,OL,315.29,10,OL,317.97,5,OL,320.86,12,OL,322.66,6,44.2,324.61,6,OL,329.72,8,OL,335.42,8,OL,342.04,7,OL,347.86,6,OL,354.48,6,OL,358.82,9,,,,,,,,,,,,,,,,,,,,,,,,,,,,,,,,,,,,,,,,,,,,,,,,,,,,,,,,,,,,,,,,,,,,,,,,,,,,,,,,,,,,,,,,,,,,,,,,,,,,,,,,,,,,,,,,,,,,,,,,,,,,,,,,,,,,,,,,,,,,,,,,,,,,,,,,,,,,,,,,,,,,,,,,,,,,,,,,,,,,,,,,,,,,,,,,,,,,,,,,,,,,
D04_RD14-0003-03d1d-0.25IP-Q2.1_004.20sec.fsa,D8S1179,B,OL,120.07,9,12,137.86,7,OL,140.08,2,13,141.96,110,OL,143.39,4,14,146.12,1209,OL,148.7,2,15,150.22,863,20,170.48,2,,,,,,,,,,,,,,,,,,,,,,,,,,,,,,,,,,,,,,,,,,,,,,,,,,,,,,,,,,,,,,,,,,,,,,,,,,,,,,,,,,,,,,,,,,,,,,,,,,,,,,,,,,,,,,,,,,,,,,,,,,,,,,,,,,,,,,,,,,,,,,,,,,,,,,,,,,,,,,,,,,,,,,,,,,,,,,,,,,,,,,,,,,,,,,,,,,,,,,,,,,,,,,,,,,,,,,,,,,,,,,,,,,,,,,,,,,,,,,,,,,,,,,,,,,,,,,,,,,,,,,,,,,,,,,,,,
D04_RD14-0003-03d1d-0.25IP-Q2.1_004.20sec.fsa,D21S11,B,23.2,179.92,6,OL,181.38,2,OL,183.22,1,OL,191.26,3,28,198.54,2,OL,199.16,3,OL,207.62,2,30.2,208.6,7,31.2,212.63,112,32.2,216.72,1182,OL,219.84,4,33.2,220.77,10,OL,228.05,4,OL,237.99,3,OL,239.85,8,,,,,,,,,,,,,,,,,,,,,,,,,,,,,,,,,,,,,,,,,,,,,,,,,,,,,,,,,,,,,,,,,,,,,,,,,,,,,,,,,,,,,,,,,,,,,,,,,,,,,,,,,,,,,,,,,,,,,,,,,,,,,,,,,,,,,,,,,,,,,,,,,,,,,,,,,,,,,,,,,,,,,,,,,,,,,,,,,,,,,,,,,,,,,,,,,,,,,,,,,,,,,,,,,,,,,,,,,,,,,,,,,,,,,,,,,,,,,,,,,,,,,,,,,,,,,,,
D04_RD14-0003-03d1d-0.25IP-Q2.1_004.20sec.fsa,D7S820,B,5,250,4,OL,252.74,4,OL,255.85,3,7,258.19,12,8,262.09,464,10,270.04,15,OL,272.07,6,11,274.11,398,12,278.35,4,OL,280,9,OL,281.32,3,OL,285.43,3,,,,,,,,,,,,,,,,,,,,,,,,,,,,,,,,,,,,,,,,,,,,,,,,,,,,,,,,,,,,,,,,,,,,,,,,,,,,,,,,,,,,,,,,,,,,,,,,,,,,,,,,,,,,,,,,,,,,,,,,,,,,,,,,,,,,,,,,,,,,,,,,,,,,,,,,,,,,,,,,,,,,,,,,,,,,,,,,,,,,,,,,,,,,,,,,,,,,,,,,,,,,,,,,,,,,,,,,,,,,,,,,,,,,,,,,,,,,,,,,,,,,,,,,,,,,,,,,,,,,,,,,
D04_RD14-0003-03d1d-0.25IP-Q2.1_004.20sec.fsa,CSF1PO,B,OL,304.2,3,7,306.52,17,8,310.51,438,9,314,7,OL,315.99,2,OL,320.08,5,11,322.83,16,12,326.86,294,OL,331.5,2,OL,333.18,5,14,334.61,2,OL,340,10,16,343.23,3,,,,,,,,,,,,,,,,,,,,,,,,,,,,,,,,,,,,,,,,,,,,,,,,,,,,,,,,,,,,,,,,,,,,,,,,,,,,,,,,,,,,,,,,,,,,,,,,,,,,,,,,,,,,,,,,,,,,,,,,,,,,,,,,,,,,,,,,,,,,,,,,,,,,,,,,,,,,,,,,,,,,,,,,,,,,,,,,,,,,,,,,,,,,,,,,,,,,,,,,,,,,,,,,,,,,,,,,,,,,,,,,,,,,,,,,,,,,,,,,,,,,,,,,,,,,,,,,,,,,,
D04_RD14-0003-03d1d-0.25IP-Q2.1_004.20sec.fsa,D3S1358,G,OL,100.07,6,OL,105.31,6,13,114.35,27,14,118.45,9,OL,119.58,6,15,122.27,79,16,126.28,1039,17,130.11,696,OL,133.96,7,OL,135.14,4,OL,140.83,4,OL,143.17,7,,,,,,,,,,,,,,,,,,,,,,,,,,,,,,,,,,,,,,,,,,,,,,,,,,,,,,,,,,,,,,,,,,,,,,,,,,,,,,,,,,,,,,,,,,,,,,,,,,,,,,,,,,,,,,,,,,,,,,,,,,,,,,,,,,,,,,,,,,,,,,,,,,,,,,,,,,,,,,,,,,,,,,,,,,,,,,,,,,,,,,,,,,,,,,,,,,,,,,,,,,,,,,,,,,,,,,,,,,,,,,,,,,,,,,,,,,,,,,,,,,,,,,,,,,,,,,,,,,,,,,,,
D04_RD14-0003-03d1d-0.25IP-Q2.1_004.20sec.fsa,TH01,G,OL,155.02,3,OL,158.54,4,OL,159.69,4,5.3,167.61,3,OL,169.2,3,7,172.59,43,7.3,175.46,12,8,176.67,1698,9,180.69,885,,,,,,,,,,,,,,,,,,,,,,,,,,,,,,,,,,,,,,,,,,,,,,,,,,,,,,,,,,,,,,,,,,,,,,,,,,,,,,,,,,,,,,,,,,,,,,,,,,,,,,,,,,,,,,,,,,,,,,,,,,,,,,,,,,,,,,,,,,,,,,,,,,,,,,,,,,,,,,,,,,,,,,,,,,,,,,,,,,,,,,,,,,,,,,,,,,,,,,,,,,,,,,,,,,,,,,,,,,,,,,,,,,,,,,,,,,,,,,,,,,,,,,,,,,,,,,,,,,,,,,,,,,,,,,,,,
D04_RD14-0003-03d1d-0.25IP-Q2.1_004.20sec.fsa,D13S317,G,OL,207.92,4,OL,211.87,5,OL,214.31,6,8,215.48,3,10,223.22,23,11,227.21,639,OL,229.74,5,12,231.28,640,OL,233.21,2,OL,236.29,3,14,239.3,3,OL,240.24,6,15,243.67,5,OL,244.38,6,OL,245.49,3,OL,246.36,3,16,247.23,3,,,,,,,,,,,,,,,,,,,,,,,,,,,,,,,,,,,,,,,,,,,,,,,,,,,,,,,,,,,,,,,,,,,,,,,,,,,,,,,,,,,,,,,,,,,,,,,,,,,,,,,,,,,,,,,,,,,,,,,,,,,,,,,,,,,,,,,,,,,,,,,,,,,,,,,,,,,,,,,,,,,,,,,,,,,,,,,,,,,,,,,,,,,,,,,,,,,,,,,,,,,,,,,,,,,,,,,,,,,,,,,,,,,,,,,,,,,,,,,,,,,,,,,,,
D04_RD14-0003-03d1d-0.25IP-Q2.1_004.20sec.fsa,D16S539,G,OL,254.79,4,7,259.92,7,10,271.21,34,11,275.2,660,12,279.21,21,13,283.18,42,14,287.14,489,15,291.25,5,OL,292.1,7,OL,293.65,4,,,,,,,,,,,,,,,,,,,,,,,,,,,,,,,,,,,,,,,,,,,,,,,,,,,,,,,,,,,,,,,,,,,,,,,,,,,,,,,,,,,,,,,,,,,,,,,,,,,,,,,,,,,,,,,,,,,,,,,,,,,,,,,,,,,,,,,,,,,,,,,,,,,,,,,,,,,,,,,,,,,,,,,,,,,,,,,,,,,,,,,,,,,,,,,,,,,,,,,,,,,,,,,,,,,,,,,,,,,,,,,,,,,,,,,,,,,,,,,,,,,,,,,,,,,,,,,,,,,,,,,,,,,,,,
D04_RD14-0003-03d1d-0.25IP-Q2.1_004.20sec.fsa,D2S1338,G,OL,305.83,5,OL,307.3,5,OL,326.46,5,21,329.1,46,22,333.1,529,24,341.13,27,25,345.09,345,OL,351.97,4,OL,354.73,5,OL,358.95,4,OL,364.98,4,OL,366.03,5,,,,,,,,,,,,,,,,,,,,,,,,,,,,,,,,,,,,,,,,,,,,,,,,,,,,,,,,,,,,,,,,,,,,,,,,,,,,,,,,,,,,,,,,,,,,,,,,,,,,,,,,,,,,,,,,,,,,,,,,,,,,,,,,,,,,,,,,,,,,,,,,,,,,,,,,,,,,,,,,,,,,,,,,,,,,,,,,,,,,,,,,,,,,,,,,,,,,,,,,,,,,,,,,,,,,,,,,,,,,,,,,,,,,,,,,,,,,,,,,,,,,,,,,,,,,,,,,,,,,,,,,
D04_RD14-0003-03d1d-0.25IP-Q2.1_004.20sec.fsa,D19S433,Y,OL,106.78,7,11,108.17,116,12,112.25,1704,12.2,114.07,16,13,116.26,89,14,120.14,1339,15,123.99,4,15.2,126.21,28,16.2,130.18,19,17,132.36,5,18,136.02,8,OL,140,9,,,,,,,,,,,,,,,,,,,,,,,,,,,,,,,,,,,,,,,,,,,,,,,,,,,,,,,,,,,,,,,,,,,,,,,,,,,,,,,,,,,,,,,,,,,,,,,,,,,,,,,,,,,,,,,,,,,,,,,,,,,,,,,,,,,,,,,,,,,,,,,,,,,,,,,,,,,,,,,,,,,,,,,,,,,,,,,,,,,,,,,,,,,,,,,,,,,,,,,,,,,,,,,,,,,,,,,,,,,,,,,,,,,,,,,,,,,,,,,,,,,,,,,,,,,,,,,,,,,,,,,,
D04_RD14-0003-03d1d-0.25IP-Q2.1_004.20sec.fsa,vWA,Y,10,147.71,11,OL,150.98,9,11,151.81,9,OL,161.73,5,OL,162.94,14,14,164.07,61,15,168.14,1060,16,172.22,656,OL,177.96,7,18,180.08,12,18.2,182.68,9,OL,185.59,8,OL,193.41,7,OL,194.25,5,OL,202.78,8,OL,205.57,5,,,,,,,,,,,,,,,,,,,,,,,,,,,,,,,,,,,,,,,,,,,,,,,,,,,,,,,,,,,,,,,,,,,,,,,,,,,,,,,,,,,,,,,,,,,,,,,,,,,,,,,,,,,,,,,,,,,,,,,,,,,,,,,,,,,,,,,,,,,,,,,,,,,,,,,,,,,,,,,,,,,,,,,,,,,,,,,,,,,,,,,,,,,,,,,,,,,,,,,,,,,,,,,,,,,,,,,,,,,,,,,,,,,,,,,,,,,,,,,,,,,,,,,,,,,,
D04_RD14-0003-03d1d-0.25IP-Q2.1_004.20sec.fsa,TPOX,Y,OL,214.08,19,OL,220.08,9,OL,222.83,7,OL,225.82,5,OL,227.05,21,OL,231.13,13,10,236.68,35,11,240.72,1220,OL,243.27,7,OL,250,8,,,,,,,,,,,,,,,,,,,,,,,,,,,,,,,,,,,,,,,,,,,,,,,,,,,,,,,,,,,,,,,,,,,,,,,,,,,,,,,,,,,,,,,,,,,,,,,,,,,,,,,,,,,,,,,,,,,,,,,,,,,,,,,,,,,,,,,,,,,,,,,,,,,,,,,,,,,,,,,,,,,,,,,,,,,,,,,,,,,,,,,,,,,,,,,,,,,,,,,,,,,,,,,,,,,,,,,,,,,,,,,,,,,,,,,,,,,,,,,,,,,,,,,,,,,,,,,,,,,,,,,,,,,,,,
D04_RD14-0003-03d1d-0.25IP-Q2.1_004.20sec.fsa,D18S51,Y,9.2,270.74,6,10.2,274.89,16,OL,286.36,7,OL,290,4,16,297.13,63,17,301.06,566,18,305.05,626,OL,313.92,8,22,321.46,5,22.2,323.23,8,OL,328.94,8,OL,340,14,,,,,,,,,,,,,,,,,,,,,,,,,,,,,,,,,,,,,,,,,,,,,,,,,,,,,,,,,,,,,,,,,,,,,,,,,,,,,,,,,,,,,,,,,,,,,,,,,,,,,,,,,,,,,,,,,,,,,,,,,,,,,,,,,,,,,,,,,,,,,,,,,,,,,,,,,,,,,,,,,,,,,,,,,,,,,,,,,,,,,,,,,,,,,,,,,,,,,,,,,,,,,,,,,,,,,,,,,,,,,,,,,,,,,,,,,,,,,,,,,,,,,,,,,,,,,,,,,,,,,,,,
D04_RD14-0003-03d1d-0.25IP-Q2.1_004.20sec.fsa,AMEL,R,X,104.94,1214,OL,106.26,39,Y,110.87,1416,,,,,,,,,,,,,,,,,,,,,,,,,,,,,,,,,,,,,,,,,,,,,,,,,,,,,,,,,,,,,,,,,,,,,,,,,,,,,,,,,,,,,,,,,,,,,,,,,,,,,,,,,,,,,,,,,,,,,,,,,,,,,,,,,,,,,,,,,,,,,,,,,,,,,,,,,,,,,,,,,,,,,,,,,,,,,,,,,,,,,,,,,,,,,,,,,,,,,,,,,,,,,,,,,,,,,,,,,,,,,,,,,,,,,,,,,,,,,,,,,,,,,,,,,,,,,,,,,,,,,,,,,,,,,,,,,,,,,,,,,,,,,,,,,,,
D04_RD14-0003-03d1d-0.25IP-Q2.1_004.20sec.fsa,D5S818,R,OL,127.58,17,6,128.95,16,9,140.9,9,OL,143.62,8,11,148.85,49,12,152.96,828,13,157.09,628,OL,162.03,4,OL,172.59,5,OL,174.18,8,,,,,,,,,,,,,,,,,,,,,,,,,,,,,,,,,,,,,,,,,,,,,,,,,,,,,,,,,,,,,,,,,,,,,,,,,,,,,,,,,,,,,,,,,,,,,,,,,,,,,,,,,,,,,,,,,,,,,,,,,,,,,,,,,,,,,,,,,,,,,,,,,,,,,,,,,,,,,,,,,,,,,,,,,,,,,,,,,,,,,,,,,,,,,,,,,,,,,,,,,,,,,,,,,,,,,,,,,,,,,,,,,,,,,,,,,,,,,,,,,,,,,,,,,,,,,,,,,,,,,,,,,,,,,,
D04_RD14-0003-03d1d-0.25IP-Q2.1_004.20sec.fsa,FGA,R,18,216.88,21,19,220.92,495,20,224.9,31,OL,227.97,12,OL,229.82,16,22,233.13,16,23,237.22,75,OL,238.3,11,24,241.28,701,OL,276.93,7,OL,285.12,4,OL,306.68,3,OL,307.46,7,OL,318.24,8,OL,326.21,5,OL,330.86,6,OL,347.93,6,OL,351.16,4,OL,356.51,8,,,,,,,,,,,,,,,,,,,,,,,,,,,,,,,,,,,,,,,,,,,,,,,,,,,,,,,,,,,,,,,,,,,,,,,,,,,,,,,,,,,,,,,,,,,,,,,,,,,,,,,,,,,,,,,,,,,,,,,,,,,,,,,,,,,,,,,,,,,,,,,,,,,,,,,,,,,,,,,,,,,,,,,,,,,,,,,,,,,,,,,,,,,,,,,,,,,,,,,,,,,,,,,,,,,,,,,,,,,,,,,,,,,,,,,,,,,,,,,,,,,
D05_RD14-0003-03d1e-0.5IP-Q2.0_004.20sec.fsa,D8S1179,B,OL,112.92,4,OL,116.38,3,7,117.23,6,OL,118.29,7,OL,119.28,4,OL,127.95,7,OL,128.89,4,OL,134.79,6,OL,139.86,8,13,141.89,122,14,146.02,2095,15,150.17,1671,16,154.34,8,OL,155.75,3,OL,163.34,4,OL,164.81,5,19,166.69,2,OL,167.31,3,OL,174,4,OL,175.61,2,,,,,,,,,,,,,,,,,,,,,,,,,,,,,,,,,,,,,,,,,,,,,,,,,,,,,,,,,,,,,,,,,,,,,,,,,,,,,,,,,,,,,,,,,,,,,,,,,,,,,,,,,,,,,,,,,,,,,,,,,,,,,,,,,,,,,,,,,,,,,,,,,,,,,,,,,,,,,,,,,,,,,,,,,,,,,,,,,,,,,,,,,,,,,,,,,,,,,,,,,,,,,,,,,,,,,,,,,,,,,,,,,,,,,,,,,,,,,,,,
D05_RD14-0003-03d1e-0.5IP-Q2.0_004.20sec.fsa,D21S11,B,23.2,179.93,7,24,182.05,6,24.2,184.25,6,OL,193.86,2,27.2,196.54,4,28,198.38,6,OL,199.93,6,28.2,201.1,6,OL,201.65,6,29,202.27,7,29.2,204.27,5,30.2,208.28,6,31.2,212.53,145,32,214.36,13,32.2,216.6,1982,33.2,220.64,15,34,223.11,1,35.2,228.55,6,OL,234.06,4,37,235.41,3,37.2,237.32,3,38,238.66,3,OL,240.15,8,38.2,241.09,1,,,,,,,,,,,,,,,,,,,,,,,,,,,,,,,,,,,,,,,,,,,,,,,,,,,,,,,,,,,,,,,,,,,,,,,,,,,,,,,,,,,,,,,,,,,,,,,,,,,,,,,,,,,,,,,,,,,,,,,,,,,,,,,,,,,,,,,,,,,,,,,,,,,,,,,,,,,,,,,,,,,,,,,,,,,,,,,,,,,,,,,,,,,,,,,,,,,,,,,,,,,,,,,,,,,,,,,,,,,,,,,,,,,,
D05_RD14-0003-03d1e-0.5IP-Q2.0_004.20sec.fsa,D7S820,B,5.2,251.74,6,6,254.11,3,7,258,18,8,262.06,1012,OL,267.32,4,10,270.03,34,11,274.04,659,OL,280,8,OL,283.62,3,OL,291.84,3,,,,,,,,,,,,,,,,,,,,,,,,,,,,,,,,,,,,,,,,,,,,,,,,,,,,,,,,,,,,,,,,,,,,,,,,,,,,,,,,,,,,,,,,,,,,,,,,,,,,,,,,,,,,,,,,,,,,,,,,,,,,,,,,,,,,,,,,,,,,,,,,,,,,,,,,,,,,,,,,,,,,,,,,,,,,,,,,,,,,,,,,,,,,,,,,,,,,,,,,,,,,,,,,,,,,,,,,,,,,,,,,,,,,,,,,,,,,,,,,,,,,,,,,,,,,,,,,,,,,,,,,,,,,,,
D05_RD14-0003-03d1e-0.5IP-Q2.0_004.20sec.fsa,CSF1PO,B,OL,300,8,7,306.49,19,8,310.37,655,OL,312.83,2,9,314.08,6,OL,315.13,4,11,322.51,33,12,326.63,551,14,335.13,5,OL,340.07,6,,,,,,,,,,,,,,,,,,,,,,,,,,,,,,,,,,,,,,,,,,,,,,,,,,,,,,,,,,,,,,,,,,,,,,,,,,,,,,,,,,,,,,,,,,,,,,,,,,,,,,,,,,,,,,,,,,,,,,,,,,,,,,,,,,,,,,,,,,,,,,,,,,,,,,,,,,,,,,,,,,,,,,,,,,,,,,,,,,,,,,,,,,,,,,,,,,,,,,,,,,,,,,,,,,,,,,,,,,,,,,,,,,,,,,,,,,,,,,,,,,,,,,,,,,,,,,,,,,,,,,,,,,,,,,
D05_RD14-0003-03d1e-0.5IP-Q2.0_004.20sec.fsa,D3S1358,G,OL,109.45,2,12,110.2,4,OL,113.19,25,OL,117.37,7,14,118.22,10,15,122.19,137,16,126.2,1951,17,130.04,1778,18,134.11,13,OL,139.72,4,,,,,,,,,,,,,,,,,,,,,,,,,,,,,,,,,,,,,,,,,,,,,,,,,,,,,,,,,,,,,,,,,,,,,,,,,,,,,,,,,,,,,,,,,,,,,,,,,,,,,,,,,,,,,,,,,,,,,,,,,,,,,,,,,,,,,,,,,,,,,,,,,,,,,,,,,,,,,,,,,,,,,,,,,,,,,,,,,,,,,,,,,,,,,,,,,,,,,,,,,,,,,,,,,,,,,,,,,,,,,,,,,,,,,,,,,,,,,,,,,,,,,,,,,,,,,,,,,,,,,,,,,,,,,,
D05_RD14-0003-03d1e-0.5IP-Q2.0_004.20sec.fsa,TH01,G,3,156.17,5,OL,159.72,6,OL,161.39,2,OL,162.02,5,OL,162.65,7,OL,163.2,3,OL,166.55,12,OL,169.12,2,OL,170.66,7,7,172.54,60,7.3,175.4,8,8,176.58,2454,9,180.64,2613,10.3,187.93,5,,,,,,,,,,,,,,,,,,,,,,,,,,,,,,,,,,,,,,,,,,,,,,,,,,,,,,,,,,,,,,,,,,,,,,,,,,,,,,,,,,,,,,,,,,,,,,,,,,,,,,,,,,,,,,,,,,,,,,,,,,,,,,,,,,,,,,,,,,,,,,,,,,,,,,,,,,,,,,,,,,,,,,,,,,,,,,,,,,,,,,,,,,,,,,,,,,,,,,,,,,,,,,,,,,,,,,,,,,,,,,,,,,,,,,,,,,,,,,,,,,,,,,,,,,,,,,,,,,
D05_RD14-0003-03d1e-0.5IP-Q2.0_004.20sec.fsa,D13S317,G,OL,206.27,3,OL,212.6,7,8,214.72,9,OL,218.12,6,10,223.11,75,11,227.21,1740,12,231.31,1781,13,235.2,12,OL,238.37,6,OL,241.53,7,OL,242.18,7,,,,,,,,,,,,,,,,,,,,,,,,,,,,,,,,,,,,,,,,,,,,,,,,,,,,,,,,,,,,,,,,,,,,,,,,,,,,,,,,,,,,,,,,,,,,,,,,,,,,,,,,,,,,,,,,,,,,,,,,,,,,,,,,,,,,,,,,,,,,,,,,,,,,,,,,,,,,,,,,,,,,,,,,,,,,,,,,,,,,,,,,,,,,,,,,,,,,,,,,,,,,,,,,,,,,,,,,,,,,,,,,,,,,,,,,,,,,,,,,,,,,,,,,,,,,,,,,,,,,,,,,,,,
D05_RD14-0003-03d1e-0.5IP-Q2.0_004.20sec.fsa,D16S539,G,OL,252.86,6,OL,256.19,7,OL,257.1,4,OL,257.79,5,OL,264.97,3,9,267.18,6,OL,268.39,7,10,271.03,58,OL,273.11,7,11,275.04,1343,12,279.14,8,13,283.05,73,14,287.02,1017,15,290.85,12,OL,293.4,3,,,,,,,,,,,,,,,,,,,,,,,,,,,,,,,,,,,,,,,,,,,,,,,,,,,,,,,,,,,,,,,,,,,,,,,,,,,,,,,,,,,,,,,,,,,,,,,,,,,,,,,,,,,,,,,,,,,,,,,,,,,,,,,,,,,,,,,,,,,,,,,,,,,,,,,,,,,,,,,,,,,,,,,,,,,,,,,,,,,,,,,,,,,,,,,,,,,,,,,,,,,,,,,,,,,,,,,,,,,,,,,,,,,,,,,,,,,,,,,,,,,,,,,,,,,,,,,
D05_RD14-0003-03d1e-0.5IP-Q2.0_004.20sec.fsa,D2S1338,G,OL,301.68,5,16,309,4,17,312.69,6,OL,316.04,4,18,316.73,3,21,328.91,30,22,332.94,529,OL,339.49,3,24,340.82,97,25,344.91,1032,OL,348.34,3,OL,351.7,9,OL,354.31,4,OL,355.43,5,OL,365.48,5,,,,,,,,,,,,,,,,,,,,,,,,,,,,,,,,,,,,,,,,,,,,,,,,,,,,,,,,,,,,,,,,,,,,,,,,,,,,,,,,,,,,,,,,,,,,,,,,,,,,,,,,,,,,,,,,,,,,,,,,,,,,,,,,,,,,,,,,,,,,,,,,,,,,,,,,,,,,,,,,,,,,,,,,,,,,,,,,,,,,,,,,,,,,,,,,,,,,,,,,,,,,,,,,,,,,,,,,,,,,,,,,,,,,,,,,,,,,,,,,,,,,,,,,,,,,,,,
D05_RD14-0003-03d1e-0.5IP-Q2.0_004.20sec.fsa,D19S433,Y,OL,97.56,8,OL,98.3,5,9,99.8,11,10,103.85,22,11,108.09,185,12,112.17,2430,13,116.11,217,14,120.07,3078,16,128.48,5,16.2,129.97,48,17.2,133.77,4,,,,,,,,,,,,,,,,,,,,,,,,,,,,,,,,,,,,,,,,,,,,,,,,,,,,,,,,,,,,,,,,,,,,,,,,,,,,,,,,,,,,,,,,,,,,,,,,,,,,,,,,,,,,,,,,,,,,,,,,,,,,,,,,,,,,,,,,,,,,,,,,,,,,,,,,,,,,,,,,,,,,,,,,,,,,,,,,,,,,,,,,,,,,,,,,,,,,,,,,,,,,,,,,,,,,,,,,,,,,,,,,,,,,,,,,,,,,,,,,,,,,,,,,,,,,,,,,,,,,,,,,,,,
D05_RD14-0003-03d1e-0.5IP-Q2.0_004.20sec.fsa,vWA,Y,11,151.58,11,OL,155.4,11,OL,156.81,11,13,159.86,6,14,163.97,50,OL,166.06,6,15,168.08,1278,16,172.12,1281,17,176.51,54,OL,178.61,6,18,180.57,54,OL,186.72,6,OL,200.07,12,OL,206.55,8,,,,,,,,,,,,,,,,,,,,,,,,,,,,,,,,,,,,,,,,,,,,,,,,,,,,,,,,,,,,,,,,,,,,,,,,,,,,,,,,,,,,,,,,,,,,,,,,,,,,,,,,,,,,,,,,,,,,,,,,,,,,,,,,,,,,,,,,,,,,,,,,,,,,,,,,,,,,,,,,,,,,,,,,,,,,,,,,,,,,,,,,,,,,,,,,,,,,,,,,,,,,,,,,,,,,,,,,,,,,,,,,,,,,,,,,,,,,,,,,,,,,,,,,,,,,,,,,,,
D05_RD14-0003-03d1e-0.5IP-Q2.0_004.20sec.fsa,TPOX,Y,OL,214.07,12,OL,218.91,9,OL,227.21,41,OL,231.31,43,10,236.61,54,11,240.58,1407,,,,,,,,,,,,,,,,,,,,,,,,,,,,,,,,,,,,,,,,,,,,,,,,,,,,,,,,,,,,,,,,,,,,,,,,,,,,,,,,,,,,,,,,,,,,,,,,,,,,,,,,,,,,,,,,,,,,,,,,,,,,,,,,,,,,,,,,,,,,,,,,,,,,,,,,,,,,,,,,,,,,,,,,,,,,,,,,,,,,,,,,,,,,,,,,,,,,,,,,,,,,,,,,,,,,,,,,,,,,,,,,,,,,,,,,,,,,,,,,,,,,,,,,,,,,,,,,,,,,,,,,,,,,,,,,,,,,,,,,,,
D05_RD14-0003-03d1e-0.5IP-Q2.0_004.20sec.fsa,D18S51,Y,9,268.82,9,OL,280.21,14,13.2,287.02,26,OL,294.32,5,16,297.02,91,17,300.98,950,18,305,674,OL,311.81,10,20.2,315.44,8,OL,332.72,13,OL,336.95,6,OL,340.22,15,,,,,,,,,,,,,,,,,,,,,,,,,,,,,,,,,,,,,,,,,,,,,,,,,,,,,,,,,,,,,,,,,,,,,,,,,,,,,,,,,,,,,,,,,,,,,,,,,,,,,,,,,,,,,,,,,,,,,,,,,,,,,,,,,,,,,,,,,,,,,,,,,,,,,,,,,,,,,,,,,,,,,,,,,,,,,,,,,,,,,,,,,,,,,,,,,,,,,,,,,,,,,,,,,,,,,,,,,,,,,,,,,,,,,,,,,,,,,,,,,,,,,,,,,,,,,,,,,,,,,,,,
D05_RD14-0003-03d1e-0.5IP-Q2.0_004.20sec.fsa,AMEL,R,X,104.88,2177,OL,107.34,4,Y,110.75,1659,,,,,,,,,,,,,,,,,,,,,,,,,,,,,,,,,,,,,,,,,,,,,,,,,,,,,,,,,,,,,,,,,,,,,,,,,,,,,,,,,,,,,,,,,,,,,,,,,,,,,,,,,,,,,,,,,,,,,,,,,,,,,,,,,,,,,,,,,,,,,,,,,,,,,,,,,,,,,,,,,,,,,,,,,,,,,,,,,,,,,,,,,,,,,,,,,,,,,,,,,,,,,,,,,,,,,,,,,,,,,,,,,,,,,,,,,,,,,,,,,,,,,,,,,,,,,,,,,,,,,,,,,,,,,,,,,,,,,,,,,,,,,,,,,,,
D05_RD14-0003-03d1e-0.5IP-Q2.0_004.20sec.fsa,D5S818,R,OL,127.54,19,6,128.15,17,6,129.02,14,OL,143.36,8,11,148.77,98,12,152.92,1816,13,157.02,1362,15,165.15,3,OL,170.94,4,OL,178.05,22,,,,,,,,,,,,,,,,,,,,,,,,,,,,,,,,,,,,,,,,,,,,,,,,,,,,,,,,,,,,,,,,,,,,,,,,,,,,,,,,,,,,,,,,,,,,,,,,,,,,,,,,,,,,,,,,,,,,,,,,,,,,,,,,,,,,,,,,,,,,,,,,,,,,,,,,,,,,,,,,,,,,,,,,,,,,,,,,,,,,,,,,,,,,,,,,,,,,,,,,,,,,,,,,,,,,,,,,,,,,,,,,,,,,,,,,,,,,,,,,,,,,,,,,,,,,,,,,,,,,,,,,,,,,,,
D05_RD14-0003-03d1e-0.5IP-Q2.0_004.20sec.fsa,FGA,R,OL,207.17,10,OL,208.07,11,OL,212.18,10,17,212.6,10,OL,215.51,7,18,216.74,60,19,220.99,1342,21,228.84,24,OL,229.75,21,22,233.22,12,23,237.24,117,24,241.31,1510,25,245.67,14,OL,254.88,8,29,261.99,12,OL,264.83,11,OL,277.2,10,OL,285.03,7,OL,288.86,10,OL,293.97,8,OL,297.8,9,OL,298.3,7,OL,317.03,7,OL,318.4,7,OL,343.05,11,OL,346.1,6,50.2,348.64,5,,,,,,,,,,,,,,,,,,,,,,,,,,,,,,,,,,,,,,,,,,,,,,,,,,,,,,,,,,,,,,,,,,,,,,,,,,,,,,,,,,,,,,,,,,,,,,,,,,,,,,,,,,,,,,,,,,,,,,,,,,,,,,,,,,,,,,,,,,,,,,,,,,,,,,,,,,,,,,,,,,,,,,,,,,,,,,,,,,,,,,,,,,,,,,,,,,,,,,,,,,,,,,,,,,,,,,,,,,,
D08_RD14-0003-04d3b-0.0156IP-Q1.2_004.20sec.fsa,D8S1179,B,OL,112.54,4,OL,114.83,5,OL,115.35,4,OL,120,13,OL,121.06,9,OL,131.43,4,12,137.63,8,13,142,120,OL,143.21,11,OL,143.85,9,14,146.19,71,OL,169.04,3,OL,171.71,5,OL,172.85,4,OL,178.13,6,,,,,,,,,,,,,,,,,,,,,,,,,,,,,,,,,,,,,,,,,,,,,,,,,,,,,,,,,,,,,,,,,,,,,,,,,,,,,,,,,,,,,,,,,,,,,,,,,,,,,,,,,,,,,,,,,,,,,,,,,,,,,,,,,,,,,,,,,,,,,,,,,,,,,,,,,,,,,,,,,,,,,,,,,,,,,,,,,,,,,,,,,,,,,,,,,,,,,,,,,,,,,,,,,,,,,,,,,,,,,,,,,,,,,,,,,,,,,,,,,,,,,,,,,,,,,,,
D08_RD14-0003-04d3b-0.0156IP-Q1.2_004.20sec.fsa,D21S11,B,23.2,179.92,5,24,182.65,5,24.2,184.31,4,25,186.13,6,OL,187.29,4,28,198.75,62,30,206.52,5,OL,209.55,4,OL,214,6,OL,215.69,3,32.2,216.61,4,OL,217.29,5,37.2,236.97,4,OL,237.81,1,,,,,,,,,,,,,,,,,,,,,,,,,,,,,,,,,,,,,,,,,,,,,,,,,,,,,,,,,,,,,,,,,,,,,,,,,,,,,,,,,,,,,,,,,,,,,,,,,,,,,,,,,,,,,,,,,,,,,,,,,,,,,,,,,,,,,,,,,,,,,,,,,,,,,,,,,,,,,,,,,,,,,,,,,,,,,,,,,,,,,,,,,,,,,,,,,,,,,,,,,,,,,,,,,,,,,,,,,,,,,,,,,,,,,,,,,,,,,,,,,,,,,,,,,,,,,,,,,,
D08_RD14-0003-04d3b-0.0156IP-Q1.2_004.20sec.fsa,D7S820,B,OL,247.51,1,OL,248.54,5,5.2,251.84,3,9,266.21,57,9.2,268.52,6,11,273.82,4,OL,276.99,3,OL,280,6,,,,,,,,,,,,,,,,,,,,,,,,,,,,,,,,,,,,,,,,,,,,,,,,,,,,,,,,,,,,,,,,,,,,,,,,,,,,,,,,,,,,,,,,,,,,,,,,,,,,,,,,,,,,,,,,,,,,,,,,,,,,,,,,,,,,,,,,,,,,,,,,,,,,,,,,,,,,,,,,,,,,,,,,,,,,,,,,,,,,,,,,,,,,,,,,,,,,,,,,,,,,,,,,,,,,,,,,,,,,,,,,,,,,,,,,,,,,,,,,,,,,,,,,,,,,,,,,,,,,,,,,,,,,,,,,,,,,
D08_RD14-0003-04d3b-0.0156IP-Q1.2_004.20sec.fsa,CSF1PO,B,OL,307.56,4,9,314,6,OL,322.14,3,OL,341.25,4,,,,,,,,,,,,,,,,,,,,,,,,,,,,,,,,,,,,,,,,,,,,,,,,,,,,,,,,,,,,,,,,,,,,,,,,,,,,,,,,,,,,,,,,,,,,,,,,,,,,,,,,,,,,,,,,,,,,,,,,,,,,,,,,,,,,,,,,,,,,,,,,,,,,,,,,,,,,,,,,,,,,,,,,,,,,,,,,,,,,,,,,,,,,,,,,,,,,,,,,,,,,,,,,,,,,,,,,,,,,,,,,,,,,,,,,,,,,,,,,,,,,,,,,,,,,,,,,,,,,,,,,,,,,,,,,,,,,,,,,,,,,,,,,
D08_RD14-0003-04d3b-0.0156IP-Q1.2_004.20sec.fsa,D3S1358,G,OL,97.32,5,OL,98.7,7,OL,109.3,7,13,114,32,14,118.2,12,15,122.2,200,16,126.33,224,,,,,,,,,,,,,,,,,,,,,,,,,,,,,,,,,,,,,,,,,,,,,,,,,,,,,,,,,,,,,,,,,,,,,,,,,,,,,,,,,,,,,,,,,,,,,,,,,,,,,,,,,,,,,,,,,,,,,,,,,,,,,,,,,,,,,,,,,,,,,,,,,,,,,,,,,,,,,,,,,,,,,,,,,,,,,,,,,,,,,,,,,,,,,,,,,,,,,,,,,,,,,,,,,,,,,,,,,,,,,,,,,,,,,,,,,,,,,,,,,,,,,,,,,,,,,,,,,,,,,,,,,,,,,,,,,,,,,,,
D08_RD14-0003-04d3b-0.0156IP-Q1.2_004.20sec.fsa,TH01,G,OL,161.85,7,OL,162.74,7,5,164.43,7,6,168.96,5,7,172.6,8,7.3,175.44,3,8,176.66,44,OL,181.41,7,OL,182.4,12,9.3,183.73,6,,,,,,,,,,,,,,,,,,,,,,,,,,,,,,,,,,,,,,,,,,,,,,,,,,,,,,,,,,,,,,,,,,,,,,,,,,,,,,,,,,,,,,,,,,,,,,,,,,,,,,,,,,,,,,,,,,,,,,,,,,,,,,,,,,,,,,,,,,,,,,,,,,,,,,,,,,,,,,,,,,,,,,,,,,,,,,,,,,,,,,,,,,,,,,,,,,,,,,,,,,,,,,,,,,,,,,,,,,,,,,,,,,,,,,,,,,,,,,,,,,,,,,,,,,,,,,,,,,,,,,,,,,,,,,
D08_RD14-0003-04d3b-0.0156IP-Q1.2_004.20sec.fsa,D13S317,G,OL,203.99,8,OL,210.62,6,OL,214.34,8,OL,215.85,5,OL,217.71,8,11,227.08,11,12,231.27,53,OL,238.48,2,OL,244.92,4,OL,246.22,6,,,,,,,,,,,,,,,,,,,,,,,,,,,,,,,,,,,,,,,,,,,,,,,,,,,,,,,,,,,,,,,,,,,,,,,,,,,,,,,,,,,,,,,,,,,,,,,,,,,,,,,,,,,,,,,,,,,,,,,,,,,,,,,,,,,,,,,,,,,,,,,,,,,,,,,,,,,,,,,,,,,,,,,,,,,,,,,,,,,,,,,,,,,,,,,,,,,,,,,,,,,,,,,,,,,,,,,,,,,,,,,,,,,,,,,,,,,,,,,,,,,,,,,,,,,,,,,,,,,,,,,,,,,,,,
D08_RD14-0003-04d3b-0.0156IP-Q1.2_004.20sec.fsa,D16S539,G,OL,252.01,4,10,271.59,11,11,275.36,71,16,295.42,4,,,,,,,,,,,,,,,,,,,,,,,,,,,,,,,,,,,,,,,,,,,,,,,,,,,,,,,,,,,,,,,,,,,,,,,,,,,,,,,,,,,,,,,,,,,,,,,,,,,,,,,,,,,,,,,,,,,,,,,,,,,,,,,,,,,,,,,,,,,,,,,,,,,,,,,,,,,,,,,,,,,,,,,,,,,,,,,,,,,,,,,,,,,,,,,,,,,,,,,,,,,,,,,,,,,,,,,,,,,,,,,,,,,,,,,,,,,,,,,,,,,,,,,,,,,,,,,,,,,,,,,,,,,,,,,,,,,,,,,,,,,,,,,,
D08_RD14-0003-04d3b-0.0156IP-Q1.2_004.20sec.fsa,D2S1338,G,OL,313.82,5,OL,315.72,8,OL,329.6,4,24,340.98,17,25,345.17,185,OL,349.8,5,OL,351.5,3,27,353.47,4,,,,,,,,,,,,,,,,,,,,,,,,,,,,,,,,,,,,,,,,,,,,,,,,,,,,,,,,,,,,,,,,,,,,,,,,,,,,,,,,,,,,,,,,,,,,,,,,,,,,,,,,,,,,,,,,,,,,,,,,,,,,,,,,,,,,,,,,,,,,,,,,,,,,,,,,,,,,,,,,,,,,,,,,,,,,,,,,,,,,,,,,,,,,,,,,,,,,,,,,,,,,,,,,,,,,,,,,,,,,,,,,,,,,,,,,,,,,,,,,,,,,,,,,,,,,,,,,,,,,,,,,,,,,,,,,,,,,
D08_RD14-0003-04d3b-0.0156IP-Q1.2_004.20sec.fsa,D19S433,Y,9,100.16,15,10,103.58,9,OL,104.66,10,OL,111.69,7,12.2,114.23,60,OL,123.12,5,15,124.11,20,OL,135.03,9,OL,140.08,10,OL,142,7,,,,,,,,,,,,,,,,,,,,,,,,,,,,,,,,,,,,,,,,,,,,,,,,,,,,,,,,,,,,,,,,,,,,,,,,,,,,,,,,,,,,,,,,,,,,,,,,,,,,,,,,,,,,,,,,,,,,,,,,,,,,,,,,,,,,,,,,,,,,,,,,,,,,,,,,,,,,,,,,,,,,,,,,,,,,,,,,,,,,,,,,,,,,,,,,,,,,,,,,,,,,,,,,,,,,,,,,,,,,,,,,,,,,,,,,,,,,,,,,,,,,,,,,,,,,,,,,,,,,,,,,,,,,,,
D08_RD14-0003-04d3b-0.0156IP-Q1.2_004.20sec.fsa,vWA,Y,OL,149.91,7,OL,163.38,13,16,172.2,92,18.2,182.24,4,19,184.47,58,OL,185.97,5,OL,189.12,10,OL,193.19,5,OL,194.18,5,OL,203.42,7,24,204.89,7,OL,206.68,11,,,,,,,,,,,,,,,,,,,,,,,,,,,,,,,,,,,,,,,,,,,,,,,,,,,,,,,,,,,,,,,,,,,,,,,,,,,,,,,,,,,,,,,,,,,,,,,,,,,,,,,,,,,,,,,,,,,,,,,,,,,,,,,,,,,,,,,,,,,,,,,,,,,,,,,,,,,,,,,,,,,,,,,,,,,,,,,,,,,,,,,,,,,,,,,,,,,,,,,,,,,,,,,,,,,,,,,,,,,,,,,,,,,,,,,,,,,,,,,,,,,,,,,,,,,,,,,,,,,,,,,,
D08_RD14-0003-04d3b-0.0156IP-Q1.2_004.20sec.fsa,TPOX,Y,OL,214,11,OL,220.08,16,OL,231.77,3,10,236.72,58,11,240.78,58,12,245.18,6,OL,247.68,9,,,,,,,,,,,,,,,,,,,,,,,,,,,,,,,,,,,,,,,,,,,,,,,,,,,,,,,,,,,,,,,,,,,,,,,,,,,,,,,,,,,,,,,,,,,,,,,,,,,,,,,,,,,,,,,,,,,,,,,,,,,,,,,,,,,,,,,,,,,,,,,,,,,,,,,,,,,,,,,,,,,,,,,,,,,,,,,,,,,,,,,,,,,,,,,,,,,,,,,,,,,,,,,,,,,,,,,,,,,,,,,,,,,,,,,,,,,,,,,,,,,,,,,,,,,,,,,,,,,,,,,,,,,,,,,,,,,,,,,
D08_RD14-0003-04d3b-0.0156IP-Q1.2_004.20sec.fsa,D18S51,Y,10.2,275.28,11,OL,279.91,10,12.2,282.79,11,OL,290.5,7,15,292.87,8,16.2,298.81,8,17,301.01,35,18,304.91,7,19,308.51,6,OL,311.9,8,OL,319.82,10,OL,322.23,5,OL,330.75,9,OL,331.9,9,OL,340,17,OL,346.24,13,,,,,,,,,,,,,,,,,,,,,,,,,,,,,,,,,,,,,,,,,,,,,,,,,,,,,,,,,,,,,,,,,,,,,,,,,,,,,,,,,,,,,,,,,,,,,,,,,,,,,,,,,,,,,,,,,,,,,,,,,,,,,,,,,,,,,,,,,,,,,,,,,,,,,,,,,,,,,,,,,,,,,,,,,,,,,,,,,,,,,,,,,,,,,,,,,,,,,,,,,,,,,,,,,,,,,,,,,,,,,,,,,,,,,,,,,,,,,,,,,,,,,,,,,,,,
D08_RD14-0003-04d3b-0.0156IP-Q1.2_004.20sec.fsa,AMEL,R,X,104.97,119,,,,,,,,,,,,,,,,,,,,,,,,,,,,,,,,,,,,,,,,,,,,,,,,,,,,,,,,,,,,,,,,,,,,,,,,,,,,,,,,,,,,,,,,,,,,,,,,,,,,,,,,,,,,,,,,,,,,,,,,,,,,,,,,,,,,,,,,,,,,,,,,,,,,,,,,,,,,,,,,,,,,,,,,,,,,,,,,,,,,,,,,,,,,,,,,,,,,,,,,,,,,,,,,,,,,,,,,,,,,,,,,,,,,,,,,,,,,,,,,,,,,,,,,,,,,,,,,,,,,,,,,,,,,,,,,,,,,,,,,,,,,,,,,,,,,,,,,,
D08_RD14-0003-04d3b-0.0156IP-Q1.2_004.20sec.fsa,D5S818,R,OL,133.77,10,OL,137.86,10,OL,143.21,7,10,144.82,16,OL,146.75,8,11,148.93,283,OL,151.04,5,12,152.99,56,OL,158.69,8,,,,,,,,,,,,,,,,,,,,,,,,,,,,,,,,,,,,,,,,,,,,,,,,,,,,,,,,,,,,,,,,,,,,,,,,,,,,,,,,,,,,,,,,,,,,,,,,,,,,,,,,,,,,,,,,,,,,,,,,,,,,,,,,,,,,,,,,,,,,,,,,,,,,,,,,,,,,,,,,,,,,,,,,,,,,,,,,,,,,,,,,,,,,,,,,,,,,,,,,,,,,,,,,,,,,,,,,,,,,,,,,,,,,,,,,,,,,,,,,,,,,,,,,,,,,,,,,,,,,,,,,,,,,,,,,,
D08_RD14-0003-04d3b-0.0156IP-Q1.2_004.20sec.fsa,FGA,R,OL,206.03,4,OL,211.77,4,OL,222.25,4,20,225,55,21,229.09,131,22,233.61,7,OL,234.45,4,25,245.53,7,29.2,263.66,8,32,273.31,7,OL,286.52,6,OL,287.36,9,OL,288.55,5,OL,289.91,8,OL,296.27,10,OL,304.4,9,OL,308.94,8,OL,310.94,6,OL,312.25,9,OL,321.96,9,OL,331.63,11,49.2,344.27,6,,,,,,,,,,,,,,,,,,,,,,,,,,,,,,,,,,,,,,,,,,,,,,,,,,,,,,,,,,,,,,,,,,,,,,,,,,,,,,,,,,,,,,,,,,,,,,,,,,,,,,,,,,,,,,,,,,,,,,,,,,,,,,,,,,,,,,,,,,,,,,,,,,,,,,,,,,,,,,,,,,,,,,,,,,,,,,,,,,,,,,,,,,,,,,,,,,,,,,,,,,,,,,,,,,,,,,,,,,,,,,,,,,,,,,,,,,
D09_RD14-0003-04d3c-0.0156IP-Q1.7_004.20sec.fsa,D8S1179,B,OL,118.24,5,OL,122.35,10,OL,123.28,13,OL,130.41,6,OL,138.97,5,OL,139.93,6,OL,140.9,8,14,146.23,47,OL,165.29,5,OL,168.2,2,OL,170.22,4,OL,172.83,6,OL,175.97,2,OL,178.06,6,,,,,,,,,,,,,,,,,,,,,,,,,,,,,,,,,,,,,,,,,,,,,,,,,,,,,,,,,,,,,,,,,,,,,,,,,,,,,,,,,,,,,,,,,,,,,,,,,,,,,,,,,,,,,,,,,,,,,,,,,,,,,,,,,,,,,,,,,,,,,,,,,,,,,,,,,,,,,,,,,,,,,,,,,,,,,,,,,,,,,,,,,,,,,,,,,,,,,,,,,,,,,,,,,,,,,,,,,,,,,,,,,,,,,,,,,,,,,,,,,,,,,,,,,,,,,,,,,,
D09_RD14-0003-04d3c-0.0156IP-Q1.7_004.20sec.fsa,D21S11,B,OL,189.26,3,26.2,192.89,2,28,198.49,7,OL,199.32,5,29,202.58,8,30,206.65,111,31.2,212.66,7,OL,214,8,OL,215.36,3,OL,220,6,34.2,224.36,6,36,230.4,6,OL,238.33,6,,,,,,,,,,,,,,,,,,,,,,,,,,,,,,,,,,,,,,,,,,,,,,,,,,,,,,,,,,,,,,,,,,,,,,,,,,,,,,,,,,,,,,,,,,,,,,,,,,,,,,,,,,,,,,,,,,,,,,,,,,,,,,,,,,,,,,,,,,,,,,,,,,,,,,,,,,,,,,,,,,,,,,,,,,,,,,,,,,,,,,,,,,,,,,,,,,,,,,,,,,,,,,,,,,,,,,,,,,,,,,,,,,,,,,,,,,,,,,,,,,,,,,,,,,,,,,,,,,,,,
D09_RD14-0003-04d3c-0.0156IP-Q1.7_004.20sec.fsa,D7S820,B,OL,247.93,6,OL,249.01,4,6,253.79,4,OL,255.5,4,OL,259.93,7,8.2,263.99,4,OL,267.23,6,10,270.47,4,OL,271.22,6,13,282.55,5,OL,287.88,2,OL,292.83,5,,,,,,,,,,,,,,,,,,,,,,,,,,,,,,,,,,,,,,,,,,,,,,,,,,,,,,,,,,,,,,,,,,,,,,,,,,,,,,,,,,,,,,,,,,,,,,,,,,,,,,,,,,,,,,,,,,,,,,,,,,,,,,,,,,,,,,,,,,,,,,,,,,,,,,,,,,,,,,,,,,,,,,,,,,,,,,,,,,,,,,,,,,,,,,,,,,,,,,,,,,,,,,,,,,,,,,,,,,,,,,,,,,,,,,,,,,,,,,,,,,,,,,,,,,,,,,,,,,,,,,,,
D09_RD14-0003-04d3c-0.0156IP-Q1.7_004.20sec.fsa,CSF1PO,B,OL,300,8,OL,308.78,4,OL,313.69,7,9,314.88,2,OL,315.75,2,OL,320,6,OL,321.79,5,12,327.14,3,OL,329.46,4,OL,334.14,5,,,,,,,,,,,,,,,,,,,,,,,,,,,,,,,,,,,,,,,,,,,,,,,,,,,,,,,,,,,,,,,,,,,,,,,,,,,,,,,,,,,,,,,,,,,,,,,,,,,,,,,,,,,,,,,,,,,,,,,,,,,,,,,,,,,,,,,,,,,,,,,,,,,,,,,,,,,,,,,,,,,,,,,,,,,,,,,,,,,,,,,,,,,,,,,,,,,,,,,,,,,,,,,,,,,,,,,,,,,,,,,,,,,,,,,,,,,,,,,,,,,,,,,,,,,,,,,,,,,,,,,,,,,,,,
D09_RD14-0003-04d3c-0.0156IP-Q1.7_004.20sec.fsa,D3S1358,G,OL,95.36,7,OL,98.4,5,OL,109.12,10,OL,116.05,30,16.2,128.81,8,17,130.84,6,OL,133.9,4,OL,135.8,5,OL,139.41,8,20,142.85,8,,,,,,,,,,,,,,,,,,,,,,,,,,,,,,,,,,,,,,,,,,,,,,,,,,,,,,,,,,,,,,,,,,,,,,,,,,,,,,,,,,,,,,,,,,,,,,,,,,,,,,,,,,,,,,,,,,,,,,,,,,,,,,,,,,,,,,,,,,,,,,,,,,,,,,,,,,,,,,,,,,,,,,,,,,,,,,,,,,,,,,,,,,,,,,,,,,,,,,,,,,,,,,,,,,,,,,,,,,,,,,,,,,,,,,,,,,,,,,,,,,,,,,,,,,,,,,,,,,,,,,,,,,,,,,
D09_RD14-0003-04d3c-0.0156IP-Q1.7_004.20sec.fsa,TH01,G,OL,161.42,7,OL,162.76,8,8,176.64,168,9,180.84,5,10,185.01,8,OL,186,8,OL,192.21,6,,,,,,,,,,,,,,,,,,,,,,,,,,,,,,,,,,,,,,,,,,,,,,,,,,,,,,,,,,,,,,,,,,,,,,,,,,,,,,,,,,,,,,,,,,,,,,,,,,,,,,,,,,,,,,,,,,,,,,,,,,,,,,,,,,,,,,,,,,,,,,,,,,,,,,,,,,,,,,,,,,,,,,,,,,,,,,,,,,,,,,,,,,,,,,,,,,,,,,,,,,,,,,,,,,,,,,,,,,,,,,,,,,,,,,,,,,,,,,,,,,,,,,,,,,,,,,,,,,,,,,,,,,,,,,,,,,,,,,,
D09_RD14-0003-04d3c-0.0156IP-Q1.7_004.20sec.fsa,D13S317,G,OL,203.62,5,7,211.25,7,OL,218.55,3,OL,221.05,6,10,223.16,9,11,227.15,92,12,231.23,46,OL,239.92,7,OL,242.63,3,15,243.94,7,,,,,,,,,,,,,,,,,,,,,,,,,,,,,,,,,,,,,,,,,,,,,,,,,,,,,,,,,,,,,,,,,,,,,,,,,,,,,,,,,,,,,,,,,,,,,,,,,,,,,,,,,,,,,,,,,,,,,,,,,,,,,,,,,,,,,,,,,,,,,,,,,,,,,,,,,,,,,,,,,,,,,,,,,,,,,,,,,,,,,,,,,,,,,,,,,,,,,,,,,,,,,,,,,,,,,,,,,,,,,,,,,,,,,,,,,,,,,,,,,,,,,,,,,,,,,,,,,,,,,,,,,,,,,,
D09_RD14-0003-04d3c-0.0156IP-Q1.7_004.20sec.fsa,D16S539,G,OL,253.27,7,7,259.12,4,OL,269.34,8,OL,288.26,6,OL,289.31,6,OL,289.98,5,15,291.1,6,,,,,,,,,,,,,,,,,,,,,,,,,,,,,,,,,,,,,,,,,,,,,,,,,,,,,,,,,,,,,,,,,,,,,,,,,,,,,,,,,,,,,,,,,,,,,,,,,,,,,,,,,,,,,,,,,,,,,,,,,,,,,,,,,,,,,,,,,,,,,,,,,,,,,,,,,,,,,,,,,,,,,,,,,,,,,,,,,,,,,,,,,,,,,,,,,,,,,,,,,,,,,,,,,,,,,,,,,,,,,,,,,,,,,,,,,,,,,,,,,,,,,,,,,,,,,,,,,,,,,,,,,,,,,,,,,,,,,,,
D09_RD14-0003-04d3c-0.0156IP-Q1.7_004.20sec.fsa,D2S1338,G,OL,306.84,7,OL,316.07,4,OL,319.92,4,OL,323.19,4,OL,336.5,5,OL,339.24,7,OL,348.27,8,27,353.67,6,OL,359.54,4,,,,,,,,,,,,,,,,,,,,,,,,,,,,,,,,,,,,,,,,,,,,,,,,,,,,,,,,,,,,,,,,,,,,,,,,,,,,,,,,,,,,,,,,,,,,,,,,,,,,,,,,,,,,,,,,,,,,,,,,,,,,,,,,,,,,,,,,,,,,,,,,,,,,,,,,,,,,,,,,,,,,,,,,,,,,,,,,,,,,,,,,,,,,,,,,,,,,,,,,,,,,,,,,,,,,,,,,,,,,,,,,,,,,,,,,,,,,,,,,,,,,,,,,,,,,,,,,,,,,,,,,,,,,,,,,,
D09_RD14-0003-04d3c-0.0156IP-Q1.7_004.20sec.fsa,D19S433,Y,OL,94.85,23,OL,96.44,2,9.2,102.07,10,11,107.87,7,11.2,110,11,12.2,114.28,148,OL,121.07,6,17,131.57,6,OL,133.17,7,OL,139.93,11,,,,,,,,,,,,,,,,,,,,,,,,,,,,,,,,,,,,,,,,,,,,,,,,,,,,,,,,,,,,,,,,,,,,,,,,,,,,,,,,,,,,,,,,,,,,,,,,,,,,,,,,,,,,,,,,,,,,,,,,,,,,,,,,,,,,,,,,,,,,,,,,,,,,,,,,,,,,,,,,,,,,,,,,,,,,,,,,,,,,,,,,,,,,,,,,,,,,,,,,,,,,,,,,,,,,,,,,,,,,,,,,,,,,,,,,,,,,,,,,,,,,,,,,,,,,,,,,,,,,,,,,,,,,,,
D09_RD14-0003-04d3c-0.0156IP-Q1.7_004.20sec.fsa,vWA,Y,OL,158.4,5,OL,162.01,7,14,164.47,12,OL,168.73,9,15.2,170.59,5,18,179.93,14,19,184.4,99,OL,190.47,10,24,204.8,12,25,208.8,6,,,,,,,,,,,,,,,,,,,,,,,,,,,,,,,,,,,,,,,,,,,,,,,,,,,,,,,,,,,,,,,,,,,,,,,,,,,,,,,,,,,,,,,,,,,,,,,,,,,,,,,,,,,,,,,,,,,,,,,,,,,,,,,,,,,,,,,,,,,,,,,,,,,,,,,,,,,,,,,,,,,,,,,,,,,,,,,,,,,,,,,,,,,,,,,,,,,,,,,,,,,,,,,,,,,,,,,,,,,,,,,,,,,,,,,,,,,,,,,,,,,,,,,,,,,,,,,,,,,,,,,,,,,,,,
D09_RD14-0003-04d3c-0.0156IP-Q1.7_004.20sec.fsa,TPOX,Y,OL,214.23,14,OL,218.17,5,8,228.36,12,OL,234.25,5,10,236.59,80,OL,238.41,13,OL,240,12,,,,,,,,,,,,,,,,,,,,,,,,,,,,,,,,,,,,,,,,,,,,,,,,,,,,,,,,,,,,,,,,,,,,,,,,,,,,,,,,,,,,,,,,,,,,,,,,,,,,,,,,,,,,,,,,,,,,,,,,,,,,,,,,,,,,,,,,,,,,,,,,,,,,,,,,,,,,,,,,,,,,,,,,,,,,,,,,,,,,,,,,,,,,,,,,,,,,,,,,,,,,,,,,,,,,,,,,,,,,,,,,,,,,,,,,,,,,,,,,,,,,,,,,,,,,,,,,,,,,,,,,,,,,,,,,,,,,,,,
D09_RD14-0003-04d3c-0.0156IP-Q1.7_004.20sec.fsa,D18S51,Y,OL,261.8,8,9,268.58,3,9.2,271.37,10,15.2,295.14,8,17.2,303,7,18.2,307.21,7,OL,324.12,9,OL,339.01,7,,,,,,,,,,,,,,,,,,,,,,,,,,,,,,,,,,,,,,,,,,,,,,,,,,,,,,,,,,,,,,,,,,,,,,,,,,,,,,,,,,,,,,,,,,,,,,,,,,,,,,,,,,,,,,,,,,,,,,,,,,,,,,,,,,,,,,,,,,,,,,,,,,,,,,,,,,,,,,,,,,,,,,,,,,,,,,,,,,,,,,,,,,,,,,,,,,,,,,,,,,,,,,,,,,,,,,,,,,,,,,,,,,,,,,,,,,,,,,,,,,,,,,,,,,,,,,,,,,,,,,,,,,,,,,,,,,,,
D09_RD14-0003-04d3c-0.0156IP-Q1.7_004.20sec.fsa,AMEL,R,X,104.94,42,OL,106.26,6,Y,110.87,94,,,,,,,,,,,,,,,,,,,,,,,,,,,,,,,,,,,,,,,,,,,,,,,,,,,,,,,,,,,,,,,,,,,,,,,,,,,,,,,,,,,,,,,,,,,,,,,,,,,,,,,,,,,,,,,,,,,,,,,,,,,,,,,,,,,,,,,,,,,,,,,,,,,,,,,,,,,,,,,,,,,,,,,,,,,,,,,,,,,,,,,,,,,,,,,,,,,,,,,,,,,,,,,,,,,,,,,,,,,,,,,,,,,,,,,,,,,,,,,,,,,,,,,,,,,,,,,,,,,,,,,,,,,,,,,,,,,,,,,,,,,,,,,,,,,
D09_RD14-0003-04d3c-0.0156IP-Q1.7_004.20sec.fsa,D5S818,R,7,132.66,5,OL,134.92,6,9,140.82,10,11,148.87,81,12,153.02,77,14,160.82,6,15,164.92,9,OL,171.86,6,,,,,,,,,,,,,,,,,,,,,,,,,,,,,,,,,,,,,,,,,,,,,,,,,,,,,,,,,,,,,,,,,,,,,,,,,,,,,,,,,,,,,,,,,,,,,,,,,,,,,,,,,,,,,,,,,,,,,,,,,,,,,,,,,,,,,,,,,,,,,,,,,,,,,,,,,,,,,,,,,,,,,,,,,,,,,,,,,,,,,,,,,,,,,,,,,,,,,,,,,,,,,,,,,,,,,,,,,,,,,,,,,,,,,,,,,,,,,,,,,,,,,,,,,,,,,,,,,,,,,,,,,,,,,,,,,,,,
D09_RD14-0003-04d3c-0.0156IP-Q1.7_004.20sec.fsa,FGA,R,17,213.03,15,OL,216.05,6,OL,223.99,9,20,225.19,9,20.2,226.77,4,OL,227.91,9,21,229.11,54,22,232.81,7,OL,234.63,9,OL,235.84,6,OL,246.09,6,OL,248.93,9,26.2,252.08,9,28,257.49,8,OL,266.77,5,OL,268.73,8,32,273.49,10,OL,282.48,8,OL,288.56,8,OL,301.6,8,OL,306.84,3,OL,312.1,7,OL,334.9,9,OL,357.38,9,,,,,,,,,,,,,,,,,,,,,,,,,,,,,,,,,,,,,,,,,,,,,,,,,,,,,,,,,,,,,,,,,,,,,,,,,,,,,,,,,,,,,,,,,,,,,,,,,,,,,,,,,,,,,,,,,,,,,,,,,,,,,,,,,,,,,,,,,,,,,,,,,,,,,,,,,,,,,,,,,,,,,,,,,,,,,,,,,,,,,,,,,,,,,,,,,,,,,,,,,,,,,,,,,,,,,,,,,,,,,,,,,,,,
D10_RD14-0003-04d3d-0.0313IP-Q1.6_004.20sec.fsa,D8S1179,B,OL,114,9,OL,118.27,5,OL,122.32,10,OL,130.79,4,12,137.91,11,13,142.06,180,14,146.12,72,OL,149.65,4,OL,157.44,5,17,158.37,2,19,166.38,4,OL,167.44,5,OL,172.39,4,OL,175.96,5,OL,176.72,7,,,,,,,,,,,,,,,,,,,,,,,,,,,,,,,,,,,,,,,,,,,,,,,,,,,,,,,,,,,,,,,,,,,,,,,,,,,,,,,,,,,,,,,,,,,,,,,,,,,,,,,,,,,,,,,,,,,,,,,,,,,,,,,,,,,,,,,,,,,,,,,,,,,,,,,,,,,,,,,,,,,,,,,,,,,,,,,,,,,,,,,,,,,,,,,,,,,,,,,,,,,,,,,,,,,,,,,,,,,,,,,,,,,,,,,,,,,,,,,,,,,,,,,,,,,,,,,
D10_RD14-0003-04d3d-0.0313IP-Q1.6_004.20sec.fsa,D21S11,B,25.2,188.14,4,26,190.08,4,27,194.34,6,27.2,196.36,8,28,198.68,42,OL,200.08,5,OL,203.11,4,OL,205.24,4,OL,211.71,4,OL,213.92,9,OL,217.74,5,OL,220.15,6,OL,223.77,5,35,226.69,7,36.2,232.48,5,OL,235.5,5,OL,237.9,5,OL,240.08,9,,,,,,,,,,,,,,,,,,,,,,,,,,,,,,,,,,,,,,,,,,,,,,,,,,,,,,,,,,,,,,,,,,,,,,,,,,,,,,,,,,,,,,,,,,,,,,,,,,,,,,,,,,,,,,,,,,,,,,,,,,,,,,,,,,,,,,,,,,,,,,,,,,,,,,,,,,,,,,,,,,,,,,,,,,,,,,,,,,,,,,,,,,,,,,,,,,,,,,,,,,,,,,,,,,,,,,,,,,,,,,,,,,,,,,,,,,,,,,,,,,,,,,
D10_RD14-0003-04d3d-0.0313IP-Q1.6_004.20sec.fsa,D7S820,B,OL,251.52,6,9,266.2,54,10,270.09,3,11,274.14,4,OL,284.7,5,,,,,,,,,,,,,,,,,,,,,,,,,,,,,,,,,,,,,,,,,,,,,,,,,,,,,,,,,,,,,,,,,,,,,,,,,,,,,,,,,,,,,,,,,,,,,,,,,,,,,,,,,,,,,,,,,,,,,,,,,,,,,,,,,,,,,,,,,,,,,,,,,,,,,,,,,,,,,,,,,,,,,,,,,,,,,,,,,,,,,,,,,,,,,,,,,,,,,,,,,,,,,,,,,,,,,,,,,,,,,,,,,,,,,,,,,,,,,,,,,,,,,,,,,,,,,,,,,,,,,,,,,,,,,,,,,,,,,,,,,,,,,
D10_RD14-0003-04d3d-0.0313IP-Q1.6_004.20sec.fsa,CSF1PO,B,OL,300.15,6,10,318.6,3,OL,320,9,11,322.72,10,12,326.78,176,OL,340.08,9,OL,340.96,6,,,,,,,,,,,,,,,,,,,,,,,,,,,,,,,,,,,,,,,,,,,,,,,,,,,,,,,,,,,,,,,,,,,,,,,,,,,,,,,,,,,,,,,,,,,,,,,,,,,,,,,,,,,,,,,,,,,,,,,,,,,,,,,,,,,,,,,,,,,,,,,,,,,,,,,,,,,,,,,,,,,,,,,,,,,,,,,,,,,,,,,,,,,,,,,,,,,,,,,,,,,,,,,,,,,,,,,,,,,,,,,,,,,,,,,,,,,,,,,,,,,,,,,,,,,,,,,,,,,,,,,,,,,,,,,,,,,,,,,
D10_RD14-0003-04d3d-0.0313IP-Q1.6_004.20sec.fsa,D3S1358,G,OL,100.97,5,OL,104.31,10,OL,109.2,7,12,110.02,6,OL,115.52,28,14,118.19,13,15,122.24,208,16,126.32,126,17,130.57,6,OL,143.06,8,,,,,,,,,,,,,,,,,,,,,,,,,,,,,,,,,,,,,,,,,,,,,,,,,,,,,,,,,,,,,,,,,,,,,,,,,,,,,,,,,,,,,,,,,,,,,,,,,,,,,,,,,,,,,,,,,,,,,,,,,,,,,,,,,,,,,,,,,,,,,,,,,,,,,,,,,,,,,,,,,,,,,,,,,,,,,,,,,,,,,,,,,,,,,,,,,,,,,,,,,,,,,,,,,,,,,,,,,,,,,,,,,,,,,,,,,,,,,,,,,,,,,,,,,,,,,,,,,,,,,,,,,,,,,,
D10_RD14-0003-04d3d-0.0313IP-Q1.6_004.20sec.fsa,TH01,G,5,164.71,8,5.3,167.14,6,6,168.74,4,7,172.61,13,8,176.65,427,OL,186.44,9,12,192.87,6,,,,,,,,,,,,,,,,,,,,,,,,,,,,,,,,,,,,,,,,,,,,,,,,,,,,,,,,,,,,,,,,,,,,,,,,,,,,,,,,,,,,,,,,,,,,,,,,,,,,,,,,,,,,,,,,,,,,,,,,,,,,,,,,,,,,,,,,,,,,,,,,,,,,,,,,,,,,,,,,,,,,,,,,,,,,,,,,,,,,,,,,,,,,,,,,,,,,,,,,,,,,,,,,,,,,,,,,,,,,,,,,,,,,,,,,,,,,,,,,,,,,,,,,,,,,,,,,,,,,,,,,,,,,,,,,,,,,,,,
D10_RD14-0003-04d3d-0.0313IP-Q1.6_004.20sec.fsa,D13S317,G,OL,206.07,5,OL,225.54,5,11,227.23,138,OL,228.93,6,OL,229.78,7,OL,237.28,7,,,,,,,,,,,,,,,,,,,,,,,,,,,,,,,,,,,,,,,,,,,,,,,,,,,,,,,,,,,,,,,,,,,,,,,,,,,,,,,,,,,,,,,,,,,,,,,,,,,,,,,,,,,,,,,,,,,,,,,,,,,,,,,,,,,,,,,,,,,,,,,,,,,,,,,,,,,,,,,,,,,,,,,,,,,,,,,,,,,,,,,,,,,,,,,,,,,,,,,,,,,,,,,,,,,,,,,,,,,,,,,,,,,,,,,,,,,,,,,,,,,,,,,,,,,,,,,,,,,,,,,,,,,,,,,,,,,,,,,,,,
D10_RD14-0003-04d3d-0.0313IP-Q1.6_004.20sec.fsa,D16S539,G,OL,250.61,7,OL,256.83,6,OL,262.09,7,9,267.44,8,OL,270.01,4,10,271.25,13,11,275.31,193,OL,285.01,9,OL,286.55,5,14,287.63,5,15,291.25,4,OL,294.09,5,,,,,,,,,,,,,,,,,,,,,,,,,,,,,,,,,,,,,,,,,,,,,,,,,,,,,,,,,,,,,,,,,,,,,,,,,,,,,,,,,,,,,,,,,,,,,,,,,,,,,,,,,,,,,,,,,,,,,,,,,,,,,,,,,,,,,,,,,,,,,,,,,,,,,,,,,,,,,,,,,,,,,,,,,,,,,,,,,,,,,,,,,,,,,,,,,,,,,,,,,,,,,,,,,,,,,,,,,,,,,,,,,,,,,,,,,,,,,,,,,,,,,,,,,,,,,,,,,,,,,,,,
D10_RD14-0003-04d3d-0.0313IP-Q1.6_004.20sec.fsa,D2S1338,G,15,304.85,5,OL,322.72,3,20,325.03,25,OL,327.33,4,21,329,186,23,336.79,6,24,341.11,13,25,345.02,121,26,349.64,5,OL,351.39,6,OL,353.7,10,OL,354.34,10,28,357.53,7,OL,359.28,7,OL,360.24,3,OL,362.14,6,,,,,,,,,,,,,,,,,,,,,,,,,,,,,,,,,,,,,,,,,,,,,,,,,,,,,,,,,,,,,,,,,,,,,,,,,,,,,,,,,,,,,,,,,,,,,,,,,,,,,,,,,,,,,,,,,,,,,,,,,,,,,,,,,,,,,,,,,,,,,,,,,,,,,,,,,,,,,,,,,,,,,,,,,,,,,,,,,,,,,,,,,,,,,,,,,,,,,,,,,,,,,,,,,,,,,,,,,,,,,,,,,,,,,,,,,,,,,,,,,,,,,,,,,,,,
D10_RD14-0003-04d3d-0.0313IP-Q1.6_004.20sec.fsa,D19S433,Y,9,100.07,10,9.2,101.56,6,OL,104.61,8,12.2,114.22,90,14,120.14,18,15,124.06,98,OL,129.4,9,OL,134.86,10,OL,140,14,,,,,,,,,,,,,,,,,,,,,,,,,,,,,,,,,,,,,,,,,,,,,,,,,,,,,,,,,,,,,,,,,,,,,,,,,,,,,,,,,,,,,,,,,,,,,,,,,,,,,,,,,,,,,,,,,,,,,,,,,,,,,,,,,,,,,,,,,,,,,,,,,,,,,,,,,,,,,,,,,,,,,,,,,,,,,,,,,,,,,,,,,,,,,,,,,,,,,,,,,,,,,,,,,,,,,,,,,,,,,,,,,,,,,,,,,,,,,,,,,,,,,,,,,,,,,,,,,,,,,,,,,,,,,,,,,
D10_RD14-0003-04d3d-0.0313IP-Q1.6_004.20sec.fsa,vWA,Y,OL,156.82,6,13,160,10,14,164.02,10,OL,165.09,11,16,172.16,133,OL,186.05,8,OL,190.24,11,OL,193.49,6,OL,195.2,9,22,197.06,6,,,,,,,,,,,,,,,,,,,,,,,,,,,,,,,,,,,,,,,,,,,,,,,,,,,,,,,,,,,,,,,,,,,,,,,,,,,,,,,,,,,,,,,,,,,,,,,,,,,,,,,,,,,,,,,,,,,,,,,,,,,,,,,,,,,,,,,,,,,,,,,,,,,,,,,,,,,,,,,,,,,,,,,,,,,,,,,,,,,,,,,,,,,,,,,,,,,,,,,,,,,,,,,,,,,,,,,,,,,,,,,,,,,,,,,,,,,,,,,,,,,,,,,,,,,,,,,,,,,,,,,,,,,,,,
D10_RD14-0003-04d3d-0.0313IP-Q1.6_004.20sec.fsa,TPOX,Y,OL,227.31,6,9,232.48,9,10,236.66,80,OL,239.3,4,11,240.72,47,OL,247.47,7,OL,252.06,7,OL,255.85,7,,,,,,,,,,,,,,,,,,,,,,,,,,,,,,,,,,,,,,,,,,,,,,,,,,,,,,,,,,,,,,,,,,,,,,,,,,,,,,,,,,,,,,,,,,,,,,,,,,,,,,,,,,,,,,,,,,,,,,,,,,,,,,,,,,,,,,,,,,,,,,,,,,,,,,,,,,,,,,,,,,,,,,,,,,,,,,,,,,,,,,,,,,,,,,,,,,,,,,,,,,,,,,,,,,,,,,,,,,,,,,,,,,,,,,,,,,,,,,,,,,,,,,,,,,,,,,,,,,,,,,,,,,,,,,,,,,,,
D10_RD14-0003-04d3d-0.0313IP-Q1.6_004.20sec.fsa,D18S51,Y,OL,264.1,6,OL,265.42,10,OL,275.7,10,12.2,282.85,6,13.2,286.86,8,15,293.09,104,17,300.98,29,19,308.85,6,OL,310.09,6,19.2,310.71,8,OL,313.92,12,20.2,315.39,7,OL,319.83,14,OL,328.92,8,OL,339.92,16,OL,344.86,7,,,,,,,,,,,,,,,,,,,,,,,,,,,,,,,,,,,,,,,,,,,,,,,,,,,,,,,,,,,,,,,,,,,,,,,,,,,,,,,,,,,,,,,,,,,,,,,,,,,,,,,,,,,,,,,,,,,,,,,,,,,,,,,,,,,,,,,,,,,,,,,,,,,,,,,,,,,,,,,,,,,,,,,,,,,,,,,,,,,,,,,,,,,,,,,,,,,,,,,,,,,,,,,,,,,,,,,,,,,,,,,,,,,,,,,,,,,,,,,,,,,,,,,,,,,,
D10_RD14-0003-04d3d-0.0313IP-Q1.6_004.20sec.fsa,AMEL,R,X,104.98,157,Y,110.83,152,,,,,,,,,,,,,,,,,,,,,,,,,,,,,,,,,,,,,,,,,,,,,,,,,,,,,,,,,,,,,,,,,,,,,,,,,,,,,,,,,,,,,,,,,,,,,,,,,,,,,,,,,,,,,,,,,,,,,,,,,,,,,,,,,,,,,,,,,,,,,,,,,,,,,,,,,,,,,,,,,,,,,,,,,,,,,,,,,,,,,,,,,,,,,,,,,,,,,,,,,,,,,,,,,,,,,,,,,,,,,,,,,,,,,,,,,,,,,,,,,,,,,,,,,,,,,,,,,,,,,,,,,,,,,,,,,,,,,,,,,,,,,,,,,,,,,,
D10_RD14-0003-04d3d-0.0313IP-Q1.6_004.20sec.fsa,D5S818,R,OL,125.59,10,OL,135.9,8,OL,139.33,8,9,140.53,10,OL,143.82,6,11,148.88,131,12,152.96,122,OL,162.05,6,,,,,,,,,,,,,,,,,,,,,,,,,,,,,,,,,,,,,,,,,,,,,,,,,,,,,,,,,,,,,,,,,,,,,,,,,,,,,,,,,,,,,,,,,,,,,,,,,,,,,,,,,,,,,,,,,,,,,,,,,,,,,,,,,,,,,,,,,,,,,,,,,,,,,,,,,,,,,,,,,,,,,,,,,,,,,,,,,,,,,,,,,,,,,,,,,,,,,,,,,,,,,,,,,,,,,,,,,,,,,,,,,,,,,,,,,,,,,,,,,,,,,,,,,,,,,,,,,,,,,,,,,,,,,,,,,,,,
D10_RD14-0003-04d3d-0.0313IP-Q1.6_004.20sec.fsa,FGA,R,OL,212.24,17,17.2,214.31,7,20,225.08,136,21,229.08,150,24,240.96,9,OL,246.92,7,OL,252.44,7,27.2,255.55,6,OL,258.12,12,OL,264.8,7,30.2,267.44,9,33.2,279.3,8,OL,309.7,6,OL,311.02,5,OL,314.9,7,OL,316.7,7,45.2,328.44,7,46.2,332.16,7,OL,341.27,7,OL,350.75,5,OL,353.7,9,OL,355.93,6,OL,357.37,7,,,,,,,,,,,,,,,,,,,,,,,,,,,,,,,,,,,,,,,,,,,,,,,,,,,,,,,,,,,,,,,,,,,,,,,,,,,,,,,,,,,,,,,,,,,,,,,,,,,,,,,,,,,,,,,,,,,,,,,,,,,,,,,,,,,,,,,,,,,,,,,,,,,,,,,,,,,,,,,,,,,,,,,,,,,,,,,,,,,,,,,,,,,,,,,,,,,,,,,,,,,,,,,,,,,,,,,,,,,,,,,,,,,,,,,
D11_RD14-0003-04d3e-0.0313IP-Q12_004.20sec.fsa,D8S1179,B,OL,112.37,4,OL,114.08,6,OL,118.71,3,8,121.6,12,OL,135.41,7,13,142.1,58,OL,144.37,15,14,146.16,33,OL,149.17,13,OL,165.1,4,OL,174.45,5,OL,176.57,5,OL,177.22,4,,,,,,,,,,,,,,,,,,,,,,,,,,,,,,,,,,,,,,,,,,,,,,,,,,,,,,,,,,,,,,,,,,,,,,,,,,,,,,,,,,,,,,,,,,,,,,,,,,,,,,,,,,,,,,,,,,,,,,,,,,,,,,,,,,,,,,,,,,,,,,,,,,,,,,,,,,,,,,,,,,,,,,,,,,,,,,,,,,,,,,,,,,,,,,,,,,,,,,,,,,,,,,,,,,,,,,,,,,,,,,,,,,,,,,,,,,,,,,,,,,,,,,,,,,,,,,,,,,,,,
D11_RD14-0003-04d3e-0.0313IP-Q12_004.20sec.fsa,D21S11,B,OL,180.83,8,OL,185.32,3,OL,195.32,5,28,198.66,40,OL,204.02,5,OL,205.58,3,33,218.98,4,34,222.76,8,OL,223.77,5,OL,233.71,6,37,234.9,3,OL,239.83,5,OL,242.18,4,,,,,,,,,,,,,,,,,,,,,,,,,,,,,,,,,,,,,,,,,,,,,,,,,,,,,,,,,,,,,,,,,,,,,,,,,,,,,,,,,,,,,,,,,,,,,,,,,,,,,,,,,,,,,,,,,,,,,,,,,,,,,,,,,,,,,,,,,,,,,,,,,,,,,,,,,,,,,,,,,,,,,,,,,,,,,,,,,,,,,,,,,,,,,,,,,,,,,,,,,,,,,,,,,,,,,,,,,,,,,,,,,,,,,,,,,,,,,,,,,,,,,,,,,,,,,,,,,,,,,
D11_RD14-0003-04d3e-0.0313IP-Q12_004.20sec.fsa,D7S820,B,OL,247.58,3,9,266.15,53,OL,269.49,2,OL,271.81,6,OL,278.96,5,OL,279.83,3,OL,284.59,5,15,289.95,5,,,,,,,,,,,,,,,,,,,,,,,,,,,,,,,,,,,,,,,,,,,,,,,,,,,,,,,,,,,,,,,,,,,,,,,,,,,,,,,,,,,,,,,,,,,,,,,,,,,,,,,,,,,,,,,,,,,,,,,,,,,,,,,,,,,,,,,,,,,,,,,,,,,,,,,,,,,,,,,,,,,,,,,,,,,,,,,,,,,,,,,,,,,,,,,,,,,,,,,,,,,,,,,,,,,,,,,,,,,,,,,,,,,,,,,,,,,,,,,,,,,,,,,,,,,,,,,,,,,,,,,,,,,,,,,,,,,,
D11_RD14-0003-04d3e-0.0313IP-Q12_004.20sec.fsa,CSF1PO,B,OL,300.08,6,OL,308.21,5,OL,317.96,5,10.2,320.18,7,OL,321.25,5,11,322.77,6,OL,327.32,4,15,338.78,4,16,343.04,3,OL,344.56,5,,,,,,,,,,,,,,,,,,,,,,,,,,,,,,,,,,,,,,,,,,,,,,,,,,,,,,,,,,,,,,,,,,,,,,,,,,,,,,,,,,,,,,,,,,,,,,,,,,,,,,,,,,,,,,,,,,,,,,,,,,,,,,,,,,,,,,,,,,,,,,,,,,,,,,,,,,,,,,,,,,,,,,,,,,,,,,,,,,,,,,,,,,,,,,,,,,,,,,,,,,,,,,,,,,,,,,,,,,,,,,,,,,,,,,,,,,,,,,,,,,,,,,,,,,,,,,,,,,,,,,,,,,,,,,
D11_RD14-0003-04d3e-0.0313IP-Q12_004.20sec.fsa,D3S1358,G,OL,107.09,5,OL,108.96,7,12,110.36,6,13,114.84,31,14,118.33,7,15,122.21,47,16,126.37,76,18.2,136.51,13,OL,140,7,,,,,,,,,,,,,,,,,,,,,,,,,,,,,,,,,,,,,,,,,,,,,,,,,,,,,,,,,,,,,,,,,,,,,,,,,,,,,,,,,,,,,,,,,,,,,,,,,,,,,,,,,,,,,,,,,,,,,,,,,,,,,,,,,,,,,,,,,,,,,,,,,,,,,,,,,,,,,,,,,,,,,,,,,,,,,,,,,,,,,,,,,,,,,,,,,,,,,,,,,,,,,,,,,,,,,,,,,,,,,,,,,,,,,,,,,,,,,,,,,,,,,,,,,,,,,,,,,,,,,,,,,,,,,,,,,
D11_RD14-0003-04d3e-0.0313IP-Q12_004.20sec.fsa,TH01,G,OL,170.87,13,OL,178.2,4,OL,181.25,6,9.3,183.41,10,OL,198.41,7,,,,,,,,,,,,,,,,,,,,,,,,,,,,,,,,,,,,,,,,,,,,,,,,,,,,,,,,,,,,,,,,,,,,,,,,,,,,,,,,,,,,,,,,,,,,,,,,,,,,,,,,,,,,,,,,,,,,,,,,,,,,,,,,,,,,,,,,,,,,,,,,,,,,,,,,,,,,,,,,,,,,,,,,,,,,,,,,,,,,,,,,,,,,,,,,,,,,,,,,,,,,,,,,,,,,,,,,,,,,,,,,,,,,,,,,,,,,,,,,,,,,,,,,,,,,,,,,,,,,,,,,,,,,,,,,,,,,,,,,,,,,,
D11_RD14-0003-04d3e-0.0313IP-Q12_004.20sec.fsa,D13S317,G,OL,205.33,4,OL,206.98,8,OL,207.97,7,OL,208.63,4,15,243.84,5,OL,245.67,4,OL,246.53,4,,,,,,,,,,,,,,,,,,,,,,,,,,,,,,,,,,,,,,,,,,,,,,,,,,,,,,,,,,,,,,,,,,,,,,,,,,,,,,,,,,,,,,,,,,,,,,,,,,,,,,,,,,,,,,,,,,,,,,,,,,,,,,,,,,,,,,,,,,,,,,,,,,,,,,,,,,,,,,,,,,,,,,,,,,,,,,,,,,,,,,,,,,,,,,,,,,,,,,,,,,,,,,,,,,,,,,,,,,,,,,,,,,,,,,,,,,,,,,,,,,,,,,,,,,,,,,,,,,,,,,,,,,,,,,,,,,,,,,,
D11_RD14-0003-04d3e-0.0313IP-Q12_004.20sec.fsa,D16S539,G,OL,257.1,6,OL,262.05,6,8,263.41,4,OL,270.09,6,10,271.29,7,11,275.34,41,OL,285.01,7,OL,285.86,9,14,287.22,7,OL,290.37,5,,,,,,,,,,,,,,,,,,,,,,,,,,,,,,,,,,,,,,,,,,,,,,,,,,,,,,,,,,,,,,,,,,,,,,,,,,,,,,,,,,,,,,,,,,,,,,,,,,,,,,,,,,,,,,,,,,,,,,,,,,,,,,,,,,,,,,,,,,,,,,,,,,,,,,,,,,,,,,,,,,,,,,,,,,,,,,,,,,,,,,,,,,,,,,,,,,,,,,,,,,,,,,,,,,,,,,,,,,,,,,,,,,,,,,,,,,,,,,,,,,,,,,,,,,,,,,,,,,,,,,,,,,,,,,
D11_RD14-0003-04d3e-0.0313IP-Q12_004.20sec.fsa,D2S1338,G,OL,303.9,5,16,308.55,6,OL,309.77,6,OL,313.91,5,OL,321.7,5,OL,323.04,4,22,333.16,6,OL,334.48,5,OL,340.36,7,OL,341.79,10,26,348.68,4,OL,355.59,6,OL,359.1,7,OL,364.29,7,,,,,,,,,,,,,,,,,,,,,,,,,,,,,,,,,,,,,,,,,,,,,,,,,,,,,,,,,,,,,,,,,,,,,,,,,,,,,,,,,,,,,,,,,,,,,,,,,,,,,,,,,,,,,,,,,,,,,,,,,,,,,,,,,,,,,,,,,,,,,,,,,,,,,,,,,,,,,,,,,,,,,,,,,,,,,,,,,,,,,,,,,,,,,,,,,,,,,,,,,,,,,,,,,,,,,,,,,,,,,,,,,,,,,,,,,,,,,,,,,,,,,,,,,,,,,,,,,,
D11_RD14-0003-04d3e-0.0313IP-Q12_004.20sec.fsa,D19S433,Y,10,103.98,6,OL,106.7,10,11.2,110.51,12,12.2,114.3,105,17.2,133.68,11,OL,134.86,7,,,,,,,,,,,,,,,,,,,,,,,,,,,,,,,,,,,,,,,,,,,,,,,,,,,,,,,,,,,,,,,,,,,,,,,,,,,,,,,,,,,,,,,,,,,,,,,,,,,,,,,,,,,,,,,,,,,,,,,,,,,,,,,,,,,,,,,,,,,,,,,,,,,,,,,,,,,,,,,,,,,,,,,,,,,,,,,,,,,,,,,,,,,,,,,,,,,,,,,,,,,,,,,,,,,,,,,,,,,,,,,,,,,,,,,,,,,,,,,,,,,,,,,,,,,,,,,,,,,,,,,,,,,,,,,,,,,,,,,,,,
D11_RD14-0003-04d3e-0.0313IP-Q12_004.20sec.fsa,vWA,Y,OL,149.17,11,OL,149.91,11,OL,156.46,8,OL,159.34,9,OL,160.89,4,OL,163.56,18,15,168.02,10,OL,169.24,8,16,172.25,118,OL,176.98,13,18,180.08,10,OL,199.92,10,OL,207.55,5,,,,,,,,,,,,,,,,,,,,,,,,,,,,,,,,,,,,,,,,,,,,,,,,,,,,,,,,,,,,,,,,,,,,,,,,,,,,,,,,,,,,,,,,,,,,,,,,,,,,,,,,,,,,,,,,,,,,,,,,,,,,,,,,,,,,,,,,,,,,,,,,,,,,,,,,,,,,,,,,,,,,,,,,,,,,,,,,,,,,,,,,,,,,,,,,,,,,,,,,,,,,,,,,,,,,,,,,,,,,,,,,,,,,,,,,,,,,,,,,,,,,,,,,,,,,,,,,,,,,,
D11_RD14-0003-04d3e-0.0313IP-Q12_004.20sec.fsa,TPOX,Y,OL,214,10,5,216.87,9,OL,220,9,8,228.56,9,OL,237.53,13,OL,240.09,15,OL,254.76,6,,,,,,,,,,,,,,,,,,,,,,,,,,,,,,,,,,,,,,,,,,,,,,,,,,,,,,,,,,,,,,,,,,,,,,,,,,,,,,,,,,,,,,,,,,,,,,,,,,,,,,,,,,,,,,,,,,,,,,,,,,,,,,,,,,,,,,,,,,,,,,,,,,,,,,,,,,,,,,,,,,,,,,,,,,,,,,,,,,,,,,,,,,,,,,,,,,,,,,,,,,,,,,,,,,,,,,,,,,,,,,,,,,,,,,,,,,,,,,,,,,,,,,,,,,,,,,,,,,,,,,,,,,,,,,,,,,,,,,,
D11_RD14-0003-04d3e-0.0313IP-Q12_004.20sec.fsa,D18S51,Y,OL,270.18,7,OL,271.72,10,OL,273.53,8,OL,280.08,13,12.2,283.48,6,13.2,286.63,8,OL,289.95,7,OL,295.74,8,OL,308.21,9,19,309.42,9,OL,320.09,14,23.2,327.85,5,OL,340,12,OL,340.89,9,OL,345.1,7,,,,,,,,,,,,,,,,,,,,,,,,,,,,,,,,,,,,,,,,,,,,,,,,,,,,,,,,,,,,,,,,,,,,,,,,,,,,,,,,,,,,,,,,,,,,,,,,,,,,,,,,,,,,,,,,,,,,,,,,,,,,,,,,,,,,,,,,,,,,,,,,,,,,,,,,,,,,,,,,,,,,,,,,,,,,,,,,,,,,,,,,,,,,,,,,,,,,,,,,,,,,,,,,,,,,,,,,,,,,,,,,,,,,,,,,,,,,,,,,,,,,,,,,,,,,,,,
D11_RD14-0003-04d3e-0.0313IP-Q12_004.20sec.fsa,AMEL,R,X,104.99,112,OL,107.02,6,Y,110.9,79,,,,,,,,,,,,,,,,,,,,,,,,,,,,,,,,,,,,,,,,,,,,,,,,,,,,,,,,,,,,,,,,,,,,,,,,,,,,,,,,,,,,,,,,,,,,,,,,,,,,,,,,,,,,,,,,,,,,,,,,,,,,,,,,,,,,,,,,,,,,,,,,,,,,,,,,,,,,,,,,,,,,,,,,,,,,,,,,,,,,,,,,,,,,,,,,,,,,,,,,,,,,,,,,,,,,,,,,,,,,,,,,,,,,,,,,,,,,,,,,,,,,,,,,,,,,,,,,,,,,,,,,,,,,,,,,,,,,,,,,,,,,,,,,,,,
D11_RD14-0003-04d3e-0.0313IP-Q12_004.20sec.fsa,D5S818,R,7,132.98,8,OL,137.23,6,OL,139.36,8,9,141.05,6,OL,142.26,6,11,148.93,28,12,153.01,25,OL,170.3,12,17,173.55,5,OL,174.86,6,,,,,,,,,,,,,,,,,,,,,,,,,,,,,,,,,,,,,,,,,,,,,,,,,,,,,,,,,,,,,,,,,,,,,,,,,,,,,,,,,,,,,,,,,,,,,,,,,,,,,,,,,,,,,,,,,,,,,,,,,,,,,,,,,,,,,,,,,,,,,,,,,,,,,,,,,,,,,,,,,,,,,,,,,,,,,,,,,,,,,,,,,,,,,,,,,,,,,,,,,,,,,,,,,,,,,,,,,,,,,,,,,,,,,,,,,,,,,,,,,,,,,,,,,,,,,,,,,,,,,,,,,,,,,,
D11_RD14-0003-04d3e-0.0313IP-Q12_004.20sec.fsa,FGA,R,OL,222.26,8,20,225.03,26,25.2,247.05,7,28,257.18,7,OL,259.01,6,OL,262.3,5,30,266.06,5,32,273.18,5,32,273.87,6,OL,294.29,5,OL,303.22,11,OL,303.82,10,OL,307.86,7,42.2,316.12,8,OL,319.07,8,OL,322.51,10,OL,341.52,12,OL,348.15,11,OL,358.29,6,,,,,,,,,,,,,,,,,,,,,,,,,,,,,,,,,,,,,,,,,,,,,,,,,,,,,,,,,,,,,,,,,,,,,,,,,,,,,,,,,,,,,,,,,,,,,,,,,,,,,,,,,,,,,,,,,,,,,,,,,,,,,,,,,,,,,,,,,,,,,,,,,,,,,,,,,,,,,,,,,,,,,,,,,,,,,,,,,,,,,,,,,,,,,,,,,,,,,,,,,,,,,,,,,,,,,,,,,,,,,,,,,,,,,,,,,,,,,,,,,,,
E01_RD14-0003-03d2a-0.0625IP-Q0.7_001.20sec.fsa,D8S1179,B,OL,114.42,2,OL,119.58,6,OL,124.96,3,9,125.68,2,13,141.94,48,14,146.07,939,15,150.21,692,OL,153.69,2,18,162.91,2,OL,169.72,2,20,170.47,2,,,,,,,,,,,,,,,,,,,,,,,,,,,,,,,,,,,,,,,,,,,,,,,,,,,,,,,,,,,,,,,,,,,,,,,,,,,,,,,,,,,,,,,,,,,,,,,,,,,,,,,,,,,,,,,,,,,,,,,,,,,,,,,,,,,,,,,,,,,,,,,,,,,,,,,,,,,,,,,,,,,,,,,,,,,,,,,,,,,,,,,,,,,,,,,,,,,,,,,,,,,,,,,,,,,,,,,,,,,,,,,,,,,,,,,,,,,,,,,,,,,,,,,,,,,,,,,,,,,,,,,,,,,
E01_RD14-0003-03d2a-0.0625IP-Q0.7_001.20sec.fsa,D21S11,B,23.2,180.38,5,24.2,183.83,3,OL,185.36,1,27.2,196.47,3,28.2,200.22,3,OL,202.09,4,30,207.12,3,30.2,208.4,8,31.2,212.48,146,32,214.47,11,32.2,216.57,1536,33.2,220.69,14,36,231.25,6,OL,233.57,1,37,235.11,2,,,,,,,,,,,,,,,,,,,,,,,,,,,,,,,,,,,,,,,,,,,,,,,,,,,,,,,,,,,,,,,,,,,,,,,,,,,,,,,,,,,,,,,,,,,,,,,,,,,,,,,,,,,,,,,,,,,,,,,,,,,,,,,,,,,,,,,,,,,,,,,,,,,,,,,,,,,,,,,,,,,,,,,,,,,,,,,,,,,,,,,,,,,,,,,,,,,,,,,,,,,,,,,,,,,,,,,,,,,,,,,,,,,,,,,,,,,,,,,,,,,,,,,,,,,,,,,
E01_RD14-0003-03d2a-0.0625IP-Q0.7_001.20sec.fsa,D7S820,B,OL,248.89,1,7,257.79,7,8,262.03,346,8.2,264.15,1,10,270.04,51,11,274.06,643,OL,287,6,16,293.92,2,,,,,,,,,,,,,,,,,,,,,,,,,,,,,,,,,,,,,,,,,,,,,,,,,,,,,,,,,,,,,,,,,,,,,,,,,,,,,,,,,,,,,,,,,,,,,,,,,,,,,,,,,,,,,,,,,,,,,,,,,,,,,,,,,,,,,,,,,,,,,,,,,,,,,,,,,,,,,,,,,,,,,,,,,,,,,,,,,,,,,,,,,,,,,,,,,,,,,,,,,,,,,,,,,,,,,,,,,,,,,,,,,,,,,,,,,,,,,,,,,,,,,,,,,,,,,,,,,,,,,,,,,,,,,,,,,,,,
E01_RD14-0003-03d2a-0.0625IP-Q0.7_001.20sec.fsa,CSF1PO,B,6,302.32,5,7,306.47,39,8,310.45,909,10,319.07,4,11,322.78,52,12,326.77,948,13,331.07,6,OL,332.93,9,14,334.78,3,OL,336.87,2,OL,340.58,3,,,,,,,,,,,,,,,,,,,,,,,,,,,,,,,,,,,,,,,,,,,,,,,,,,,,,,,,,,,,,,,,,,,,,,,,,,,,,,,,,,,,,,,,,,,,,,,,,,,,,,,,,,,,,,,,,,,,,,,,,,,,,,,,,,,,,,,,,,,,,,,,,,,,,,,,,,,,,,,,,,,,,,,,,,,,,,,,,,,,,,,,,,,,,,,,,,,,,,,,,,,,,,,,,,,,,,,,,,,,,,,,,,,,,,,,,,,,,,,,,,,,,,,,,,,,,,,,,,,,,,,,,,,
E01_RD14-0003-03d2a-0.0625IP-Q0.7_001.20sec.fsa,D3S1358,G,OL,94.89,7,OL,95.61,6,OL,99.86,8,OL,115.84,25,15,122.26,49,15.2,124.04,3,16,126.25,592,17,130.12,896,OL,133.87,7,18.2,136.27,2,OL,140.97,3,OL,143.07,2,,,,,,,,,,,,,,,,,,,,,,,,,,,,,,,,,,,,,,,,,,,,,,,,,,,,,,,,,,,,,,,,,,,,,,,,,,,,,,,,,,,,,,,,,,,,,,,,,,,,,,,,,,,,,,,,,,,,,,,,,,,,,,,,,,,,,,,,,,,,,,,,,,,,,,,,,,,,,,,,,,,,,,,,,,,,,,,,,,,,,,,,,,,,,,,,,,,,,,,,,,,,,,,,,,,,,,,,,,,,,,,,,,,,,,,,,,,,,,,,,,,,,,,,,,,,,,,,,,,,,,,,
E01_RD14-0003-03d2a-0.0625IP-Q0.7_001.20sec.fsa,TH01,G,OL,158.48,4,OL,159.85,6,4,160.6,2,7,172.42,19,8,176.54,742,9,180.54,1010,13.3,199.85,6,,,,,,,,,,,,,,,,,,,,,,,,,,,,,,,,,,,,,,,,,,,,,,,,,,,,,,,,,,,,,,,,,,,,,,,,,,,,,,,,,,,,,,,,,,,,,,,,,,,,,,,,,,,,,,,,,,,,,,,,,,,,,,,,,,,,,,,,,,,,,,,,,,,,,,,,,,,,,,,,,,,,,,,,,,,,,,,,,,,,,,,,,,,,,,,,,,,,,,,,,,,,,,,,,,,,,,,,,,,,,,,,,,,,,,,,,,,,,,,,,,,,,,,,,,,,,,,,,,,,,,,,,,,,,,,,,,,,,,,
E01_RD14-0003-03d2a-0.0625IP-Q0.7_001.20sec.fsa,D13S317,G,OL,205.39,4,OL,210.14,2,OL,213.62,8,8,214.93,5,9,219.77,7,10,223.15,36,11,227.23,856,12,231.32,1235,13,235.27,7,OL,238.14,4,14,239.77,9,OL,245.73,3,16,247.47,4,,,,,,,,,,,,,,,,,,,,,,,,,,,,,,,,,,,,,,,,,,,,,,,,,,,,,,,,,,,,,,,,,,,,,,,,,,,,,,,,,,,,,,,,,,,,,,,,,,,,,,,,,,,,,,,,,,,,,,,,,,,,,,,,,,,,,,,,,,,,,,,,,,,,,,,,,,,,,,,,,,,,,,,,,,,,,,,,,,,,,,,,,,,,,,,,,,,,,,,,,,,,,,,,,,,,,,,,,,,,,,,,,,,,,,,,,,,,,,,,,,,,,,,,,,,,,,,,,,,,,
E01_RD14-0003-03d2a-0.0625IP-Q0.7_001.20sec.fsa,D16S539,G,OL,249.84,3,OL,256.42,3,OL,258.17,3,7,259.62,5,8,262.97,5,10,271.22,54,11,275.25,1224,12,279.13,13,13,283.11,70,14,287.15,1027,15,291.12,6,OL,292.99,4,,,,,,,,,,,,,,,,,,,,,,,,,,,,,,,,,,,,,,,,,,,,,,,,,,,,,,,,,,,,,,,,,,,,,,,,,,,,,,,,,,,,,,,,,,,,,,,,,,,,,,,,,,,,,,,,,,,,,,,,,,,,,,,,,,,,,,,,,,,,,,,,,,,,,,,,,,,,,,,,,,,,,,,,,,,,,,,,,,,,,,,,,,,,,,,,,,,,,,,,,,,,,,,,,,,,,,,,,,,,,,,,,,,,,,,,,,,,,,,,,,,,,,,,,,,,,,,,,,,,,,,,
E01_RD14-0003-03d2a-0.0625IP-Q0.7_001.20sec.fsa,D2S1338,G,OL,303.33,5,OL,313.84,6,OL,319.83,6,20,324.98,6,21,329.04,60,22,333.09,776,23,337.03,6,24,340.99,55,25,345.02,664,OL,350.14,2,27,353.03,3,OL,355.77,3,,,,,,,,,,,,,,,,,,,,,,,,,,,,,,,,,,,,,,,,,,,,,,,,,,,,,,,,,,,,,,,,,,,,,,,,,,,,,,,,,,,,,,,,,,,,,,,,,,,,,,,,,,,,,,,,,,,,,,,,,,,,,,,,,,,,,,,,,,,,,,,,,,,,,,,,,,,,,,,,,,,,,,,,,,,,,,,,,,,,,,,,,,,,,,,,,,,,,,,,,,,,,,,,,,,,,,,,,,,,,,,,,,,,,,,,,,,,,,,,,,,,,,,,,,,,,,,,,,,,,,,,
E01_RD14-0003-03d2a-0.0625IP-Q0.7_001.20sec.fsa,D19S433,Y,11,108,39,12,112.05,801,13,116.12,55,14,120.07,834,,,,,,,,,,,,,,,,,,,,,,,,,,,,,,,,,,,,,,,,,,,,,,,,,,,,,,,,,,,,,,,,,,,,,,,,,,,,,,,,,,,,,,,,,,,,,,,,,,,,,,,,,,,,,,,,,,,,,,,,,,,,,,,,,,,,,,,,,,,,,,,,,,,,,,,,,,,,,,,,,,,,,,,,,,,,,,,,,,,,,,,,,,,,,,,,,,,,,,,,,,,,,,,,,,,,,,,,,,,,,,,,,,,,,,,,,,,,,,,,,,,,,,,,,,,,,,,,,,,,,,,,,,,,,,,,,,,,,,,,,,,,,,,,
E01_RD14-0003-03d2a-0.0625IP-Q0.7_001.20sec.fsa,vWA,Y,10,147.5,9,12,156.12,4,OL,159.09,7,14,163.96,48,OL,165.53,4,15,168,959,16,172.12,586,OL,195.71,5,OL,197.16,4,OL,207.27,4,,,,,,,,,,,,,,,,,,,,,,,,,,,,,,,,,,,,,,,,,,,,,,,,,,,,,,,,,,,,,,,,,,,,,,,,,,,,,,,,,,,,,,,,,,,,,,,,,,,,,,,,,,,,,,,,,,,,,,,,,,,,,,,,,,,,,,,,,,,,,,,,,,,,,,,,,,,,,,,,,,,,,,,,,,,,,,,,,,,,,,,,,,,,,,,,,,,,,,,,,,,,,,,,,,,,,,,,,,,,,,,,,,,,,,,,,,,,,,,,,,,,,,,,,,,,,,,,,,,,,,,,,,,,,,
E01_RD14-0003-03d2a-0.0625IP-Q0.7_001.20sec.fsa,TPOX,Y,OL,219.3,10,OL,220.15,8,OL,231.17,21,10,236.59,42,11,240.56,919,,,,,,,,,,,,,,,,,,,,,,,,,,,,,,,,,,,,,,,,,,,,,,,,,,,,,,,,,,,,,,,,,,,,,,,,,,,,,,,,,,,,,,,,,,,,,,,,,,,,,,,,,,,,,,,,,,,,,,,,,,,,,,,,,,,,,,,,,,,,,,,,,,,,,,,,,,,,,,,,,,,,,,,,,,,,,,,,,,,,,,,,,,,,,,,,,,,,,,,,,,,,,,,,,,,,,,,,,,,,,,,,,,,,,,,,,,,,,,,,,,,,,,,,,,,,,,,,,,,,,,,,,,,,,,,,,,,,,,,,,,,,,
E01_RD14-0003-03d2a-0.0625IP-Q0.7_001.20sec.fsa,D18S51,Y,OL,278.02,4,14.2,291.43,3,16,296.96,48,17,300.93,617,17.2,303.02,6,18,304.9,591,OL,311.65,8,20.2,315.26,4,OL,320,8,OL,324.17,5,23,325.39,8,23.2,327.58,7,OL,338.88,4,,,,,,,,,,,,,,,,,,,,,,,,,,,,,,,,,,,,,,,,,,,,,,,,,,,,,,,,,,,,,,,,,,,,,,,,,,,,,,,,,,,,,,,,,,,,,,,,,,,,,,,,,,,,,,,,,,,,,,,,,,,,,,,,,,,,,,,,,,,,,,,,,,,,,,,,,,,,,,,,,,,,,,,,,,,,,,,,,,,,,,,,,,,,,,,,,,,,,,,,,,,,,,,,,,,,,,,,,,,,,,,,,,,,,,,,,,,,,,,,,,,,,,,,,,,,,,,,,,,,,
E01_RD14-0003-03d2a-0.0625IP-Q0.7_001.20sec.fsa,AMEL,R,X,104.88,459,Y,110.82,220,,,,,,,,,,,,,,,,,,,,,,,,,,,,,,,,,,,,,,,,,,,,,,,,,,,,,,,,,,,,,,,,,,,,,,,,,,,,,,,,,,,,,,,,,,,,,,,,,,,,,,,,,,,,,,,,,,,,,,,,,,,,,,,,,,,,,,,,,,,,,,,,,,,,,,,,,,,,,,,,,,,,,,,,,,,,,,,,,,,,,,,,,,,,,,,,,,,,,,,,,,,,,,,,,,,,,,,,,,,,,,,,,,,,,,,,,,,,,,,,,,,,,,,,,,,,,,,,,,,,,,,,,,,,,,,,,,,,,,,,,,,,,,,,,,,,,,
E01_RD14-0003-03d2a-0.0625IP-Q0.7_001.20sec.fsa,D5S818,R,6,128.61,9,OL,147.05,10,11,148.71,41,12,152.94,687,OL,155.82,9,13,157.03,409,15,165.08,9,OL,166.95,7,16,168.89,8,17,172.87,12,,,,,,,,,,,,,,,,,,,,,,,,,,,,,,,,,,,,,,,,,,,,,,,,,,,,,,,,,,,,,,,,,,,,,,,,,,,,,,,,,,,,,,,,,,,,,,,,,,,,,,,,,,,,,,,,,,,,,,,,,,,,,,,,,,,,,,,,,,,,,,,,,,,,,,,,,,,,,,,,,,,,,,,,,,,,,,,,,,,,,,,,,,,,,,,,,,,,,,,,,,,,,,,,,,,,,,,,,,,,,,,,,,,,,,,,,,,,,,,,,,,,,,,,,,,,,,,,,,,,,,,,,,,,,,
E01_RD14-0003-03d2a-0.0625IP-Q0.7_001.20sec.fsa,FGA,R,OL,207.72,6,17,212.56,13,18,216.64,29,18.2,218.75,8,19,220.92,713,OL,227.85,12,OL,230.4,10,23,237.28,57,24,241.36,697,25,245.49,9,25.2,247.94,6,27.2,255.28,7,OL,258.48,5,30,266.19,7,32,273.2,8,OL,276.83,8,OL,277.7,7,OL,282.56,6,OL,285.21,9,OL,289.02,8,OL,297.12,7,OL,301,11,OL,302.01,6,OL,303.65,7,OL,312.06,7,OL,323.35,3,OL,331.31,7,OL,331.88,4,OL,334.62,6,47.2,336.47,5,OL,350.31,6,,,,,,,,,,,,,,,,,,,,,,,,,,,,,,,,,,,,,,,,,,,,,,,,,,,,,,,,,,,,,,,,,,,,,,,,,,,,,,,,,,,,,,,,,,,,,,,,,,,,,,,,,,,,,,,,,,,,,,,,,,,,,,,,,,,,,,,,,,,,,,,,,,,,,,,,,,,,,,,,,,,,,,,,,,,,,,,,,,,,,,,,,,,,,,,,,,,,,,,,,,,,,,,
E02_RD14-0003-03d2b-0.0625IP-Q0.9_001.20sec.fsa,D8S1179,B,OL,115.27,1,OL,119.37,9,OL,131.46,2,11,133.2,3,OL,134.65,3,13,141.87,39,OL,143,12,14,146.08,393,15,150.15,438,16,154.46,2,OL,157.87,3,,,,,,,,,,,,,,,,,,,,,,,,,,,,,,,,,,,,,,,,,,,,,,,,,,,,,,,,,,,,,,,,,,,,,,,,,,,,,,,,,,,,,,,,,,,,,,,,,,,,,,,,,,,,,,,,,,,,,,,,,,,,,,,,,,,,,,,,,,,,,,,,,,,,,,,,,,,,,,,,,,,,,,,,,,,,,,,,,,,,,,,,,,,,,,,,,,,,,,,,,,,,,,,,,,,,,,,,,,,,,,,,,,,,,,,,,,,,,,,,,,,,,,,,,,,,,,,,,,,,,,,,,,,
E02_RD14-0003-03d2b-0.0625IP-Q0.9_001.20sec.fsa,D21S11,B,23.2,180.3,2,31.2,212.43,44,32.2,216.53,607,33.2,220.6,6,34,222.42,3,35,227.18,4,OL,228.16,3,,,,,,,,,,,,,,,,,,,,,,,,,,,,,,,,,,,,,,,,,,,,,,,,,,,,,,,,,,,,,,,,,,,,,,,,,,,,,,,,,,,,,,,,,,,,,,,,,,,,,,,,,,,,,,,,,,,,,,,,,,,,,,,,,,,,,,,,,,,,,,,,,,,,,,,,,,,,,,,,,,,,,,,,,,,,,,,,,,,,,,,,,,,,,,,,,,,,,,,,,,,,,,,,,,,,,,,,,,,,,,,,,,,,,,,,,,,,,,,,,,,,,,,,,,,,,,,,,,,,,,,,,,,,,,,,,,,,,,,
E02_RD14-0003-03d2b-0.0625IP-Q0.9_001.20sec.fsa,D7S820,B,7,257.79,5,OL,259.63,2,8,261.98,365,9,266.1,5,10,270,33,11,274.07,573,,,,,,,,,,,,,,,,,,,,,,,,,,,,,,,,,,,,,,,,,,,,,,,,,,,,,,,,,,,,,,,,,,,,,,,,,,,,,,,,,,,,,,,,,,,,,,,,,,,,,,,,,,,,,,,,,,,,,,,,,,,,,,,,,,,,,,,,,,,,,,,,,,,,,,,,,,,,,,,,,,,,,,,,,,,,,,,,,,,,,,,,,,,,,,,,,,,,,,,,,,,,,,,,,,,,,,,,,,,,,,,,,,,,,,,,,,,,,,,,,,,,,,,,,,,,,,,,,,,,,,,,,,,,,,,,,,,,,,,,,,
E02_RD14-0003-03d2b-0.0625IP-Q0.9_001.20sec.fsa,CSF1PO,B,5,299.02,3,OL,299.55,3,7,306.27,9,8,310.38,339,9,314.32,3,OL,316.91,3,11,322.52,11,12,326.75,210,13,330.73,33,OL,332.74,4,,,,,,,,,,,,,,,,,,,,,,,,,,,,,,,,,,,,,,,,,,,,,,,,,,,,,,,,,,,,,,,,,,,,,,,,,,,,,,,,,,,,,,,,,,,,,,,,,,,,,,,,,,,,,,,,,,,,,,,,,,,,,,,,,,,,,,,,,,,,,,,,,,,,,,,,,,,,,,,,,,,,,,,,,,,,,,,,,,,,,,,,,,,,,,,,,,,,,,,,,,,,,,,,,,,,,,,,,,,,,,,,,,,,,,,,,,,,,,,,,,,,,,,,,,,,,,,,,,,,,,,,,,,,,,
E02_RD14-0003-03d2b-0.0625IP-Q0.9_001.20sec.fsa,D3S1358,G,OL,94.5,4,OL,99.71,4,12,110.3,4,OL,111.76,5,OL,115.06,30,OL,119.86,7,15,122.2,49,16,126.2,720,17,130.08,496,18,134.07,6,20,142.47,3,,,,,,,,,,,,,,,,,,,,,,,,,,,,,,,,,,,,,,,,,,,,,,,,,,,,,,,,,,,,,,,,,,,,,,,,,,,,,,,,,,,,,,,,,,,,,,,,,,,,,,,,,,,,,,,,,,,,,,,,,,,,,,,,,,,,,,,,,,,,,,,,,,,,,,,,,,,,,,,,,,,,,,,,,,,,,,,,,,,,,,,,,,,,,,,,,,,,,,,,,,,,,,,,,,,,,,,,,,,,,,,,,,,,,,,,,,,,,,,,,,,,,,,,,,,,,,,,,,,,,,,,,,,
E02_RD14-0003-03d2b-0.0625IP-Q0.9_001.20sec.fsa,TH01,G,OL,155.14,3,OL,164.99,5,OL,166.63,5,5.3,167.38,5,7,172.45,17,8,176.56,683,9,180.61,1167,,,,,,,,,,,,,,,,,,,,,,,,,,,,,,,,,,,,,,,,,,,,,,,,,,,,,,,,,,,,,,,,,,,,,,,,,,,,,,,,,,,,,,,,,,,,,,,,,,,,,,,,,,,,,,,,,,,,,,,,,,,,,,,,,,,,,,,,,,,,,,,,,,,,,,,,,,,,,,,,,,,,,,,,,,,,,,,,,,,,,,,,,,,,,,,,,,,,,,,,,,,,,,,,,,,,,,,,,,,,,,,,,,,,,,,,,,,,,,,,,,,,,,,,,,,,,,,,,,,,,,,,,,,,,,,,,,,,,,,
E02_RD14-0003-03d2b-0.0625IP-Q0.9_001.20sec.fsa,D13S317,G,OL,207.94,2,OL,219.85,7,OL,221.28,2,10,223.09,17,11,227.18,503,OL,229.14,3,12,231.27,499,14,239.77,7,,,,,,,,,,,,,,,,,,,,,,,,,,,,,,,,,,,,,,,,,,,,,,,,,,,,,,,,,,,,,,,,,,,,,,,,,,,,,,,,,,,,,,,,,,,,,,,,,,,,,,,,,,,,,,,,,,,,,,,,,,,,,,,,,,,,,,,,,,,,,,,,,,,,,,,,,,,,,,,,,,,,,,,,,,,,,,,,,,,,,,,,,,,,,,,,,,,,,,,,,,,,,,,,,,,,,,,,,,,,,,,,,,,,,,,,,,,,,,,,,,,,,,,,,,,,,,,,,,,,,,,,,,,,,,,,,,,,
E02_RD14-0003-03d2b-0.0625IP-Q0.9_001.20sec.fsa,D16S539,G,OL,249.61,4,5,251.49,2,OL,256.39,5,OL,264.04,3,10,271.23,29,11,275.22,477,OL,279.77,10,13,283.1,54,14,287.11,381,16,294.95,3,,,,,,,,,,,,,,,,,,,,,,,,,,,,,,,,,,,,,,,,,,,,,,,,,,,,,,,,,,,,,,,,,,,,,,,,,,,,,,,,,,,,,,,,,,,,,,,,,,,,,,,,,,,,,,,,,,,,,,,,,,,,,,,,,,,,,,,,,,,,,,,,,,,,,,,,,,,,,,,,,,,,,,,,,,,,,,,,,,,,,,,,,,,,,,,,,,,,,,,,,,,,,,,,,,,,,,,,,,,,,,,,,,,,,,,,,,,,,,,,,,,,,,,,,,,,,,,,,,,,,,,,,,,,,,
E02_RD14-0003-03d2b-0.0625IP-Q0.9_001.20sec.fsa,D2S1338,G,OL,305.97,4,OL,319.76,5,19,321.34,3,20,325.5,3,21,329.01,24,22,333.05,239,OL,340,8,24,341.02,33,25,345.03,320,26,349.05,37,OL,351.17,4,,,,,,,,,,,,,,,,,,,,,,,,,,,,,,,,,,,,,,,,,,,,,,,,,,,,,,,,,,,,,,,,,,,,,,,,,,,,,,,,,,,,,,,,,,,,,,,,,,,,,,,,,,,,,,,,,,,,,,,,,,,,,,,,,,,,,,,,,,,,,,,,,,,,,,,,,,,,,,,,,,,,,,,,,,,,,,,,,,,,,,,,,,,,,,,,,,,,,,,,,,,,,,,,,,,,,,,,,,,,,,,,,,,,,,,,,,,,,,,,,,,,,,,,,,,,,,,,,,,,,,,,,,,
E02_RD14-0003-03d2b-0.0625IP-Q0.9_001.20sec.fsa,D19S433,Y,10,103.89,9,11,108.05,27,12,112.12,622,13,116.12,35,OL,117.46,7,13.2,118.59,3,14,120.07,412,15,123.98,5,OL,125.19,3,15.2,125.98,16,,,,,,,,,,,,,,,,,,,,,,,,,,,,,,,,,,,,,,,,,,,,,,,,,,,,,,,,,,,,,,,,,,,,,,,,,,,,,,,,,,,,,,,,,,,,,,,,,,,,,,,,,,,,,,,,,,,,,,,,,,,,,,,,,,,,,,,,,,,,,,,,,,,,,,,,,,,,,,,,,,,,,,,,,,,,,,,,,,,,,,,,,,,,,,,,,,,,,,,,,,,,,,,,,,,,,,,,,,,,,,,,,,,,,,,,,,,,,,,,,,,,,,,,,,,,,,,,,,,,,,,,,,,,,,
E02_RD14-0003-03d2b-0.0625IP-Q0.9_001.20sec.fsa,vWA,Y,14,164.02,26,15,168.05,421,16,172.08,383,17,176.56,17,18.2,182.51,6,21,193.01,6,OL,194.07,6,OL,198.56,5,,,,,,,,,,,,,,,,,,,,,,,,,,,,,,,,,,,,,,,,,,,,,,,,,,,,,,,,,,,,,,,,,,,,,,,,,,,,,,,,,,,,,,,,,,,,,,,,,,,,,,,,,,,,,,,,,,,,,,,,,,,,,,,,,,,,,,,,,,,,,,,,,,,,,,,,,,,,,,,,,,,,,,,,,,,,,,,,,,,,,,,,,,,,,,,,,,,,,,,,,,,,,,,,,,,,,,,,,,,,,,,,,,,,,,,,,,,,,,,,,,,,,,,,,,,,,,,,,,,,,,,,,,,,,,,,,,,,
E02_RD14-0003-03d2b-0.0625IP-Q0.9_001.20sec.fsa,TPOX,Y,OL,214.77,7,OL,219.77,5,OL,231.27,14,10,236.43,23,11,240.55,619,OL,246.81,8,,,,,,,,,,,,,,,,,,,,,,,,,,,,,,,,,,,,,,,,,,,,,,,,,,,,,,,,,,,,,,,,,,,,,,,,,,,,,,,,,,,,,,,,,,,,,,,,,,,,,,,,,,,,,,,,,,,,,,,,,,,,,,,,,,,,,,,,,,,,,,,,,,,,,,,,,,,,,,,,,,,,,,,,,,,,,,,,,,,,,,,,,,,,,,,,,,,,,,,,,,,,,,,,,,,,,,,,,,,,,,,,,,,,,,,,,,,,,,,,,,,,,,,,,,,,,,,,,,,,,,,,,,,,,,,,,,,,,,,,,,
E02_RD14-0003-03d2b-0.0625IP-Q0.9_001.20sec.fsa,D18S51,Y,7,261.22,7,OL,275.76,9,OL,288.39,4,16,296.91,28,17,301.04,330,18,304.92,170,19,308.54,7,OL,312.45,7,OL,318.62,9,OL,326.59,7,OL,336.38,8,26,337.46,4,OL,343.07,6,,,,,,,,,,,,,,,,,,,,,,,,,,,,,,,,,,,,,,,,,,,,,,,,,,,,,,,,,,,,,,,,,,,,,,,,,,,,,,,,,,,,,,,,,,,,,,,,,,,,,,,,,,,,,,,,,,,,,,,,,,,,,,,,,,,,,,,,,,,,,,,,,,,,,,,,,,,,,,,,,,,,,,,,,,,,,,,,,,,,,,,,,,,,,,,,,,,,,,,,,,,,,,,,,,,,,,,,,,,,,,,,,,,,,,,,,,,,,,,,,,,,,,,,,,,,,,,,,,,,,
E02_RD14-0003-03d2b-0.0625IP-Q0.9_001.20sec.fsa,AMEL,R,X,104.91,771,Y,110.74,473,,,,,,,,,,,,,,,,,,,,,,,,,,,,,,,,,,,,,,,,,,,,,,,,,,,,,,,,,,,,,,,,,,,,,,,,,,,,,,,,,,,,,,,,,,,,,,,,,,,,,,,,,,,,,,,,,,,,,,,,,,,,,,,,,,,,,,,,,,,,,,,,,,,,,,,,,,,,,,,,,,,,,,,,,,,,,,,,,,,,,,,,,,,,,,,,,,,,,,,,,,,,,,,,,,,,,,,,,,,,,,,,,,,,,,,,,,,,,,,,,,,,,,,,,,,,,,,,,,,,,,,,,,,,,,,,,,,,,,,,,,,,,,,,,,,,,,
E02_RD14-0003-03d2b-0.0625IP-Q0.9_001.20sec.fsa,D5S818,R,OL,127.56,10,6,128.28,11,9,140.82,11,11,148.87,31,12,152.94,536,13,157.04,240,OL,158.33,7,OL,171.86,8,,,,,,,,,,,,,,,,,,,,,,,,,,,,,,,,,,,,,,,,,,,,,,,,,,,,,,,,,,,,,,,,,,,,,,,,,,,,,,,,,,,,,,,,,,,,,,,,,,,,,,,,,,,,,,,,,,,,,,,,,,,,,,,,,,,,,,,,,,,,,,,,,,,,,,,,,,,,,,,,,,,,,,,,,,,,,,,,,,,,,,,,,,,,,,,,,,,,,,,,,,,,,,,,,,,,,,,,,,,,,,,,,,,,,,,,,,,,,,,,,,,,,,,,,,,,,,,,,,,,,,,,,,,,,,,,,,,,
E02_RD14-0003-03d2b-0.0625IP-Q0.9_001.20sec.fsa,FGA,R,16.2,210.85,11,OL,212.13,9,18,216.76,31,19,220.91,436,OL,229.67,8,OL,230.13,8,OL,232.4,4,23,237.19,28,24,241.34,261,25,245.96,6,29.2,263.12,11,OL,268.55,7,OL,278.92,10,OL,281.97,6,OL,285.07,9,OL,294.58,8,OL,296.24,7,OL,298.27,8,OL,303.72,7,OL,323.85,5,OL,340,2,OL,343.46,5,OL,357.4,7,,,,,,,,,,,,,,,,,,,,,,,,,,,,,,,,,,,,,,,,,,,,,,,,,,,,,,,,,,,,,,,,,,,,,,,,,,,,,,,,,,,,,,,,,,,,,,,,,,,,,,,,,,,,,,,,,,,,,,,,,,,,,,,,,,,,,,,,,,,,,,,,,,,,,,,,,,,,,,,,,,,,,,,,,,,,,,,,,,,,,,,,,,,,,,,,,,,,,,,,,,,,,,,,,,,,,,,,,,,,,,,,,,,,,,,
E03_RD14-0003-03d2c-0.125IP-Q1.1_001.20sec.fsa,D8S1179,B,OL,115.76,3,OL,118.69,3,OL,121.03,5,OL,127.82,8,OL,128.64,7,13,142.03,39,14,146.18,790,15,150.27,1003,16,154.37,7,OL,160.62,3,OL,161.56,2,19,167.1,2,20,171,2,OL,176.71,2,,,,,,,,,,,,,,,,,,,,,,,,,,,,,,,,,,,,,,,,,,,,,,,,,,,,,,,,,,,,,,,,,,,,,,,,,,,,,,,,,,,,,,,,,,,,,,,,,,,,,,,,,,,,,,,,,,,,,,,,,,,,,,,,,,,,,,,,,,,,,,,,,,,,,,,,,,,,,,,,,,,,,,,,,,,,,,,,,,,,,,,,,,,,,,,,,,,,,,,,,,,,,,,,,,,,,,,,,,,,,,,,,,,,,,,,,,,,,,,,,,,,,,,,,,,,,,,,,,
E03_RD14-0003-03d2c-0.125IP-Q1.1_001.20sec.fsa,D21S11,B,OL,201.24,3,30.2,208.89,4,31.2,212.66,67,32.2,216.75,931,33.2,220.79,8,34,222.78,1,OL,224.13,3,OL,225.49,3,37,234.89,3,,,,,,,,,,,,,,,,,,,,,,,,,,,,,,,,,,,,,,,,,,,,,,,,,,,,,,,,,,,,,,,,,,,,,,,,,,,,,,,,,,,,,,,,,,,,,,,,,,,,,,,,,,,,,,,,,,,,,,,,,,,,,,,,,,,,,,,,,,,,,,,,,,,,,,,,,,,,,,,,,,,,,,,,,,,,,,,,,,,,,,,,,,,,,,,,,,,,,,,,,,,,,,,,,,,,,,,,,,,,,,,,,,,,,,,,,,,,,,,,,,,,,,,,,,,,,,,,,,,,,,,,,,,,,,,,,
E03_RD14-0003-03d2c-0.125IP-Q1.1_001.20sec.fsa,D7S820,B,OL,249.18,5,7,258.2,10,OL,259.3,3,8,262.17,416,10,270.22,16,11,274.17,351,12,278.3,4,OL,279.68,3,13,281.92,4,OL,289.41,1,,,,,,,,,,,,,,,,,,,,,,,,,,,,,,,,,,,,,,,,,,,,,,,,,,,,,,,,,,,,,,,,,,,,,,,,,,,,,,,,,,,,,,,,,,,,,,,,,,,,,,,,,,,,,,,,,,,,,,,,,,,,,,,,,,,,,,,,,,,,,,,,,,,,,,,,,,,,,,,,,,,,,,,,,,,,,,,,,,,,,,,,,,,,,,,,,,,,,,,,,,,,,,,,,,,,,,,,,,,,,,,,,,,,,,,,,,,,,,,,,,,,,,,,,,,,,,,,,,,,,,,,,,,,,,
E03_RD14-0003-03d2c-0.125IP-Q1.1_001.20sec.fsa,CSF1PO,B,OL,299.28,3,7,306.55,5,8,310.49,218,11,322.75,13,12,326.89,249,OL,331.92,2,14,334.78,2,OL,341.58,3,OL,343.81,3,,,,,,,,,,,,,,,,,,,,,,,,,,,,,,,,,,,,,,,,,,,,,,,,,,,,,,,,,,,,,,,,,,,,,,,,,,,,,,,,,,,,,,,,,,,,,,,,,,,,,,,,,,,,,,,,,,,,,,,,,,,,,,,,,,,,,,,,,,,,,,,,,,,,,,,,,,,,,,,,,,,,,,,,,,,,,,,,,,,,,,,,,,,,,,,,,,,,,,,,,,,,,,,,,,,,,,,,,,,,,,,,,,,,,,,,,,,,,,,,,,,,,,,,,,,,,,,,,,,,,,,,,,,,,,,,,
E03_RD14-0003-03d2c-0.125IP-Q1.1_001.20sec.fsa,D3S1358,G,OL,94.52,6,OL,103.83,5,OL,104.82,8,12,110.3,5,13,114.73,32,14,118.47,6,OL,119.78,7,15,122.29,100,16,126.32,1360,OL,129.1,10,17,130.15,1352,18,134.17,13,OL,143.13,6,,,,,,,,,,,,,,,,,,,,,,,,,,,,,,,,,,,,,,,,,,,,,,,,,,,,,,,,,,,,,,,,,,,,,,,,,,,,,,,,,,,,,,,,,,,,,,,,,,,,,,,,,,,,,,,,,,,,,,,,,,,,,,,,,,,,,,,,,,,,,,,,,,,,,,,,,,,,,,,,,,,,,,,,,,,,,,,,,,,,,,,,,,,,,,,,,,,,,,,,,,,,,,,,,,,,,,,,,,,,,,,,,,,,,,,,,,,,,,,,,,,,,,,,,,,,,,,,,,,,,
E03_RD14-0003-03d2c-0.125IP-Q1.1_001.20sec.fsa,TH01,G,OL,157.14,4,OL,159.76,10,OL,170.53,4,7,172.64,46,8,176.71,773,9,180.8,1105,,,,,,,,,,,,,,,,,,,,,,,,,,,,,,,,,,,,,,,,,,,,,,,,,,,,,,,,,,,,,,,,,,,,,,,,,,,,,,,,,,,,,,,,,,,,,,,,,,,,,,,,,,,,,,,,,,,,,,,,,,,,,,,,,,,,,,,,,,,,,,,,,,,,,,,,,,,,,,,,,,,,,,,,,,,,,,,,,,,,,,,,,,,,,,,,,,,,,,,,,,,,,,,,,,,,,,,,,,,,,,,,,,,,,,,,,,,,,,,,,,,,,,,,,,,,,,,,,,,,,,,,,,,,,,,,,,,,,,,,,,
E03_RD14-0003-03d2c-0.125IP-Q1.1_001.20sec.fsa,D13S317,G,OL,212.5,5,OL,213.68,7,OL,218.37,5,9,219.76,6,10,223.18,15,11,227.24,509,OL,229.79,2,12,231.3,570,OL,239.84,7,OL,242.88,3,16,247.55,6,,,,,,,,,,,,,,,,,,,,,,,,,,,,,,,,,,,,,,,,,,,,,,,,,,,,,,,,,,,,,,,,,,,,,,,,,,,,,,,,,,,,,,,,,,,,,,,,,,,,,,,,,,,,,,,,,,,,,,,,,,,,,,,,,,,,,,,,,,,,,,,,,,,,,,,,,,,,,,,,,,,,,,,,,,,,,,,,,,,,,,,,,,,,,,,,,,,,,,,,,,,,,,,,,,,,,,,,,,,,,,,,,,,,,,,,,,,,,,,,,,,,,,,,,,,,,,,,,,,,,,,,,,,
E03_RD14-0003-03d2c-0.125IP-Q1.1_001.20sec.fsa,D16S539,G,7,259.77,7,8,263.05,5,10,271.35,39,11,275.3,644,13,283.27,24,14,287.18,282,OL,293.08,5,,,,,,,,,,,,,,,,,,,,,,,,,,,,,,,,,,,,,,,,,,,,,,,,,,,,,,,,,,,,,,,,,,,,,,,,,,,,,,,,,,,,,,,,,,,,,,,,,,,,,,,,,,,,,,,,,,,,,,,,,,,,,,,,,,,,,,,,,,,,,,,,,,,,,,,,,,,,,,,,,,,,,,,,,,,,,,,,,,,,,,,,,,,,,,,,,,,,,,,,,,,,,,,,,,,,,,,,,,,,,,,,,,,,,,,,,,,,,,,,,,,,,,,,,,,,,,,,,,,,,,,,,,,,,,,,,,,,,,,
E03_RD14-0003-03d2c-0.125IP-Q1.1_001.20sec.fsa,D2S1338,G,OL,302.04,4,OL,307.59,4,16,308.4,7,17,312.77,5,OL,319.74,6,20,325.24,6,21,329.2,38,OL,331.51,4,22,333.15,679,24,341.08,30,25,345.22,332,27,353.69,2,OL,359.92,6,,,,,,,,,,,,,,,,,,,,,,,,,,,,,,,,,,,,,,,,,,,,,,,,,,,,,,,,,,,,,,,,,,,,,,,,,,,,,,,,,,,,,,,,,,,,,,,,,,,,,,,,,,,,,,,,,,,,,,,,,,,,,,,,,,,,,,,,,,,,,,,,,,,,,,,,,,,,,,,,,,,,,,,,,,,,,,,,,,,,,,,,,,,,,,,,,,,,,,,,,,,,,,,,,,,,,,,,,,,,,,,,,,,,,,,,,,,,,,,,,,,,,,,,,,,,,,,,,,,,,
E03_RD14-0003-03d2c-0.125IP-Q1.1_001.20sec.fsa,D19S433,Y,OL,96.32,7,11,108.17,87,12,112.26,1312,13,116.27,77,OL,118.98,4,14,120.22,831,16.2,130.15,31,OL,136.54,7,18.2,138.07,8,,,,,,,,,,,,,,,,,,,,,,,,,,,,,,,,,,,,,,,,,,,,,,,,,,,,,,,,,,,,,,,,,,,,,,,,,,,,,,,,,,,,,,,,,,,,,,,,,,,,,,,,,,,,,,,,,,,,,,,,,,,,,,,,,,,,,,,,,,,,,,,,,,,,,,,,,,,,,,,,,,,,,,,,,,,,,,,,,,,,,,,,,,,,,,,,,,,,,,,,,,,,,,,,,,,,,,,,,,,,,,,,,,,,,,,,,,,,,,,,,,,,,,,,,,,,,,,,,,,,,,,,,,,,,,,,,
E03_RD14-0003-03d2c-0.125IP-Q1.1_001.20sec.fsa,vWA,Y,OL,147.2,10,OL,152.8,8,OL,154.22,5,14,164.05,37,15,168.19,651,16,172.17,1124,17,176.55,20,OL,178.04,8,18,180.64,24,20,188.61,5,,,,,,,,,,,,,,,,,,,,,,,,,,,,,,,,,,,,,,,,,,,,,,,,,,,,,,,,,,,,,,,,,,,,,,,,,,,,,,,,,,,,,,,,,,,,,,,,,,,,,,,,,,,,,,,,,,,,,,,,,,,,,,,,,,,,,,,,,,,,,,,,,,,,,,,,,,,,,,,,,,,,,,,,,,,,,,,,,,,,,,,,,,,,,,,,,,,,,,,,,,,,,,,,,,,,,,,,,,,,,,,,,,,,,,,,,,,,,,,,,,,,,,,,,,,,,,,,,,,,,,,,,,,,,,
E03_RD14-0003-03d2c-0.125IP-Q1.1_001.20sec.fsa,TPOX,Y,OL,215.7,9,OL,218.13,8,OL,227.24,19,OL,231.06,13,9,232.26,5,10,236.81,42,11,240.82,1395,OL,256.86,5,,,,,,,,,,,,,,,,,,,,,,,,,,,,,,,,,,,,,,,,,,,,,,,,,,,,,,,,,,,,,,,,,,,,,,,,,,,,,,,,,,,,,,,,,,,,,,,,,,,,,,,,,,,,,,,,,,,,,,,,,,,,,,,,,,,,,,,,,,,,,,,,,,,,,,,,,,,,,,,,,,,,,,,,,,,,,,,,,,,,,,,,,,,,,,,,,,,,,,,,,,,,,,,,,,,,,,,,,,,,,,,,,,,,,,,,,,,,,,,,,,,,,,,,,,,,,,,,,,,,,,,,,,,,,,,,,,,,
E03_RD14-0003-03d2c-0.125IP-Q1.1_001.20sec.fsa,D18S51,Y,8,264.34,9,10.2,275.22,26,16,297.22,47,17,301.17,476,18,305.12,410,20.2,314.94,6,21,317.33,6,OL,318.28,8,23,325.65,4,25,333.31,13,26,337.8,6,OL,345.97,5,,,,,,,,,,,,,,,,,,,,,,,,,,,,,,,,,,,,,,,,,,,,,,,,,,,,,,,,,,,,,,,,,,,,,,,,,,,,,,,,,,,,,,,,,,,,,,,,,,,,,,,,,,,,,,,,,,,,,,,,,,,,,,,,,,,,,,,,,,,,,,,,,,,,,,,,,,,,,,,,,,,,,,,,,,,,,,,,,,,,,,,,,,,,,,,,,,,,,,,,,,,,,,,,,,,,,,,,,,,,,,,,,,,,,,,,,,,,,,,,,,,,,,,,,,,,,,,,,,,,,,,,
E03_RD14-0003-03d2c-0.125IP-Q1.1_001.20sec.fsa,AMEL,R,X,104.9,785,Y,110.83,694,,,,,,,,,,,,,,,,,,,,,,,,,,,,,,,,,,,,,,,,,,,,,,,,,,,,,,,,,,,,,,,,,,,,,,,,,,,,,,,,,,,,,,,,,,,,,,,,,,,,,,,,,,,,,,,,,,,,,,,,,,,,,,,,,,,,,,,,,,,,,,,,,,,,,,,,,,,,,,,,,,,,,,,,,,,,,,,,,,,,,,,,,,,,,,,,,,,,,,,,,,,,,,,,,,,,,,,,,,,,,,,,,,,,,,,,,,,,,,,,,,,,,,,,,,,,,,,,,,,,,,,,,,,,,,,,,,,,,,,,,,,,,,,,,,,,,,
E03_RD14-0003-03d2c-0.125IP-Q1.1_001.20sec.fsa,D5S818,R,OL,125.72,5,OL,127.44,23,OL,129.25,20,OL,135.24,8,OL,143.91,5,11,148.86,34,12,153.03,704,13,157.14,643,14,161.25,10,OL,163.04,6,15,165.77,4,OL,173.97,6,,,,,,,,,,,,,,,,,,,,,,,,,,,,,,,,,,,,,,,,,,,,,,,,,,,,,,,,,,,,,,,,,,,,,,,,,,,,,,,,,,,,,,,,,,,,,,,,,,,,,,,,,,,,,,,,,,,,,,,,,,,,,,,,,,,,,,,,,,,,,,,,,,,,,,,,,,,,,,,,,,,,,,,,,,,,,,,,,,,,,,,,,,,,,,,,,,,,,,,,,,,,,,,,,,,,,,,,,,,,,,,,,,,,,,,,,,,,,,,,,,,,,,,,,,,,,,,,,,,,,,,,
E03_RD14-0003-03d2c-0.125IP-Q1.1_001.20sec.fsa,FGA,R,OL,204.51,8,18,216.83,51,19,220.95,658,20.2,226.68,8,OL,228.19,13,21,228.91,14,OL,229.63,14,OL,234.25,9,23,237.2,37,23.2,238.88,8,24,241.32,305,OL,250.4,7,OL,252.53,8,OL,260.8,7,OL,268.52,5,OL,277.17,13,34.2,283.75,5,OL,284.63,4,OL,291.08,7,OL,291.72,7,OL,318.97,8,OL,321.08,6,45.2,328.54,5,OL,331.26,8,OL,338.94,10,,,,,,,,,,,,,,,,,,,,,,,,,,,,,,,,,,,,,,,,,,,,,,,,,,,,,,,,,,,,,,,,,,,,,,,,,,,,,,,,,,,,,,,,,,,,,,,,,,,,,,,,,,,,,,,,,,,,,,,,,,,,,,,,,,,,,,,,,,,,,,,,,,,,,,,,,,,,,,,,,,,,,,,,,,,,,,,,,,,,,,,,,,,,,,,,,,,,,,,,,,,,,,,,,,,,,,,,,,,,,,,,,
E04_RD14-0003-03d2d-0.125IP-Q1.8_001.20sec.fsa,D8S1179,B,7,117.18,3,OL,118.99,10,OL,122.93,4,OL,124.99,3,OL,126.92,8,OL,128.4,9,10,129.22,9,OL,134.69,3,OL,136.05,5,OL,136.66,2,13,142,57,14,146.09,659,OL,149.11,5,15,150.27,413,OL,162.15,4,OL,163.76,4,OL,169.44,3,OL,174.91,5,OL,177.92,6,,,,,,,,,,,,,,,,,,,,,,,,,,,,,,,,,,,,,,,,,,,,,,,,,,,,,,,,,,,,,,,,,,,,,,,,,,,,,,,,,,,,,,,,,,,,,,,,,,,,,,,,,,,,,,,,,,,,,,,,,,,,,,,,,,,,,,,,,,,,,,,,,,,,,,,,,,,,,,,,,,,,,,,,,,,,,,,,,,,,,,,,,,,,,,,,,,,,,,,,,,,,,,,,,,,,,,,,,,,,,,,,,,,,,,,,,,,,,,,,,,,
E04_RD14-0003-03d2d-0.125IP-Q1.8_001.20sec.fsa,D21S11,B,25.2,187.96,2,OL,201.61,3,31.2,212.69,41,32.2,216.76,675,33.2,220.78,7,OL,227.7,2,OL,229.82,4,OL,235.89,5,37.2,236.68,3,,,,,,,,,,,,,,,,,,,,,,,,,,,,,,,,,,,,,,,,,,,,,,,,,,,,,,,,,,,,,,,,,,,,,,,,,,,,,,,,,,,,,,,,,,,,,,,,,,,,,,,,,,,,,,,,,,,,,,,,,,,,,,,,,,,,,,,,,,,,,,,,,,,,,,,,,,,,,,,,,,,,,,,,,,,,,,,,,,,,,,,,,,,,,,,,,,,,,,,,,,,,,,,,,,,,,,,,,,,,,,,,,,,,,,,,,,,,,,,,,,,,,,,,,,,,,,,,,,,,,,,,,,,,,,,,,
E04_RD14-0003-03d2d-0.125IP-Q1.8_001.20sec.fsa,D7S820,B,OL,248.33,3,5,250.47,4,8,262.2,31,OL,266.78,3,10,270.1,13,11,274.13,249,16,294.6,2,,,,,,,,,,,,,,,,,,,,,,,,,,,,,,,,,,,,,,,,,,,,,,,,,,,,,,,,,,,,,,,,,,,,,,,,,,,,,,,,,,,,,,,,,,,,,,,,,,,,,,,,,,,,,,,,,,,,,,,,,,,,,,,,,,,,,,,,,,,,,,,,,,,,,,,,,,,,,,,,,,,,,,,,,,,,,,,,,,,,,,,,,,,,,,,,,,,,,,,,,,,,,,,,,,,,,,,,,,,,,,,,,,,,,,,,,,,,,,,,,,,,,,,,,,,,,,,,,,,,,,,,,,,,,,,,,,,,,,,
E04_RD14-0003-03d2d-0.125IP-Q1.8_001.20sec.fsa,CSF1PO,B,5,298.59,3,7,306.48,9,8,310.49,216,9,314.34,4,OL,317.71,4,OL,319.15,4,11,322.93,10,12,326.9,211,OL,328.43,3,OL,339.45,5,OL,340.57,4,,,,,,,,,,,,,,,,,,,,,,,,,,,,,,,,,,,,,,,,,,,,,,,,,,,,,,,,,,,,,,,,,,,,,,,,,,,,,,,,,,,,,,,,,,,,,,,,,,,,,,,,,,,,,,,,,,,,,,,,,,,,,,,,,,,,,,,,,,,,,,,,,,,,,,,,,,,,,,,,,,,,,,,,,,,,,,,,,,,,,,,,,,,,,,,,,,,,,,,,,,,,,,,,,,,,,,,,,,,,,,,,,,,,,,,,,,,,,,,,,,,,,,,,,,,,,,,,,,,,,,,,,,,
E04_RD14-0003-03d2d-0.125IP-Q1.8_001.20sec.fsa,D3S1358,G,OL,98.22,10,OL,99.78,10,OL,104.97,10,OL,113.55,30,14,118.05,11,OL,119.42,11,OL,119.86,10,15,122.27,101,16,126.25,1146,17,130.11,1496,18,134.16,13,,,,,,,,,,,,,,,,,,,,,,,,,,,,,,,,,,,,,,,,,,,,,,,,,,,,,,,,,,,,,,,,,,,,,,,,,,,,,,,,,,,,,,,,,,,,,,,,,,,,,,,,,,,,,,,,,,,,,,,,,,,,,,,,,,,,,,,,,,,,,,,,,,,,,,,,,,,,,,,,,,,,,,,,,,,,,,,,,,,,,,,,,,,,,,,,,,,,,,,,,,,,,,,,,,,,,,,,,,,,,,,,,,,,,,,,,,,,,,,,,,,,,,,,,,,,,,,,,,,,,,,,,,,
E04_RD14-0003-03d2d-0.125IP-Q1.8_001.20sec.fsa,TH01,G,4,159.92,9,5,164.06,3,7,172.52,19,8,176.68,752,9,180.71,756,OL,191.82,3,13.3,199.92,11,OL,200.77,5,,,,,,,,,,,,,,,,,,,,,,,,,,,,,,,,,,,,,,,,,,,,,,,,,,,,,,,,,,,,,,,,,,,,,,,,,,,,,,,,,,,,,,,,,,,,,,,,,,,,,,,,,,,,,,,,,,,,,,,,,,,,,,,,,,,,,,,,,,,,,,,,,,,,,,,,,,,,,,,,,,,,,,,,,,,,,,,,,,,,,,,,,,,,,,,,,,,,,,,,,,,,,,,,,,,,,,,,,,,,,,,,,,,,,,,,,,,,,,,,,,,,,,,,,,,,,,,,,,,,,,,,,,,,,,,,,,,,
E04_RD14-0003-03d2d-0.125IP-Q1.8_001.20sec.fsa,D13S317,G,OL,205.29,5,OL,209.45,2,OL,213.85,7,10,223.14,18,11,227.22,317,12,231.32,360,13,235.26,17,OL,239.84,12,15,243.37,6,OL,246.41,4,,,,,,,,,,,,,,,,,,,,,,,,,,,,,,,,,,,,,,,,,,,,,,,,,,,,,,,,,,,,,,,,,,,,,,,,,,,,,,,,,,,,,,,,,,,,,,,,,,,,,,,,,,,,,,,,,,,,,,,,,,,,,,,,,,,,,,,,,,,,,,,,,,,,,,,,,,,,,,,,,,,,,,,,,,,,,,,,,,,,,,,,,,,,,,,,,,,,,,,,,,,,,,,,,,,,,,,,,,,,,,,,,,,,,,,,,,,,,,,,,,,,,,,,,,,,,,,,,,,,,,,,,,,,,,
E04_RD14-0003-03d2d-0.125IP-Q1.8_001.20sec.fsa,D16S539,G,OL,257.45,7,OL,258.38,5,7,259.92,8,OL,269.62,4,10,271.2,25,11,275.24,472,12,279.6,11,13,283.22,78,14,287.15,687,16,295.07,4,,,,,,,,,,,,,,,,,,,,,,,,,,,,,,,,,,,,,,,,,,,,,,,,,,,,,,,,,,,,,,,,,,,,,,,,,,,,,,,,,,,,,,,,,,,,,,,,,,,,,,,,,,,,,,,,,,,,,,,,,,,,,,,,,,,,,,,,,,,,,,,,,,,,,,,,,,,,,,,,,,,,,,,,,,,,,,,,,,,,,,,,,,,,,,,,,,,,,,,,,,,,,,,,,,,,,,,,,,,,,,,,,,,,,,,,,,,,,,,,,,,,,,,,,,,,,,,,,,,,,,,,,,,,,,
E04_RD14-0003-03d2d-0.125IP-Q1.8_001.20sec.fsa,D2S1338,G,OL,302.29,4,OL,320.08,7,21,329.23,23,22,333.16,363,24,341.14,36,25,345.14,335,OL,353.79,5,OL,354.77,5,OL,358.69,4,OL,359.84,6,OL,364.77,5,,,,,,,,,,,,,,,,,,,,,,,,,,,,,,,,,,,,,,,,,,,,,,,,,,,,,,,,,,,,,,,,,,,,,,,,,,,,,,,,,,,,,,,,,,,,,,,,,,,,,,,,,,,,,,,,,,,,,,,,,,,,,,,,,,,,,,,,,,,,,,,,,,,,,,,,,,,,,,,,,,,,,,,,,,,,,,,,,,,,,,,,,,,,,,,,,,,,,,,,,,,,,,,,,,,,,,,,,,,,,,,,,,,,,,,,,,,,,,,,,,,,,,,,,,,,,,,,,,,,,,,,,,,
E04_RD14-0003-03d2d-0.125IP-Q1.8_001.20sec.fsa,D19S433,Y,OL,101.13,11,OL,102.41,8,10,103.99,10,11,108.19,77,12,112.29,1053,13,116.32,38,14,120.22,500,15.2,126.32,40,16.2,130.04,44,17.2,134.09,8,OL,139.62,10,,,,,,,,,,,,,,,,,,,,,,,,,,,,,,,,,,,,,,,,,,,,,,,,,,,,,,,,,,,,,,,,,,,,,,,,,,,,,,,,,,,,,,,,,,,,,,,,,,,,,,,,,,,,,,,,,,,,,,,,,,,,,,,,,,,,,,,,,,,,,,,,,,,,,,,,,,,,,,,,,,,,,,,,,,,,,,,,,,,,,,,,,,,,,,,,,,,,,,,,,,,,,,,,,,,,,,,,,,,,,,,,,,,,,,,,,,,,,,,,,,,,,,,,,,,,,,,,,,,,,,,,,,,
E04_RD14-0003-03d2d-0.125IP-Q1.8_001.20sec.fsa,vWA,Y,11,151.44,8,11,152.21,7,OL,158.52,4,14,164.06,36,15,168.13,835,OL,169.37,14,16,172.14,199,OL,175.29,3,17,176.6,17,OL,191.66,4,24,205.06,4,,,,,,,,,,,,,,,,,,,,,,,,,,,,,,,,,,,,,,,,,,,,,,,,,,,,,,,,,,,,,,,,,,,,,,,,,,,,,,,,,,,,,,,,,,,,,,,,,,,,,,,,,,,,,,,,,,,,,,,,,,,,,,,,,,,,,,,,,,,,,,,,,,,,,,,,,,,,,,,,,,,,,,,,,,,,,,,,,,,,,,,,,,,,,,,,,,,,,,,,,,,,,,,,,,,,,,,,,,,,,,,,,,,,,,,,,,,,,,,,,,,,,,,,,,,,,,,,,,,,,,,,,,,
E04_RD14-0003-03d2d-0.125IP-Q1.8_001.20sec.fsa,TPOX,Y,OL,215.34,6,OL,217.23,8,6,220.63,9,10,236.84,38,11,240.88,817,OL,245.53,9,14,252.64,6,14,253.34,8,OL,255.52,8,,,,,,,,,,,,,,,,,,,,,,,,,,,,,,,,,,,,,,,,,,,,,,,,,,,,,,,,,,,,,,,,,,,,,,,,,,,,,,,,,,,,,,,,,,,,,,,,,,,,,,,,,,,,,,,,,,,,,,,,,,,,,,,,,,,,,,,,,,,,,,,,,,,,,,,,,,,,,,,,,,,,,,,,,,,,,,,,,,,,,,,,,,,,,,,,,,,,,,,,,,,,,,,,,,,,,,,,,,,,,,,,,,,,,,,,,,,,,,,,,,,,,,,,,,,,,,,,,,,,,,,,,,,,,,,,,
E04_RD14-0003-03d2d-0.125IP-Q1.8_001.20sec.fsa,D18S51,Y,10,272.55,7,10,273.34,8,10.2,275.16,20,11,276.98,8,OL,295.85,8,16,297.1,13,17,301.15,121,18,305.08,254,20.2,314.93,8,OL,336.91,5,,,,,,,,,,,,,,,,,,,,,,,,,,,,,,,,,,,,,,,,,,,,,,,,,,,,,,,,,,,,,,,,,,,,,,,,,,,,,,,,,,,,,,,,,,,,,,,,,,,,,,,,,,,,,,,,,,,,,,,,,,,,,,,,,,,,,,,,,,,,,,,,,,,,,,,,,,,,,,,,,,,,,,,,,,,,,,,,,,,,,,,,,,,,,,,,,,,,,,,,,,,,,,,,,,,,,,,,,,,,,,,,,,,,,,,,,,,,,,,,,,,,,,,,,,,,,,,,,,,,,,,,,,,,,,
E04_RD14-0003-03d2d-0.125IP-Q1.8_001.20sec.fsa,AMEL,R,X,104.89,536,OL,106.02,27,Y,110.8,744,,,,,,,,,,,,,,,,,,,,,,,,,,,,,,,,,,,,,,,,,,,,,,,,,,,,,,,,,,,,,,,,,,,,,,,,,,,,,,,,,,,,,,,,,,,,,,,,,,,,,,,,,,,,,,,,,,,,,,,,,,,,,,,,,,,,,,,,,,,,,,,,,,,,,,,,,,,,,,,,,,,,,,,,,,,,,,,,,,,,,,,,,,,,,,,,,,,,,,,,,,,,,,,,,,,,,,,,,,,,,,,,,,,,,,,,,,,,,,,,,,,,,,,,,,,,,,,,,,,,,,,,,,,,,,,,,,,,,,,,,,,,,,,,,,,
E04_RD14-0003-03d2d-0.125IP-Q1.8_001.20sec.fsa,D5S818,R,OL,127.51,34,OL,127.96,32,OL,129.15,33,OL,130.34,2,7,132.14,6,OL,141.85,6,11,148.88,36,12,152.99,558,13,157.11,263,14,161.23,5,OL,177.22,12,,,,,,,,,,,,,,,,,,,,,,,,,,,,,,,,,,,,,,,,,,,,,,,,,,,,,,,,,,,,,,,,,,,,,,,,,,,,,,,,,,,,,,,,,,,,,,,,,,,,,,,,,,,,,,,,,,,,,,,,,,,,,,,,,,,,,,,,,,,,,,,,,,,,,,,,,,,,,,,,,,,,,,,,,,,,,,,,,,,,,,,,,,,,,,,,,,,,,,,,,,,,,,,,,,,,,,,,,,,,,,,,,,,,,,,,,,,,,,,,,,,,,,,,,,,,,,,,,,,,,,,,,,,
E04_RD14-0003-03d2d-0.125IP-Q1.8_001.20sec.fsa,FGA,R,OL,205.91,3,16,209.14,10,18,216.68,20,19,220.86,458,21,228.72,9,22,232.74,12,23,237.23,60,24,241.37,472,OL,254.9,7,28.2,259.23,9,OL,261.02,9,29,261.81,7,OL,276.59,8,OL,288.64,9,OL,299.14,9,OL,300.23,7,OL,302.22,9,43.2,320.65,8,44.2,324.23,4,OL,358.12,6,,,,,,,,,,,,,,,,,,,,,,,,,,,,,,,,,,,,,,,,,,,,,,,,,,,,,,,,,,,,,,,,,,,,,,,,,,,,,,,,,,,,,,,,,,,,,,,,,,,,,,,,,,,,,,,,,,,,,,,,,,,,,,,,,,,,,,,,,,,,,,,,,,,,,,,,,,,,,,,,,,,,,,,,,,,,,,,,,,,,,,,,,,,,,,,,,,,,,,,,,,,,,,,,,,,,,,,,,,,,,,,,,,,,,,,,,,,,,,,,
E05_RD14-0003-03d1e-0.25IP-Q2.0_001.20sec.fsa,D8S1179,B,OL,113.48,2,OL,116.75,8,7,117.47,10,OL,123.94,3,9,125.41,5,OL,127.7,17,OL,128.44,10,10,129.18,9,OL,130.82,8,OL,140.77,22,13,141.93,92,14,146.11,1419,15,150.23,505,17,158.12,4,OL,163.93,3,20,170.26,5,OL,171.8,12,,,,,,,,,,,,,,,,,,,,,,,,,,,,,,,,,,,,,,,,,,,,,,,,,,,,,,,,,,,,,,,,,,,,,,,,,,,,,,,,,,,,,,,,,,,,,,,,,,,,,,,,,,,,,,,,,,,,,,,,,,,,,,,,,,,,,,,,,,,,,,,,,,,,,,,,,,,,,,,,,,,,,,,,,,,,,,,,,,,,,,,,,,,,,,,,,,,,,,,,,,,,,,,,,,,,,,,,,,,,,,,,,,,,,,,,,,,,,,,,,,,,,,,,,
E05_RD14-0003-03d1e-0.25IP-Q2.0_001.20sec.fsa,D21S11,B,24,182.36,8,OL,185.2,3,OL,187.72,4,OL,189.84,3,26,190.79,5,OL,193.54,4,28,198.35,4,OL,199.53,5,29.2,204.69,4,OL,205.7,3,OL,207.78,4,31.2,212.68,79,32,214.64,6,32.2,216.8,1084,33.2,220.78,8,OL,224.24,3,35.2,228.72,10,OL,229.82,8,,,,,,,,,,,,,,,,,,,,,,,,,,,,,,,,,,,,,,,,,,,,,,,,,,,,,,,,,,,,,,,,,,,,,,,,,,,,,,,,,,,,,,,,,,,,,,,,,,,,,,,,,,,,,,,,,,,,,,,,,,,,,,,,,,,,,,,,,,,,,,,,,,,,,,,,,,,,,,,,,,,,,,,,,,,,,,,,,,,,,,,,,,,,,,,,,,,,,,,,,,,,,,,,,,,,,,,,,,,,,,,,,,,,,,,,,,,,,,,,,,,,,,
E05_RD14-0003-03d1e-0.25IP-Q2.0_001.20sec.fsa,D7S820,B,7,258.07,14,8,262.14,388,OL,266.67,3,10,270.01,25,11,274.16,432,12,278.24,22,OL,291.34,5,OL,292.28,3,OL,293.15,2,,,,,,,,,,,,,,,,,,,,,,,,,,,,,,,,,,,,,,,,,,,,,,,,,,,,,,,,,,,,,,,,,,,,,,,,,,,,,,,,,,,,,,,,,,,,,,,,,,,,,,,,,,,,,,,,,,,,,,,,,,,,,,,,,,,,,,,,,,,,,,,,,,,,,,,,,,,,,,,,,,,,,,,,,,,,,,,,,,,,,,,,,,,,,,,,,,,,,,,,,,,,,,,,,,,,,,,,,,,,,,,,,,,,,,,,,,,,,,,,,,,,,,,,,,,,,,,,,,,,,,,,,,,,,,,,,
E05_RD14-0003-03d1e-0.25IP-Q2.0_001.20sec.fsa,CSF1PO,B,7,306.44,11,OL,308.35,4,8,310.52,560,OL,311.97,4,10.2,320.49,6,11,322.78,24,12,326.85,429,15,338.48,3,OL,343.3,3,,,,,,,,,,,,,,,,,,,,,,,,,,,,,,,,,,,,,,,,,,,,,,,,,,,,,,,,,,,,,,,,,,,,,,,,,,,,,,,,,,,,,,,,,,,,,,,,,,,,,,,,,,,,,,,,,,,,,,,,,,,,,,,,,,,,,,,,,,,,,,,,,,,,,,,,,,,,,,,,,,,,,,,,,,,,,,,,,,,,,,,,,,,,,,,,,,,,,,,,,,,,,,,,,,,,,,,,,,,,,,,,,,,,,,,,,,,,,,,,,,,,,,,,,,,,,,,,,,,,,,,,,,,,,,,,,
E05_RD14-0003-03d1e-0.25IP-Q2.0_001.20sec.fsa,D3S1358,G,OL,99.93,4,OL,102.41,6,OL,112.14,27,14,118.48,11,OL,120.8,9,15,122.33,95,16,126.3,1271,OL,128.89,14,17,130.15,1464,18,134.11,12,OL,135.99,7,OL,137.65,6,OL,139.7,9,OL,141.7,5,,,,,,,,,,,,,,,,,,,,,,,,,,,,,,,,,,,,,,,,,,,,,,,,,,,,,,,,,,,,,,,,,,,,,,,,,,,,,,,,,,,,,,,,,,,,,,,,,,,,,,,,,,,,,,,,,,,,,,,,,,,,,,,,,,,,,,,,,,,,,,,,,,,,,,,,,,,,,,,,,,,,,,,,,,,,,,,,,,,,,,,,,,,,,,,,,,,,,,,,,,,,,,,,,,,,,,,,,,,,,,,,,,,,,,,,,,,,,,,,,,,,,,,,,,,,,,,,,,
E05_RD14-0003-03d1e-0.25IP-Q2.0_001.20sec.fsa,TH01,G,OL,157.57,6,OL,159.84,8,OL,162.16,13,5.3,167.17,6,6.3,171.41,6,7,172.65,22,8,176.75,1031,9,180.79,831,11,188.74,4,OL,193.39,3,OL,198.03,6,OL,198.58,7,,,,,,,,,,,,,,,,,,,,,,,,,,,,,,,,,,,,,,,,,,,,,,,,,,,,,,,,,,,,,,,,,,,,,,,,,,,,,,,,,,,,,,,,,,,,,,,,,,,,,,,,,,,,,,,,,,,,,,,,,,,,,,,,,,,,,,,,,,,,,,,,,,,,,,,,,,,,,,,,,,,,,,,,,,,,,,,,,,,,,,,,,,,,,,,,,,,,,,,,,,,,,,,,,,,,,,,,,,,,,,,,,,,,,,,,,,,,,,,,,,,,,,,,,,,,,,,,,,,,,,,,
E05_RD14-0003-03d1e-0.25IP-Q2.0_001.20sec.fsa,D13S317,G,OL,204.77,4,OL,208.17,3,OL,212.83,5,OL,213.69,7,OL,216.8,14,10,223.06,53,11,227.14,850,12,231.24,778,OL,239.84,8,,,,,,,,,,,,,,,,,,,,,,,,,,,,,,,,,,,,,,,,,,,,,,,,,,,,,,,,,,,,,,,,,,,,,,,,,,,,,,,,,,,,,,,,,,,,,,,,,,,,,,,,,,,,,,,,,,,,,,,,,,,,,,,,,,,,,,,,,,,,,,,,,,,,,,,,,,,,,,,,,,,,,,,,,,,,,,,,,,,,,,,,,,,,,,,,,,,,,,,,,,,,,,,,,,,,,,,,,,,,,,,,,,,,,,,,,,,,,,,,,,,,,,,,,,,,,,,,,,,,,,,,,,,,,,,,,
E05_RD14-0003-03d1e-0.25IP-Q2.0_001.20sec.fsa,D16S539,G,5,251.95,6,OL,268.34,5,10,271.12,59,11,275.2,820,12,278.8,8,12,279.68,9,13,282.99,17,14,287.17,220,15,291.02,3,,,,,,,,,,,,,,,,,,,,,,,,,,,,,,,,,,,,,,,,,,,,,,,,,,,,,,,,,,,,,,,,,,,,,,,,,,,,,,,,,,,,,,,,,,,,,,,,,,,,,,,,,,,,,,,,,,,,,,,,,,,,,,,,,,,,,,,,,,,,,,,,,,,,,,,,,,,,,,,,,,,,,,,,,,,,,,,,,,,,,,,,,,,,,,,,,,,,,,,,,,,,,,,,,,,,,,,,,,,,,,,,,,,,,,,,,,,,,,,,,,,,,,,,,,,,,,,,,,,,,,,,,,,,,,,,,
E05_RD14-0003-03d1e-0.25IP-Q2.0_001.20sec.fsa,D2S1338,G,16,308.35,6,OL,313.67,7,OL,326.69,5,21,329.13,42,22,333.17,755,23,337.19,9,OL,339.84,7,24,340.99,43,25,345.12,295,OL,350.57,5,28,357.76,8,OL,359.59,7,,,,,,,,,,,,,,,,,,,,,,,,,,,,,,,,,,,,,,,,,,,,,,,,,,,,,,,,,,,,,,,,,,,,,,,,,,,,,,,,,,,,,,,,,,,,,,,,,,,,,,,,,,,,,,,,,,,,,,,,,,,,,,,,,,,,,,,,,,,,,,,,,,,,,,,,,,,,,,,,,,,,,,,,,,,,,,,,,,,,,,,,,,,,,,,,,,,,,,,,,,,,,,,,,,,,,,,,,,,,,,,,,,,,,,,,,,,,,,,,,,,,,,,,,,,,,,,,,,,,,,,,
E05_RD14-0003-03d1e-0.25IP-Q2.0_001.20sec.fsa,D19S433,Y,OL,98.44,8,OL,103.09,9,11,108.26,87,12,112.37,1526,13,116.39,97,14,120.29,1190,15.2,126.22,37,16.2,130.07,44,OL,133.43,8,,,,,,,,,,,,,,,,,,,,,,,,,,,,,,,,,,,,,,,,,,,,,,,,,,,,,,,,,,,,,,,,,,,,,,,,,,,,,,,,,,,,,,,,,,,,,,,,,,,,,,,,,,,,,,,,,,,,,,,,,,,,,,,,,,,,,,,,,,,,,,,,,,,,,,,,,,,,,,,,,,,,,,,,,,,,,,,,,,,,,,,,,,,,,,,,,,,,,,,,,,,,,,,,,,,,,,,,,,,,,,,,,,,,,,,,,,,,,,,,,,,,,,,,,,,,,,,,,,,,,,,,,,,,,,,,,
E05_RD14-0003-03d1e-0.25IP-Q2.0_001.20sec.fsa,vWA,Y,10,148.13,10,OL,152.33,11,OL,154.2,3,13,159.69,11,14,164.08,57,15,168.17,1052,16,172.19,324,17,176.67,30,18,179.85,9,18,180.79,28,OL,191.81,7,OL,197.17,8,25,209.26,5,,,,,,,,,,,,,,,,,,,,,,,,,,,,,,,,,,,,,,,,,,,,,,,,,,,,,,,,,,,,,,,,,,,,,,,,,,,,,,,,,,,,,,,,,,,,,,,,,,,,,,,,,,,,,,,,,,,,,,,,,,,,,,,,,,,,,,,,,,,,,,,,,,,,,,,,,,,,,,,,,,,,,,,,,,,,,,,,,,,,,,,,,,,,,,,,,,,,,,,,,,,,,,,,,,,,,,,,,,,,,,,,,,,,,,,,,,,,,,,,,,,,,,,,,,,,,,,,,,,,,
E05_RD14-0003-03d1e-0.25IP-Q2.0_001.20sec.fsa,TPOX,Y,OL,213.84,7,OL,219.6,12,6,220.39,20,OL,224.24,8,OL,227.14,27,10,236.68,35,11,240.82,1056,,,,,,,,,,,,,,,,,,,,,,,,,,,,,,,,,,,,,,,,,,,,,,,,,,,,,,,,,,,,,,,,,,,,,,,,,,,,,,,,,,,,,,,,,,,,,,,,,,,,,,,,,,,,,,,,,,,,,,,,,,,,,,,,,,,,,,,,,,,,,,,,,,,,,,,,,,,,,,,,,,,,,,,,,,,,,,,,,,,,,,,,,,,,,,,,,,,,,,,,,,,,,,,,,,,,,,,,,,,,,,,,,,,,,,,,,,,,,,,,,,,,,,,,,,,,,,,,,,,,,,,,,,,,,,,,,,,,,,,
E05_RD14-0003-03d1e-0.25IP-Q2.0_001.20sec.fsa,D18S51,Y,10.2,275.12,26,OL,284.41,9,13.2,287.24,12,OL,292.05,4,16,297.01,35,17,301.09,433,18,305.02,272,20.2,314.84,10,OL,318.47,5,OL,330.26,8,OL,333.25,21,,,,,,,,,,,,,,,,,,,,,,,,,,,,,,,,,,,,,,,,,,,,,,,,,,,,,,,,,,,,,,,,,,,,,,,,,,,,,,,,,,,,,,,,,,,,,,,,,,,,,,,,,,,,,,,,,,,,,,,,,,,,,,,,,,,,,,,,,,,,,,,,,,,,,,,,,,,,,,,,,,,,,,,,,,,,,,,,,,,,,,,,,,,,,,,,,,,,,,,,,,,,,,,,,,,,,,,,,,,,,,,,,,,,,,,,,,,,,,,,,,,,,,,,,,,,,,,,,,,,,,,,,,,
E05_RD14-0003-03d1e-0.25IP-Q2.0_001.20sec.fsa,AMEL,R,X,104.89,1538,OL,106.17,53,Y,110.8,1622,,,,,,,,,,,,,,,,,,,,,,,,,,,,,,,,,,,,,,,,,,,,,,,,,,,,,,,,,,,,,,,,,,,,,,,,,,,,,,,,,,,,,,,,,,,,,,,,,,,,,,,,,,,,,,,,,,,,,,,,,,,,,,,,,,,,,,,,,,,,,,,,,,,,,,,,,,,,,,,,,,,,,,,,,,,,,,,,,,,,,,,,,,,,,,,,,,,,,,,,,,,,,,,,,,,,,,,,,,,,,,,,,,,,,,,,,,,,,,,,,,,,,,,,,,,,,,,,,,,,,,,,,,,,,,,,,,,,,,,,,,,,,,,,,,,
E05_RD14-0003-03d1e-0.25IP-Q2.0_001.20sec.fsa,D5S818,R,OL,127.55,31,6,128.29,30,OL,129.48,28,9,140.85,11,11,148.83,67,12,153.03,945,13,157.1,625,14,160.92,15,OL,162.08,13,OL,167.09,7,OL,177.52,15,,,,,,,,,,,,,,,,,,,,,,,,,,,,,,,,,,,,,,,,,,,,,,,,,,,,,,,,,,,,,,,,,,,,,,,,,,,,,,,,,,,,,,,,,,,,,,,,,,,,,,,,,,,,,,,,,,,,,,,,,,,,,,,,,,,,,,,,,,,,,,,,,,,,,,,,,,,,,,,,,,,,,,,,,,,,,,,,,,,,,,,,,,,,,,,,,,,,,,,,,,,,,,,,,,,,,,,,,,,,,,,,,,,,,,,,,,,,,,,,,,,,,,,,,,,,,,,,,,,,,,,,,,,
E05_RD14-0003-03d1e-0.25IP-Q2.0_001.20sec.fsa,FGA,R,OL,205.7,11,17,213.14,9,18,216.72,62,19,220.86,1373,OL,223.84,7,OL,225.89,7,OL,228.17,14,21,228.87,20,OL,229.9,18,22,233.13,10,OL,234.47,6,23,237.07,66,24,241.23,734,25,245.38,10,OL,258.3,11,OL,259,9,OL,260.87,6,OL,291.97,4,OL,298.43,9,OL,330.99,7,OL,343.8,7,OL,346.19,9,OL,356.85,9,,,,,,,,,,,,,,,,,,,,,,,,,,,,,,,,,,,,,,,,,,,,,,,,,,,,,,,,,,,,,,,,,,,,,,,,,,,,,,,,,,,,,,,,,,,,,,,,,,,,,,,,,,,,,,,,,,,,,,,,,,,,,,,,,,,,,,,,,,,,,,,,,,,,,,,,,,,,,,,,,,,,,,,,,,,,,,,,,,,,,,,,,,,,,,,,,,,,,,,,,,,,,,,,,,,,,,,,,,,,,,,,,,,,,,,
E07_RD14-0003-04d3a-0.0078IP-Q1.0_001.20sec.fsa,D8S1179,B,OL,120.54,7,8,121.64,12,OL,122.5,6,OL,126.5,4,OL,132.79,11,11,133.76,4,12,137.96,3,OL,143.05,16,OL,144.46,17,OL,144.96,16,OL,148.86,3,OL,149.61,4,OL,151.28,4,OL,173.22,5,OL,174.47,12,,,,,,,,,,,,,,,,,,,,,,,,,,,,,,,,,,,,,,,,,,,,,,,,,,,,,,,,,,,,,,,,,,,,,,,,,,,,,,,,,,,,,,,,,,,,,,,,,,,,,,,,,,,,,,,,,,,,,,,,,,,,,,,,,,,,,,,,,,,,,,,,,,,,,,,,,,,,,,,,,,,,,,,,,,,,,,,,,,,,,,,,,,,,,,,,,,,,,,,,,,,,,,,,,,,,,,,,,,,,,,,,,,,,,,,,,,,,,,,,,,,,,,,,,,,,,,,
E07_RD14-0003-04d3a-0.0078IP-Q1.0_001.20sec.fsa,D21S11,B,25.2,188.45,3,OL,191.27,4,28,199.06,5,29,202.67,5,29.2,204.77,4,30,206.7,47,OL,231.71,7,OL,235.94,3,38.2,240.99,4,OL,241.79,4,,,,,,,,,,,,,,,,,,,,,,,,,,,,,,,,,,,,,,,,,,,,,,,,,,,,,,,,,,,,,,,,,,,,,,,,,,,,,,,,,,,,,,,,,,,,,,,,,,,,,,,,,,,,,,,,,,,,,,,,,,,,,,,,,,,,,,,,,,,,,,,,,,,,,,,,,,,,,,,,,,,,,,,,,,,,,,,,,,,,,,,,,,,,,,,,,,,,,,,,,,,,,,,,,,,,,,,,,,,,,,,,,,,,,,,,,,,,,,,,,,,,,,,,,,,,,,,,,,,,,,,,,,,,,,
E07_RD14-0003-04d3a-0.0078IP-Q1.0_001.20sec.fsa,D7S820,B,OL,248.4,3,9,266.16,109,OL,274.74,4,13,282.19,4,16,293.77,4,,,,,,,,,,,,,,,,,,,,,,,,,,,,,,,,,,,,,,,,,,,,,,,,,,,,,,,,,,,,,,,,,,,,,,,,,,,,,,,,,,,,,,,,,,,,,,,,,,,,,,,,,,,,,,,,,,,,,,,,,,,,,,,,,,,,,,,,,,,,,,,,,,,,,,,,,,,,,,,,,,,,,,,,,,,,,,,,,,,,,,,,,,,,,,,,,,,,,,,,,,,,,,,,,,,,,,,,,,,,,,,,,,,,,,,,,,,,,,,,,,,,,,,,,,,,,,,,,,,,,,,,,,,,,,,,,,,,,,,,,,,,,
E07_RD14-0003-04d3a-0.0078IP-Q1.0_001.20sec.fsa,CSF1PO,B,OL,304.28,5,OL,317.93,4,OL,319.15,6,11,322.76,8,12,326.88,149,OL,329.26,2,OL,331.81,3,OL,336.37,4,15,339.18,5,16,343.23,3,,,,,,,,,,,,,,,,,,,,,,,,,,,,,,,,,,,,,,,,,,,,,,,,,,,,,,,,,,,,,,,,,,,,,,,,,,,,,,,,,,,,,,,,,,,,,,,,,,,,,,,,,,,,,,,,,,,,,,,,,,,,,,,,,,,,,,,,,,,,,,,,,,,,,,,,,,,,,,,,,,,,,,,,,,,,,,,,,,,,,,,,,,,,,,,,,,,,,,,,,,,,,,,,,,,,,,,,,,,,,,,,,,,,,,,,,,,,,,,,,,,,,,,,,,,,,,,,,,,,,,,,,,,,,,
E07_RD14-0003-04d3a-0.0078IP-Q1.0_001.20sec.fsa,D3S1358,G,OL,99.84,7,OL,103.76,6,13,114.46,36,15,122.26,20,OL,123.2,2,16,126.27,196,17,130.63,19,OL,139.76,7,OL,144.3,6,,,,,,,,,,,,,,,,,,,,,,,,,,,,,,,,,,,,,,,,,,,,,,,,,,,,,,,,,,,,,,,,,,,,,,,,,,,,,,,,,,,,,,,,,,,,,,,,,,,,,,,,,,,,,,,,,,,,,,,,,,,,,,,,,,,,,,,,,,,,,,,,,,,,,,,,,,,,,,,,,,,,,,,,,,,,,,,,,,,,,,,,,,,,,,,,,,,,,,,,,,,,,,,,,,,,,,,,,,,,,,,,,,,,,,,,,,,,,,,,,,,,,,,,,,,,,,,,,,,,,,,,,,,,,,,,,
E07_RD14-0003-04d3a-0.0078IP-Q1.0_001.20sec.fsa,TH01,G,OL,154.54,5,5,164.81,17,6.3,171.47,4,8,176.73,123,OL,181.62,9,OL,191.95,6,13,197,3,,,,,,,,,,,,,,,,,,,,,,,,,,,,,,,,,,,,,,,,,,,,,,,,,,,,,,,,,,,,,,,,,,,,,,,,,,,,,,,,,,,,,,,,,,,,,,,,,,,,,,,,,,,,,,,,,,,,,,,,,,,,,,,,,,,,,,,,,,,,,,,,,,,,,,,,,,,,,,,,,,,,,,,,,,,,,,,,,,,,,,,,,,,,,,,,,,,,,,,,,,,,,,,,,,,,,,,,,,,,,,,,,,,,,,,,,,,,,,,,,,,,,,,,,,,,,,,,,,,,,,,,,,,,,,,,,,,,,,,
E07_RD14-0003-04d3a-0.0078IP-Q1.0_001.20sec.fsa,D13S317,G,OL,213.83,6,OL,219.82,6,11,227.23,124,OL,229.73,5,14,239.74,7,OL,241.61,4,,,,,,,,,,,,,,,,,,,,,,,,,,,,,,,,,,,,,,,,,,,,,,,,,,,,,,,,,,,,,,,,,,,,,,,,,,,,,,,,,,,,,,,,,,,,,,,,,,,,,,,,,,,,,,,,,,,,,,,,,,,,,,,,,,,,,,,,,,,,,,,,,,,,,,,,,,,,,,,,,,,,,,,,,,,,,,,,,,,,,,,,,,,,,,,,,,,,,,,,,,,,,,,,,,,,,,,,,,,,,,,,,,,,,,,,,,,,,,,,,,,,,,,,,,,,,,,,,,,,,,,,,,,,,,,,,,,,,,,,,,
E07_RD14-0003-04d3a-0.0078IP-Q1.0_001.20sec.fsa,D16S539,G,9,267.04,6,OL,269.69,4,10,271.37,14,11,275.28,229,,,,,,,,,,,,,,,,,,,,,,,,,,,,,,,,,,,,,,,,,,,,,,,,,,,,,,,,,,,,,,,,,,,,,,,,,,,,,,,,,,,,,,,,,,,,,,,,,,,,,,,,,,,,,,,,,,,,,,,,,,,,,,,,,,,,,,,,,,,,,,,,,,,,,,,,,,,,,,,,,,,,,,,,,,,,,,,,,,,,,,,,,,,,,,,,,,,,,,,,,,,,,,,,,,,,,,,,,,,,,,,,,,,,,,,,,,,,,,,,,,,,,,,,,,,,,,,,,,,,,,,,,,,,,,,,,,,,,,,,,,,,,,,,
E07_RD14-0003-04d3a-0.0078IP-Q1.0_001.20sec.fsa,D2S1338,G,OL,303.84,6,OL,313.46,8,OL,318.31,6,OL,321.75,6,21,329.17,39,22,332.91,5,OL,341.85,8,OL,342.77,6,OL,346.47,7,OL,353.78,7,OL,354.8,4,OL,359.72,7,,,,,,,,,,,,,,,,,,,,,,,,,,,,,,,,,,,,,,,,,,,,,,,,,,,,,,,,,,,,,,,,,,,,,,,,,,,,,,,,,,,,,,,,,,,,,,,,,,,,,,,,,,,,,,,,,,,,,,,,,,,,,,,,,,,,,,,,,,,,,,,,,,,,,,,,,,,,,,,,,,,,,,,,,,,,,,,,,,,,,,,,,,,,,,,,,,,,,,,,,,,,,,,,,,,,,,,,,,,,,,,,,,,,,,,,,,,,,,,,,,,,,,,,,,,,,,,,,,,,,,,,
E07_RD14-0003-04d3a-0.0078IP-Q1.0_001.20sec.fsa,D19S433,Y,OL,107.11,4,12.2,113.76,9,OL,129.2,11,OL,130.63,6,18,136.34,6,18.2,137.8,11,,,,,,,,,,,,,,,,,,,,,,,,,,,,,,,,,,,,,,,,,,,,,,,,,,,,,,,,,,,,,,,,,,,,,,,,,,,,,,,,,,,,,,,,,,,,,,,,,,,,,,,,,,,,,,,,,,,,,,,,,,,,,,,,,,,,,,,,,,,,,,,,,,,,,,,,,,,,,,,,,,,,,,,,,,,,,,,,,,,,,,,,,,,,,,,,,,,,,,,,,,,,,,,,,,,,,,,,,,,,,,,,,,,,,,,,,,,,,,,,,,,,,,,,,,,,,,,,,,,,,,,,,,,,,,,,,,,,,,,,,,
E07_RD14-0003-04d3a-0.0078IP-Q1.0_001.20sec.fsa,vWA,Y,11,152.28,9,OL,154.71,9,OL,163.65,17,15,167.89,8,15.2,169.97,5,16,172.22,75,OL,177.15,17,18.2,182.3,10,19,184.35,88,,,,,,,,,,,,,,,,,,,,,,,,,,,,,,,,,,,,,,,,,,,,,,,,,,,,,,,,,,,,,,,,,,,,,,,,,,,,,,,,,,,,,,,,,,,,,,,,,,,,,,,,,,,,,,,,,,,,,,,,,,,,,,,,,,,,,,,,,,,,,,,,,,,,,,,,,,,,,,,,,,,,,,,,,,,,,,,,,,,,,,,,,,,,,,,,,,,,,,,,,,,,,,,,,,,,,,,,,,,,,,,,,,,,,,,,,,,,,,,,,,,,,,,,,,,,,,,,,,,,,,,,,,,,,,,,,
E07_RD14-0003-04d3a-0.0078IP-Q1.0_001.20sec.fsa,TPOX,Y,OL,216.02,10,OL,233.35,6,11,240.81,75,OL,251.89,11,OL,253.6,10,,,,,,,,,,,,,,,,,,,,,,,,,,,,,,,,,,,,,,,,,,,,,,,,,,,,,,,,,,,,,,,,,,,,,,,,,,,,,,,,,,,,,,,,,,,,,,,,,,,,,,,,,,,,,,,,,,,,,,,,,,,,,,,,,,,,,,,,,,,,,,,,,,,,,,,,,,,,,,,,,,,,,,,,,,,,,,,,,,,,,,,,,,,,,,,,,,,,,,,,,,,,,,,,,,,,,,,,,,,,,,,,,,,,,,,,,,,,,,,,,,,,,,,,,,,,,,,,,,,,,,,,,,,,,,,,,,,,,,,,,,,,,
E07_RD14-0003-04d3a-0.0078IP-Q1.0_001.20sec.fsa,D18S51,Y,9,268.54,5,9,269.25,6,10,272.79,6,10.2,275.36,15,OL,287.89,6,17,301.22,79,19.2,311.38,8,20,313.19,5,OL,329.17,8,,,,,,,,,,,,,,,,,,,,,,,,,,,,,,,,,,,,,,,,,,,,,,,,,,,,,,,,,,,,,,,,,,,,,,,,,,,,,,,,,,,,,,,,,,,,,,,,,,,,,,,,,,,,,,,,,,,,,,,,,,,,,,,,,,,,,,,,,,,,,,,,,,,,,,,,,,,,,,,,,,,,,,,,,,,,,,,,,,,,,,,,,,,,,,,,,,,,,,,,,,,,,,,,,,,,,,,,,,,,,,,,,,,,,,,,,,,,,,,,,,,,,,,,,,,,,,,,,,,,,,,,,,,,,,,,,
E07_RD14-0003-04d3a-0.0078IP-Q1.0_001.20sec.fsa,AMEL,R,Y,110.92,139,,,,,,,,,,,,,,,,,,,,,,,,,,,,,,,,,,,,,,,,,,,,,,,,,,,,,,,,,,,,,,,,,,,,,,,,,,,,,,,,,,,,,,,,,,,,,,,,,,,,,,,,,,,,,,,,,,,,,,,,,,,,,,,,,,,,,,,,,,,,,,,,,,,,,,,,,,,,,,,,,,,,,,,,,,,,,,,,,,,,,,,,,,,,,,,,,,,,,,,,,,,,,,,,,,,,,,,,,,,,,,,,,,,,,,,,,,,,,,,,,,,,,,,,,,,,,,,,,,,,,,,,,,,,,,,,,,,,,,,,,,,,,,,,,,,,,,,,,
E07_RD14-0003-04d3a-0.0078IP-Q1.0_001.20sec.fsa,D5S818,R,OL,134.24,7,OL,136.02,7,OL,138.13,11,OL,141.9,5,11,148.95,62,12,153.03,39,OL,158.82,6,14,161.49,8,OL,163.32,12,OL,164.31,8,OL,177.57,8,,,,,,,,,,,,,,,,,,,,,,,,,,,,,,,,,,,,,,,,,,,,,,,,,,,,,,,,,,,,,,,,,,,,,,,,,,,,,,,,,,,,,,,,,,,,,,,,,,,,,,,,,,,,,,,,,,,,,,,,,,,,,,,,,,,,,,,,,,,,,,,,,,,,,,,,,,,,,,,,,,,,,,,,,,,,,,,,,,,,,,,,,,,,,,,,,,,,,,,,,,,,,,,,,,,,,,,,,,,,,,,,,,,,,,,,,,,,,,,,,,,,,,,,,,,,,,,,,,,,,,,,,,,
E07_RD14-0003-04d3a-0.0078IP-Q1.0_001.20sec.fsa,FGA,R,16,209.24,8,19,220.95,7,20,225.08,70,21,229.12,72,OL,240.72,11,26,249.2,6,OL,258.81,8,30,265.27,9,30,265.89,10,OL,270.84,9,OL,274.56,7,OL,281.14,9,OL,314.47,5,OL,337.64,8,OL,353.41,5,,,,,,,,,,,,,,,,,,,,,,,,,,,,,,,,,,,,,,,,,,,,,,,,,,,,,,,,,,,,,,,,,,,,,,,,,,,,,,,,,,,,,,,,,,,,,,,,,,,,,,,,,,,,,,,,,,,,,,,,,,,,,,,,,,,,,,,,,,,,,,,,,,,,,,,,,,,,,,,,,,,,,,,,,,,,,,,,,,,,,,,,,,,,,,,,,,,,,,,,,,,,,,,,,,,,,,,,,,,,,,,,,,,,,,,,,,,,,,,,,,,,,,,,,,,,,,,
E08_RD14-0003-04d3b-0.0078IP-Q1.2_001.20sec.fsa,D8S1179,B,OL,113.57,10,OL,114.42,8,OL,119.65,8,OL,134.77,8,OL,137.02,3,13,142.01,65,14,146.18,58,OL,151.8,4,16,154.65,3,OL,164.07,3,OL,174.36,4,OL,177.63,7,,,,,,,,,,,,,,,,,,,,,,,,,,,,,,,,,,,,,,,,,,,,,,,,,,,,,,,,,,,,,,,,,,,,,,,,,,,,,,,,,,,,,,,,,,,,,,,,,,,,,,,,,,,,,,,,,,,,,,,,,,,,,,,,,,,,,,,,,,,,,,,,,,,,,,,,,,,,,,,,,,,,,,,,,,,,,,,,,,,,,,,,,,,,,,,,,,,,,,,,,,,,,,,,,,,,,,,,,,,,,,,,,,,,,,,,,,,,,,,,,,,,,,,,,,,,,,,,,,,,,,,,
E08_RD14-0003-04d3b-0.0078IP-Q1.2_001.20sec.fsa,D21S11,B,27,194.64,11,28,198.64,170,29,202.58,8,30,206.65,114,36,231.29,5,OL,235.57,4,38.2,240.46,2,,,,,,,,,,,,,,,,,,,,,,,,,,,,,,,,,,,,,,,,,,,,,,,,,,,,,,,,,,,,,,,,,,,,,,,,,,,,,,,,,,,,,,,,,,,,,,,,,,,,,,,,,,,,,,,,,,,,,,,,,,,,,,,,,,,,,,,,,,,,,,,,,,,,,,,,,,,,,,,,,,,,,,,,,,,,,,,,,,,,,,,,,,,,,,,,,,,,,,,,,,,,,,,,,,,,,,,,,,,,,,,,,,,,,,,,,,,,,,,,,,,,,,,,,,,,,,,,,,,,,,,,,,,,,,,,,,,,,,,
E08_RD14-0003-04d3b-0.0078IP-Q1.2_001.20sec.fsa,D7S820,B,OL,249.08,4,5.2,252.14,5,7,258.24,2,9,266.11,120,10,270.42,7,OL,272.85,3,OL,275.96,3,OL,288.97,4,,,,,,,,,,,,,,,,,,,,,,,,,,,,,,,,,,,,,,,,,,,,,,,,,,,,,,,,,,,,,,,,,,,,,,,,,,,,,,,,,,,,,,,,,,,,,,,,,,,,,,,,,,,,,,,,,,,,,,,,,,,,,,,,,,,,,,,,,,,,,,,,,,,,,,,,,,,,,,,,,,,,,,,,,,,,,,,,,,,,,,,,,,,,,,,,,,,,,,,,,,,,,,,,,,,,,,,,,,,,,,,,,,,,,,,,,,,,,,,,,,,,,,,,,,,,,,,,,,,,,,,,,,,,,,,,,,,,
E08_RD14-0003-04d3b-0.0078IP-Q1.2_001.20sec.fsa,CSF1PO,B,OL,299.7,4,OL,300.44,7,OL,304.86,4,OL,307.1,5,OL,311.71,4,OL,315.91,5,OL,319.28,4,11,322.56,14,12,326.73,103,OL,332.48,7,OL,333.09,5,,,,,,,,,,,,,,,,,,,,,,,,,,,,,,,,,,,,,,,,,,,,,,,,,,,,,,,,,,,,,,,,,,,,,,,,,,,,,,,,,,,,,,,,,,,,,,,,,,,,,,,,,,,,,,,,,,,,,,,,,,,,,,,,,,,,,,,,,,,,,,,,,,,,,,,,,,,,,,,,,,,,,,,,,,,,,,,,,,,,,,,,,,,,,,,,,,,,,,,,,,,,,,,,,,,,,,,,,,,,,,,,,,,,,,,,,,,,,,,,,,,,,,,,,,,,,,,,,,,,,,,,,,,
E08_RD14-0003-04d3b-0.0078IP-Q1.2_001.20sec.fsa,D3S1358,G,OL,98.42,4,OL,101.75,10,13,114.5,29,15,122.26,7,16,126.38,70,18.2,136.95,4,OL,139.27,5,OL,141.86,8,20,142.9,3,,,,,,,,,,,,,,,,,,,,,,,,,,,,,,,,,,,,,,,,,,,,,,,,,,,,,,,,,,,,,,,,,,,,,,,,,,,,,,,,,,,,,,,,,,,,,,,,,,,,,,,,,,,,,,,,,,,,,,,,,,,,,,,,,,,,,,,,,,,,,,,,,,,,,,,,,,,,,,,,,,,,,,,,,,,,,,,,,,,,,,,,,,,,,,,,,,,,,,,,,,,,,,,,,,,,,,,,,,,,,,,,,,,,,,,,,,,,,,,,,,,,,,,,,,,,,,,,,,,,,,,,,,,,,,,,,
E08_RD14-0003-04d3b-0.0078IP-Q1.2_001.20sec.fsa,TH01,G,OL,158.42,5,OL,159.77,9,OL,162.22,8,8,176.44,5,OL,177.63,6,9,180.91,9,13,197.36,8,,,,,,,,,,,,,,,,,,,,,,,,,,,,,,,,,,,,,,,,,,,,,,,,,,,,,,,,,,,,,,,,,,,,,,,,,,,,,,,,,,,,,,,,,,,,,,,,,,,,,,,,,,,,,,,,,,,,,,,,,,,,,,,,,,,,,,,,,,,,,,,,,,,,,,,,,,,,,,,,,,,,,,,,,,,,,,,,,,,,,,,,,,,,,,,,,,,,,,,,,,,,,,,,,,,,,,,,,,,,,,,,,,,,,,,,,,,,,,,,,,,,,,,,,,,,,,,,,,,,,,,,,,,,,,,,,,,,,,,
E08_RD14-0003-04d3b-0.0078IP-Q1.2_001.20sec.fsa,D13S317,G,OL,207.91,4,OL,208.65,5,OL,217.41,6,OL,219.85,8,OL,224.03,7,OL,225.08,5,12,231.14,50,OL,237.75,7,OL,244.32,7,OL,244.86,4,,,,,,,,,,,,,,,,,,,,,,,,,,,,,,,,,,,,,,,,,,,,,,,,,,,,,,,,,,,,,,,,,,,,,,,,,,,,,,,,,,,,,,,,,,,,,,,,,,,,,,,,,,,,,,,,,,,,,,,,,,,,,,,,,,,,,,,,,,,,,,,,,,,,,,,,,,,,,,,,,,,,,,,,,,,,,,,,,,,,,,,,,,,,,,,,,,,,,,,,,,,,,,,,,,,,,,,,,,,,,,,,,,,,,,,,,,,,,,,,,,,,,,,,,,,,,,,,,,,,,,,,,,,,,,
E08_RD14-0003-04d3b-0.0078IP-Q1.2_001.20sec.fsa,D16S539,G,OL,257.51,7,7,258.98,3,7,259.63,10,OL,262.41,5,OL,269.51,4,OL,270.73,6,OL,272.47,6,11,275.13,80,OL,279.92,11,12.2,281.12,3,,,,,,,,,,,,,,,,,,,,,,,,,,,,,,,,,,,,,,,,,,,,,,,,,,,,,,,,,,,,,,,,,,,,,,,,,,,,,,,,,,,,,,,,,,,,,,,,,,,,,,,,,,,,,,,,,,,,,,,,,,,,,,,,,,,,,,,,,,,,,,,,,,,,,,,,,,,,,,,,,,,,,,,,,,,,,,,,,,,,,,,,,,,,,,,,,,,,,,,,,,,,,,,,,,,,,,,,,,,,,,,,,,,,,,,,,,,,,,,,,,,,,,,,,,,,,,,,,,,,,,,,,,,,,,
E08_RD14-0003-04d3b-0.0078IP-Q1.2_001.20sec.fsa,D2S1338,G,OL,303.01,4,OL,313.39,5,OL,323.33,4,20,325.03,10,21,328.96,38,OL,334.54,5,OL,356.9,4,OL,358.29,6,OL,365.22,6,,,,,,,,,,,,,,,,,,,,,,,,,,,,,,,,,,,,,,,,,,,,,,,,,,,,,,,,,,,,,,,,,,,,,,,,,,,,,,,,,,,,,,,,,,,,,,,,,,,,,,,,,,,,,,,,,,,,,,,,,,,,,,,,,,,,,,,,,,,,,,,,,,,,,,,,,,,,,,,,,,,,,,,,,,,,,,,,,,,,,,,,,,,,,,,,,,,,,,,,,,,,,,,,,,,,,,,,,,,,,,,,,,,,,,,,,,,,,,,,,,,,,,,,,,,,,,,,,,,,,,,,,,,,,,,,,
E08_RD14-0003-04d3b-0.0078IP-Q1.2_001.20sec.fsa,D19S433,Y,OL,105.17,14,12.2,114.21,55,OL,115.2,13,14,119.93,10,15,124.1,59,OL,130.74,6,OL,139.56,8,,,,,,,,,,,,,,,,,,,,,,,,,,,,,,,,,,,,,,,,,,,,,,,,,,,,,,,,,,,,,,,,,,,,,,,,,,,,,,,,,,,,,,,,,,,,,,,,,,,,,,,,,,,,,,,,,,,,,,,,,,,,,,,,,,,,,,,,,,,,,,,,,,,,,,,,,,,,,,,,,,,,,,,,,,,,,,,,,,,,,,,,,,,,,,,,,,,,,,,,,,,,,,,,,,,,,,,,,,,,,,,,,,,,,,,,,,,,,,,,,,,,,,,,,,,,,,,,,,,,,,,,,,,,,,,,,,,,,,,
E08_RD14-0003-04d3b-0.0078IP-Q1.2_001.20sec.fsa,vWA,Y,OL,149.25,5,11,151.42,12,11,152.25,12,OL,153.75,8,12,156.38,7,14,163.92,11,OL,170.81,9,OL,174.96,7,18.2,182.72,12,19,184.53,7,OL,190.95,7,21,192.46,9,OL,194.19,9,OL,195.1,11,OL,195.85,9,OL,199.7,9,OL,202.58,8,,,,,,,,,,,,,,,,,,,,,,,,,,,,,,,,,,,,,,,,,,,,,,,,,,,,,,,,,,,,,,,,,,,,,,,,,,,,,,,,,,,,,,,,,,,,,,,,,,,,,,,,,,,,,,,,,,,,,,,,,,,,,,,,,,,,,,,,,,,,,,,,,,,,,,,,,,,,,,,,,,,,,,,,,,,,,,,,,,,,,,,,,,,,,,,,,,,,,,,,,,,,,,,,,,,,,,,,,,,,,,,,,,,,,,,,,,,,,,,,,,,,,,,,,
E08_RD14-0003-04d3b-0.0078IP-Q1.2_001.20sec.fsa,TPOX,Y,OL,218.25,7,OL,227.25,8,OL,229.35,5,OL,231.74,4,10,236.62,78,11,240.62,49,,,,,,,,,,,,,,,,,,,,,,,,,,,,,,,,,,,,,,,,,,,,,,,,,,,,,,,,,,,,,,,,,,,,,,,,,,,,,,,,,,,,,,,,,,,,,,,,,,,,,,,,,,,,,,,,,,,,,,,,,,,,,,,,,,,,,,,,,,,,,,,,,,,,,,,,,,,,,,,,,,,,,,,,,,,,,,,,,,,,,,,,,,,,,,,,,,,,,,,,,,,,,,,,,,,,,,,,,,,,,,,,,,,,,,,,,,,,,,,,,,,,,,,,,,,,,,,,,,,,,,,,,,,,,,,,,,,,,,,,,,
E08_RD14-0003-04d3b-0.0078IP-Q1.2_001.20sec.fsa,D18S51,Y,OL,261.43,9,OL,270.04,8,OL,271.86,10,12.2,283.44,3,OL,284.41,7,15,293.15,59,16,297.1,13,17,301.03,51,OL,312.55,11,OL,318.07,9,25,333.32,7,OL,336.51,8,,,,,,,,,,,,,,,,,,,,,,,,,,,,,,,,,,,,,,,,,,,,,,,,,,,,,,,,,,,,,,,,,,,,,,,,,,,,,,,,,,,,,,,,,,,,,,,,,,,,,,,,,,,,,,,,,,,,,,,,,,,,,,,,,,,,,,,,,,,,,,,,,,,,,,,,,,,,,,,,,,,,,,,,,,,,,,,,,,,,,,,,,,,,,,,,,,,,,,,,,,,,,,,,,,,,,,,,,,,,,,,,,,,,,,,,,,,,,,,,,,,,,,,,,,,,,,,,,,,,,,,,
E08_RD14-0003-04d3b-0.0078IP-Q1.2_001.20sec.fsa,AMEL,R,OL,106.7,13,Y,110.82,87,,,,,,,,,,,,,,,,,,,,,,,,,,,,,,,,,,,,,,,,,,,,,,,,,,,,,,,,,,,,,,,,,,,,,,,,,,,,,,,,,,,,,,,,,,,,,,,,,,,,,,,,,,,,,,,,,,,,,,,,,,,,,,,,,,,,,,,,,,,,,,,,,,,,,,,,,,,,,,,,,,,,,,,,,,,,,,,,,,,,,,,,,,,,,,,,,,,,,,,,,,,,,,,,,,,,,,,,,,,,,,,,,,,,,,,,,,,,,,,,,,,,,,,,,,,,,,,,,,,,,,,,,,,,,,,,,,,,,,,,,,,,,,,,,,,,,,
E08_RD14-0003-04d3b-0.0078IP-Q1.2_001.20sec.fsa,D5S818,R,OL,131.46,9,11,148.8,58,12,153,52,OL,154.12,10,OL,158.72,3,OL,163.55,12,OL,166.29,6,OL,172.44,5,,,,,,,,,,,,,,,,,,,,,,,,,,,,,,,,,,,,,,,,,,,,,,,,,,,,,,,,,,,,,,,,,,,,,,,,,,,,,,,,,,,,,,,,,,,,,,,,,,,,,,,,,,,,,,,,,,,,,,,,,,,,,,,,,,,,,,,,,,,,,,,,,,,,,,,,,,,,,,,,,,,,,,,,,,,,,,,,,,,,,,,,,,,,,,,,,,,,,,,,,,,,,,,,,,,,,,,,,,,,,,,,,,,,,,,,,,,,,,,,,,,,,,,,,,,,,,,,,,,,,,,,,,,,,,,,,,,,
E08_RD14-0003-04d3b-0.0078IP-Q1.2_001.20sec.fsa,FGA,R,OL,209.39,8,OL,215.36,10,OL,217.41,11,OL,229.94,9,OL,248.85,11,OL,252.36,5,OL,256.93,7,28,258.02,8,29.2,263.54,5,OL,279.16,4,34.2,283.22,9,OL,308.76,10,OL,313.16,8,OL,322.71,9,OL,335.15,8,48.2,340.62,10,OL,341.7,7,OL,352.01,6,,,,,,,,,,,,,,,,,,,,,,,,,,,,,,,,,,,,,,,,,,,,,,,,,,,,,,,,,,,,,,,,,,,,,,,,,,,,,,,,,,,,,,,,,,,,,,,,,,,,,,,,,,,,,,,,,,,,,,,,,,,,,,,,,,,,,,,,,,,,,,,,,,,,,,,,,,,,,,,,,,,,,,,,,,,,,,,,,,,,,,,,,,,,,,,,,,,,,,,,,,,,,,,,,,,,,,,,,,,,,,,,,,,,,,,,,,,,,,,,,,,,,,
E10_RD14-0003-04d3d-0.0156IP-Q1.6_001.20sec.fsa,D8S1179,B,OL,114.43,5,8,121.51,12,OL,127.91,8,OL,131.14,2,OL,132.25,8,OL,144.49,14,OL,151.45,4,OL,153.76,5,18,162.2,1,OL,163.57,6,19,167.06,5,OL,167.82,5,OL,169.57,8,,,,,,,,,,,,,,,,,,,,,,,,,,,,,,,,,,,,,,,,,,,,,,,,,,,,,,,,,,,,,,,,,,,,,,,,,,,,,,,,,,,,,,,,,,,,,,,,,,,,,,,,,,,,,,,,,,,,,,,,,,,,,,,,,,,,,,,,,,,,,,,,,,,,,,,,,,,,,,,,,,,,,,,,,,,,,,,,,,,,,,,,,,,,,,,,,,,,,,,,,,,,,,,,,,,,,,,,,,,,,,,,,,,,,,,,,,,,,,,,,,,,,,,,,,,,,,,,,,,,,
E10_RD14-0003-04d3d-0.0156IP-Q1.6_001.20sec.fsa,D21S11,B,OL,181.55,4,27.2,196.84,5,29,202.26,4,OL,205.28,4,OL,213.47,5,OL,223.93,4,35.2,228.71,5,OL,231.72,4,OL,236.36,6,OL,239.46,8,39,242.45,4,,,,,,,,,,,,,,,,,,,,,,,,,,,,,,,,,,,,,,,,,,,,,,,,,,,,,,,,,,,,,,,,,,,,,,,,,,,,,,,,,,,,,,,,,,,,,,,,,,,,,,,,,,,,,,,,,,,,,,,,,,,,,,,,,,,,,,,,,,,,,,,,,,,,,,,,,,,,,,,,,,,,,,,,,,,,,,,,,,,,,,,,,,,,,,,,,,,,,,,,,,,,,,,,,,,,,,,,,,,,,,,,,,,,,,,,,,,,,,,,,,,,,,,,,,,,,,,,,,,,,,,,,,,
E10_RD14-0003-04d3d-0.0156IP-Q1.6_001.20sec.fsa,D7S820,B,5.2,252.36,6,OL,259.1,5,9,266.1,47,10,269.98,6,OL,272.69,4,12,277.9,6,13,282.07,3,14,285.98,4,,,,,,,,,,,,,,,,,,,,,,,,,,,,,,,,,,,,,,,,,,,,,,,,,,,,,,,,,,,,,,,,,,,,,,,,,,,,,,,,,,,,,,,,,,,,,,,,,,,,,,,,,,,,,,,,,,,,,,,,,,,,,,,,,,,,,,,,,,,,,,,,,,,,,,,,,,,,,,,,,,,,,,,,,,,,,,,,,,,,,,,,,,,,,,,,,,,,,,,,,,,,,,,,,,,,,,,,,,,,,,,,,,,,,,,,,,,,,,,,,,,,,,,,,,,,,,,,,,,,,,,,,,,,,,,,,,,,
E10_RD14-0003-04d3d-0.0156IP-Q1.6_001.20sec.fsa,CSF1PO,B,7,306.53,4,OL,328.89,4,OL,332.74,6,16,342.7,6,OL,344.52,4,,,,,,,,,,,,,,,,,,,,,,,,,,,,,,,,,,,,,,,,,,,,,,,,,,,,,,,,,,,,,,,,,,,,,,,,,,,,,,,,,,,,,,,,,,,,,,,,,,,,,,,,,,,,,,,,,,,,,,,,,,,,,,,,,,,,,,,,,,,,,,,,,,,,,,,,,,,,,,,,,,,,,,,,,,,,,,,,,,,,,,,,,,,,,,,,,,,,,,,,,,,,,,,,,,,,,,,,,,,,,,,,,,,,,,,,,,,,,,,,,,,,,,,,,,,,,,,,,,,,,,,,,,,,,,,,,,,,,,,,,,,,,
E10_RD14-0003-04d3d-0.0156IP-Q1.6_001.20sec.fsa,D3S1358,G,OL,98.6,12,OL,105.59,6,11,106.26,9,OL,115,24,15,122.31,40,16,126.3,70,17.2,132.69,8,18.2,136.63,7,20,142.21,7,,,,,,,,,,,,,,,,,,,,,,,,,,,,,,,,,,,,,,,,,,,,,,,,,,,,,,,,,,,,,,,,,,,,,,,,,,,,,,,,,,,,,,,,,,,,,,,,,,,,,,,,,,,,,,,,,,,,,,,,,,,,,,,,,,,,,,,,,,,,,,,,,,,,,,,,,,,,,,,,,,,,,,,,,,,,,,,,,,,,,,,,,,,,,,,,,,,,,,,,,,,,,,,,,,,,,,,,,,,,,,,,,,,,,,,,,,,,,,,,,,,,,,,,,,,,,,,,,,,,,,,,,,,,,,,,,
E10_RD14-0003-04d3d-0.0156IP-Q1.6_001.20sec.fsa,TH01,G,OL,163.95,6,OL,166.15,4,OL,168.05,6,OL,169.12,8,8,176.72,32,9.3,183.64,12,OL,184.33,8,OL,189.89,6,OL,194.91,9,,,,,,,,,,,,,,,,,,,,,,,,,,,,,,,,,,,,,,,,,,,,,,,,,,,,,,,,,,,,,,,,,,,,,,,,,,,,,,,,,,,,,,,,,,,,,,,,,,,,,,,,,,,,,,,,,,,,,,,,,,,,,,,,,,,,,,,,,,,,,,,,,,,,,,,,,,,,,,,,,,,,,,,,,,,,,,,,,,,,,,,,,,,,,,,,,,,,,,,,,,,,,,,,,,,,,,,,,,,,,,,,,,,,,,,,,,,,,,,,,,,,,,,,,,,,,,,,,,,,,,,,,,,,,,,,,
E10_RD14-0003-04d3d-0.0156IP-Q1.6_001.20sec.fsa,D13S317,G,OL,208.38,5,9,219.06,4,9,219.77,8,OL,220.69,4,10,223,10,OL,224.47,8,11,227.17,82,12,231.26,44,OL,233.35,9,OL,236.59,7,16,247.1,5,16,247.73,5,,,,,,,,,,,,,,,,,,,,,,,,,,,,,,,,,,,,,,,,,,,,,,,,,,,,,,,,,,,,,,,,,,,,,,,,,,,,,,,,,,,,,,,,,,,,,,,,,,,,,,,,,,,,,,,,,,,,,,,,,,,,,,,,,,,,,,,,,,,,,,,,,,,,,,,,,,,,,,,,,,,,,,,,,,,,,,,,,,,,,,,,,,,,,,,,,,,,,,,,,,,,,,,,,,,,,,,,,,,,,,,,,,,,,,,,,,,,,,,,,,,,,,,,,,,,,,,,,,,,,,,,
E10_RD14-0003-04d3d-0.0156IP-Q1.6_001.20sec.fsa,D16S539,G,OL,249.61,8,5,251.67,3,6,255.47,8,OL,258.27,6,7,259.62,9,OL,264.94,7,OL,269.9,9,11,275.25,129,15,291.12,5,OL,293.26,6,,,,,,,,,,,,,,,,,,,,,,,,,,,,,,,,,,,,,,,,,,,,,,,,,,,,,,,,,,,,,,,,,,,,,,,,,,,,,,,,,,,,,,,,,,,,,,,,,,,,,,,,,,,,,,,,,,,,,,,,,,,,,,,,,,,,,,,,,,,,,,,,,,,,,,,,,,,,,,,,,,,,,,,,,,,,,,,,,,,,,,,,,,,,,,,,,,,,,,,,,,,,,,,,,,,,,,,,,,,,,,,,,,,,,,,,,,,,,,,,,,,,,,,,,,,,,,,,,,,,,,,,,,,,,,
E10_RD14-0003-04d3d-0.0156IP-Q1.6_001.20sec.fsa,D2S1338,G,15,304.85,9,OL,306.22,6,20,325.17,3,OL,332.35,3,OL,334.47,7,OL,339.77,7,26,349.44,7,,,,,,,,,,,,,,,,,,,,,,,,,,,,,,,,,,,,,,,,,,,,,,,,,,,,,,,,,,,,,,,,,,,,,,,,,,,,,,,,,,,,,,,,,,,,,,,,,,,,,,,,,,,,,,,,,,,,,,,,,,,,,,,,,,,,,,,,,,,,,,,,,,,,,,,,,,,,,,,,,,,,,,,,,,,,,,,,,,,,,,,,,,,,,,,,,,,,,,,,,,,,,,,,,,,,,,,,,,,,,,,,,,,,,,,,,,,,,,,,,,,,,,,,,,,,,,,,,,,,,,,,,,,,,,,,,,,,,,,
E10_RD14-0003-04d3d-0.0156IP-Q1.6_001.20sec.fsa,D19S433,Y,9.2,101.35,6,10.2,105.74,12,11.2,110.32,14,12.2,114.29,76,OL,116.79,8,14,120,12,OL,121.37,5,15,124.19,70,16.2,129.6,5,OL,132.92,13,OL,134.7,11,OL,135.44,8,,,,,,,,,,,,,,,,,,,,,,,,,,,,,,,,,,,,,,,,,,,,,,,,,,,,,,,,,,,,,,,,,,,,,,,,,,,,,,,,,,,,,,,,,,,,,,,,,,,,,,,,,,,,,,,,,,,,,,,,,,,,,,,,,,,,,,,,,,,,,,,,,,,,,,,,,,,,,,,,,,,,,,,,,,,,,,,,,,,,,,,,,,,,,,,,,,,,,,,,,,,,,,,,,,,,,,,,,,,,,,,,,,,,,,,,,,,,,,,,,,,,,,,,,,,,,,,,,,,,,,,,
E10_RD14-0003-04d3d-0.0156IP-Q1.6_001.20sec.fsa,vWA,Y,OL,149.31,10,13,160,12,OL,163.8,13,14,164.48,13,OL,169.57,11,16,172.46,15,OL,175.66,8,OL,179.77,10,20,188.89,8,OL,202.71,10,,,,,,,,,,,,,,,,,,,,,,,,,,,,,,,,,,,,,,,,,,,,,,,,,,,,,,,,,,,,,,,,,,,,,,,,,,,,,,,,,,,,,,,,,,,,,,,,,,,,,,,,,,,,,,,,,,,,,,,,,,,,,,,,,,,,,,,,,,,,,,,,,,,,,,,,,,,,,,,,,,,,,,,,,,,,,,,,,,,,,,,,,,,,,,,,,,,,,,,,,,,,,,,,,,,,,,,,,,,,,,,,,,,,,,,,,,,,,,,,,,,,,,,,,,,,,,,,,,,,,,,,,,,,,,
E10_RD14-0003-04d3d-0.0156IP-Q1.6_001.20sec.fsa,TPOX,Y,OL,239.07,14,12,245.21,10,OL,249.77,6,,,,,,,,,,,,,,,,,,,,,,,,,,,,,,,,,,,,,,,,,,,,,,,,,,,,,,,,,,,,,,,,,,,,,,,,,,,,,,,,,,,,,,,,,,,,,,,,,,,,,,,,,,,,,,,,,,,,,,,,,,,,,,,,,,,,,,,,,,,,,,,,,,,,,,,,,,,,,,,,,,,,,,,,,,,,,,,,,,,,,,,,,,,,,,,,,,,,,,,,,,,,,,,,,,,,,,,,,,,,,,,,,,,,,,,,,,,,,,,,,,,,,,,,,,,,,,,,,,,,,,,,,,,,,,,,,,,,,,,,,,,,,,,,,,,
E10_RD14-0003-04d3d-0.0156IP-Q1.6_001.20sec.fsa,D18S51,Y,9.2,270.98,5,OL,285.98,9,OL,295.79,8,16,297.25,10,17,301.05,25,19.2,311.02,10,22.2,323.19,6,OL,340.95,8,OL,345,11,,,,,,,,,,,,,,,,,,,,,,,,,,,,,,,,,,,,,,,,,,,,,,,,,,,,,,,,,,,,,,,,,,,,,,,,,,,,,,,,,,,,,,,,,,,,,,,,,,,,,,,,,,,,,,,,,,,,,,,,,,,,,,,,,,,,,,,,,,,,,,,,,,,,,,,,,,,,,,,,,,,,,,,,,,,,,,,,,,,,,,,,,,,,,,,,,,,,,,,,,,,,,,,,,,,,,,,,,,,,,,,,,,,,,,,,,,,,,,,,,,,,,,,,,,,,,,,,,,,,,,,,,,,,,,,,,
E10_RD14-0003-04d3d-0.0156IP-Q1.6_001.20sec.fsa,AMEL,R,X,104.99,309,OL,107.29,10,,,,,,,,,,,,,,,,,,,,,,,,,,,,,,,,,,,,,,,,,,,,,,,,,,,,,,,,,,,,,,,,,,,,,,,,,,,,,,,,,,,,,,,,,,,,,,,,,,,,,,,,,,,,,,,,,,,,,,,,,,,,,,,,,,,,,,,,,,,,,,,,,,,,,,,,,,,,,,,,,,,,,,,,,,,,,,,,,,,,,,,,,,,,,,,,,,,,,,,,,,,,,,,,,,,,,,,,,,,,,,,,,,,,,,,,,,,,,,,,,,,,,,,,,,,,,,,,,,,,,,,,,,,,,,,,,,,,,,,,,,,,,,,,,,,,,,
E10_RD14-0003-04d3d-0.0156IP-Q1.6_001.20sec.fsa,D5S818,R,OL,127.18,5,OL,138.72,12,OL,139.32,15,11,148.77,50,12,152.99,49,OL,171.85,9,17,173.83,10,OL,174.36,10,,,,,,,,,,,,,,,,,,,,,,,,,,,,,,,,,,,,,,,,,,,,,,,,,,,,,,,,,,,,,,,,,,,,,,,,,,,,,,,,,,,,,,,,,,,,,,,,,,,,,,,,,,,,,,,,,,,,,,,,,,,,,,,,,,,,,,,,,,,,,,,,,,,,,,,,,,,,,,,,,,,,,,,,,,,,,,,,,,,,,,,,,,,,,,,,,,,,,,,,,,,,,,,,,,,,,,,,,,,,,,,,,,,,,,,,,,,,,,,,,,,,,,,,,,,,,,,,,,,,,,,,,,,,,,,,,,,,
E10_RD14-0003-04d3d-0.0156IP-Q1.6_001.20sec.fsa,FGA,R,OL,204.67,5,19,220.69,7,20,225.09,51,21,229.17,25,OL,232.57,11,27.2,255.85,6,OL,256.83,6,OL,258.79,9,OL,260.54,6,32,273.86,8,32.2,275.25,9,OL,278.75,9,OL,281.46,10,OL,285.52,6,OL,290.28,7,OL,293.26,9,OL,297.63,10,OL,299.08,8,OL,320.8,7,OL,346.42,11,OL,347.46,9,50.2,348.65,8,OL,355.08,6,,,,,,,,,,,,,,,,,,,,,,,,,,,,,,,,,,,,,,,,,,,,,,,,,,,,,,,,,,,,,,,,,,,,,,,,,,,,,,,,,,,,,,,,,,,,,,,,,,,,,,,,,,,,,,,,,,,,,,,,,,,,,,,,,,,,,,,,,,,,,,,,,,,,,,,,,,,,,,,,,,,,,,,,,,,,,,,,,,,,,,,,,,,,,,,,,,,,,,,,,,,,,,,,,,,,,,,,,,,,,,,,,,,,,,,
E11_RD14-0003-04d3e-0.0156IP-Q12_001.20sec.fsa,D8S1179,B,OL,122.18,12,OL,126.13,4,OL,127.53,6,OL,132.35,4,OL,139.24,6,13,142,35,14,146.17,71,15,150.5,3,OL,160.92,6,OL,164.9,7,OL,169.03,7,,,,,,,,,,,,,,,,,,,,,,,,,,,,,,,,,,,,,,,,,,,,,,,,,,,,,,,,,,,,,,,,,,,,,,,,,,,,,,,,,,,,,,,,,,,,,,,,,,,,,,,,,,,,,,,,,,,,,,,,,,,,,,,,,,,,,,,,,,,,,,,,,,,,,,,,,,,,,,,,,,,,,,,,,,,,,,,,,,,,,,,,,,,,,,,,,,,,,,,,,,,,,,,,,,,,,,,,,,,,,,,,,,,,,,,,,,,,,,,,,,,,,,,,,,,,,,,,,,,,,,,,,,,
E11_RD14-0003-04d3e-0.0156IP-Q12_001.20sec.fsa,D21S11,B,24,182.03,6,OL,185.4,3,OL,193.21,4,28,198.6,24,30,206.33,5,OL,213.38,6,OL,217.94,6,OL,219.52,4,38.2,240.96,6,,,,,,,,,,,,,,,,,,,,,,,,,,,,,,,,,,,,,,,,,,,,,,,,,,,,,,,,,,,,,,,,,,,,,,,,,,,,,,,,,,,,,,,,,,,,,,,,,,,,,,,,,,,,,,,,,,,,,,,,,,,,,,,,,,,,,,,,,,,,,,,,,,,,,,,,,,,,,,,,,,,,,,,,,,,,,,,,,,,,,,,,,,,,,,,,,,,,,,,,,,,,,,,,,,,,,,,,,,,,,,,,,,,,,,,,,,,,,,,,,,,,,,,,,,,,,,,,,,,,,,,,,,,,,,,,,
E11_RD14-0003-04d3e-0.0156IP-Q12_001.20sec.fsa,D7S820,B,5.2,251.86,3,OL,255.71,6,OL,260.7,4,9.2,268.45,3,12,278.27,9,OL,286.83,6,15,289.93,8,OL,292.26,4,,,,,,,,,,,,,,,,,,,,,,,,,,,,,,,,,,,,,,,,,,,,,,,,,,,,,,,,,,,,,,,,,,,,,,,,,,,,,,,,,,,,,,,,,,,,,,,,,,,,,,,,,,,,,,,,,,,,,,,,,,,,,,,,,,,,,,,,,,,,,,,,,,,,,,,,,,,,,,,,,,,,,,,,,,,,,,,,,,,,,,,,,,,,,,,,,,,,,,,,,,,,,,,,,,,,,,,,,,,,,,,,,,,,,,,,,,,,,,,,,,,,,,,,,,,,,,,,,,,,,,,,,,,,,,,,,,,,
E11_RD14-0003-04d3e-0.0156IP-Q12_001.20sec.fsa,CSF1PO,B,OL,304.28,4,OL,307.61,6,8,310.91,8,OL,316.83,4,10,318.49,6,OL,320,6,OL,326.22,4,12,327.19,3,OL,330.15,4,OL,332.31,6,OL,340.32,3,,,,,,,,,,,,,,,,,,,,,,,,,,,,,,,,,,,,,,,,,,,,,,,,,,,,,,,,,,,,,,,,,,,,,,,,,,,,,,,,,,,,,,,,,,,,,,,,,,,,,,,,,,,,,,,,,,,,,,,,,,,,,,,,,,,,,,,,,,,,,,,,,,,,,,,,,,,,,,,,,,,,,,,,,,,,,,,,,,,,,,,,,,,,,,,,,,,,,,,,,,,,,,,,,,,,,,,,,,,,,,,,,,,,,,,,,,,,,,,,,,,,,,,,,,,,,,,,,,,,,,,,,,,
E11_RD14-0003-04d3e-0.0156IP-Q12_001.20sec.fsa,D3S1358,G,OL,104.74,7,OL,107.14,6,OL,108.94,4,OL,111.92,5,OL,112.89,6,OL,115.38,25,OL,116.1,26,OL,119.86,8,OL,135.86,4,20,142.77,9,,,,,,,,,,,,,,,,,,,,,,,,,,,,,,,,,,,,,,,,,,,,,,,,,,,,,,,,,,,,,,,,,,,,,,,,,,,,,,,,,,,,,,,,,,,,,,,,,,,,,,,,,,,,,,,,,,,,,,,,,,,,,,,,,,,,,,,,,,,,,,,,,,,,,,,,,,,,,,,,,,,,,,,,,,,,,,,,,,,,,,,,,,,,,,,,,,,,,,,,,,,,,,,,,,,,,,,,,,,,,,,,,,,,,,,,,,,,,,,,,,,,,,,,,,,,,,,,,,,,,,,,,,,,,,
E11_RD14-0003-04d3e-0.0156IP-Q12_001.20sec.fsa,TH01,G,OL,159.84,7,OL,160.92,7,OL,162.45,13,6,168.8,4,OL,170.72,8,6.3,171.71,7,OL,173.48,4,OL,174.86,9,8,176.7,62,11,188.83,4,OL,193.6,4,OL,195.55,8,OL,196.1,7,OL,199.53,8,,,,,,,,,,,,,,,,,,,,,,,,,,,,,,,,,,,,,,,,,,,,,,,,,,,,,,,,,,,,,,,,,,,,,,,,,,,,,,,,,,,,,,,,,,,,,,,,,,,,,,,,,,,,,,,,,,,,,,,,,,,,,,,,,,,,,,,,,,,,,,,,,,,,,,,,,,,,,,,,,,,,,,,,,,,,,,,,,,,,,,,,,,,,,,,,,,,,,,,,,,,,,,,,,,,,,,,,,,,,,,,,,,,,,,,,,,,,,,,,,,,,,,,,,,,,,,,,,,
E11_RD14-0003-04d3e-0.0156IP-Q12_001.20sec.fsa,D13S317,G,OL,204.72,8,OL,216.84,7,OL,222.09,7,11,227.3,36,OL,230.49,6,OL,241.93,8,,,,,,,,,,,,,,,,,,,,,,,,,,,,,,,,,,,,,,,,,,,,,,,,,,,,,,,,,,,,,,,,,,,,,,,,,,,,,,,,,,,,,,,,,,,,,,,,,,,,,,,,,,,,,,,,,,,,,,,,,,,,,,,,,,,,,,,,,,,,,,,,,,,,,,,,,,,,,,,,,,,,,,,,,,,,,,,,,,,,,,,,,,,,,,,,,,,,,,,,,,,,,,,,,,,,,,,,,,,,,,,,,,,,,,,,,,,,,,,,,,,,,,,,,,,,,,,,,,,,,,,,,,,,,,,,,,,,,,,,,,
E11_RD14-0003-04d3e-0.0156IP-Q12_001.20sec.fsa,D16S539,G,5,251.32,4,OL,253.32,4,10,271.28,12,OL,276.85,6,12,279.61,11,OL,283.8,6,OL,291.79,7,,,,,,,,,,,,,,,,,,,,,,,,,,,,,,,,,,,,,,,,,,,,,,,,,,,,,,,,,,,,,,,,,,,,,,,,,,,,,,,,,,,,,,,,,,,,,,,,,,,,,,,,,,,,,,,,,,,,,,,,,,,,,,,,,,,,,,,,,,,,,,,,,,,,,,,,,,,,,,,,,,,,,,,,,,,,,,,,,,,,,,,,,,,,,,,,,,,,,,,,,,,,,,,,,,,,,,,,,,,,,,,,,,,,,,,,,,,,,,,,,,,,,,,,,,,,,,,,,,,,,,,,,,,,,,,,,,,,,,,
E11_RD14-0003-04d3e-0.0156IP-Q12_001.20sec.fsa,D2S1338,G,OL,303.74,4,OL,313.76,13,19,320.89,4,OL,327.83,9,OL,330.71,5,OL,336.05,11,OL,346.9,10,OL,351.08,8,27,353.41,7,OL,354.61,7,OL,355.9,6,OL,356.54,6,OL,358.15,5,OL,362.4,7,OL,364.09,6,OL,364.89,7,,,,,,,,,,,,,,,,,,,,,,,,,,,,,,,,,,,,,,,,,,,,,,,,,,,,,,,,,,,,,,,,,,,,,,,,,,,,,,,,,,,,,,,,,,,,,,,,,,,,,,,,,,,,,,,,,,,,,,,,,,,,,,,,,,,,,,,,,,,,,,,,,,,,,,,,,,,,,,,,,,,,,,,,,,,,,,,,,,,,,,,,,,,,,,,,,,,,,,,,,,,,,,,,,,,,,,,,,,,,,,,,,,,,,,,,,,,,,,,,,,,,,,,,,,,,
E11_RD14-0003-04d3e-0.0156IP-Q12_001.20sec.fsa,D19S433,Y,OL,98.51,5,9,99.85,6,10,103.62,8,11.2,109.68,12,12.2,114.22,48,15,124.08,41,OL,127.46,11,OL,129.53,10,16.2,130.27,6,17.2,134.14,9,,,,,,,,,,,,,,,,,,,,,,,,,,,,,,,,,,,,,,,,,,,,,,,,,,,,,,,,,,,,,,,,,,,,,,,,,,,,,,,,,,,,,,,,,,,,,,,,,,,,,,,,,,,,,,,,,,,,,,,,,,,,,,,,,,,,,,,,,,,,,,,,,,,,,,,,,,,,,,,,,,,,,,,,,,,,,,,,,,,,,,,,,,,,,,,,,,,,,,,,,,,,,,,,,,,,,,,,,,,,,,,,,,,,,,,,,,,,,,,,,,,,,,,,,,,,,,,,,,,,,,,,,,,,,,
E11_RD14-0003-04d3e-0.0156IP-Q12_001.20sec.fsa,vWA,Y,OL,148.41,7,OL,162.22,10,OL,164.82,15,15,167.73,7,OL,169.42,5,16,172.17,32,OL,177.39,7,OL,203.2,9,OL,208.32,7,,,,,,,,,,,,,,,,,,,,,,,,,,,,,,,,,,,,,,,,,,,,,,,,,,,,,,,,,,,,,,,,,,,,,,,,,,,,,,,,,,,,,,,,,,,,,,,,,,,,,,,,,,,,,,,,,,,,,,,,,,,,,,,,,,,,,,,,,,,,,,,,,,,,,,,,,,,,,,,,,,,,,,,,,,,,,,,,,,,,,,,,,,,,,,,,,,,,,,,,,,,,,,,,,,,,,,,,,,,,,,,,,,,,,,,,,,,,,,,,,,,,,,,,,,,,,,,,,,,,,,,,,,,,,,,,,
E11_RD14-0003-04d3e-0.0156IP-Q12_001.20sec.fsa,TPOX,Y,OL,218.81,8,OL,219.52,8,6,220.39,9,OL,223.88,11,OL,235.47,7,10,236.64,25,OL,243.69,5,,,,,,,,,,,,,,,,,,,,,,,,,,,,,,,,,,,,,,,,,,,,,,,,,,,,,,,,,,,,,,,,,,,,,,,,,,,,,,,,,,,,,,,,,,,,,,,,,,,,,,,,,,,,,,,,,,,,,,,,,,,,,,,,,,,,,,,,,,,,,,,,,,,,,,,,,,,,,,,,,,,,,,,,,,,,,,,,,,,,,,,,,,,,,,,,,,,,,,,,,,,,,,,,,,,,,,,,,,,,,,,,,,,,,,,,,,,,,,,,,,,,,,,,,,,,,,,,,,,,,,,,,,,,,,,,,,,,,,,
E11_RD14-0003-04d3e-0.0156IP-Q12_001.20sec.fsa,D18S51,Y,OL,264.22,7,OL,268.22,7,OL,271.59,7,11.2,279.21,8,OL,301.98,8,18,305.36,9,OL,307.69,7,OL,308.39,9,20,313.36,6,OL,330.39,10,,,,,,,,,,,,,,,,,,,,,,,,,,,,,,,,,,,,,,,,,,,,,,,,,,,,,,,,,,,,,,,,,,,,,,,,,,,,,,,,,,,,,,,,,,,,,,,,,,,,,,,,,,,,,,,,,,,,,,,,,,,,,,,,,,,,,,,,,,,,,,,,,,,,,,,,,,,,,,,,,,,,,,,,,,,,,,,,,,,,,,,,,,,,,,,,,,,,,,,,,,,,,,,,,,,,,,,,,,,,,,,,,,,,,,,,,,,,,,,,,,,,,,,,,,,,,,,,,,,,,,,,,,,,,,
E11_RD14-0003-04d3e-0.0156IP-Q12_001.20sec.fsa,AMEL,R,X,104.97,32,OL,108.41,14,Y,110.73,13,,,,,,,,,,,,,,,,,,,,,,,,,,,,,,,,,,,,,,,,,,,,,,,,,,,,,,,,,,,,,,,,,,,,,,,,,,,,,,,,,,,,,,,,,,,,,,,,,,,,,,,,,,,,,,,,,,,,,,,,,,,,,,,,,,,,,,,,,,,,,,,,,,,,,,,,,,,,,,,,,,,,,,,,,,,,,,,,,,,,,,,,,,,,,,,,,,,,,,,,,,,,,,,,,,,,,,,,,,,,,,,,,,,,,,,,,,,,,,,,,,,,,,,,,,,,,,,,,,,,,,,,,,,,,,,,,,,,,,,,,,,,,,,,,,,
E11_RD14-0003-04d3e-0.0156IP-Q12_001.20sec.fsa,D5S818,R,OL,137.96,9,OL,143.77,9,11,148.95,6,OL,165.89,6,OL,176.24,6,OL,178.31,9,,,,,,,,,,,,,,,,,,,,,,,,,,,,,,,,,,,,,,,,,,,,,,,,,,,,,,,,,,,,,,,,,,,,,,,,,,,,,,,,,,,,,,,,,,,,,,,,,,,,,,,,,,,,,,,,,,,,,,,,,,,,,,,,,,,,,,,,,,,,,,,,,,,,,,,,,,,,,,,,,,,,,,,,,,,,,,,,,,,,,,,,,,,,,,,,,,,,,,,,,,,,,,,,,,,,,,,,,,,,,,,,,,,,,,,,,,,,,,,,,,,,,,,,,,,,,,,,,,,,,,,,,,,,,,,,,,,,,,,,,,
E11_RD14-0003-04d3e-0.0156IP-Q12_001.20sec.fsa,FGA,R,17,212.85,15,19,220.7,10,OL,224.35,8,22,232.9,5,OL,248.81,10,26,249.36,12,OL,250.31,7,26.2,251.93,11,32.2,275.99,4,OL,282.02,4,OL,286.75,9,OL,322.67,8,OL,338.03,7,OL,339.13,8,OL,341.2,7,OL,342.33,13,OL,347.06,5,50.2,348.91,5,OL,349.95,8,51.2,352.85,9,OL,356.46,11,,,,,,,,,,,,,,,,,,,,,,,,,,,,,,,,,,,,,,,,,,,,,,,,,,,,,,,,,,,,,,,,,,,,,,,,,,,,,,,,,,,,,,,,,,,,,,,,,,,,,,,,,,,,,,,,,,,,,,,,,,,,,,,,,,,,,,,,,,,,,,,,,,,,,,,,,,,,,,,,,,,,,,,,,,,,,,,,,,,,,,,,,,,,,,,,,,,,,,,,,,,,,,,,,,,,,,,,,,,,,,,,,,,,,,,,,,,,,
F01_RD14-0003-03d3a-0.0313IP-Q0.9_002.20sec.fsa,D8S1179,B,OL,119.93,6,OL,120.98,6,OL,123.24,2,14,146.03,139,OL,149.02,3,15,150.22,103,16,154.27,3,OL,156.98,3,,,,,,,,,,,,,,,,,,,,,,,,,,,,,,,,,,,,,,,,,,,,,,,,,,,,,,,,,,,,,,,,,,,,,,,,,,,,,,,,,,,,,,,,,,,,,,,,,,,,,,,,,,,,,,,,,,,,,,,,,,,,,,,,,,,,,,,,,,,,,,,,,,,,,,,,,,,,,,,,,,,,,,,,,,,,,,,,,,,,,,,,,,,,,,,,,,,,,,,,,,,,,,,,,,,,,,,,,,,,,,,,,,,,,,,,,,,,,,,,,,,,,,,,,,,,,,,,,,,,,,,,,,,,,,,,,,,,
F01_RD14-0003-03d3a-0.0313IP-Q0.9_002.20sec.fsa,D21S11,B,23.2,179.93,5,OL,187.83,3,OL,189.8,3,31.2,212.26,6,32.2,216.49,95,35,227.24,5,36,231.21,3,38,238.62,3,,,,,,,,,,,,,,,,,,,,,,,,,,,,,,,,,,,,,,,,,,,,,,,,,,,,,,,,,,,,,,,,,,,,,,,,,,,,,,,,,,,,,,,,,,,,,,,,,,,,,,,,,,,,,,,,,,,,,,,,,,,,,,,,,,,,,,,,,,,,,,,,,,,,,,,,,,,,,,,,,,,,,,,,,,,,,,,,,,,,,,,,,,,,,,,,,,,,,,,,,,,,,,,,,,,,,,,,,,,,,,,,,,,,,,,,,,,,,,,,,,,,,,,,,,,,,,,,,,,,,,,,,,,,,,,,,,,,
F01_RD14-0003-03d3a-0.0313IP-Q0.9_002.20sec.fsa,D7S820,B,7,258.04,5,8,262.02,110,OL,269.1,1,10,269.89,4,11,274.11,85,12,277.88,3,OL,278.74,2,OL,287.02,7,OL,289.11,2,,,,,,,,,,,,,,,,,,,,,,,,,,,,,,,,,,,,,,,,,,,,,,,,,,,,,,,,,,,,,,,,,,,,,,,,,,,,,,,,,,,,,,,,,,,,,,,,,,,,,,,,,,,,,,,,,,,,,,,,,,,,,,,,,,,,,,,,,,,,,,,,,,,,,,,,,,,,,,,,,,,,,,,,,,,,,,,,,,,,,,,,,,,,,,,,,,,,,,,,,,,,,,,,,,,,,,,,,,,,,,,,,,,,,,,,,,,,,,,,,,,,,,,,,,,,,,,,,,,,,,,,,,,,,,,,,
F01_RD14-0003-03d3a-0.0313IP-Q0.9_002.20sec.fsa,CSF1PO,B,5,298.84,4,7,306.48,5,8,310.41,164,9,314.08,5,10,318.24,2,OL,320,3,11,322.6,16,12,326.74,238,13,330.45,3,OL,337.84,2,OL,340,5,,,,,,,,,,,,,,,,,,,,,,,,,,,,,,,,,,,,,,,,,,,,,,,,,,,,,,,,,,,,,,,,,,,,,,,,,,,,,,,,,,,,,,,,,,,,,,,,,,,,,,,,,,,,,,,,,,,,,,,,,,,,,,,,,,,,,,,,,,,,,,,,,,,,,,,,,,,,,,,,,,,,,,,,,,,,,,,,,,,,,,,,,,,,,,,,,,,,,,,,,,,,,,,,,,,,,,,,,,,,,,,,,,,,,,,,,,,,,,,,,,,,,,,,,,,,,,,,,,,,,,,,,,,
F01_RD14-0003-03d3a-0.0313IP-Q0.9_002.20sec.fsa,D3S1358,G,OL,95.06,6,OL,98.85,5,OL,99.78,5,12,110.4,5,OL,111.55,8,OL,116.24,27,15,122.25,12,16,126.22,122,16.2,128.35,5,17,130.07,97,17.2,132.16,4,OL,133.6,4,OL,135.26,4,,,,,,,,,,,,,,,,,,,,,,,,,,,,,,,,,,,,,,,,,,,,,,,,,,,,,,,,,,,,,,,,,,,,,,,,,,,,,,,,,,,,,,,,,,,,,,,,,,,,,,,,,,,,,,,,,,,,,,,,,,,,,,,,,,,,,,,,,,,,,,,,,,,,,,,,,,,,,,,,,,,,,,,,,,,,,,,,,,,,,,,,,,,,,,,,,,,,,,,,,,,,,,,,,,,,,,,,,,,,,,,,,,,,,,,,,,,,,,,,,,,,,,,,,,,,,,,,,,,,,
F01_RD14-0003-03d3a-0.0313IP-Q0.9_002.20sec.fsa,TH01,G,OL,155.62,5,OL,157.13,4,4,159.92,5,OL,161.26,5,7,172.4,12,OL,174.11,3,8,176.49,199,9,180.53,149,OL,182.74,9,OL,192.24,3,OL,197.72,5,13.3,199.85,10,OL,201.04,3,,,,,,,,,,,,,,,,,,,,,,,,,,,,,,,,,,,,,,,,,,,,,,,,,,,,,,,,,,,,,,,,,,,,,,,,,,,,,,,,,,,,,,,,,,,,,,,,,,,,,,,,,,,,,,,,,,,,,,,,,,,,,,,,,,,,,,,,,,,,,,,,,,,,,,,,,,,,,,,,,,,,,,,,,,,,,,,,,,,,,,,,,,,,,,,,,,,,,,,,,,,,,,,,,,,,,,,,,,,,,,,,,,,,,,,,,,,,,,,,,,,,,,,,,,,,,,,,,,,,,
F01_RD14-0003-03d3a-0.0313IP-Q0.9_002.20sec.fsa,D13S317,G,OL,213.92,7,8,215.63,4,10,223.35,10,11,227.24,251,OL,229.22,3,12,231.36,226,13,235.49,5,OL,239.92,12,,,,,,,,,,,,,,,,,,,,,,,,,,,,,,,,,,,,,,,,,,,,,,,,,,,,,,,,,,,,,,,,,,,,,,,,,,,,,,,,,,,,,,,,,,,,,,,,,,,,,,,,,,,,,,,,,,,,,,,,,,,,,,,,,,,,,,,,,,,,,,,,,,,,,,,,,,,,,,,,,,,,,,,,,,,,,,,,,,,,,,,,,,,,,,,,,,,,,,,,,,,,,,,,,,,,,,,,,,,,,,,,,,,,,,,,,,,,,,,,,,,,,,,,,,,,,,,,,,,,,,,,,,,,,,,,,,,,
F01_RD14-0003-03d3a-0.0313IP-Q0.9_002.20sec.fsa,D16S539,G,OL,249.92,4,OL,256.9,2,7,259.92,11,10,271.21,15,11,275.29,320,OL,279.92,7,13,283.09,24,14,287.1,370,OL,294.36,3,,,,,,,,,,,,,,,,,,,,,,,,,,,,,,,,,,,,,,,,,,,,,,,,,,,,,,,,,,,,,,,,,,,,,,,,,,,,,,,,,,,,,,,,,,,,,,,,,,,,,,,,,,,,,,,,,,,,,,,,,,,,,,,,,,,,,,,,,,,,,,,,,,,,,,,,,,,,,,,,,,,,,,,,,,,,,,,,,,,,,,,,,,,,,,,,,,,,,,,,,,,,,,,,,,,,,,,,,,,,,,,,,,,,,,,,,,,,,,,,,,,,,,,,,,,,,,,,,,,,,,,,,,,,,,,,,
F01_RD14-0003-03d3a-0.0313IP-Q0.9_002.20sec.fsa,D2S1338,G,15,304.38,3,OL,314,7,OL,319.92,10,OL,327.3,2,21,328.92,6,22,333.03,51,OL,339.92,13,24,341.38,9,25,345.05,67,OL,348.23,5,OL,359.84,8,,,,,,,,,,,,,,,,,,,,,,,,,,,,,,,,,,,,,,,,,,,,,,,,,,,,,,,,,,,,,,,,,,,,,,,,,,,,,,,,,,,,,,,,,,,,,,,,,,,,,,,,,,,,,,,,,,,,,,,,,,,,,,,,,,,,,,,,,,,,,,,,,,,,,,,,,,,,,,,,,,,,,,,,,,,,,,,,,,,,,,,,,,,,,,,,,,,,,,,,,,,,,,,,,,,,,,,,,,,,,,,,,,,,,,,,,,,,,,,,,,,,,,,,,,,,,,,,,,,,,,,,,,,
F01_RD14-0003-03d3a-0.0313IP-Q0.9_002.20sec.fsa,D19S433,Y,9,100.22,13,11,107.86,22,12,112.06,179,12.2,114.21,12,14,120,151,16,128,6,OL,140.3,13,OL,141.63,8,,,,,,,,,,,,,,,,,,,,,,,,,,,,,,,,,,,,,,,,,,,,,,,,,,,,,,,,,,,,,,,,,,,,,,,,,,,,,,,,,,,,,,,,,,,,,,,,,,,,,,,,,,,,,,,,,,,,,,,,,,,,,,,,,,,,,,,,,,,,,,,,,,,,,,,,,,,,,,,,,,,,,,,,,,,,,,,,,,,,,,,,,,,,,,,,,,,,,,,,,,,,,,,,,,,,,,,,,,,,,,,,,,,,,,,,,,,,,,,,,,,,,,,,,,,,,,,,,,,,,,,,,,,,,,,,,,,,
F01_RD14-0003-03d3a-0.0313IP-Q0.9_002.20sec.fsa,vWA,Y,OL,149.24,6,OL,149.99,4,13,160.15,11,14,163.93,16,OL,166.3,5,15,168.01,264,16,172.03,52,18,180.38,13,OL,192.01,8,OL,199.31,9,24,205.43,7,,,,,,,,,,,,,,,,,,,,,,,,,,,,,,,,,,,,,,,,,,,,,,,,,,,,,,,,,,,,,,,,,,,,,,,,,,,,,,,,,,,,,,,,,,,,,,,,,,,,,,,,,,,,,,,,,,,,,,,,,,,,,,,,,,,,,,,,,,,,,,,,,,,,,,,,,,,,,,,,,,,,,,,,,,,,,,,,,,,,,,,,,,,,,,,,,,,,,,,,,,,,,,,,,,,,,,,,,,,,,,,,,,,,,,,,,,,,,,,,,,,,,,,,,,,,,,,,,,,,,,,,,,,
F01_RD14-0003-03d3a-0.0313IP-Q0.9_002.20sec.fsa,TPOX,Y,OL,214.23,11,6,220.53,9,OL,225.87,7,10,236.48,11,11,240.55,262,OL,250.38,8,,,,,,,,,,,,,,,,,,,,,,,,,,,,,,,,,,,,,,,,,,,,,,,,,,,,,,,,,,,,,,,,,,,,,,,,,,,,,,,,,,,,,,,,,,,,,,,,,,,,,,,,,,,,,,,,,,,,,,,,,,,,,,,,,,,,,,,,,,,,,,,,,,,,,,,,,,,,,,,,,,,,,,,,,,,,,,,,,,,,,,,,,,,,,,,,,,,,,,,,,,,,,,,,,,,,,,,,,,,,,,,,,,,,,,,,,,,,,,,,,,,,,,,,,,,,,,,,,,,,,,,,,,,,,,,,,,,,,,,,,,
F01_RD14-0003-03d3a-0.0313IP-Q0.9_002.20sec.fsa,D18S51,Y,7,260.54,10,OL,280.31,9,OL,293.66,4,OL,296.52,9,17,300.99,102,18,304.93,282,19,309.47,7,20.2,314.58,7,OL,320.65,10,23,326.01,6,OL,340.57,14,,,,,,,,,,,,,,,,,,,,,,,,,,,,,,,,,,,,,,,,,,,,,,,,,,,,,,,,,,,,,,,,,,,,,,,,,,,,,,,,,,,,,,,,,,,,,,,,,,,,,,,,,,,,,,,,,,,,,,,,,,,,,,,,,,,,,,,,,,,,,,,,,,,,,,,,,,,,,,,,,,,,,,,,,,,,,,,,,,,,,,,,,,,,,,,,,,,,,,,,,,,,,,,,,,,,,,,,,,,,,,,,,,,,,,,,,,,,,,,,,,,,,,,,,,,,,,,,,,,,,,,,,,,
F01_RD14-0003-03d3a-0.0313IP-Q0.9_002.20sec.fsa,AMEL,R,X,104.89,79,Y,110.76,174,,,,,,,,,,,,,,,,,,,,,,,,,,,,,,,,,,,,,,,,,,,,,,,,,,,,,,,,,,,,,,,,,,,,,,,,,,,,,,,,,,,,,,,,,,,,,,,,,,,,,,,,,,,,,,,,,,,,,,,,,,,,,,,,,,,,,,,,,,,,,,,,,,,,,,,,,,,,,,,,,,,,,,,,,,,,,,,,,,,,,,,,,,,,,,,,,,,,,,,,,,,,,,,,,,,,,,,,,,,,,,,,,,,,,,,,,,,,,,,,,,,,,,,,,,,,,,,,,,,,,,,,,,,,,,,,,,,,,,,,,,,,,,,,,,,,,,
F01_RD14-0003-03d3a-0.0313IP-Q0.9_002.20sec.fsa,D5S818,R,OL,131.36,6,OL,149.69,4,12,152.84,77,13,157.06,112,14,161.26,8,15,165.71,8,OL,166.6,8,OL,177.99,5,,,,,,,,,,,,,,,,,,,,,,,,,,,,,,,,,,,,,,,,,,,,,,,,,,,,,,,,,,,,,,,,,,,,,,,,,,,,,,,,,,,,,,,,,,,,,,,,,,,,,,,,,,,,,,,,,,,,,,,,,,,,,,,,,,,,,,,,,,,,,,,,,,,,,,,,,,,,,,,,,,,,,,,,,,,,,,,,,,,,,,,,,,,,,,,,,,,,,,,,,,,,,,,,,,,,,,,,,,,,,,,,,,,,,,,,,,,,,,,,,,,,,,,,,,,,,,,,,,,,,,,,,,,,,,,,,,,,
F01_RD14-0003-03d3a-0.0313IP-Q0.9_002.20sec.fsa,FGA,R,OL,207.15,7,OL,208.2,9,19,220.91,47,24,241.26,66,26.2,251.98,6,OL,264.35,4,OL,264.97,4,33.2,279.45,7,OL,282.39,4,OL,296.29,7,OL,303.53,5,OL,306.01,6,OL,306.87,7,OL,309.86,5,OL,311.76,5,OL,313.52,10,OL,315.08,6,OL,317.33,8,OL,319.16,8,OL,322.52,8,44.2,324.06,7,46.2,332.54,5,OL,338.96,6,OL,345.37,6,OL,346.84,3,,,,,,,,,,,,,,,,,,,,,,,,,,,,,,,,,,,,,,,,,,,,,,,,,,,,,,,,,,,,,,,,,,,,,,,,,,,,,,,,,,,,,,,,,,,,,,,,,,,,,,,,,,,,,,,,,,,,,,,,,,,,,,,,,,,,,,,,,,,,,,,,,,,,,,,,,,,,,,,,,,,,,,,,,,,,,,,,,,,,,,,,,,,,,,,,,,,,,,,,,,,,,,,,,,,,,,,,,,,,,,,,,
F02_RD14-0003-03d3b-0.0313IP-Q1.1_002.20sec.fsa,D8S1179,B,OL,114.91,2,OL,116.17,3,OL,119.03,5,OL,120.07,6,OL,122.12,3,12,137.65,2,13,142,13,OL,142.89,7,14,146.09,156,15,150.19,238,16,154.3,3,OL,165.4,2,OL,168.44,1,,,,,,,,,,,,,,,,,,,,,,,,,,,,,,,,,,,,,,,,,,,,,,,,,,,,,,,,,,,,,,,,,,,,,,,,,,,,,,,,,,,,,,,,,,,,,,,,,,,,,,,,,,,,,,,,,,,,,,,,,,,,,,,,,,,,,,,,,,,,,,,,,,,,,,,,,,,,,,,,,,,,,,,,,,,,,,,,,,,,,,,,,,,,,,,,,,,,,,,,,,,,,,,,,,,,,,,,,,,,,,,,,,,,,,,,,,,,,,,,,,,,,,,,,,,,,,,,,,,,,
F02_RD14-0003-03d3b-0.0313IP-Q1.1_002.20sec.fsa,D21S11,B,OL,181.5,2,25,186.68,3,OL,188.85,3,OL,189.52,2,OL,194.02,4,27.2,196.41,3,OL,201.68,3,29.2,204.69,4,31.2,212.37,9,32.2,216.58,110,33,218.55,3,OL,220,2,OL,231.37,3,36.2,232.94,2,38,239.17,2,,,,,,,,,,,,,,,,,,,,,,,,,,,,,,,,,,,,,,,,,,,,,,,,,,,,,,,,,,,,,,,,,,,,,,,,,,,,,,,,,,,,,,,,,,,,,,,,,,,,,,,,,,,,,,,,,,,,,,,,,,,,,,,,,,,,,,,,,,,,,,,,,,,,,,,,,,,,,,,,,,,,,,,,,,,,,,,,,,,,,,,,,,,,,,,,,,,,,,,,,,,,,,,,,,,,,,,,,,,,,,,,,,,,,,,,,,,,,,,,,,,,,,,,,,,,,,,
F02_RD14-0003-03d3b-0.0313IP-Q1.1_002.20sec.fsa,D7S820,B,OL,257.44,2,7,258.03,4,8,262.03,101,OL,268.88,2,OL,272.66,1,11,274.02,59,OL,280.22,3,OL,291.16,2,,,,,,,,,,,,,,,,,,,,,,,,,,,,,,,,,,,,,,,,,,,,,,,,,,,,,,,,,,,,,,,,,,,,,,,,,,,,,,,,,,,,,,,,,,,,,,,,,,,,,,,,,,,,,,,,,,,,,,,,,,,,,,,,,,,,,,,,,,,,,,,,,,,,,,,,,,,,,,,,,,,,,,,,,,,,,,,,,,,,,,,,,,,,,,,,,,,,,,,,,,,,,,,,,,,,,,,,,,,,,,,,,,,,,,,,,,,,,,,,,,,,,,,,,,,,,,,,,,,,,,,,,,,,,,,,,,,,
F02_RD14-0003-03d3b-0.0313IP-Q1.1_002.20sec.fsa,CSF1PO,B,OL,300.22,5,OL,301.32,3,6,302.2,1,OL,303.75,3,8,310.49,3,OL,324.57,2,12,326.73,44,15,338.79,1,OL,340.08,5,OL,341.08,2,,,,,,,,,,,,,,,,,,,,,,,,,,,,,,,,,,,,,,,,,,,,,,,,,,,,,,,,,,,,,,,,,,,,,,,,,,,,,,,,,,,,,,,,,,,,,,,,,,,,,,,,,,,,,,,,,,,,,,,,,,,,,,,,,,,,,,,,,,,,,,,,,,,,,,,,,,,,,,,,,,,,,,,,,,,,,,,,,,,,,,,,,,,,,,,,,,,,,,,,,,,,,,,,,,,,,,,,,,,,,,,,,,,,,,,,,,,,,,,,,,,,,,,,,,,,,,,,,,,,,,,,,,,,,,
F02_RD14-0003-03d3b-0.0313IP-Q1.1_002.20sec.fsa,D3S1358,G,OL,111.99,5,OL,115.54,23,15,122.26,24,16,126.17,121,16.2,128.03,3,17,130.11,143,17.2,132.49,1,OL,135.76,2,OL,137.8,6,,,,,,,,,,,,,,,,,,,,,,,,,,,,,,,,,,,,,,,,,,,,,,,,,,,,,,,,,,,,,,,,,,,,,,,,,,,,,,,,,,,,,,,,,,,,,,,,,,,,,,,,,,,,,,,,,,,,,,,,,,,,,,,,,,,,,,,,,,,,,,,,,,,,,,,,,,,,,,,,,,,,,,,,,,,,,,,,,,,,,,,,,,,,,,,,,,,,,,,,,,,,,,,,,,,,,,,,,,,,,,,,,,,,,,,,,,,,,,,,,,,,,,,,,,,,,,,,,,,,,,,,,,,,,,,,,
F02_RD14-0003-03d3b-0.0313IP-Q1.1_002.20sec.fsa,TH01,G,OL,157.3,9,OL,157.97,8,5.3,167.18,4,7,172.44,13,8,176.59,239,9,180.6,267,10,184.58,10,,,,,,,,,,,,,,,,,,,,,,,,,,,,,,,,,,,,,,,,,,,,,,,,,,,,,,,,,,,,,,,,,,,,,,,,,,,,,,,,,,,,,,,,,,,,,,,,,,,,,,,,,,,,,,,,,,,,,,,,,,,,,,,,,,,,,,,,,,,,,,,,,,,,,,,,,,,,,,,,,,,,,,,,,,,,,,,,,,,,,,,,,,,,,,,,,,,,,,,,,,,,,,,,,,,,,,,,,,,,,,,,,,,,,,,,,,,,,,,,,,,,,,,,,,,,,,,,,,,,,,,,,,,,,,,,,,,,,,,
F02_RD14-0003-03d3b-0.0313IP-Q1.1_002.20sec.fsa,D13S317,G,OL,210,3,OL,212.89,3,OL,213.93,6,OL,221.42,5,10,223.06,11,OL,225.53,3,11,227.17,182,12,231.29,143,OL,232.72,2,13,235.04,4,OL,238.2,6,14,238.87,5,,,,,,,,,,,,,,,,,,,,,,,,,,,,,,,,,,,,,,,,,,,,,,,,,,,,,,,,,,,,,,,,,,,,,,,,,,,,,,,,,,,,,,,,,,,,,,,,,,,,,,,,,,,,,,,,,,,,,,,,,,,,,,,,,,,,,,,,,,,,,,,,,,,,,,,,,,,,,,,,,,,,,,,,,,,,,,,,,,,,,,,,,,,,,,,,,,,,,,,,,,,,,,,,,,,,,,,,,,,,,,,,,,,,,,,,,,,,,,,,,,,,,,,,,,,,,,,,,,,,,,,,
F02_RD14-0003-03d3b-0.0313IP-Q1.1_002.20sec.fsa,D16S539,G,OL,250.15,6,OL,254.13,6,7,259.93,9,OL,268.13,6,10,271.3,11,11,275.23,96,OL,279.92,8,OL,285.88,4,14,287.29,20,OL,288.71,5,16,294.65,2,,,,,,,,,,,,,,,,,,,,,,,,,,,,,,,,,,,,,,,,,,,,,,,,,,,,,,,,,,,,,,,,,,,,,,,,,,,,,,,,,,,,,,,,,,,,,,,,,,,,,,,,,,,,,,,,,,,,,,,,,,,,,,,,,,,,,,,,,,,,,,,,,,,,,,,,,,,,,,,,,,,,,,,,,,,,,,,,,,,,,,,,,,,,,,,,,,,,,,,,,,,,,,,,,,,,,,,,,,,,,,,,,,,,,,,,,,,,,,,,,,,,,,,,,,,,,,,,,,,,,,,,,,,
F02_RD14-0003-03d3b-0.0313IP-Q1.1_002.20sec.fsa,D2S1338,G,16,308.53,4,OL,313.69,6,OL,320,8,OL,322.56,4,OL,327.42,4,22,332.94,33,OL,336.29,3,OL,339.85,9,24,340.93,13,25,345.03,134,OL,349.76,4,28,357.67,1,OL,359.92,9,OL,364.39,4,,,,,,,,,,,,,,,,,,,,,,,,,,,,,,,,,,,,,,,,,,,,,,,,,,,,,,,,,,,,,,,,,,,,,,,,,,,,,,,,,,,,,,,,,,,,,,,,,,,,,,,,,,,,,,,,,,,,,,,,,,,,,,,,,,,,,,,,,,,,,,,,,,,,,,,,,,,,,,,,,,,,,,,,,,,,,,,,,,,,,,,,,,,,,,,,,,,,,,,,,,,,,,,,,,,,,,,,,,,,,,,,,,,,,,,,,,,,,,,,,,,,,,,,,,,,,,,,,,
F02_RD14-0003-03d3b-0.0313IP-Q1.1_002.20sec.fsa,D19S433,Y,9,100.29,14,OL,103.44,6,11.2,110.47,5,12,112.13,300,13,115.82,17,OL,118.89,7,14,120,177,OL,130.61,9,OL,140.44,10,,,,,,,,,,,,,,,,,,,,,,,,,,,,,,,,,,,,,,,,,,,,,,,,,,,,,,,,,,,,,,,,,,,,,,,,,,,,,,,,,,,,,,,,,,,,,,,,,,,,,,,,,,,,,,,,,,,,,,,,,,,,,,,,,,,,,,,,,,,,,,,,,,,,,,,,,,,,,,,,,,,,,,,,,,,,,,,,,,,,,,,,,,,,,,,,,,,,,,,,,,,,,,,,,,,,,,,,,,,,,,,,,,,,,,,,,,,,,,,,,,,,,,,,,,,,,,,,,,,,,,,,,,,,,,,,,
F02_RD14-0003-03d3b-0.0313IP-Q1.1_002.20sec.fsa,vWA,Y,13,159.62,8,13,160.22,11,14,164.15,10,15,168.07,131,16,172.14,132,18,180.15,11,OL,185.63,6,OL,187.5,5,,,,,,,,,,,,,,,,,,,,,,,,,,,,,,,,,,,,,,,,,,,,,,,,,,,,,,,,,,,,,,,,,,,,,,,,,,,,,,,,,,,,,,,,,,,,,,,,,,,,,,,,,,,,,,,,,,,,,,,,,,,,,,,,,,,,,,,,,,,,,,,,,,,,,,,,,,,,,,,,,,,,,,,,,,,,,,,,,,,,,,,,,,,,,,,,,,,,,,,,,,,,,,,,,,,,,,,,,,,,,,,,,,,,,,,,,,,,,,,,,,,,,,,,,,,,,,,,,,,,,,,,,,,,,,,,,,,,
F02_RD14-0003-03d3b-0.0313IP-Q1.1_002.20sec.fsa,TPOX,Y,OL,214.3,14,7,224.63,6,OL,227.17,3,OL,235.72,6,OL,238.65,9,11,240.62,108,OL,250.07,8,,,,,,,,,,,,,,,,,,,,,,,,,,,,,,,,,,,,,,,,,,,,,,,,,,,,,,,,,,,,,,,,,,,,,,,,,,,,,,,,,,,,,,,,,,,,,,,,,,,,,,,,,,,,,,,,,,,,,,,,,,,,,,,,,,,,,,,,,,,,,,,,,,,,,,,,,,,,,,,,,,,,,,,,,,,,,,,,,,,,,,,,,,,,,,,,,,,,,,,,,,,,,,,,,,,,,,,,,,,,,,,,,,,,,,,,,,,,,,,,,,,,,,,,,,,,,,,,,,,,,,,,,,,,,,,,,,,,,,,
F02_RD14-0003-03d3b-0.0313IP-Q1.1_002.20sec.fsa,D18S51,Y,OL,265.94,5,9.2,270.69,4,OL,271.45,7,16,296.88,14,17,301.02,101,18,304.94,124,OL,320.7,9,OL,322.71,6,OL,324.57,6,OL,336.97,4,OL,346.12,5,,,,,,,,,,,,,,,,,,,,,,,,,,,,,,,,,,,,,,,,,,,,,,,,,,,,,,,,,,,,,,,,,,,,,,,,,,,,,,,,,,,,,,,,,,,,,,,,,,,,,,,,,,,,,,,,,,,,,,,,,,,,,,,,,,,,,,,,,,,,,,,,,,,,,,,,,,,,,,,,,,,,,,,,,,,,,,,,,,,,,,,,,,,,,,,,,,,,,,,,,,,,,,,,,,,,,,,,,,,,,,,,,,,,,,,,,,,,,,,,,,,,,,,,,,,,,,,,,,,,,,,,,,,
F02_RD14-0003-03d3b-0.0313IP-Q1.1_002.20sec.fsa,AMEL,R,X,104.89,187,OL,108.01,7,Y,110.83,127,,,,,,,,,,,,,,,,,,,,,,,,,,,,,,,,,,,,,,,,,,,,,,,,,,,,,,,,,,,,,,,,,,,,,,,,,,,,,,,,,,,,,,,,,,,,,,,,,,,,,,,,,,,,,,,,,,,,,,,,,,,,,,,,,,,,,,,,,,,,,,,,,,,,,,,,,,,,,,,,,,,,,,,,,,,,,,,,,,,,,,,,,,,,,,,,,,,,,,,,,,,,,,,,,,,,,,,,,,,,,,,,,,,,,,,,,,,,,,,,,,,,,,,,,,,,,,,,,,,,,,,,,,,,,,,,,,,,,,,,,,,,,,,,,,,
F02_RD14-0003-03d3b-0.0313IP-Q1.1_002.20sec.fsa,D5S818,R,12,152.88,79,13,157,24,OL,158.27,7,,,,,,,,,,,,,,,,,,,,,,,,,,,,,,,,,,,,,,,,,,,,,,,,,,,,,,,,,,,,,,,,,,,,,,,,,,,,,,,,,,,,,,,,,,,,,,,,,,,,,,,,,,,,,,,,,,,,,,,,,,,,,,,,,,,,,,,,,,,,,,,,,,,,,,,,,,,,,,,,,,,,,,,,,,,,,,,,,,,,,,,,,,,,,,,,,,,,,,,,,,,,,,,,,,,,,,,,,,,,,,,,,,,,,,,,,,,,,,,,,,,,,,,,,,,,,,,,,,,,,,,,,,,,,,,,,,,,,,,,,,,,,,,,,,,
F02_RD14-0003-03d3b-0.0313IP-Q1.1_002.20sec.fsa,FGA,R,16.2,211.26,10,19,220.97,63,22.2,235.19,7,23,237.14,10,23.2,238.95,10,24,241.32,109,24.2,243.17,4,30,265.87,5,30.2,267.6,5,OL,277.35,6,OL,287.81,4,OL,305.16,6,OL,307.1,5,OL,314.96,6,OL,315.43,5,OL,316.47,4,OL,322.95,7,OL,338.11,6,48.2,340.93,6,,,,,,,,,,,,,,,,,,,,,,,,,,,,,,,,,,,,,,,,,,,,,,,,,,,,,,,,,,,,,,,,,,,,,,,,,,,,,,,,,,,,,,,,,,,,,,,,,,,,,,,,,,,,,,,,,,,,,,,,,,,,,,,,,,,,,,,,,,,,,,,,,,,,,,,,,,,,,,,,,,,,,,,,,,,,,,,,,,,,,,,,,,,,,,,,,,,,,,,,,,,,,,,,,,,,,,,,,,,,,,,,,,,,,,,,,,,,,,,,,,,
F03_RD14-0003-03d2c-0.0625IP-Q1.1_002.20sec.fsa,D8S1179,B,OL,115.01,3,8,121.53,6,OL,126.96,4,OL,128.89,10,OL,130.22,2,OL,139.54,16,13,141.85,17,OL,142.78,8,OL,143.48,10,14,146.11,236,15,150.31,500,OL,159.92,4,OL,171.99,12,OL,178.15,4,,,,,,,,,,,,,,,,,,,,,,,,,,,,,,,,,,,,,,,,,,,,,,,,,,,,,,,,,,,,,,,,,,,,,,,,,,,,,,,,,,,,,,,,,,,,,,,,,,,,,,,,,,,,,,,,,,,,,,,,,,,,,,,,,,,,,,,,,,,,,,,,,,,,,,,,,,,,,,,,,,,,,,,,,,,,,,,,,,,,,,,,,,,,,,,,,,,,,,,,,,,,,,,,,,,,,,,,,,,,,,,,,,,,,,,,,,,,,,,,,,,,,,,,,,,,,,,,,,
F03_RD14-0003-03d2c-0.0625IP-Q1.1_002.20sec.fsa,D21S11,B,OL,188.95,4,26.2,192.55,2,OL,199.92,3,29,202.82,2,30.2,208.51,3,31.2,212.6,13,OL,215.52,2,32.2,216.71,200,OL,218,3,33,219.04,1,OL,219.84,2,33.2,220.86,3,34,222.98,2,OL,237.65,2,,,,,,,,,,,,,,,,,,,,,,,,,,,,,,,,,,,,,,,,,,,,,,,,,,,,,,,,,,,,,,,,,,,,,,,,,,,,,,,,,,,,,,,,,,,,,,,,,,,,,,,,,,,,,,,,,,,,,,,,,,,,,,,,,,,,,,,,,,,,,,,,,,,,,,,,,,,,,,,,,,,,,,,,,,,,,,,,,,,,,,,,,,,,,,,,,,,,,,,,,,,,,,,,,,,,,,,,,,,,,,,,,,,,,,,,,,,,,,,,,,,,,,,,,,,,,,,,,,
F03_RD14-0003-03d2c-0.0625IP-Q1.1_002.20sec.fsa,D7S820,B,OL,248.65,3,5,249.84,4,7,258.01,6,8,262.05,238,9.2,267.67,3,OL,268.7,5,10,270.05,7,11,274.18,165,OL,285.32,2,,,,,,,,,,,,,,,,,,,,,,,,,,,,,,,,,,,,,,,,,,,,,,,,,,,,,,,,,,,,,,,,,,,,,,,,,,,,,,,,,,,,,,,,,,,,,,,,,,,,,,,,,,,,,,,,,,,,,,,,,,,,,,,,,,,,,,,,,,,,,,,,,,,,,,,,,,,,,,,,,,,,,,,,,,,,,,,,,,,,,,,,,,,,,,,,,,,,,,,,,,,,,,,,,,,,,,,,,,,,,,,,,,,,,,,,,,,,,,,,,,,,,,,,,,,,,,,,,,,,,,,,,,,,,,,,,
F03_RD14-0003-03d2c-0.0625IP-Q1.1_002.20sec.fsa,CSF1PO,B,5,298.75,3,8,310.48,113,10.2,320.81,3,12,326.74,23,OL,333.11,6,14,334.56,3,OL,337.04,3,15,338.56,3,OL,341.95,1,,,,,,,,,,,,,,,,,,,,,,,,,,,,,,,,,,,,,,,,,,,,,,,,,,,,,,,,,,,,,,,,,,,,,,,,,,,,,,,,,,,,,,,,,,,,,,,,,,,,,,,,,,,,,,,,,,,,,,,,,,,,,,,,,,,,,,,,,,,,,,,,,,,,,,,,,,,,,,,,,,,,,,,,,,,,,,,,,,,,,,,,,,,,,,,,,,,,,,,,,,,,,,,,,,,,,,,,,,,,,,,,,,,,,,,,,,,,,,,,,,,,,,,,,,,,,,,,,,,,,,,,,,,,,,,,,
F03_RD14-0003-03d2c-0.0625IP-Q1.1_002.20sec.fsa,D3S1358,G,OL,98.36,6,12,109.98,9,OL,113.85,20,OL,115.01,23,OL,120,9,15,122.33,42,16,126.3,629,17,130.15,467,OL,133.21,5,OL,139.85,4,,,,,,,,,,,,,,,,,,,,,,,,,,,,,,,,,,,,,,,,,,,,,,,,,,,,,,,,,,,,,,,,,,,,,,,,,,,,,,,,,,,,,,,,,,,,,,,,,,,,,,,,,,,,,,,,,,,,,,,,,,,,,,,,,,,,,,,,,,,,,,,,,,,,,,,,,,,,,,,,,,,,,,,,,,,,,,,,,,,,,,,,,,,,,,,,,,,,,,,,,,,,,,,,,,,,,,,,,,,,,,,,,,,,,,,,,,,,,,,,,,,,,,,,,,,,,,,,,,,,,,,,,,,,,,
F03_RD14-0003-03d2c-0.0625IP-Q1.1_002.20sec.fsa,TH01,G,OL,158.2,4,OL,161.84,17,6,168.84,4,6.3,171.68,8,7,172.76,10,8,176.69,368,9,180.79,404,OL,181.88,6,10,184.87,3,13,196.63,4,13.3,199.92,7,OL,200.91,5,,,,,,,,,,,,,,,,,,,,,,,,,,,,,,,,,,,,,,,,,,,,,,,,,,,,,,,,,,,,,,,,,,,,,,,,,,,,,,,,,,,,,,,,,,,,,,,,,,,,,,,,,,,,,,,,,,,,,,,,,,,,,,,,,,,,,,,,,,,,,,,,,,,,,,,,,,,,,,,,,,,,,,,,,,,,,,,,,,,,,,,,,,,,,,,,,,,,,,,,,,,,,,,,,,,,,,,,,,,,,,,,,,,,,,,,,,,,,,,,,,,,,,,,,,,,,,,,,,,,,,,,
F03_RD14-0003-03d2c-0.0625IP-Q1.1_002.20sec.fsa,D13S317,G,OL,213.92,9,OL,217.67,6,9,218.96,6,OL,219.84,8,10,223.06,16,11,227.22,414,12,231.38,275,OL,237.1,5,OL,239.92,9,,,,,,,,,,,,,,,,,,,,,,,,,,,,,,,,,,,,,,,,,,,,,,,,,,,,,,,,,,,,,,,,,,,,,,,,,,,,,,,,,,,,,,,,,,,,,,,,,,,,,,,,,,,,,,,,,,,,,,,,,,,,,,,,,,,,,,,,,,,,,,,,,,,,,,,,,,,,,,,,,,,,,,,,,,,,,,,,,,,,,,,,,,,,,,,,,,,,,,,,,,,,,,,,,,,,,,,,,,,,,,,,,,,,,,,,,,,,,,,,,,,,,,,,,,,,,,,,,,,,,,,,,,,,,,,,,
F03_RD14-0003-03d2c-0.0625IP-Q1.1_002.20sec.fsa,D16S539,G,OL,249.76,4,5,251.39,3,OL,258.08,6,OL,258.54,6,7,259.92,9,OL,272.99,3,11,275.21,78,12,279.04,11,OL,279.84,11,13,283.29,25,14,287.2,424,15,291.18,6,,,,,,,,,,,,,,,,,,,,,,,,,,,,,,,,,,,,,,,,,,,,,,,,,,,,,,,,,,,,,,,,,,,,,,,,,,,,,,,,,,,,,,,,,,,,,,,,,,,,,,,,,,,,,,,,,,,,,,,,,,,,,,,,,,,,,,,,,,,,,,,,,,,,,,,,,,,,,,,,,,,,,,,,,,,,,,,,,,,,,,,,,,,,,,,,,,,,,,,,,,,,,,,,,,,,,,,,,,,,,,,,,,,,,,,,,,,,,,,,,,,,,,,,,,,,,,,,,,,,,,,,
F03_RD14-0003-03d2c-0.0625IP-Q1.1_002.20sec.fsa,D2S1338,G,OL,314,8,OL,319.83,9,19,321.14,6,21,329.08,36,22,333.11,505,OL,339.92,11,24,341.06,13,25,345.12,136,OL,358.86,3,OL,359.92,9,,,,,,,,,,,,,,,,,,,,,,,,,,,,,,,,,,,,,,,,,,,,,,,,,,,,,,,,,,,,,,,,,,,,,,,,,,,,,,,,,,,,,,,,,,,,,,,,,,,,,,,,,,,,,,,,,,,,,,,,,,,,,,,,,,,,,,,,,,,,,,,,,,,,,,,,,,,,,,,,,,,,,,,,,,,,,,,,,,,,,,,,,,,,,,,,,,,,,,,,,,,,,,,,,,,,,,,,,,,,,,,,,,,,,,,,,,,,,,,,,,,,,,,,,,,,,,,,,,,,,,,,,,,,,,
F03_RD14-0003-03d2c-0.0625IP-Q1.1_002.20sec.fsa,D19S433,Y,OL,95.99,5,9,100.15,9,10,104.3,11,11,108.12,34,OL,111.18,2,12,112.29,462,12.2,114.14,11,13,116.24,56,14,120.22,509,15,123.65,10,OL,125.41,11,15.2,126.22,24,17.2,134.41,7,18,136.14,7,OL,139.01,6,OL,140,15,,,,,,,,,,,,,,,,,,,,,,,,,,,,,,,,,,,,,,,,,,,,,,,,,,,,,,,,,,,,,,,,,,,,,,,,,,,,,,,,,,,,,,,,,,,,,,,,,,,,,,,,,,,,,,,,,,,,,,,,,,,,,,,,,,,,,,,,,,,,,,,,,,,,,,,,,,,,,,,,,,,,,,,,,,,,,,,,,,,,,,,,,,,,,,,,,,,,,,,,,,,,,,,,,,,,,,,,,,,,,,,,,,,,,,,,,,,,,,,,,,,,,,,,,,,,
F03_RD14-0003-03d2c-0.0625IP-Q1.1_002.20sec.fsa,vWA,Y,OL,149.22,8,OL,157.65,3,OL,159.37,6,13,160.23,10,15,168.14,125,16,172.22,171,OL,175.61,5,17,176.46,14,18,180.47,16,OL,193.96,9,OL,203.28,6,OL,207.27,8,,,,,,,,,,,,,,,,,,,,,,,,,,,,,,,,,,,,,,,,,,,,,,,,,,,,,,,,,,,,,,,,,,,,,,,,,,,,,,,,,,,,,,,,,,,,,,,,,,,,,,,,,,,,,,,,,,,,,,,,,,,,,,,,,,,,,,,,,,,,,,,,,,,,,,,,,,,,,,,,,,,,,,,,,,,,,,,,,,,,,,,,,,,,,,,,,,,,,,,,,,,,,,,,,,,,,,,,,,,,,,,,,,,,,,,,,,,,,,,,,,,,,,,,,,,,,,,,,,,,,,,,
F03_RD14-0003-03d2c-0.0625IP-Q1.1_002.20sec.fsa,TPOX,Y,OL,214.4,12,OL,222.98,8,OL,226.36,10,OL,230.67,5,10,236.63,21,11,240.8,662,OL,251.24,3,,,,,,,,,,,,,,,,,,,,,,,,,,,,,,,,,,,,,,,,,,,,,,,,,,,,,,,,,,,,,,,,,,,,,,,,,,,,,,,,,,,,,,,,,,,,,,,,,,,,,,,,,,,,,,,,,,,,,,,,,,,,,,,,,,,,,,,,,,,,,,,,,,,,,,,,,,,,,,,,,,,,,,,,,,,,,,,,,,,,,,,,,,,,,,,,,,,,,,,,,,,,,,,,,,,,,,,,,,,,,,,,,,,,,,,,,,,,,,,,,,,,,,,,,,,,,,,,,,,,,,,,,,,,,,,,,,,,,,,
F03_RD14-0003-03d2c-0.0625IP-Q1.1_002.20sec.fsa,D18S51,Y,OL,266.56,9,10,273.3,8,OL,276.25,6,11,277.45,4,OL,280.31,12,OL,282.35,5,OL,292.2,8,16,297.19,23,17,301.08,117,18,305.04,138,OL,314.41,12,OL,339.04,5,OL,340.41,11,,,,,,,,,,,,,,,,,,,,,,,,,,,,,,,,,,,,,,,,,,,,,,,,,,,,,,,,,,,,,,,,,,,,,,,,,,,,,,,,,,,,,,,,,,,,,,,,,,,,,,,,,,,,,,,,,,,,,,,,,,,,,,,,,,,,,,,,,,,,,,,,,,,,,,,,,,,,,,,,,,,,,,,,,,,,,,,,,,,,,,,,,,,,,,,,,,,,,,,,,,,,,,,,,,,,,,,,,,,,,,,,,,,,,,,,,,,,,,,,,,,,,,,,,,,,,,,,,,,,,
F03_RD14-0003-03d2c-0.0625IP-Q1.1_002.20sec.fsa,AMEL,R,X,104.9,262,OL,106.25,15,Y,110.88,199,,,,,,,,,,,,,,,,,,,,,,,,,,,,,,,,,,,,,,,,,,,,,,,,,,,,,,,,,,,,,,,,,,,,,,,,,,,,,,,,,,,,,,,,,,,,,,,,,,,,,,,,,,,,,,,,,,,,,,,,,,,,,,,,,,,,,,,,,,,,,,,,,,,,,,,,,,,,,,,,,,,,,,,,,,,,,,,,,,,,,,,,,,,,,,,,,,,,,,,,,,,,,,,,,,,,,,,,,,,,,,,,,,,,,,,,,,,,,,,,,,,,,,,,,,,,,,,,,,,,,,,,,,,,,,,,,,,,,,,,,,,,,,,,,,,
F03_RD14-0003-03d2c-0.0625IP-Q1.1_002.20sec.fsa,D5S818,R,OL,139.54,5,11,148.83,28,OL,150.39,2,12,153.04,456,13,157.1,174,OL,163.23,9,15,164.99,10,OL,175.99,10,OL,177.15,11,,,,,,,,,,,,,,,,,,,,,,,,,,,,,,,,,,,,,,,,,,,,,,,,,,,,,,,,,,,,,,,,,,,,,,,,,,,,,,,,,,,,,,,,,,,,,,,,,,,,,,,,,,,,,,,,,,,,,,,,,,,,,,,,,,,,,,,,,,,,,,,,,,,,,,,,,,,,,,,,,,,,,,,,,,,,,,,,,,,,,,,,,,,,,,,,,,,,,,,,,,,,,,,,,,,,,,,,,,,,,,,,,,,,,,,,,,,,,,,,,,,,,,,,,,,,,,,,,,,,,,,,,,,,,,,,,
F03_RD14-0003-03d2c-0.0625IP-Q1.1_002.20sec.fsa,FGA,R,OL,215.28,6,OL,219.36,5,19,221.02,237,OL,226.04,4,23,237.26,13,24,241.37,148,OL,251,10,26.2,252.08,7,OL,253.01,6,31,269.57,8,32,273.62,10,OL,274.74,7,32.2,275.53,4,OL,300.69,5,OL,303.09,9,OL,304.11,6,OL,325.53,5,OL,335.76,7,,,,,,,,,,,,,,,,,,,,,,,,,,,,,,,,,,,,,,,,,,,,,,,,,,,,,,,,,,,,,,,,,,,,,,,,,,,,,,,,,,,,,,,,,,,,,,,,,,,,,,,,,,,,,,,,,,,,,,,,,,,,,,,,,,,,,,,,,,,,,,,,,,,,,,,,,,,,,,,,,,,,,,,,,,,,,,,,,,,,,,,,,,,,,,,,,,,,,,,,,,,,,,,,,,,,,,,,,,,,,,,,,,,,,,,,,,,,,,,,,,,,,,
F04_RD14-0003-03d2d-0.0625IP-Q1.8_002.20sec.fsa,D8S1179,B,OL,111.71,3,OL,115.59,4,OL,118.12,6,OL,118.84,9,OL,119.42,6,OL,122.55,4,OL,131.98,3,OL,132.65,5,13,141.99,41,14,146.15,499,15,150.23,56,17,158.29,3,OL,159.77,4,OL,163.5,2,20,171.13,2,OL,173.65,4,OL,174.42,5,,,,,,,,,,,,,,,,,,,,,,,,,,,,,,,,,,,,,,,,,,,,,,,,,,,,,,,,,,,,,,,,,,,,,,,,,,,,,,,,,,,,,,,,,,,,,,,,,,,,,,,,,,,,,,,,,,,,,,,,,,,,,,,,,,,,,,,,,,,,,,,,,,,,,,,,,,,,,,,,,,,,,,,,,,,,,,,,,,,,,,,,,,,,,,,,,,,,,,,,,,,,,,,,,,,,,,,,,,,,,,,,,,,,,,,,,,,,,,,,,,,,,,,,,
F04_RD14-0003-03d2d-0.0625IP-Q1.8_002.20sec.fsa,D21S11,B,OL,181.72,2,24,182.74,4,OL,188.99,3,OL,194.07,3,OL,195.24,5,31.2,212.62,20,32.2,216.76,302,34.2,224.59,2,36.2,233.15,4,OL,234.08,3,37,234.86,4,OL,239.77,5,,,,,,,,,,,,,,,,,,,,,,,,,,,,,,,,,,,,,,,,,,,,,,,,,,,,,,,,,,,,,,,,,,,,,,,,,,,,,,,,,,,,,,,,,,,,,,,,,,,,,,,,,,,,,,,,,,,,,,,,,,,,,,,,,,,,,,,,,,,,,,,,,,,,,,,,,,,,,,,,,,,,,,,,,,,,,,,,,,,,,,,,,,,,,,,,,,,,,,,,,,,,,,,,,,,,,,,,,,,,,,,,,,,,,,,,,,,,,,,,,,,,,,,,,,,,,,,,,,,,,,,,
F04_RD14-0003-03d2d-0.0625IP-Q1.8_002.20sec.fsa,D7S820,B,5,249.92,6,7,258.24,4,8,262.18,86,10,270.14,6,11,274.13,121,OL,279.92,5,OL,284.5,2,15,290.62,3,,,,,,,,,,,,,,,,,,,,,,,,,,,,,,,,,,,,,,,,,,,,,,,,,,,,,,,,,,,,,,,,,,,,,,,,,,,,,,,,,,,,,,,,,,,,,,,,,,,,,,,,,,,,,,,,,,,,,,,,,,,,,,,,,,,,,,,,,,,,,,,,,,,,,,,,,,,,,,,,,,,,,,,,,,,,,,,,,,,,,,,,,,,,,,,,,,,,,,,,,,,,,,,,,,,,,,,,,,,,,,,,,,,,,,,,,,,,,,,,,,,,,,,,,,,,,,,,,,,,,,,,,,,,,,,,,,,,
F04_RD14-0003-03d2d-0.0625IP-Q1.8_002.20sec.fsa,CSF1PO,B,OL,308.16,3,8,310.51,147,9,314.33,6,11,322.57,11,12,326.89,193,15,338.75,3,OL,340.24,6,,,,,,,,,,,,,,,,,,,,,,,,,,,,,,,,,,,,,,,,,,,,,,,,,,,,,,,,,,,,,,,,,,,,,,,,,,,,,,,,,,,,,,,,,,,,,,,,,,,,,,,,,,,,,,,,,,,,,,,,,,,,,,,,,,,,,,,,,,,,,,,,,,,,,,,,,,,,,,,,,,,,,,,,,,,,,,,,,,,,,,,,,,,,,,,,,,,,,,,,,,,,,,,,,,,,,,,,,,,,,,,,,,,,,,,,,,,,,,,,,,,,,,,,,,,,,,,,,,,,,,,,,,,,,,,,,,,,,,,
F04_RD14-0003-03d2d-0.0625IP-Q1.8_002.20sec.fsa,D3S1358,G,OL,100.23,6,OL,102.32,9,OL,108.29,7,OL,111.63,3,OL,113.7,37,OL,119.93,9,OL,120.87,7,15,122.33,49,16,126.28,597,17,130.12,490,OL,133.1,3,,,,,,,,,,,,,,,,,,,,,,,,,,,,,,,,,,,,,,,,,,,,,,,,,,,,,,,,,,,,,,,,,,,,,,,,,,,,,,,,,,,,,,,,,,,,,,,,,,,,,,,,,,,,,,,,,,,,,,,,,,,,,,,,,,,,,,,,,,,,,,,,,,,,,,,,,,,,,,,,,,,,,,,,,,,,,,,,,,,,,,,,,,,,,,,,,,,,,,,,,,,,,,,,,,,,,,,,,,,,,,,,,,,,,,,,,,,,,,,,,,,,,,,,,,,,,,,,,,,,,,,,,,,
F04_RD14-0003-03d2d-0.0625IP-Q1.8_002.20sec.fsa,TH01,G,4,159.92,6,OL,169.07,6,7,172.58,9,7.3,175.56,4,8,176.63,350,9,180.7,459,OL,182.03,7,OL,191.73,5,,,,,,,,,,,,,,,,,,,,,,,,,,,,,,,,,,,,,,,,,,,,,,,,,,,,,,,,,,,,,,,,,,,,,,,,,,,,,,,,,,,,,,,,,,,,,,,,,,,,,,,,,,,,,,,,,,,,,,,,,,,,,,,,,,,,,,,,,,,,,,,,,,,,,,,,,,,,,,,,,,,,,,,,,,,,,,,,,,,,,,,,,,,,,,,,,,,,,,,,,,,,,,,,,,,,,,,,,,,,,,,,,,,,,,,,,,,,,,,,,,,,,,,,,,,,,,,,,,,,,,,,,,,,,,,,,,,,
F04_RD14-0003-03d2d-0.0625IP-Q1.8_002.20sec.fsa,D13S317,G,OL,219.92,9,10,223.19,16,OL,224.2,5,11,227.15,281,12,231.28,245,OL,232.52,6,OL,239.92,11,,,,,,,,,,,,,,,,,,,,,,,,,,,,,,,,,,,,,,,,,,,,,,,,,,,,,,,,,,,,,,,,,,,,,,,,,,,,,,,,,,,,,,,,,,,,,,,,,,,,,,,,,,,,,,,,,,,,,,,,,,,,,,,,,,,,,,,,,,,,,,,,,,,,,,,,,,,,,,,,,,,,,,,,,,,,,,,,,,,,,,,,,,,,,,,,,,,,,,,,,,,,,,,,,,,,,,,,,,,,,,,,,,,,,,,,,,,,,,,,,,,,,,,,,,,,,,,,,,,,,,,,,,,,,,,,,,,,,,,
F04_RD14-0003-03d2d-0.0625IP-Q1.8_002.20sec.fsa,D16S539,G,OL,258.24,4,OL,260,9,10,271.31,18,OL,273.11,5,11,275.22,373,12.2,281.63,4,13,283.26,28,14,287.14,305,15,291.4,6,,,,,,,,,,,,,,,,,,,,,,,,,,,,,,,,,,,,,,,,,,,,,,,,,,,,,,,,,,,,,,,,,,,,,,,,,,,,,,,,,,,,,,,,,,,,,,,,,,,,,,,,,,,,,,,,,,,,,,,,,,,,,,,,,,,,,,,,,,,,,,,,,,,,,,,,,,,,,,,,,,,,,,,,,,,,,,,,,,,,,,,,,,,,,,,,,,,,,,,,,,,,,,,,,,,,,,,,,,,,,,,,,,,,,,,,,,,,,,,,,,,,,,,,,,,,,,,,,,,,,,,,,,,,,,,,,
F04_RD14-0003-03d2d-0.0625IP-Q1.8_002.20sec.fsa,D2S1338,G,OL,311.14,7,OL,313.92,9,OL,315.74,7,OL,319.08,4,OL,319.92,6,19,321.45,6,OL,322.81,5,OL,327.69,2,21,329.04,5,22,333.08,91,OL,339.84,9,24,341.13,20,25,345.07,221,OL,358.87,4,OL,359.92,12,29,361.44,5,OL,362.72,8,,,,,,,,,,,,,,,,,,,,,,,,,,,,,,,,,,,,,,,,,,,,,,,,,,,,,,,,,,,,,,,,,,,,,,,,,,,,,,,,,,,,,,,,,,,,,,,,,,,,,,,,,,,,,,,,,,,,,,,,,,,,,,,,,,,,,,,,,,,,,,,,,,,,,,,,,,,,,,,,,,,,,,,,,,,,,,,,,,,,,,,,,,,,,,,,,,,,,,,,,,,,,,,,,,,,,,,,,,,,,,,,,,,,,,,,,,,,,,,,,,,,,,,,,
F04_RD14-0003-03d2d-0.0625IP-Q1.8_002.20sec.fsa,D19S433,Y,OL,98.82,11,9,100.15,12,OL,100.98,8,OL,102.62,10,OL,103.22,8,11,108.07,12,12,112.3,93,13,116.39,17,14,120.22,279,15,124.52,4,15.2,126.14,19,17.2,133.54,8,,,,,,,,,,,,,,,,,,,,,,,,,,,,,,,,,,,,,,,,,,,,,,,,,,,,,,,,,,,,,,,,,,,,,,,,,,,,,,,,,,,,,,,,,,,,,,,,,,,,,,,,,,,,,,,,,,,,,,,,,,,,,,,,,,,,,,,,,,,,,,,,,,,,,,,,,,,,,,,,,,,,,,,,,,,,,,,,,,,,,,,,,,,,,,,,,,,,,,,,,,,,,,,,,,,,,,,,,,,,,,,,,,,,,,,,,,,,,,,,,,,,,,,,,,,,,,,,,,,,,,,,
F04_RD14-0003-03d2d-0.0625IP-Q1.8_002.20sec.fsa,vWA,Y,OL,161.9,12,OL,162.51,12,14,164.11,13,15,168.15,296,16,172.2,206,OL,173.42,6,17,176.48,6,OL,177.47,6,23,200.38,8,,,,,,,,,,,,,,,,,,,,,,,,,,,,,,,,,,,,,,,,,,,,,,,,,,,,,,,,,,,,,,,,,,,,,,,,,,,,,,,,,,,,,,,,,,,,,,,,,,,,,,,,,,,,,,,,,,,,,,,,,,,,,,,,,,,,,,,,,,,,,,,,,,,,,,,,,,,,,,,,,,,,,,,,,,,,,,,,,,,,,,,,,,,,,,,,,,,,,,,,,,,,,,,,,,,,,,,,,,,,,,,,,,,,,,,,,,,,,,,,,,,,,,,,,,,,,,,,,,,,,,,,,,,,,,,,,
F04_RD14-0003-03d2d-0.0625IP-Q1.8_002.20sec.fsa,TPOX,Y,6,220.47,9,OL,231.2,14,11,240.8,281,,,,,,,,,,,,,,,,,,,,,,,,,,,,,,,,,,,,,,,,,,,,,,,,,,,,,,,,,,,,,,,,,,,,,,,,,,,,,,,,,,,,,,,,,,,,,,,,,,,,,,,,,,,,,,,,,,,,,,,,,,,,,,,,,,,,,,,,,,,,,,,,,,,,,,,,,,,,,,,,,,,,,,,,,,,,,,,,,,,,,,,,,,,,,,,,,,,,,,,,,,,,,,,,,,,,,,,,,,,,,,,,,,,,,,,,,,,,,,,,,,,,,,,,,,,,,,,,,,,,,,,,,,,,,,,,,,,,,,,,,,,,,,,,,,,
F04_RD14-0003-03d2d-0.0625IP-Q1.8_002.20sec.fsa,D18S51,Y,7,260.31,13,OL,263.66,4,10.2,274.6,10,11,276.79,6,OL,277.57,6,11.2,278.59,8,OL,280.31,11,14.2,291.56,6,16,296.98,12,17,301.06,107,18,305.05,439,19,308.94,6,23.2,327.61,7,OL,328.25,5,OL,340.56,13,OL,343.7,5,,,,,,,,,,,,,,,,,,,,,,,,,,,,,,,,,,,,,,,,,,,,,,,,,,,,,,,,,,,,,,,,,,,,,,,,,,,,,,,,,,,,,,,,,,,,,,,,,,,,,,,,,,,,,,,,,,,,,,,,,,,,,,,,,,,,,,,,,,,,,,,,,,,,,,,,,,,,,,,,,,,,,,,,,,,,,,,,,,,,,,,,,,,,,,,,,,,,,,,,,,,,,,,,,,,,,,,,,,,,,,,,,,,,,,,,,,,,,,,,,,,,,,,,,,,,
F04_RD14-0003-03d2d-0.0625IP-Q1.8_002.20sec.fsa,AMEL,R,X,104.87,289,OL,106.21,13,Y,110.82,255,,,,,,,,,,,,,,,,,,,,,,,,,,,,,,,,,,,,,,,,,,,,,,,,,,,,,,,,,,,,,,,,,,,,,,,,,,,,,,,,,,,,,,,,,,,,,,,,,,,,,,,,,,,,,,,,,,,,,,,,,,,,,,,,,,,,,,,,,,,,,,,,,,,,,,,,,,,,,,,,,,,,,,,,,,,,,,,,,,,,,,,,,,,,,,,,,,,,,,,,,,,,,,,,,,,,,,,,,,,,,,,,,,,,,,,,,,,,,,,,,,,,,,,,,,,,,,,,,,,,,,,,,,,,,,,,,,,,,,,,,,,,,,,,,,,
F04_RD14-0003-03d2d-0.0625IP-Q1.8_002.20sec.fsa,D5S818,R,OL,127.32,11,OL,139.24,6,10,144.84,6,11,148.92,19,12,153.02,365,13,157.12,227,OL,163.81,8,OL,168.08,3,OL,177.63,10,,,,,,,,,,,,,,,,,,,,,,,,,,,,,,,,,,,,,,,,,,,,,,,,,,,,,,,,,,,,,,,,,,,,,,,,,,,,,,,,,,,,,,,,,,,,,,,,,,,,,,,,,,,,,,,,,,,,,,,,,,,,,,,,,,,,,,,,,,,,,,,,,,,,,,,,,,,,,,,,,,,,,,,,,,,,,,,,,,,,,,,,,,,,,,,,,,,,,,,,,,,,,,,,,,,,,,,,,,,,,,,,,,,,,,,,,,,,,,,,,,,,,,,,,,,,,,,,,,,,,,,,,,,,,,,,,
F04_RD14-0003-03d2d-0.0625IP-Q1.8_002.20sec.fsa,FGA,R,OL,207.96,14,19,220.86,36,OL,224.35,9,OL,225.99,9,21,229.26,7,23,237.04,14,24,241.27,178,28,258.09,4,OL,258.7,4,OL,262.49,2,29.2,264.05,4,OL,270.69,7,32,273.35,6,OL,277.88,8,OL,278.98,8,OL,299.69,9,OL,310.2,6,OL,323.54,6,OL,325.38,11,OL,326.41,9,OL,337.81,5,OL,339.45,4,OL,347.89,5,OL,354.27,8,OL,357.17,7,,,,,,,,,,,,,,,,,,,,,,,,,,,,,,,,,,,,,,,,,,,,,,,,,,,,,,,,,,,,,,,,,,,,,,,,,,,,,,,,,,,,,,,,,,,,,,,,,,,,,,,,,,,,,,,,,,,,,,,,,,,,,,,,,,,,,,,,,,,,,,,,,,,,,,,,,,,,,,,,,,,,,,,,,,,,,,,,,,,,,,,,,,,,,,,,,,,,,,,,,,,,,,,,,,,,,,,,,,,,,,,,,
F05_RD14-0003-03d1e-0.125IP-Q2.0_002.20sec.fsa,D8S1179,B,OL,120.51,6,OL,124.15,3,OL,126.72,4,11,133.69,5,OL,139.32,4,OL,140.15,9,OL,140.85,11,13,141.85,37,OL,144.85,4,14,146.09,387,15,150.19,260,OL,151.59,8,OL,157.58,1,OL,159.92,4,OL,173.86,3,,,,,,,,,,,,,,,,,,,,,,,,,,,,,,,,,,,,,,,,,,,,,,,,,,,,,,,,,,,,,,,,,,,,,,,,,,,,,,,,,,,,,,,,,,,,,,,,,,,,,,,,,,,,,,,,,,,,,,,,,,,,,,,,,,,,,,,,,,,,,,,,,,,,,,,,,,,,,,,,,,,,,,,,,,,,,,,,,,,,,,,,,,,,,,,,,,,,,,,,,,,,,,,,,,,,,,,,,,,,,,,,,,,,,,,,,,,,,,,,,,,,,,,,,,,,,,,
F05_RD14-0003-03d1e-0.125IP-Q2.0_002.20sec.fsa,D21S11,B,OL,185.65,2,27.2,196.32,5,30.2,208.32,4,30.2,209.08,4,OL,209.62,4,31.2,212.69,32,32.2,216.76,441,33,219.13,4,34,222.66,2,OL,225.94,4,36,231.27,4,OL,233.94,3,38,238.98,3,38.2,240.89,3,,,,,,,,,,,,,,,,,,,,,,,,,,,,,,,,,,,,,,,,,,,,,,,,,,,,,,,,,,,,,,,,,,,,,,,,,,,,,,,,,,,,,,,,,,,,,,,,,,,,,,,,,,,,,,,,,,,,,,,,,,,,,,,,,,,,,,,,,,,,,,,,,,,,,,,,,,,,,,,,,,,,,,,,,,,,,,,,,,,,,,,,,,,,,,,,,,,,,,,,,,,,,,,,,,,,,,,,,,,,,,,,,,,,,,,,,,,,,,,,,,,,,,,,,,,,,,,,,,
F05_RD14-0003-03d1e-0.125IP-Q2.0_002.20sec.fsa,D7S820,B,OL,254.71,3,7,257.93,4,OL,258.85,4,8,262.12,197,10,269.93,9,11,274.12,180,15,290.25,3,OL,292.59,2,,,,,,,,,,,,,,,,,,,,,,,,,,,,,,,,,,,,,,,,,,,,,,,,,,,,,,,,,,,,,,,,,,,,,,,,,,,,,,,,,,,,,,,,,,,,,,,,,,,,,,,,,,,,,,,,,,,,,,,,,,,,,,,,,,,,,,,,,,,,,,,,,,,,,,,,,,,,,,,,,,,,,,,,,,,,,,,,,,,,,,,,,,,,,,,,,,,,,,,,,,,,,,,,,,,,,,,,,,,,,,,,,,,,,,,,,,,,,,,,,,,,,,,,,,,,,,,,,,,,,,,,,,,,,,,,,,,,
F05_RD14-0003-03d1e-0.125IP-Q2.0_002.20sec.fsa,CSF1PO,B,OL,300,5,OL,304.07,1,7,306.4,9,8,310.49,217,11,323.01,9,12,326.9,171,OL,337.94,5,OL,340.08,7,,,,,,,,,,,,,,,,,,,,,,,,,,,,,,,,,,,,,,,,,,,,,,,,,,,,,,,,,,,,,,,,,,,,,,,,,,,,,,,,,,,,,,,,,,,,,,,,,,,,,,,,,,,,,,,,,,,,,,,,,,,,,,,,,,,,,,,,,,,,,,,,,,,,,,,,,,,,,,,,,,,,,,,,,,,,,,,,,,,,,,,,,,,,,,,,,,,,,,,,,,,,,,,,,,,,,,,,,,,,,,,,,,,,,,,,,,,,,,,,,,,,,,,,,,,,,,,,,,,,,,,,,,,,,,,,,,,,
F05_RD14-0003-03d1e-0.125IP-Q2.0_002.20sec.fsa,D3S1358,G,OL,97.71,6,OL,104.86,10,OL,108.74,10,OL,112.22,26,OL,112.96,23,14,118.27,8,15,122.25,47,16,126.28,644,17,130.12,526,OL,137.66,5,OL,139.85,9,OL,143.31,6,,,,,,,,,,,,,,,,,,,,,,,,,,,,,,,,,,,,,,,,,,,,,,,,,,,,,,,,,,,,,,,,,,,,,,,,,,,,,,,,,,,,,,,,,,,,,,,,,,,,,,,,,,,,,,,,,,,,,,,,,,,,,,,,,,,,,,,,,,,,,,,,,,,,,,,,,,,,,,,,,,,,,,,,,,,,,,,,,,,,,,,,,,,,,,,,,,,,,,,,,,,,,,,,,,,,,,,,,,,,,,,,,,,,,,,,,,,,,,,,,,,,,,,,,,,,,,,,,,,,,,,,
F05_RD14-0003-03d1e-0.125IP-Q2.0_002.20sec.fsa,TH01,G,OL,157.5,7,7,172.63,17,OL,173.78,5,OL,174.55,5,7.3,175.62,6,8,176.7,739,9,180.79,283,11,188.79,4,OL,191.85,4,12,192.79,5,OL,198.75,6,,,,,,,,,,,,,,,,,,,,,,,,,,,,,,,,,,,,,,,,,,,,,,,,,,,,,,,,,,,,,,,,,,,,,,,,,,,,,,,,,,,,,,,,,,,,,,,,,,,,,,,,,,,,,,,,,,,,,,,,,,,,,,,,,,,,,,,,,,,,,,,,,,,,,,,,,,,,,,,,,,,,,,,,,,,,,,,,,,,,,,,,,,,,,,,,,,,,,,,,,,,,,,,,,,,,,,,,,,,,,,,,,,,,,,,,,,,,,,,,,,,,,,,,,,,,,,,,,,,,,,,,,,,
F05_RD14-0003-03d1e-0.125IP-Q2.0_002.20sec.fsa,D13S317,G,OL,207.94,6,OL,208.63,3,OL,212.46,5,OL,216.52,6,OL,219.84,7,10,223.2,15,11,227.12,310,12,231.27,268,13,235.2,8,,,,,,,,,,,,,,,,,,,,,,,,,,,,,,,,,,,,,,,,,,,,,,,,,,,,,,,,,,,,,,,,,,,,,,,,,,,,,,,,,,,,,,,,,,,,,,,,,,,,,,,,,,,,,,,,,,,,,,,,,,,,,,,,,,,,,,,,,,,,,,,,,,,,,,,,,,,,,,,,,,,,,,,,,,,,,,,,,,,,,,,,,,,,,,,,,,,,,,,,,,,,,,,,,,,,,,,,,,,,,,,,,,,,,,,,,,,,,,,,,,,,,,,,,,,,,,,,,,,,,,,,,,,,,,,,,
F05_RD14-0003-03d1e-0.125IP-Q2.0_002.20sec.fsa,D16S539,G,OL,249.92,5,OL,268.27,5,10,271.12,16,11,275.16,298,OL,279.92,12,13,283.13,28,14,287.2,357,OL,289.47,5,15,291.03,6,OL,292.51,7,,,,,,,,,,,,,,,,,,,,,,,,,,,,,,,,,,,,,,,,,,,,,,,,,,,,,,,,,,,,,,,,,,,,,,,,,,,,,,,,,,,,,,,,,,,,,,,,,,,,,,,,,,,,,,,,,,,,,,,,,,,,,,,,,,,,,,,,,,,,,,,,,,,,,,,,,,,,,,,,,,,,,,,,,,,,,,,,,,,,,,,,,,,,,,,,,,,,,,,,,,,,,,,,,,,,,,,,,,,,,,,,,,,,,,,,,,,,,,,,,,,,,,,,,,,,,,,,,,,,,,,,,,,,,,
F05_RD14-0003-03d1e-0.125IP-Q2.0_002.20sec.fsa,D2S1338,G,14,301.07,5,OL,301.99,6,OL,313.92,12,OL,314.84,3,18,316.61,3,21,329.31,14,22,333.16,220,OL,336.27,8,OL,338.81,7,OL,340,12,OL,342.04,5,25,345.14,74,28,357.46,4,OL,358.45,6,OL,359.84,11,OL,363.56,4,,,,,,,,,,,,,,,,,,,,,,,,,,,,,,,,,,,,,,,,,,,,,,,,,,,,,,,,,,,,,,,,,,,,,,,,,,,,,,,,,,,,,,,,,,,,,,,,,,,,,,,,,,,,,,,,,,,,,,,,,,,,,,,,,,,,,,,,,,,,,,,,,,,,,,,,,,,,,,,,,,,,,,,,,,,,,,,,,,,,,,,,,,,,,,,,,,,,,,,,,,,,,,,,,,,,,,,,,,,,,,,,,,,,,,,,,,,,,,,,,,,,,,,,,,,,
F05_RD14-0003-03d1e-0.125IP-Q2.0_002.20sec.fsa,D19S433,Y,OL,105.38,7,11,108.29,39,OL,109.4,9,12,112.3,712,13,116.32,35,OL,117.33,5,14,120.22,439,15.2,126.28,24,16.2,129.97,22,OL,136.91,7,OL,141.92,6,,,,,,,,,,,,,,,,,,,,,,,,,,,,,,,,,,,,,,,,,,,,,,,,,,,,,,,,,,,,,,,,,,,,,,,,,,,,,,,,,,,,,,,,,,,,,,,,,,,,,,,,,,,,,,,,,,,,,,,,,,,,,,,,,,,,,,,,,,,,,,,,,,,,,,,,,,,,,,,,,,,,,,,,,,,,,,,,,,,,,,,,,,,,,,,,,,,,,,,,,,,,,,,,,,,,,,,,,,,,,,,,,,,,,,,,,,,,,,,,,,,,,,,,,,,,,,,,,,,,,,,,,,,
F05_RD14-0003-03d1e-0.125IP-Q2.0_002.20sec.fsa,vWA,Y,10,148.25,9,13,160.15,12,OL,161.68,9,14,164.05,24,15,168.19,400,16,172.25,458,18,180.31,22,OL,191.3,7,22,196.32,6,OL,205.49,7,OL,206.41,6,,,,,,,,,,,,,,,,,,,,,,,,,,,,,,,,,,,,,,,,,,,,,,,,,,,,,,,,,,,,,,,,,,,,,,,,,,,,,,,,,,,,,,,,,,,,,,,,,,,,,,,,,,,,,,,,,,,,,,,,,,,,,,,,,,,,,,,,,,,,,,,,,,,,,,,,,,,,,,,,,,,,,,,,,,,,,,,,,,,,,,,,,,,,,,,,,,,,,,,,,,,,,,,,,,,,,,,,,,,,,,,,,,,,,,,,,,,,,,,,,,,,,,,,,,,,,,,,,,,,,,,,,,,
F05_RD14-0003-03d1e-0.125IP-Q2.0_002.20sec.fsa,TPOX,Y,OL,214.08,12,OL,218.73,4,OL,227.04,10,OL,231.27,14,10,236.77,18,11,240.8,425,OL,242.33,8,OL,248.33,3,OL,250.46,8,14,253.24,8,OL,256.32,6,,,,,,,,,,,,,,,,,,,,,,,,,,,,,,,,,,,,,,,,,,,,,,,,,,,,,,,,,,,,,,,,,,,,,,,,,,,,,,,,,,,,,,,,,,,,,,,,,,,,,,,,,,,,,,,,,,,,,,,,,,,,,,,,,,,,,,,,,,,,,,,,,,,,,,,,,,,,,,,,,,,,,,,,,,,,,,,,,,,,,,,,,,,,,,,,,,,,,,,,,,,,,,,,,,,,,,,,,,,,,,,,,,,,,,,,,,,,,,,,,,,,,,,,,,,,,,,,,,,,,,,,,,,
F05_RD14-0003-03d1e-0.125IP-Q2.0_002.20sec.fsa,D18S51,Y,OL,288.22,7,14,289.31,9,15,292.82,7,16,297.04,18,OL,298.44,9,17,301.07,165,18,305.07,244,21,316.78,8,OL,329.15,6,OL,335.71,5,26,337.94,4,,,,,,,,,,,,,,,,,,,,,,,,,,,,,,,,,,,,,,,,,,,,,,,,,,,,,,,,,,,,,,,,,,,,,,,,,,,,,,,,,,,,,,,,,,,,,,,,,,,,,,,,,,,,,,,,,,,,,,,,,,,,,,,,,,,,,,,,,,,,,,,,,,,,,,,,,,,,,,,,,,,,,,,,,,,,,,,,,,,,,,,,,,,,,,,,,,,,,,,,,,,,,,,,,,,,,,,,,,,,,,,,,,,,,,,,,,,,,,,,,,,,,,,,,,,,,,,,,,,,,,,,,,,
F05_RD14-0003-03d1e-0.125IP-Q2.0_002.20sec.fsa,AMEL,R,X,104.86,660,OL,109.63,12,Y,110.81,660,,,,,,,,,,,,,,,,,,,,,,,,,,,,,,,,,,,,,,,,,,,,,,,,,,,,,,,,,,,,,,,,,,,,,,,,,,,,,,,,,,,,,,,,,,,,,,,,,,,,,,,,,,,,,,,,,,,,,,,,,,,,,,,,,,,,,,,,,,,,,,,,,,,,,,,,,,,,,,,,,,,,,,,,,,,,,,,,,,,,,,,,,,,,,,,,,,,,,,,,,,,,,,,,,,,,,,,,,,,,,,,,,,,,,,,,,,,,,,,,,,,,,,,,,,,,,,,,,,,,,,,,,,,,,,,,,,,,,,,,,,,,,,,,,,,
F05_RD14-0003-03d1e-0.125IP-Q2.0_002.20sec.fsa,D5S818,R,6,128.27,22,OL,130.93,7,11,148.87,31,12,152.99,446,13,157.11,414,OL,165.96,4,OL,166.73,7,16,169.03,9,OL,177.46,17,OL,178,17,,,,,,,,,,,,,,,,,,,,,,,,,,,,,,,,,,,,,,,,,,,,,,,,,,,,,,,,,,,,,,,,,,,,,,,,,,,,,,,,,,,,,,,,,,,,,,,,,,,,,,,,,,,,,,,,,,,,,,,,,,,,,,,,,,,,,,,,,,,,,,,,,,,,,,,,,,,,,,,,,,,,,,,,,,,,,,,,,,,,,,,,,,,,,,,,,,,,,,,,,,,,,,,,,,,,,,,,,,,,,,,,,,,,,,,,,,,,,,,,,,,,,,,,,,,,,,,,,,,,,,,,,,,,,,
F05_RD14-0003-03d1e-0.125IP-Q2.0_002.20sec.fsa,FGA,R,OL,205.79,8,OL,206.79,11,OL,207.4,12,18,216.68,18,18.2,218.5,5,19,220.86,315,OL,228.37,9,OL,230.25,9,22,233.08,8,OL,235.83,7,23,237.17,22,24,241.29,219,OL,246.33,4,28,257.55,7,OL,258.47,8,OL,270.17,6,OL,289.54,6,OL,299.69,7,OL,301.68,9,OL,305,9,OL,326.25,7,OL,334.2,5,OL,335,7,OL,342.04,9,OL,343.99,7,,,,,,,,,,,,,,,,,,,,,,,,,,,,,,,,,,,,,,,,,,,,,,,,,,,,,,,,,,,,,,,,,,,,,,,,,,,,,,,,,,,,,,,,,,,,,,,,,,,,,,,,,,,,,,,,,,,,,,,,,,,,,,,,,,,,,,,,,,,,,,,,,,,,,,,,,,,,,,,,,,,,,,,,,,,,,,,,,,,,,,,,,,,,,,,,,,,,,,,,,,,,,,,,,,,,,,,,,,,,,,,,,
F07_RD14-0003-04d3a-0.4IP-Q1.0_002.20sec.fsa,D8S1179,B,OL,111.88,6,OL,118.39,2,OL,120.7,9,OL,123.5,20,OL,124.28,18,9,125.14,19,OL,127.82,5,OL,132.19,6,11,133.87,9,12,137.89,129,13,141.98,2363,14,146.12,2062,18,162.24,4,OL,169.81,3,OL,174.65,5,,,,,,,,,,,,,,,,,,,,,,,,,,,,,,,,,,,,,,,,,,,,,,,,,,,,,,,,,,,,,,,,,,,,,,,,,,,,,,,,,,,,,,,,,,,,,,,,,,,,,,,,,,,,,,,,,,,,,,,,,,,,,,,,,,,,,,,,,,,,,,,,,,,,,,,,,,,,,,,,,,,,,,,,,,,,,,,,,,,,,,,,,,,,,,,,,,,,,,,,,,,,,,,,,,,,,,,,,,,,,,,,,,,,,,,,,,,,,,,,,,,,,,,,,,,,,,,
F07_RD14-0003-04d3a-0.4IP-Q1.0_002.20sec.fsa,D21S11,B,26,190.63,9,27,194.72,104,27.2,196.68,12,28,198.81,1728,29,202.75,123,29.2,204.66,13,30,206.76,1835,31,210.79,13,OL,211.89,2,33,219.13,4,OL,228.16,4,OL,230.32,6,39,242.93,2,,,,,,,,,,,,,,,,,,,,,,,,,,,,,,,,,,,,,,,,,,,,,,,,,,,,,,,,,,,,,,,,,,,,,,,,,,,,,,,,,,,,,,,,,,,,,,,,,,,,,,,,,,,,,,,,,,,,,,,,,,,,,,,,,,,,,,,,,,,,,,,,,,,,,,,,,,,,,,,,,,,,,,,,,,,,,,,,,,,,,,,,,,,,,,,,,,,,,,,,,,,,,,,,,,,,,,,,,,,,,,,,,,,,,,,,,,,,,,,,,,,,,,,,,,,,,,,,,,,,,
F07_RD14-0003-04d3a-0.4IP-Q1.0_002.20sec.fsa,D7S820,B,OL,248.77,5,OL,259.91,4,8,262.19,90,9,266.23,2613,10,269.92,5,12,277.87,4,OL,279.02,3,OL,293.13,4,,,,,,,,,,,,,,,,,,,,,,,,,,,,,,,,,,,,,,,,,,,,,,,,,,,,,,,,,,,,,,,,,,,,,,,,,,,,,,,,,,,,,,,,,,,,,,,,,,,,,,,,,,,,,,,,,,,,,,,,,,,,,,,,,,,,,,,,,,,,,,,,,,,,,,,,,,,,,,,,,,,,,,,,,,,,,,,,,,,,,,,,,,,,,,,,,,,,,,,,,,,,,,,,,,,,,,,,,,,,,,,,,,,,,,,,,,,,,,,,,,,,,,,,,,,,,,,,,,,,,,,,,,,,,,,,,,,,
F07_RD14-0003-04d3a-0.4IP-Q1.0_002.20sec.fsa,CSF1PO,B,OL,302.06,4,OL,307.29,13,OL,311.2,3,OL,312.91,4,OL,313.91,6,10,318.57,11,OL,320.09,3,11,322.93,252,12,326.95,3783,OL,329.22,17,13,331.03,73,OL,337.41,3,OL,339.91,6,,,,,,,,,,,,,,,,,,,,,,,,,,,,,,,,,,,,,,,,,,,,,,,,,,,,,,,,,,,,,,,,,,,,,,,,,,,,,,,,,,,,,,,,,,,,,,,,,,,,,,,,,,,,,,,,,,,,,,,,,,,,,,,,,,,,,,,,,,,,,,,,,,,,,,,,,,,,,,,,,,,,,,,,,,,,,,,,,,,,,,,,,,,,,,,,,,,,,,,,,,,,,,,,,,,,,,,,,,,,,,,,,,,,,,,,,,,,,,,,,,,,,,,,,,,,,,,,,,,,,
F07_RD14-0003-04d3a-0.4IP-Q1.0_002.20sec.fsa,D3S1358,G,OL,104.77,10,OL,110.93,7,OL,111.88,1,13,114.23,38,14,118.15,215,15,122.17,2680,16,126.24,3259,17.2,132.11,4,OL,141.9,21,,,,,,,,,,,,,,,,,,,,,,,,,,,,,,,,,,,,,,,,,,,,,,,,,,,,,,,,,,,,,,,,,,,,,,,,,,,,,,,,,,,,,,,,,,,,,,,,,,,,,,,,,,,,,,,,,,,,,,,,,,,,,,,,,,,,,,,,,,,,,,,,,,,,,,,,,,,,,,,,,,,,,,,,,,,,,,,,,,,,,,,,,,,,,,,,,,,,,,,,,,,,,,,,,,,,,,,,,,,,,,,,,,,,,,,,,,,,,,,,,,,,,,,,,,,,,,,,,,,,,,,,,,,,,,,,,
F07_RD14-0003-04d3a-0.4IP-Q1.0_002.20sec.fsa,TH01,G,OL,163.07,25,7,172.73,155,8,176.74,5994,OL,182.47,8,9.3,183.4,14,OL,195.83,5,,,,,,,,,,,,,,,,,,,,,,,,,,,,,,,,,,,,,,,,,,,,,,,,,,,,,,,,,,,,,,,,,,,,,,,,,,,,,,,,,,,,,,,,,,,,,,,,,,,,,,,,,,,,,,,,,,,,,,,,,,,,,,,,,,,,,,,,,,,,,,,,,,,,,,,,,,,,,,,,,,,,,,,,,,,,,,,,,,,,,,,,,,,,,,,,,,,,,,,,,,,,,,,,,,,,,,,,,,,,,,,,,,,,,,,,,,,,,,,,,,,,,,,,,,,,,,,,,,,,,,,,,,,,,,,,,,,,,,,,,,
F07_RD14-0003-04d3a-0.4IP-Q1.0_002.20sec.fsa,D13S317,G,OL,203.5,6,OL,210.28,6,7,211.63,10,10,223.18,91,11,227.22,2301,12,231.27,2905,OL,233.51,5,13,235.24,14,OL,238.01,10,14,238.96,10,OL,239.91,16,OL,242.66,5,,,,,,,,,,,,,,,,,,,,,,,,,,,,,,,,,,,,,,,,,,,,,,,,,,,,,,,,,,,,,,,,,,,,,,,,,,,,,,,,,,,,,,,,,,,,,,,,,,,,,,,,,,,,,,,,,,,,,,,,,,,,,,,,,,,,,,,,,,,,,,,,,,,,,,,,,,,,,,,,,,,,,,,,,,,,,,,,,,,,,,,,,,,,,,,,,,,,,,,,,,,,,,,,,,,,,,,,,,,,,,,,,,,,,,,,,,,,,,,,,,,,,,,,,,,,,,,,,,,,,,,,
F07_RD14-0003-04d3a-0.4IP-Q1.0_002.20sec.fsa,D16S539,G,OL,258.21,13,OL,258.81,11,OL,261.93,8,9,267.28,19,10,271.33,364,OL,273.54,37,11,275.31,5580,12,279.2,21,OL,285.91,4,,,,,,,,,,,,,,,,,,,,,,,,,,,,,,,,,,,,,,,,,,,,,,,,,,,,,,,,,,,,,,,,,,,,,,,,,,,,,,,,,,,,,,,,,,,,,,,,,,,,,,,,,,,,,,,,,,,,,,,,,,,,,,,,,,,,,,,,,,,,,,,,,,,,,,,,,,,,,,,,,,,,,,,,,,,,,,,,,,,,,,,,,,,,,,,,,,,,,,,,,,,,,,,,,,,,,,,,,,,,,,,,,,,,,,,,,,,,,,,,,,,,,,,,,,,,,,,,,,,,,,,,,,,,,,,,,
F07_RD14-0003-04d3a-0.4IP-Q1.0_002.20sec.fsa,D2S1338,G,OL,313.91,9,18,316.66,15,OL,320,15,19,321.19,22,20,325.13,210,OL,326.95,27,21,329.22,2331,22,333.28,68,OL,335.08,8,23,337.14,16,24,341.19,231,25,345.15,2463,OL,351.14,10,OL,351.87,11,OL,353.9,4,OL,359.91,13,29,361.19,4,,,,,,,,,,,,,,,,,,,,,,,,,,,,,,,,,,,,,,,,,,,,,,,,,,,,,,,,,,,,,,,,,,,,,,,,,,,,,,,,,,,,,,,,,,,,,,,,,,,,,,,,,,,,,,,,,,,,,,,,,,,,,,,,,,,,,,,,,,,,,,,,,,,,,,,,,,,,,,,,,,,,,,,,,,,,,,,,,,,,,,,,,,,,,,,,,,,,,,,,,,,,,,,,,,,,,,,,,,,,,,,,,,,,,,,,,,,,,,,,,,,,,,,,,
F07_RD14-0003-04d3a-0.4IP-Q1.0_002.20sec.fsa,D19S433,Y,9,100.16,11,10,103.89,13,10.2,106.19,17,11.2,110.22,121,12.2,114.31,1895,14,120.23,158,14.2,122.17,55,15,124.13,1737,15.2,126.24,72,,,,,,,,,,,,,,,,,,,,,,,,,,,,,,,,,,,,,,,,,,,,,,,,,,,,,,,,,,,,,,,,,,,,,,,,,,,,,,,,,,,,,,,,,,,,,,,,,,,,,,,,,,,,,,,,,,,,,,,,,,,,,,,,,,,,,,,,,,,,,,,,,,,,,,,,,,,,,,,,,,,,,,,,,,,,,,,,,,,,,,,,,,,,,,,,,,,,,,,,,,,,,,,,,,,,,,,,,,,,,,,,,,,,,,,,,,,,,,,,,,,,,,,,,,,,,,,,,,,,,,,,,,,,,,,,,
F07_RD14-0003-04d3a-0.4IP-Q1.0_002.20sec.fsa,vWA,Y,10,147.61,14,12,155.54,7,OL,161.74,5,OL,162.74,10,14,163.98,16,OL,164.9,9,15,168.14,86,OL,171.14,40,16,172.22,1678,17,176.74,159,OL,178.83,9,18,180.34,215,19,184.51,2071,,,,,,,,,,,,,,,,,,,,,,,,,,,,,,,,,,,,,,,,,,,,,,,,,,,,,,,,,,,,,,,,,,,,,,,,,,,,,,,,,,,,,,,,,,,,,,,,,,,,,,,,,,,,,,,,,,,,,,,,,,,,,,,,,,,,,,,,,,,,,,,,,,,,,,,,,,,,,,,,,,,,,,,,,,,,,,,,,,,,,,,,,,,,,,,,,,,,,,,,,,,,,,,,,,,,,,,,,,,,,,,,,,,,,,,,,,,,,,,,,,,,,,,,,,,,,,,,,,,,,
F07_RD14-0003-04d3a-0.4IP-Q1.0_002.20sec.fsa,TPOX,Y,OL,223.18,9,OL,227.22,65,8,228.85,12,OL,231.27,57,9,232.82,49,OL,234.03,8,10,236.8,1654,11,240.8,1549,OL,243.2,5,OL,250.17,12,,,,,,,,,,,,,,,,,,,,,,,,,,,,,,,,,,,,,,,,,,,,,,,,,,,,,,,,,,,,,,,,,,,,,,,,,,,,,,,,,,,,,,,,,,,,,,,,,,,,,,,,,,,,,,,,,,,,,,,,,,,,,,,,,,,,,,,,,,,,,,,,,,,,,,,,,,,,,,,,,,,,,,,,,,,,,,,,,,,,,,,,,,,,,,,,,,,,,,,,,,,,,,,,,,,,,,,,,,,,,,,,,,,,,,,,,,,,,,,,,,,,,,,,,,,,,,,,,,,,,,,,,,,,,,
F07_RD14-0003-04d3a-0.4IP-Q1.0_002.20sec.fsa,D18S51,Y,9.2,271.33,15,OL,272.04,8,10.2,275.31,113,OL,287.82,9,14,289.22,137,15,293.22,1835,16,297.13,151,17,301.11,1120,OL,320.55,16,22.2,324.03,7,OL,329.22,64,OL,337.14,6,OL,345.06,50,,,,,,,,,,,,,,,,,,,,,,,,,,,,,,,,,,,,,,,,,,,,,,,,,,,,,,,,,,,,,,,,,,,,,,,,,,,,,,,,,,,,,,,,,,,,,,,,,,,,,,,,,,,,,,,,,,,,,,,,,,,,,,,,,,,,,,,,,,,,,,,,,,,,,,,,,,,,,,,,,,,,,,,,,,,,,,,,,,,,,,,,,,,,,,,,,,,,,,,,,,,,,,,,,,,,,,,,,,,,,,,,,,,,,,,,,,,,,,,,,,,,,,,,,,,,,,,,,,,,,
F07_RD14-0003-04d3a-0.4IP-Q1.0_002.20sec.fsa,AMEL,R,X,104.92,1470,Y,110.85,1343,,,,,,,,,,,,,,,,,,,,,,,,,,,,,,,,,,,,,,,,,,,,,,,,,,,,,,,,,,,,,,,,,,,,,,,,,,,,,,,,,,,,,,,,,,,,,,,,,,,,,,,,,,,,,,,,,,,,,,,,,,,,,,,,,,,,,,,,,,,,,,,,,,,,,,,,,,,,,,,,,,,,,,,,,,,,,,,,,,,,,,,,,,,,,,,,,,,,,,,,,,,,,,,,,,,,,,,,,,,,,,,,,,,,,,,,,,,,,,,,,,,,,,,,,,,,,,,,,,,,,,,,,,,,,,,,,,,,,,,,,,,,,,,,,,,,,,
F07_RD14-0003-04d3a-0.4IP-Q1.0_002.20sec.fsa,D5S818,R,OL,129.96,5,OL,137.57,7,9,140.74,7,OL,142.64,9,10,144.71,64,11,148.86,1381,12,153.03,1385,OL,159.16,6,OL,168.22,6,,,,,,,,,,,,,,,,,,,,,,,,,,,,,,,,,,,,,,,,,,,,,,,,,,,,,,,,,,,,,,,,,,,,,,,,,,,,,,,,,,,,,,,,,,,,,,,,,,,,,,,,,,,,,,,,,,,,,,,,,,,,,,,,,,,,,,,,,,,,,,,,,,,,,,,,,,,,,,,,,,,,,,,,,,,,,,,,,,,,,,,,,,,,,,,,,,,,,,,,,,,,,,,,,,,,,,,,,,,,,,,,,,,,,,,,,,,,,,,,,,,,,,,,,,,,,,,,,,,,,,,,,,,,,,,,,
F07_RD14-0003-04d3a-0.4IP-Q1.0_002.20sec.fsa,FGA,R,OL,204.08,8,OL,206.42,11,18,216.78,12,19,220.94,97,20,225.07,1669,21,229.11,1651,22,233.17,13,23,237.66,24,OL,238.44,22,23.2,239.39,21,24,241.6,17,26,249.74,8,OL,250.69,4,31,269.83,7,OL,276.9,20,OL,278.76,21,33.2,279.65,20,OL,306.23,6,OL,308.17,7,OL,312.28,7,OL,313.27,10,OL,322.02,9,44.2,324.4,8,46.2,332.38,9,48.2,340.64,9,OL,341.56,19,51.2,352.43,9,,,,,,,,,,,,,,,,,,,,,,,,,,,,,,,,,,,,,,,,,,,,,,,,,,,,,,,,,,,,,,,,,,,,,,,,,,,,,,,,,,,,,,,,,,,,,,,,,,,,,,,,,,,,,,,,,,,,,,,,,,,,,,,,,,,,,,,,,,,,,,,,,,,,,,,,,,,,,,,,,,,,,,,,,,,,,,,,,,,,,,,,,,,,,,,,,,,,,,,,,,,,,,,,,,,,,,,,,,,
F08_RD14-0003-04d3b-0.3IP-Q1.2_002.20sec.fsa,D8S1179,B,OL,119.23,9,OL,123.21,4,OL,124.6,5,OL,128.26,3,OL,130.23,5,12,137.85,71,13,141.99,1332,14,146.11,1113,15,149.96,11,OL,160.07,3,OL,169.34,5,,,,,,,,,,,,,,,,,,,,,,,,,,,,,,,,,,,,,,,,,,,,,,,,,,,,,,,,,,,,,,,,,,,,,,,,,,,,,,,,,,,,,,,,,,,,,,,,,,,,,,,,,,,,,,,,,,,,,,,,,,,,,,,,,,,,,,,,,,,,,,,,,,,,,,,,,,,,,,,,,,,,,,,,,,,,,,,,,,,,,,,,,,,,,,,,,,,,,,,,,,,,,,,,,,,,,,,,,,,,,,,,,,,,,,,,,,,,,,,,,,,,,,,,,,,,,,,,,,,,,,,,,,,
F08_RD14-0003-04d3b-0.3IP-Q1.2_002.20sec.fsa,D21S11,B,24.2,184.38,3,27,194.6,62,28,198.67,1248,29,202.6,79,29.2,204.55,4,30,206.58,895,31,210.43,7,OL,211.96,3,33.2,220.74,4,OL,224.13,5,OL,226.13,3,36,231.07,8,36.2,233.21,3,OL,239.85,3,,,,,,,,,,,,,,,,,,,,,,,,,,,,,,,,,,,,,,,,,,,,,,,,,,,,,,,,,,,,,,,,,,,,,,,,,,,,,,,,,,,,,,,,,,,,,,,,,,,,,,,,,,,,,,,,,,,,,,,,,,,,,,,,,,,,,,,,,,,,,,,,,,,,,,,,,,,,,,,,,,,,,,,,,,,,,,,,,,,,,,,,,,,,,,,,,,,,,,,,,,,,,,,,,,,,,,,,,,,,,,,,,,,,,,,,,,,,,,,,,,,,,,,,,,,,,,,,,,
F08_RD14-0003-04d3b-0.3IP-Q1.2_002.20sec.fsa,D7S820,B,5.2,251.89,5,OL,256.75,4,7,257.91,4,OL,259.93,5,8,262,41,9,266.15,872,11,273.81,3,OL,275.23,22,OL,279.93,6,OL,283,4,,,,,,,,,,,,,,,,,,,,,,,,,,,,,,,,,,,,,,,,,,,,,,,,,,,,,,,,,,,,,,,,,,,,,,,,,,,,,,,,,,,,,,,,,,,,,,,,,,,,,,,,,,,,,,,,,,,,,,,,,,,,,,,,,,,,,,,,,,,,,,,,,,,,,,,,,,,,,,,,,,,,,,,,,,,,,,,,,,,,,,,,,,,,,,,,,,,,,,,,,,,,,,,,,,,,,,,,,,,,,,,,,,,,,,,,,,,,,,,,,,,,,,,,,,,,,,,,,,,,,,,,,,,,,,
F08_RD14-0003-04d3b-0.3IP-Q1.2_002.20sec.fsa,CSF1PO,B,5,298.4,3,OL,300,7,OL,300.71,4,6,302.37,5,OL,307.24,6,OL,316.52,3,11,322.59,36,OL,323.89,4,12,326.69,776,OL,328.96,9,13,330.69,7,OL,332.56,4,OL,341.13,6,,,,,,,,,,,,,,,,,,,,,,,,,,,,,,,,,,,,,,,,,,,,,,,,,,,,,,,,,,,,,,,,,,,,,,,,,,,,,,,,,,,,,,,,,,,,,,,,,,,,,,,,,,,,,,,,,,,,,,,,,,,,,,,,,,,,,,,,,,,,,,,,,,,,,,,,,,,,,,,,,,,,,,,,,,,,,,,,,,,,,,,,,,,,,,,,,,,,,,,,,,,,,,,,,,,,,,,,,,,,,,,,,,,,,,,,,,,,,,,,,,,,,,,,,,,,,,,,,,,,,
F08_RD14-0003-04d3b-0.3IP-Q1.2_002.20sec.fsa,D3S1358,G,OL,101.58,6,OL,106.81,8,13,114,30,14,118.26,95,15,122.23,1193,16,126.36,1754,OL,131.65,5,OL,139.71,8,,,,,,,,,,,,,,,,,,,,,,,,,,,,,,,,,,,,,,,,,,,,,,,,,,,,,,,,,,,,,,,,,,,,,,,,,,,,,,,,,,,,,,,,,,,,,,,,,,,,,,,,,,,,,,,,,,,,,,,,,,,,,,,,,,,,,,,,,,,,,,,,,,,,,,,,,,,,,,,,,,,,,,,,,,,,,,,,,,,,,,,,,,,,,,,,,,,,,,,,,,,,,,,,,,,,,,,,,,,,,,,,,,,,,,,,,,,,,,,,,,,,,,,,,,,,,,,,,,,,,,,,,,,,,,,,,,,,
F08_RD14-0003-04d3b-0.3IP-Q1.2_002.20sec.fsa,TH01,G,3,156.2,7,OL,158.66,5,4,160,11,5,164.45,5,7,172.63,84,7.3,175.55,23,8,176.64,2578,8.3,179.93,9,OL,186.9,6,OL,193.86,7,13,196.45,9,,,,,,,,,,,,,,,,,,,,,,,,,,,,,,,,,,,,,,,,,,,,,,,,,,,,,,,,,,,,,,,,,,,,,,,,,,,,,,,,,,,,,,,,,,,,,,,,,,,,,,,,,,,,,,,,,,,,,,,,,,,,,,,,,,,,,,,,,,,,,,,,,,,,,,,,,,,,,,,,,,,,,,,,,,,,,,,,,,,,,,,,,,,,,,,,,,,,,,,,,,,,,,,,,,,,,,,,,,,,,,,,,,,,,,,,,,,,,,,,,,,,,,,,,,,,,,,,,,,,,,,,,,,
F08_RD14-0003-04d3b-0.3IP-Q1.2_002.20sec.fsa,D13S317,G,OL,203.75,6,OL,206.07,5,OL,212.39,7,OL,213.27,6,OL,213.85,7,10,223.1,27,11,227.23,614,12,231.22,849,OL,240.98,4,,,,,,,,,,,,,,,,,,,,,,,,,,,,,,,,,,,,,,,,,,,,,,,,,,,,,,,,,,,,,,,,,,,,,,,,,,,,,,,,,,,,,,,,,,,,,,,,,,,,,,,,,,,,,,,,,,,,,,,,,,,,,,,,,,,,,,,,,,,,,,,,,,,,,,,,,,,,,,,,,,,,,,,,,,,,,,,,,,,,,,,,,,,,,,,,,,,,,,,,,,,,,,,,,,,,,,,,,,,,,,,,,,,,,,,,,,,,,,,,,,,,,,,,,,,,,,,,,,,,,,,,,,,,,,,,,
F08_RD14-0003-04d3b-0.3IP-Q1.2_002.20sec.fsa,D16S539,G,10,271.13,102,11,275.23,1649,OL,282.27,6,OL,284.61,8,15,291.04,8,,,,,,,,,,,,,,,,,,,,,,,,,,,,,,,,,,,,,,,,,,,,,,,,,,,,,,,,,,,,,,,,,,,,,,,,,,,,,,,,,,,,,,,,,,,,,,,,,,,,,,,,,,,,,,,,,,,,,,,,,,,,,,,,,,,,,,,,,,,,,,,,,,,,,,,,,,,,,,,,,,,,,,,,,,,,,,,,,,,,,,,,,,,,,,,,,,,,,,,,,,,,,,,,,,,,,,,,,,,,,,,,,,,,,,,,,,,,,,,,,,,,,,,,,,,,,,,,,,,,,,,,,,,,,,,,,,,,,,,,,,,,,
F08_RD14-0003-04d3b-0.3IP-Q1.2_002.20sec.fsa,D2S1338,G,OL,301.57,5,15,304.9,6,16,309,7,OL,317.94,5,OL,322.98,6,20,324.95,64,21,329.03,677,24,340.98,55,25,345.07,444,OL,346.43,7,OL,351.35,9,27,353.25,8,OL,355.52,3,OL,359.85,13,,,,,,,,,,,,,,,,,,,,,,,,,,,,,,,,,,,,,,,,,,,,,,,,,,,,,,,,,,,,,,,,,,,,,,,,,,,,,,,,,,,,,,,,,,,,,,,,,,,,,,,,,,,,,,,,,,,,,,,,,,,,,,,,,,,,,,,,,,,,,,,,,,,,,,,,,,,,,,,,,,,,,,,,,,,,,,,,,,,,,,,,,,,,,,,,,,,,,,,,,,,,,,,,,,,,,,,,,,,,,,,,,,,,,,,,,,,,,,,,,,,,,,,,,,,,,,,,,,
F08_RD14-0003-04d3b-0.3IP-Q1.2_002.20sec.fsa,D19S433,Y,OL,102.44,8,10,103.73,11,11.2,110.23,61,12.2,114.28,933,13,116.17,6,14,120.14,87,14.2,122.51,22,15,124.11,861,15.2,126.29,36,18,136.13,10,,,,,,,,,,,,,,,,,,,,,,,,,,,,,,,,,,,,,,,,,,,,,,,,,,,,,,,,,,,,,,,,,,,,,,,,,,,,,,,,,,,,,,,,,,,,,,,,,,,,,,,,,,,,,,,,,,,,,,,,,,,,,,,,,,,,,,,,,,,,,,,,,,,,,,,,,,,,,,,,,,,,,,,,,,,,,,,,,,,,,,,,,,,,,,,,,,,,,,,,,,,,,,,,,,,,,,,,,,,,,,,,,,,,,,,,,,,,,,,,,,,,,,,,,,,,,,,,,,,,,,,,,,,,,,
F08_RD14-0003-04d3b-0.3IP-Q1.2_002.20sec.fsa,vWA,Y,OL,146.56,12,15,168.18,48,16,172.26,1016,17,176.64,65,18,180.3,78,19,184.45,847,21,192.16,6,OL,205.49,4,,,,,,,,,,,,,,,,,,,,,,,,,,,,,,,,,,,,,,,,,,,,,,,,,,,,,,,,,,,,,,,,,,,,,,,,,,,,,,,,,,,,,,,,,,,,,,,,,,,,,,,,,,,,,,,,,,,,,,,,,,,,,,,,,,,,,,,,,,,,,,,,,,,,,,,,,,,,,,,,,,,,,,,,,,,,,,,,,,,,,,,,,,,,,,,,,,,,,,,,,,,,,,,,,,,,,,,,,,,,,,,,,,,,,,,,,,,,,,,,,,,,,,,,,,,,,,,,,,,,,,,,,,,,,,,,,,,,
F08_RD14-0003-04d3b-0.3IP-Q1.2_002.20sec.fsa,TPOX,Y,OL,218.05,7,OL,220.22,12,9,232.69,20,10,236.68,525,11,240.68,475,OL,246.1,7,OL,250.15,12,,,,,,,,,,,,,,,,,,,,,,,,,,,,,,,,,,,,,,,,,,,,,,,,,,,,,,,,,,,,,,,,,,,,,,,,,,,,,,,,,,,,,,,,,,,,,,,,,,,,,,,,,,,,,,,,,,,,,,,,,,,,,,,,,,,,,,,,,,,,,,,,,,,,,,,,,,,,,,,,,,,,,,,,,,,,,,,,,,,,,,,,,,,,,,,,,,,,,,,,,,,,,,,,,,,,,,,,,,,,,,,,,,,,,,,,,,,,,,,,,,,,,,,,,,,,,,,,,,,,,,,,,,,,,,,,,,,,,,,
F08_RD14-0003-04d3b-0.3IP-Q1.2_002.20sec.fsa,D18S51,Y,8,264.89,6,OL,267.34,6,9,268.46,8,9.2,271.21,9,OL,273.81,8,11.2,279.48,7,14,289.21,37,15,293.15,425,OL,295.85,4,16,297.02,35,17,301.07,403,19.2,310.63,11,OL,314.47,6,23.2,327.83,9,OL,340.23,12,,,,,,,,,,,,,,,,,,,,,,,,,,,,,,,,,,,,,,,,,,,,,,,,,,,,,,,,,,,,,,,,,,,,,,,,,,,,,,,,,,,,,,,,,,,,,,,,,,,,,,,,,,,,,,,,,,,,,,,,,,,,,,,,,,,,,,,,,,,,,,,,,,,,,,,,,,,,,,,,,,,,,,,,,,,,,,,,,,,,,,,,,,,,,,,,,,,,,,,,,,,,,,,,,,,,,,,,,,,,,,,,,,,,,,,,,,,,,,,,,,,,,,,,,,,,,,,
F08_RD14-0003-04d3b-0.3IP-Q1.2_002.20sec.fsa,AMEL,R,X,104.95,1285,OL,106.24,24,OL,108.73,7,Y,110.8,961,,,,,,,,,,,,,,,,,,,,,,,,,,,,,,,,,,,,,,,,,,,,,,,,,,,,,,,,,,,,,,,,,,,,,,,,,,,,,,,,,,,,,,,,,,,,,,,,,,,,,,,,,,,,,,,,,,,,,,,,,,,,,,,,,,,,,,,,,,,,,,,,,,,,,,,,,,,,,,,,,,,,,,,,,,,,,,,,,,,,,,,,,,,,,,,,,,,,,,,,,,,,,,,,,,,,,,,,,,,,,,,,,,,,,,,,,,,,,,,,,,,,,,,,,,,,,,,,,,,,,,,,,,,,,,,,,,,,,,,,,,,,,,,,
F08_RD14-0003-04d3b-0.3IP-Q1.2_002.20sec.fsa,D5S818,R,OL,126.85,2,OL,143.02,9,10,144.71,46,11,148.85,1118,12,153,1022,14,160.8,9,OL,174.16,10,,,,,,,,,,,,,,,,,,,,,,,,,,,,,,,,,,,,,,,,,,,,,,,,,,,,,,,,,,,,,,,,,,,,,,,,,,,,,,,,,,,,,,,,,,,,,,,,,,,,,,,,,,,,,,,,,,,,,,,,,,,,,,,,,,,,,,,,,,,,,,,,,,,,,,,,,,,,,,,,,,,,,,,,,,,,,,,,,,,,,,,,,,,,,,,,,,,,,,,,,,,,,,,,,,,,,,,,,,,,,,,,,,,,,,,,,,,,,,,,,,,,,,,,,,,,,,,,,,,,,,,,,,,,,,,,,,,,,,,
F08_RD14-0003-04d3b-0.3IP-Q1.2_002.20sec.fsa,FGA,R,16,208.32,10,16,208.83,10,19,220.96,63,19.2,222.51,4,20,225.09,882,OL,227.68,11,21,229.15,707,23,237.27,14,OL,238.67,14,24.2,242.87,11,OL,250.8,11,OL,265.04,8,32.2,276.12,7,OL,280.95,4,OL,285.34,5,OL,288.26,6,OL,296.72,10,OL,302.65,10,OL,317.7,8,OL,318.49,8,OL,342.5,9,OL,356.81,6,,,,,,,,,,,,,,,,,,,,,,,,,,,,,,,,,,,,,,,,,,,,,,,,,,,,,,,,,,,,,,,,,,,,,,,,,,,,,,,,,,,,,,,,,,,,,,,,,,,,,,,,,,,,,,,,,,,,,,,,,,,,,,,,,,,,,,,,,,,,,,,,,,,,,,,,,,,,,,,,,,,,,,,,,,,,,,,,,,,,,,,,,,,,,,,,,,,,,,,,,,,,,,,,,,,,,,,,,,,,,,,,,,,,,,,,,,
F09_RD14-0003-04d3c-0.0078IP-Q1.7_002.20sec.fsa,D8S1179,B,OL,113.85,11,OL,118.22,4,OL,123.09,7,OL,123.81,4,OL,129.03,9,OL,132.98,5,14,145.75,11,OL,161.13,5,OL,164.36,5,OL,168.34,6,OL,175.79,7,,,,,,,,,,,,,,,,,,,,,,,,,,,,,,,,,,,,,,,,,,,,,,,,,,,,,,,,,,,,,,,,,,,,,,,,,,,,,,,,,,,,,,,,,,,,,,,,,,,,,,,,,,,,,,,,,,,,,,,,,,,,,,,,,,,,,,,,,,,,,,,,,,,,,,,,,,,,,,,,,,,,,,,,,,,,,,,,,,,,,,,,,,,,,,,,,,,,,,,,,,,,,,,,,,,,,,,,,,,,,,,,,,,,,,,,,,,,,,,,,,,,,,,,,,,,,,,,,,,,,,,,,,,
F09_RD14-0003-04d3c-0.0078IP-Q1.7_002.20sec.fsa,D21S11,B,24,182.22,3,OL,187.8,5,OL,191.23,3,OL,195.43,4,28,198.93,6,29.2,205,4,OL,207.47,4,OL,213.32,5,OL,213.92,6,35,227.2,5,38,238.47,4,,,,,,,,,,,,,,,,,,,,,,,,,,,,,,,,,,,,,,,,,,,,,,,,,,,,,,,,,,,,,,,,,,,,,,,,,,,,,,,,,,,,,,,,,,,,,,,,,,,,,,,,,,,,,,,,,,,,,,,,,,,,,,,,,,,,,,,,,,,,,,,,,,,,,,,,,,,,,,,,,,,,,,,,,,,,,,,,,,,,,,,,,,,,,,,,,,,,,,,,,,,,,,,,,,,,,,,,,,,,,,,,,,,,,,,,,,,,,,,,,,,,,,,,,,,,,,,,,,,,,,,,,,,
F09_RD14-0003-04d3c-0.0078IP-Q1.7_002.20sec.fsa,D7S820,B,5.2,252.63,7,OL,265.02,5,OL,271.81,7,OL,280,8,13,282.57,4,OL,283.33,4,OL,287.41,7,,,,,,,,,,,,,,,,,,,,,,,,,,,,,,,,,,,,,,,,,,,,,,,,,,,,,,,,,,,,,,,,,,,,,,,,,,,,,,,,,,,,,,,,,,,,,,,,,,,,,,,,,,,,,,,,,,,,,,,,,,,,,,,,,,,,,,,,,,,,,,,,,,,,,,,,,,,,,,,,,,,,,,,,,,,,,,,,,,,,,,,,,,,,,,,,,,,,,,,,,,,,,,,,,,,,,,,,,,,,,,,,,,,,,,,,,,,,,,,,,,,,,,,,,,,,,,,,,,,,,,,,,,,,,,,,,,,,,,,
F09_RD14-0003-04d3c-0.0078IP-Q1.7_002.20sec.fsa,CSF1PO,B,5,298.42,7,OL,299.92,7,9,314.81,2,OL,320,9,10.2,320.71,5,OL,322.04,4,12,326.74,41,,,,,,,,,,,,,,,,,,,,,,,,,,,,,,,,,,,,,,,,,,,,,,,,,,,,,,,,,,,,,,,,,,,,,,,,,,,,,,,,,,,,,,,,,,,,,,,,,,,,,,,,,,,,,,,,,,,,,,,,,,,,,,,,,,,,,,,,,,,,,,,,,,,,,,,,,,,,,,,,,,,,,,,,,,,,,,,,,,,,,,,,,,,,,,,,,,,,,,,,,,,,,,,,,,,,,,,,,,,,,,,,,,,,,,,,,,,,,,,,,,,,,,,,,,,,,,,,,,,,,,,,,,,,,,,,,,,,,,,
F09_RD14-0003-04d3c-0.0078IP-Q1.7_002.20sec.fsa,D3S1358,G,OL,95.61,10,OL,96.19,8,OL,99.93,7,OL,112.39,8,OL,115.43,26,OL,116.5,24,16,126.34,32,OL,127.72,15,OL,131.51,8,OL,141.74,13,OL,143.25,9,,,,,,,,,,,,,,,,,,,,,,,,,,,,,,,,,,,,,,,,,,,,,,,,,,,,,,,,,,,,,,,,,,,,,,,,,,,,,,,,,,,,,,,,,,,,,,,,,,,,,,,,,,,,,,,,,,,,,,,,,,,,,,,,,,,,,,,,,,,,,,,,,,,,,,,,,,,,,,,,,,,,,,,,,,,,,,,,,,,,,,,,,,,,,,,,,,,,,,,,,,,,,,,,,,,,,,,,,,,,,,,,,,,,,,,,,,,,,,,,,,,,,,,,,,,,,,,,,,,,,,,,,,,
F09_RD14-0003-04d3c-0.0078IP-Q1.7_002.20sec.fsa,TH01,G,OL,161.5,12,OL,170.6,9,7,172.48,8,8,176.69,123,8.3,179.92,14,OL,183.29,10,12,192.91,10,OL,195.35,9,,,,,,,,,,,,,,,,,,,,,,,,,,,,,,,,,,,,,,,,,,,,,,,,,,,,,,,,,,,,,,,,,,,,,,,,,,,,,,,,,,,,,,,,,,,,,,,,,,,,,,,,,,,,,,,,,,,,,,,,,,,,,,,,,,,,,,,,,,,,,,,,,,,,,,,,,,,,,,,,,,,,,,,,,,,,,,,,,,,,,,,,,,,,,,,,,,,,,,,,,,,,,,,,,,,,,,,,,,,,,,,,,,,,,,,,,,,,,,,,,,,,,,,,,,,,,,,,,,,,,,,,,,,,,,,,,,,,
F09_RD14-0003-04d3c-0.0078IP-Q1.7_002.20sec.fsa,D13S317,G,OL,207.32,8,7,211.29,7,OL,225.68,8,11,227.28,8,12,231.23,79,OL,238.17,5,,,,,,,,,,,,,,,,,,,,,,,,,,,,,,,,,,,,,,,,,,,,,,,,,,,,,,,,,,,,,,,,,,,,,,,,,,,,,,,,,,,,,,,,,,,,,,,,,,,,,,,,,,,,,,,,,,,,,,,,,,,,,,,,,,,,,,,,,,,,,,,,,,,,,,,,,,,,,,,,,,,,,,,,,,,,,,,,,,,,,,,,,,,,,,,,,,,,,,,,,,,,,,,,,,,,,,,,,,,,,,,,,,,,,,,,,,,,,,,,,,,,,,,,,,,,,,,,,,,,,,,,,,,,,,,,,,,,,,,,,,
F09_RD14-0003-04d3c-0.0078IP-Q1.7_002.20sec.fsa,D16S539,G,OL,249.92,7,OL,250.83,5,OL,261.44,7,OL,269.44,9,10,271.66,5,OL,276.47,7,OL,279.92,11,OL,281.97,8,,,,,,,,,,,,,,,,,,,,,,,,,,,,,,,,,,,,,,,,,,,,,,,,,,,,,,,,,,,,,,,,,,,,,,,,,,,,,,,,,,,,,,,,,,,,,,,,,,,,,,,,,,,,,,,,,,,,,,,,,,,,,,,,,,,,,,,,,,,,,,,,,,,,,,,,,,,,,,,,,,,,,,,,,,,,,,,,,,,,,,,,,,,,,,,,,,,,,,,,,,,,,,,,,,,,,,,,,,,,,,,,,,,,,,,,,,,,,,,,,,,,,,,,,,,,,,,,,,,,,,,,,,,,,,,,,,,,
F09_RD14-0003-04d3c-0.0078IP-Q1.7_002.20sec.fsa,D2S1338,G,14,301.04,6,OL,316.02,8,OL,328.21,6,OL,334.17,7,24,341.56,10,25,344.92,32,26,348.67,4,OL,356.33,8,28,357.26,6,OL,359.84,13,OL,362.25,9,OL,363.34,6,OL,364.43,12,OL,365.28,11,,,,,,,,,,,,,,,,,,,,,,,,,,,,,,,,,,,,,,,,,,,,,,,,,,,,,,,,,,,,,,,,,,,,,,,,,,,,,,,,,,,,,,,,,,,,,,,,,,,,,,,,,,,,,,,,,,,,,,,,,,,,,,,,,,,,,,,,,,,,,,,,,,,,,,,,,,,,,,,,,,,,,,,,,,,,,,,,,,,,,,,,,,,,,,,,,,,,,,,,,,,,,,,,,,,,,,,,,,,,,,,,,,,,,,,,,,,,,,,,,,,,,,,,,,,,,,,,,,
F09_RD14-0003-04d3c-0.0078IP-Q1.7_002.20sec.fsa,D19S433,Y,9,99.56,14,12.2,114.14,36,15,123.96,25,OL,130.64,6,18,136.07,9,OL,137.33,6,OL,139.48,13,,,,,,,,,,,,,,,,,,,,,,,,,,,,,,,,,,,,,,,,,,,,,,,,,,,,,,,,,,,,,,,,,,,,,,,,,,,,,,,,,,,,,,,,,,,,,,,,,,,,,,,,,,,,,,,,,,,,,,,,,,,,,,,,,,,,,,,,,,,,,,,,,,,,,,,,,,,,,,,,,,,,,,,,,,,,,,,,,,,,,,,,,,,,,,,,,,,,,,,,,,,,,,,,,,,,,,,,,,,,,,,,,,,,,,,,,,,,,,,,,,,,,,,,,,,,,,,,,,,,,,,,,,,,,,,,,,,,,,,
F09_RD14-0003-04d3c-0.0078IP-Q1.7_002.20sec.fsa,vWA,Y,13,160.23,13,OL,160.98,9,14,164.73,12,OL,166.84,9,16,172.1,32,OL,174.51,16,OL,193.44,7,OL,194.21,8,OL,194.74,7,24,205,4,,,,,,,,,,,,,,,,,,,,,,,,,,,,,,,,,,,,,,,,,,,,,,,,,,,,,,,,,,,,,,,,,,,,,,,,,,,,,,,,,,,,,,,,,,,,,,,,,,,,,,,,,,,,,,,,,,,,,,,,,,,,,,,,,,,,,,,,,,,,,,,,,,,,,,,,,,,,,,,,,,,,,,,,,,,,,,,,,,,,,,,,,,,,,,,,,,,,,,,,,,,,,,,,,,,,,,,,,,,,,,,,,,,,,,,,,,,,,,,,,,,,,,,,,,,,,,,,,,,,,,,,,,,,,,
F09_RD14-0003-04d3c-0.0078IP-Q1.7_002.20sec.fsa,TPOX,Y,OL,219.23,9,6,220.98,5,OL,225.68,13,OL,231.61,7,10,236.56,5,11,240.63,28,OL,249.61,10,OL,252.1,11,,,,,,,,,,,,,,,,,,,,,,,,,,,,,,,,,,,,,,,,,,,,,,,,,,,,,,,,,,,,,,,,,,,,,,,,,,,,,,,,,,,,,,,,,,,,,,,,,,,,,,,,,,,,,,,,,,,,,,,,,,,,,,,,,,,,,,,,,,,,,,,,,,,,,,,,,,,,,,,,,,,,,,,,,,,,,,,,,,,,,,,,,,,,,,,,,,,,,,,,,,,,,,,,,,,,,,,,,,,,,,,,,,,,,,,,,,,,,,,,,,,,,,,,,,,,,,,,,,,,,,,,,,,,,,,,,,,,
F09_RD14-0003-04d3c-0.0078IP-Q1.7_002.20sec.fsa,D18S51,Y,7,260.3,9,OL,267.46,9,OL,284.16,4,OL,292.31,7,OL,297.82,7,OL,302.07,5,17.2,303.12,7,OL,320.39,10,OL,322.59,6,OL,328.6,4,OL,334.48,10,OL,340.31,16,,,,,,,,,,,,,,,,,,,,,,,,,,,,,,,,,,,,,,,,,,,,,,,,,,,,,,,,,,,,,,,,,,,,,,,,,,,,,,,,,,,,,,,,,,,,,,,,,,,,,,,,,,,,,,,,,,,,,,,,,,,,,,,,,,,,,,,,,,,,,,,,,,,,,,,,,,,,,,,,,,,,,,,,,,,,,,,,,,,,,,,,,,,,,,,,,,,,,,,,,,,,,,,,,,,,,,,,,,,,,,,,,,,,,,,,,,,,,,,,,,,,,,,,,,,,,,,,,,,,,,,,
F09_RD14-0003-04d3c-0.0078IP-Q1.7_002.20sec.fsa,AMEL,R,X,104.82,36,OL,109.53,9,Y,110.78,17,,,,,,,,,,,,,,,,,,,,,,,,,,,,,,,,,,,,,,,,,,,,,,,,,,,,,,,,,,,,,,,,,,,,,,,,,,,,,,,,,,,,,,,,,,,,,,,,,,,,,,,,,,,,,,,,,,,,,,,,,,,,,,,,,,,,,,,,,,,,,,,,,,,,,,,,,,,,,,,,,,,,,,,,,,,,,,,,,,,,,,,,,,,,,,,,,,,,,,,,,,,,,,,,,,,,,,,,,,,,,,,,,,,,,,,,,,,,,,,,,,,,,,,,,,,,,,,,,,,,,,,,,,,,,,,,,,,,,,,,,,,,,,,,,,,
F09_RD14-0003-04d3c-0.0078IP-Q1.7_002.20sec.fsa,D5S818,R,OL,126.27,10,11,148.86,23,OL,159.39,15,OL,178.12,8,,,,,,,,,,,,,,,,,,,,,,,,,,,,,,,,,,,,,,,,,,,,,,,,,,,,,,,,,,,,,,,,,,,,,,,,,,,,,,,,,,,,,,,,,,,,,,,,,,,,,,,,,,,,,,,,,,,,,,,,,,,,,,,,,,,,,,,,,,,,,,,,,,,,,,,,,,,,,,,,,,,,,,,,,,,,,,,,,,,,,,,,,,,,,,,,,,,,,,,,,,,,,,,,,,,,,,,,,,,,,,,,,,,,,,,,,,,,,,,,,,,,,,,,,,,,,,,,,,,,,,,,,,,,,,,,,,,,,,,,,,,,,,,,
F09_RD14-0003-04d3c-0.0078IP-Q1.7_002.20sec.fsa,FGA,R,OL,205.22,4,OL,211.82,14,19,221.14,6,OL,231.99,7,OL,232.6,7,23.2,239.24,12,24,241.34,8,24.2,243.84,10,25.2,247.67,7,OL,251.05,10,27.2,255.47,8,OL,256.29,6,OL,260.68,7,OL,267,6,31,269.37,7,OL,270.13,5,31.2,271.2,6,OL,278.08,7,OL,291.86,6,OL,292.69,9,OL,293.74,10,OL,304.76,10,OL,305.67,12,OL,314.97,8,OL,321.65,11,OL,357.58,6,OL,358.98,7,,,,,,,,,,,,,,,,,,,,,,,,,,,,,,,,,,,,,,,,,,,,,,,,,,,,,,,,,,,,,,,,,,,,,,,,,,,,,,,,,,,,,,,,,,,,,,,,,,,,,,,,,,,,,,,,,,,,,,,,,,,,,,,,,,,,,,,,,,,,,,,,,,,,,,,,,,,,,,,,,,,,,,,,,,,,,,,,,,,,,,,,,,,,,,,,,,,,,,,,,,,,,,,,,,,,,,,,,,,
F10_RD14-0003-04d3d-0.0078IP-Q1.6_002.20sec.fsa,D8S1179,B,OL,118.72,3,8,121.51,10,OL,123.39,6,10,130.01,2,14,145.75,9,OL,152.74,6,16,154.57,8,OL,160.45,4,OL,167.54,7,OL,169.2,3,OL,174.18,6,,,,,,,,,,,,,,,,,,,,,,,,,,,,,,,,,,,,,,,,,,,,,,,,,,,,,,,,,,,,,,,,,,,,,,,,,,,,,,,,,,,,,,,,,,,,,,,,,,,,,,,,,,,,,,,,,,,,,,,,,,,,,,,,,,,,,,,,,,,,,,,,,,,,,,,,,,,,,,,,,,,,,,,,,,,,,,,,,,,,,,,,,,,,,,,,,,,,,,,,,,,,,,,,,,,,,,,,,,,,,,,,,,,,,,,,,,,,,,,,,,,,,,,,,,,,,,,,,,,,,,,,,,,
F10_RD14-0003-04d3d-0.0078IP-Q1.6_002.20sec.fsa,D21S11,B,OL,189.13,2,27,194.49,7,OL,195.33,4,28,198.62,65,35.2,229.21,5,OL,231.89,6,37,234.79,6,OL,238.39,2,,,,,,,,,,,,,,,,,,,,,,,,,,,,,,,,,,,,,,,,,,,,,,,,,,,,,,,,,,,,,,,,,,,,,,,,,,,,,,,,,,,,,,,,,,,,,,,,,,,,,,,,,,,,,,,,,,,,,,,,,,,,,,,,,,,,,,,,,,,,,,,,,,,,,,,,,,,,,,,,,,,,,,,,,,,,,,,,,,,,,,,,,,,,,,,,,,,,,,,,,,,,,,,,,,,,,,,,,,,,,,,,,,,,,,,,,,,,,,,,,,,,,,,,,,,,,,,,,,,,,,,,,,,,,,,,,,,,
F10_RD14-0003-04d3d-0.0078IP-Q1.6_002.20sec.fsa,D7S820,B,OL,256.13,5,OL,260.15,8,OL,263.14,6,8.2,263.83,6,OL,267.28,5,OL,279.07,6,OL,280.91,3,15,290.4,6,,,,,,,,,,,,,,,,,,,,,,,,,,,,,,,,,,,,,,,,,,,,,,,,,,,,,,,,,,,,,,,,,,,,,,,,,,,,,,,,,,,,,,,,,,,,,,,,,,,,,,,,,,,,,,,,,,,,,,,,,,,,,,,,,,,,,,,,,,,,,,,,,,,,,,,,,,,,,,,,,,,,,,,,,,,,,,,,,,,,,,,,,,,,,,,,,,,,,,,,,,,,,,,,,,,,,,,,,,,,,,,,,,,,,,,,,,,,,,,,,,,,,,,,,,,,,,,,,,,,,,,,,,,,,,,,,,,,
F10_RD14-0003-04d3d-0.0078IP-Q1.6_002.20sec.fsa,CSF1PO,B,OL,307.39,5,OL,316.7,2,12,326.86,24,OL,339.85,7,,,,,,,,,,,,,,,,,,,,,,,,,,,,,,,,,,,,,,,,,,,,,,,,,,,,,,,,,,,,,,,,,,,,,,,,,,,,,,,,,,,,,,,,,,,,,,,,,,,,,,,,,,,,,,,,,,,,,,,,,,,,,,,,,,,,,,,,,,,,,,,,,,,,,,,,,,,,,,,,,,,,,,,,,,,,,,,,,,,,,,,,,,,,,,,,,,,,,,,,,,,,,,,,,,,,,,,,,,,,,,,,,,,,,,,,,,,,,,,,,,,,,,,,,,,,,,,,,,,,,,,,,,,,,,,,,,,,,,,,,,,,,,,,
F10_RD14-0003-04d3d-0.0078IP-Q1.6_002.20sec.fsa,D3S1358,G,OL,94.51,12,OL,104.22,7,OL,109.16,6,OL,115.29,23,16,126.22,8,OL,129.79,9,17,130.89,13,18,134.87,12,18.2,136.58,9,,,,,,,,,,,,,,,,,,,,,,,,,,,,,,,,,,,,,,,,,,,,,,,,,,,,,,,,,,,,,,,,,,,,,,,,,,,,,,,,,,,,,,,,,,,,,,,,,,,,,,,,,,,,,,,,,,,,,,,,,,,,,,,,,,,,,,,,,,,,,,,,,,,,,,,,,,,,,,,,,,,,,,,,,,,,,,,,,,,,,,,,,,,,,,,,,,,,,,,,,,,,,,,,,,,,,,,,,,,,,,,,,,,,,,,,,,,,,,,,,,,,,,,,,,,,,,,,,,,,,,,,,,,,,,,,,
F10_RD14-0003-04d3d-0.0078IP-Q1.6_002.20sec.fsa,TH01,G,3,155.95,9,OL,158.24,4,OL,170.41,6,OL,178.64,8,9.3,183.91,9,OL,191.04,3,OL,200.82,7,,,,,,,,,,,,,,,,,,,,,,,,,,,,,,,,,,,,,,,,,,,,,,,,,,,,,,,,,,,,,,,,,,,,,,,,,,,,,,,,,,,,,,,,,,,,,,,,,,,,,,,,,,,,,,,,,,,,,,,,,,,,,,,,,,,,,,,,,,,,,,,,,,,,,,,,,,,,,,,,,,,,,,,,,,,,,,,,,,,,,,,,,,,,,,,,,,,,,,,,,,,,,,,,,,,,,,,,,,,,,,,,,,,,,,,,,,,,,,,,,,,,,,,,,,,,,,,,,,,,,,,,,,,,,,,,,,,,,,,
F10_RD14-0003-04d3d-0.0078IP-Q1.6_002.20sec.fsa,D13S317,G,OL,206.16,3,OL,213.92,12,8,214.92,7,OL,216.54,9,OL,218.23,7,OL,221.22,7,10,223.19,5,12,231.27,74,OL,232.5,5,OL,234.79,7,14,238.85,5,15,242.98,10,OL,245.02,7,,,,,,,,,,,,,,,,,,,,,,,,,,,,,,,,,,,,,,,,,,,,,,,,,,,,,,,,,,,,,,,,,,,,,,,,,,,,,,,,,,,,,,,,,,,,,,,,,,,,,,,,,,,,,,,,,,,,,,,,,,,,,,,,,,,,,,,,,,,,,,,,,,,,,,,,,,,,,,,,,,,,,,,,,,,,,,,,,,,,,,,,,,,,,,,,,,,,,,,,,,,,,,,,,,,,,,,,,,,,,,,,,,,,,,,,,,,,,,,,,,,,,,,,,,,,,,,,,,,,,
F10_RD14-0003-04d3d-0.0078IP-Q1.6_002.20sec.fsa,D16S539,G,OL,253.15,5,OL,256.06,6,10,271.66,6,11,275.29,73,OL,276.37,11,OL,277.29,6,13,282.81,10,,,,,,,,,,,,,,,,,,,,,,,,,,,,,,,,,,,,,,,,,,,,,,,,,,,,,,,,,,,,,,,,,,,,,,,,,,,,,,,,,,,,,,,,,,,,,,,,,,,,,,,,,,,,,,,,,,,,,,,,,,,,,,,,,,,,,,,,,,,,,,,,,,,,,,,,,,,,,,,,,,,,,,,,,,,,,,,,,,,,,,,,,,,,,,,,,,,,,,,,,,,,,,,,,,,,,,,,,,,,,,,,,,,,,,,,,,,,,,,,,,,,,,,,,,,,,,,,,,,,,,,,,,,,,,,,,,,,,,,
F10_RD14-0003-04d3d-0.0078IP-Q1.6_002.20sec.fsa,D2S1338,G,17,312.99,3,OL,320.16,10,OL,322.22,5,20,324.82,8,21,329.12,33,OL,335.4,6,OL,339.01,4,OL,339.92,9,OL,342.43,7,OL,354.43,8,OL,360.16,14,OL,362.42,7,,,,,,,,,,,,,,,,,,,,,,,,,,,,,,,,,,,,,,,,,,,,,,,,,,,,,,,,,,,,,,,,,,,,,,,,,,,,,,,,,,,,,,,,,,,,,,,,,,,,,,,,,,,,,,,,,,,,,,,,,,,,,,,,,,,,,,,,,,,,,,,,,,,,,,,,,,,,,,,,,,,,,,,,,,,,,,,,,,,,,,,,,,,,,,,,,,,,,,,,,,,,,,,,,,,,,,,,,,,,,,,,,,,,,,,,,,,,,,,,,,,,,,,,,,,,,,,,,,,,,,,,
F10_RD14-0003-04d3d-0.0078IP-Q1.6_002.20sec.fsa,D19S433,Y,12.2,114.29,62,OL,118.79,6,14,120.14,16,15,124.11,46,OL,125.13,9,16,128.19,11,17,132.36,9,17.2,133.69,5,,,,,,,,,,,,,,,,,,,,,,,,,,,,,,,,,,,,,,,,,,,,,,,,,,,,,,,,,,,,,,,,,,,,,,,,,,,,,,,,,,,,,,,,,,,,,,,,,,,,,,,,,,,,,,,,,,,,,,,,,,,,,,,,,,,,,,,,,,,,,,,,,,,,,,,,,,,,,,,,,,,,,,,,,,,,,,,,,,,,,,,,,,,,,,,,,,,,,,,,,,,,,,,,,,,,,,,,,,,,,,,,,,,,,,,,,,,,,,,,,,,,,,,,,,,,,,,,,,,,,,,,,,,,,,,,,,,,
F10_RD14-0003-04d3d-0.0078IP-Q1.6_002.20sec.fsa,vWA,Y,OL,154.27,7,14,164.22,14,OL,164.82,12,16,172.14,47,OL,173.2,6,19,184.45,50,OL,198.78,3,23,200.15,11,25,208.94,5,,,,,,,,,,,,,,,,,,,,,,,,,,,,,,,,,,,,,,,,,,,,,,,,,,,,,,,,,,,,,,,,,,,,,,,,,,,,,,,,,,,,,,,,,,,,,,,,,,,,,,,,,,,,,,,,,,,,,,,,,,,,,,,,,,,,,,,,,,,,,,,,,,,,,,,,,,,,,,,,,,,,,,,,,,,,,,,,,,,,,,,,,,,,,,,,,,,,,,,,,,,,,,,,,,,,,,,,,,,,,,,,,,,,,,,,,,,,,,,,,,,,,,,,,,,,,,,,,,,,,,,,,,,,,,,,,
F10_RD14-0003-04d3d-0.0078IP-Q1.6_002.20sec.fsa,TPOX,Y,7,224.41,8,13,248.68,11,OL,251.43,7,OL,253.97,7,,,,,,,,,,,,,,,,,,,,,,,,,,,,,,,,,,,,,,,,,,,,,,,,,,,,,,,,,,,,,,,,,,,,,,,,,,,,,,,,,,,,,,,,,,,,,,,,,,,,,,,,,,,,,,,,,,,,,,,,,,,,,,,,,,,,,,,,,,,,,,,,,,,,,,,,,,,,,,,,,,,,,,,,,,,,,,,,,,,,,,,,,,,,,,,,,,,,,,,,,,,,,,,,,,,,,,,,,,,,,,,,,,,,,,,,,,,,,,,,,,,,,,,,,,,,,,,,,,,,,,,,,,,,,,,,,,,,,,,,,,,,,,,,
F10_RD14-0003-04d3d-0.0078IP-Q1.6_002.20sec.fsa,D18S51,Y,OL,280.38,14,OL,290.25,10,16.2,299.55,7,17,301.03,40,OL,308.15,6,OL,309.98,6,OL,320.79,11,22,321.9,10,,,,,,,,,,,,,,,,,,,,,,,,,,,,,,,,,,,,,,,,,,,,,,,,,,,,,,,,,,,,,,,,,,,,,,,,,,,,,,,,,,,,,,,,,,,,,,,,,,,,,,,,,,,,,,,,,,,,,,,,,,,,,,,,,,,,,,,,,,,,,,,,,,,,,,,,,,,,,,,,,,,,,,,,,,,,,,,,,,,,,,,,,,,,,,,,,,,,,,,,,,,,,,,,,,,,,,,,,,,,,,,,,,,,,,,,,,,,,,,,,,,,,,,,,,,,,,,,,,,,,,,,,,,,,,,,,,,,
F10_RD14-0003-04d3d-0.0078IP-Q1.6_002.20sec.fsa,AMEL,R,X,104.59,10,Y,110.85,60,,,,,,,,,,,,,,,,,,,,,,,,,,,,,,,,,,,,,,,,,,,,,,,,,,,,,,,,,,,,,,,,,,,,,,,,,,,,,,,,,,,,,,,,,,,,,,,,,,,,,,,,,,,,,,,,,,,,,,,,,,,,,,,,,,,,,,,,,,,,,,,,,,,,,,,,,,,,,,,,,,,,,,,,,,,,,,,,,,,,,,,,,,,,,,,,,,,,,,,,,,,,,,,,,,,,,,,,,,,,,,,,,,,,,,,,,,,,,,,,,,,,,,,,,,,,,,,,,,,,,,,,,,,,,,,,,,,,,,,,,,,,,,,,,,,,,,
F10_RD14-0003-04d3d-0.0078IP-Q1.6_002.20sec.fsa,D5S818,R,7,132.95,6,9,140.45,7,9,140.98,6,OL,151.14,8,13,157.63,10,OL,159.31,7,,,,,,,,,,,,,,,,,,,,,,,,,,,,,,,,,,,,,,,,,,,,,,,,,,,,,,,,,,,,,,,,,,,,,,,,,,,,,,,,,,,,,,,,,,,,,,,,,,,,,,,,,,,,,,,,,,,,,,,,,,,,,,,,,,,,,,,,,,,,,,,,,,,,,,,,,,,,,,,,,,,,,,,,,,,,,,,,,,,,,,,,,,,,,,,,,,,,,,,,,,,,,,,,,,,,,,,,,,,,,,,,,,,,,,,,,,,,,,,,,,,,,,,,,,,,,,,,,,,,,,,,,,,,,,,,,,,,,,,,,,
F10_RD14-0003-04d3d-0.0078IP-Q1.6_002.20sec.fsa,FGA,R,OL,205.41,9,OL,211.43,16,OL,217.92,8,18.2,218.77,8,21,229.06,22,OL,232.19,8,OL,238.31,8,OL,246.5,6,OL,249.15,7,OL,252.77,7,27.2,255.84,8,32.2,276.13,9,OL,277.83,10,OL,278.68,11,33.2,279.3,11,OL,298.42,7,OL,308,3,OL,321.35,8,OL,327.87,8,OL,329.9,5,OL,338.39,9,,,,,,,,,,,,,,,,,,,,,,,,,,,,,,,,,,,,,,,,,,,,,,,,,,,,,,,,,,,,,,,,,,,,,,,,,,,,,,,,,,,,,,,,,,,,,,,,,,,,,,,,,,,,,,,,,,,,,,,,,,,,,,,,,,,,,,,,,,,,,,,,,,,,,,,,,,,,,,,,,,,,,,,,,,,,,,,,,,,,,,,,,,,,,,,,,,,,,,,,,,,,,,,,,,,,,,,,,,,,,,,,,,,,,,,,,,,,,
F12_RD14-0003-04d3a-0.0156IP-Q1.0_002.20sec.fsa,D8S1179,B,OL,115.29,5,OL,120.64,12,OL,123.58,7,9,126.03,4,OL,134.33,20,OL,136.31,6,12,137.64,7,12,138.23,8,OL,140.23,11,OL,143.25,2,14,146.2,74,OL,152.21,7,17,158.55,8,OL,166.21,11,20,171.08,3,OL,171.76,7,OL,175.5,5,,,,,,,,,,,,,,,,,,,,,,,,,,,,,,,,,,,,,,,,,,,,,,,,,,,,,,,,,,,,,,,,,,,,,,,,,,,,,,,,,,,,,,,,,,,,,,,,,,,,,,,,,,,,,,,,,,,,,,,,,,,,,,,,,,,,,,,,,,,,,,,,,,,,,,,,,,,,,,,,,,,,,,,,,,,,,,,,,,,,,,,,,,,,,,,,,,,,,,,,,,,,,,,,,,,,,,,,,,,,,,,,,,,,,,,,,,,,,,,,,,,,,,,,,
F12_RD14-0003-04d3a-0.0156IP-Q1.0_002.20sec.fsa,D21S11,B,27.2,196.49,5,28,198.63,82,29,202.61,10,30,206.64,125,OL,209.27,3,33.2,221.21,3,38,238.55,5,39,242.41,5,,,,,,,,,,,,,,,,,,,,,,,,,,,,,,,,,,,,,,,,,,,,,,,,,,,,,,,,,,,,,,,,,,,,,,,,,,,,,,,,,,,,,,,,,,,,,,,,,,,,,,,,,,,,,,,,,,,,,,,,,,,,,,,,,,,,,,,,,,,,,,,,,,,,,,,,,,,,,,,,,,,,,,,,,,,,,,,,,,,,,,,,,,,,,,,,,,,,,,,,,,,,,,,,,,,,,,,,,,,,,,,,,,,,,,,,,,,,,,,,,,,,,,,,,,,,,,,,,,,,,,,,,,,,,,,,,,,,
F12_RD14-0003-04d3a-0.0156IP-Q1.0_002.20sec.fsa,D7S820,B,9,266.11,67,OL,271.7,3,OL,275.15,8,OL,277.38,3,OL,281.59,3,OL,283.78,5,OL,288.47,5,OL,291.41,4,,,,,,,,,,,,,,,,,,,,,,,,,,,,,,,,,,,,,,,,,,,,,,,,,,,,,,,,,,,,,,,,,,,,,,,,,,,,,,,,,,,,,,,,,,,,,,,,,,,,,,,,,,,,,,,,,,,,,,,,,,,,,,,,,,,,,,,,,,,,,,,,,,,,,,,,,,,,,,,,,,,,,,,,,,,,,,,,,,,,,,,,,,,,,,,,,,,,,,,,,,,,,,,,,,,,,,,,,,,,,,,,,,,,,,,,,,,,,,,,,,,,,,,,,,,,,,,,,,,,,,,,,,,,,,,,,,,,
F12_RD14-0003-04d3a-0.0156IP-Q1.0_002.20sec.fsa,CSF1PO,B,OL,303.64,4,OL,307.4,4,12,326.75,40,,,,,,,,,,,,,,,,,,,,,,,,,,,,,,,,,,,,,,,,,,,,,,,,,,,,,,,,,,,,,,,,,,,,,,,,,,,,,,,,,,,,,,,,,,,,,,,,,,,,,,,,,,,,,,,,,,,,,,,,,,,,,,,,,,,,,,,,,,,,,,,,,,,,,,,,,,,,,,,,,,,,,,,,,,,,,,,,,,,,,,,,,,,,,,,,,,,,,,,,,,,,,,,,,,,,,,,,,,,,,,,,,,,,,,,,,,,,,,,,,,,,,,,,,,,,,,,,,,,,,,,,,,,,,,,,,,,,,,,,,,,,,,,,,,,
F12_RD14-0003-04d3a-0.0156IP-Q1.0_002.20sec.fsa,D3S1358,G,OL,99.85,8,OL,108.42,14,OL,111.95,5,OL,115.57,21,14,118.29,19,15,122.22,250,OL,124.95,8,17.2,132.35,6,OL,133.15,6,18.2,136.38,11,,,,,,,,,,,,,,,,,,,,,,,,,,,,,,,,,,,,,,,,,,,,,,,,,,,,,,,,,,,,,,,,,,,,,,,,,,,,,,,,,,,,,,,,,,,,,,,,,,,,,,,,,,,,,,,,,,,,,,,,,,,,,,,,,,,,,,,,,,,,,,,,,,,,,,,,,,,,,,,,,,,,,,,,,,,,,,,,,,,,,,,,,,,,,,,,,,,,,,,,,,,,,,,,,,,,,,,,,,,,,,,,,,,,,,,,,,,,,,,,,,,,,,,,,,,,,,,,,,,,,,,,,,,,,,
F12_RD14-0003-04d3a-0.0156IP-Q1.0_002.20sec.fsa,TH01,G,3,156.02,22,5,164.49,5,7,172.65,14,8,176.63,256,OL,178.58,11,8.3,179.1,8,9.3,183.36,15,OL,186.19,6,OL,200.82,8,,,,,,,,,,,,,,,,,,,,,,,,,,,,,,,,,,,,,,,,,,,,,,,,,,,,,,,,,,,,,,,,,,,,,,,,,,,,,,,,,,,,,,,,,,,,,,,,,,,,,,,,,,,,,,,,,,,,,,,,,,,,,,,,,,,,,,,,,,,,,,,,,,,,,,,,,,,,,,,,,,,,,,,,,,,,,,,,,,,,,,,,,,,,,,,,,,,,,,,,,,,,,,,,,,,,,,,,,,,,,,,,,,,,,,,,,,,,,,,,,,,,,,,,,,,,,,,,,,,,,,,,,,,,,,,,,
F12_RD14-0003-04d3a-0.0156IP-Q1.0_002.20sec.fsa,D13S317,G,OL,208.29,7,OL,213.92,6,11,227.22,68,12,231.24,105,13,235.28,10,OL,240,8,15,243.04,4,,,,,,,,,,,,,,,,,,,,,,,,,,,,,,,,,,,,,,,,,,,,,,,,,,,,,,,,,,,,,,,,,,,,,,,,,,,,,,,,,,,,,,,,,,,,,,,,,,,,,,,,,,,,,,,,,,,,,,,,,,,,,,,,,,,,,,,,,,,,,,,,,,,,,,,,,,,,,,,,,,,,,,,,,,,,,,,,,,,,,,,,,,,,,,,,,,,,,,,,,,,,,,,,,,,,,,,,,,,,,,,,,,,,,,,,,,,,,,,,,,,,,,,,,,,,,,,,,,,,,,,,,,,,,,,,,,,,,,,
F12_RD14-0003-04d3a-0.0156IP-Q1.0_002.20sec.fsa,D16S539,G,7,259.85,10,OL,264.58,5,10,271.32,16,11,275.23,226,OL,284.16,7,OL,288.69,8,OL,292.24,5,,,,,,,,,,,,,,,,,,,,,,,,,,,,,,,,,,,,,,,,,,,,,,,,,,,,,,,,,,,,,,,,,,,,,,,,,,,,,,,,,,,,,,,,,,,,,,,,,,,,,,,,,,,,,,,,,,,,,,,,,,,,,,,,,,,,,,,,,,,,,,,,,,,,,,,,,,,,,,,,,,,,,,,,,,,,,,,,,,,,,,,,,,,,,,,,,,,,,,,,,,,,,,,,,,,,,,,,,,,,,,,,,,,,,,,,,,,,,,,,,,,,,,,,,,,,,,,,,,,,,,,,,,,,,,,,,,,,,,,
F12_RD14-0003-04d3a-0.0156IP-Q1.0_002.20sec.fsa,D2S1338,G,OL,307.78,6,OL,313.92,9,OL,338,3,27,352.78,7,27,353.41,7,OL,355.37,14,,,,,,,,,,,,,,,,,,,,,,,,,,,,,,,,,,,,,,,,,,,,,,,,,,,,,,,,,,,,,,,,,,,,,,,,,,,,,,,,,,,,,,,,,,,,,,,,,,,,,,,,,,,,,,,,,,,,,,,,,,,,,,,,,,,,,,,,,,,,,,,,,,,,,,,,,,,,,,,,,,,,,,,,,,,,,,,,,,,,,,,,,,,,,,,,,,,,,,,,,,,,,,,,,,,,,,,,,,,,,,,,,,,,,,,,,,,,,,,,,,,,,,,,,,,,,,,,,,,,,,,,,,,,,,,,,,,,,,,,,,
F12_RD14-0003-04d3a-0.0156IP-Q1.0_002.20sec.fsa,D19S433,Y,OL,96.57,8,OL,109.53,12,12.2,114.29,47,14,120.29,26,15,124.01,42,OL,131.04,6,OL,134.69,22,OL,141.66,10,,,,,,,,,,,,,,,,,,,,,,,,,,,,,,,,,,,,,,,,,,,,,,,,,,,,,,,,,,,,,,,,,,,,,,,,,,,,,,,,,,,,,,,,,,,,,,,,,,,,,,,,,,,,,,,,,,,,,,,,,,,,,,,,,,,,,,,,,,,,,,,,,,,,,,,,,,,,,,,,,,,,,,,,,,,,,,,,,,,,,,,,,,,,,,,,,,,,,,,,,,,,,,,,,,,,,,,,,,,,,,,,,,,,,,,,,,,,,,,,,,,,,,,,,,,,,,,,,,,,,,,,,,,,,,,,,,,,
F12_RD14-0003-04d3a-0.0156IP-Q1.0_002.20sec.fsa,vWA,Y,OL,164.94,16,16,172.28,38,18,180.31,21,19,184.35,91,OL,201.19,8,OL,202.46,13,OL,207.99,7,,,,,,,,,,,,,,,,,,,,,,,,,,,,,,,,,,,,,,,,,,,,,,,,,,,,,,,,,,,,,,,,,,,,,,,,,,,,,,,,,,,,,,,,,,,,,,,,,,,,,,,,,,,,,,,,,,,,,,,,,,,,,,,,,,,,,,,,,,,,,,,,,,,,,,,,,,,,,,,,,,,,,,,,,,,,,,,,,,,,,,,,,,,,,,,,,,,,,,,,,,,,,,,,,,,,,,,,,,,,,,,,,,,,,,,,,,,,,,,,,,,,,,,,,,,,,,,,,,,,,,,,,,,,,,,,,,,,,,,
F12_RD14-0003-04d3a-0.0156IP-Q1.0_002.20sec.fsa,TPOX,Y,OL,214.38,13,OL,215.69,7,5,216.77,10,6,221.14,7,OL,226.68,14,10,236.65,47,OL,238.32,9,11,240.7,93,13,249.15,11,,,,,,,,,,,,,,,,,,,,,,,,,,,,,,,,,,,,,,,,,,,,,,,,,,,,,,,,,,,,,,,,,,,,,,,,,,,,,,,,,,,,,,,,,,,,,,,,,,,,,,,,,,,,,,,,,,,,,,,,,,,,,,,,,,,,,,,,,,,,,,,,,,,,,,,,,,,,,,,,,,,,,,,,,,,,,,,,,,,,,,,,,,,,,,,,,,,,,,,,,,,,,,,,,,,,,,,,,,,,,,,,,,,,,,,,,,,,,,,,,,,,,,,,,,,,,,,,,,,,,,,,,,,,,,,,,
F12_RD14-0003-04d3a-0.0156IP-Q1.0_002.20sec.fsa,D18S51,Y,OL,263.21,16,OL,265.73,10,OL,281.59,5,13.2,287.33,5,15,293.07,48,17,301.04,48,18,304.61,9,OL,308.47,8,OL,314.4,15,23,325.66,8,OL,326.6,5,25,333.68,15,OL,340.39,11,OL,344.08,6,,,,,,,,,,,,,,,,,,,,,,,,,,,,,,,,,,,,,,,,,,,,,,,,,,,,,,,,,,,,,,,,,,,,,,,,,,,,,,,,,,,,,,,,,,,,,,,,,,,,,,,,,,,,,,,,,,,,,,,,,,,,,,,,,,,,,,,,,,,,,,,,,,,,,,,,,,,,,,,,,,,,,,,,,,,,,,,,,,,,,,,,,,,,,,,,,,,,,,,,,,,,,,,,,,,,,,,,,,,,,,,,,,,,,,,,,,,,,,,,,,,,,,,,,,,,,,,,,,
F12_RD14-0003-04d3a-0.0156IP-Q1.0_002.20sec.fsa,AMEL,R,Y,110.85,72,,,,,,,,,,,,,,,,,,,,,,,,,,,,,,,,,,,,,,,,,,,,,,,,,,,,,,,,,,,,,,,,,,,,,,,,,,,,,,,,,,,,,,,,,,,,,,,,,,,,,,,,,,,,,,,,,,,,,,,,,,,,,,,,,,,,,,,,,,,,,,,,,,,,,,,,,,,,,,,,,,,,,,,,,,,,,,,,,,,,,,,,,,,,,,,,,,,,,,,,,,,,,,,,,,,,,,,,,,,,,,,,,,,,,,,,,,,,,,,,,,,,,,,,,,,,,,,,,,,,,,,,,,,,,,,,,,,,,,,,,,,,,,,,,,,,,,,,,
F12_RD14-0003-04d3a-0.0156IP-Q1.0_002.20sec.fsa,D5S818,R,OL,129.22,15,OL,130.89,11,OL,134.33,13,OL,143.63,13,11,148.94,41,OL,150.84,10,OL,155.18,7,OL,159.16,14,OL,166.59,5,16,169.51,10,,,,,,,,,,,,,,,,,,,,,,,,,,,,,,,,,,,,,,,,,,,,,,,,,,,,,,,,,,,,,,,,,,,,,,,,,,,,,,,,,,,,,,,,,,,,,,,,,,,,,,,,,,,,,,,,,,,,,,,,,,,,,,,,,,,,,,,,,,,,,,,,,,,,,,,,,,,,,,,,,,,,,,,,,,,,,,,,,,,,,,,,,,,,,,,,,,,,,,,,,,,,,,,,,,,,,,,,,,,,,,,,,,,,,,,,,,,,,,,,,,,,,,,,,,,,,,,,,,,,,,,,,,,,,,
F12_RD14-0003-04d3a-0.0156IP-Q1.0_002.20sec.fsa,FGA,R,17.2,215.15,10,OL,216.15,10,18.2,219.07,8,OL,221.59,11,OL,222.28,6,21,229.27,59,22.2,235.66,5,25.2,247.3,10,26,249.38,6,OL,252.47,9,OL,274.39,5,34.2,284.16,2,OL,284.92,8,OL,303.04,8,OL,305.44,6,OL,306.35,4,OL,314.81,10,OL,318.62,9,OL,321.42,10,OL,325.97,7,OL,327.38,6,OL,329.02,4,OL,337.46,9,OL,342.9,7,50.2,348.63,5,51.2,352.71,6,,,,,,,,,,,,,,,,,,,,,,,,,,,,,,,,,,,,,,,,,,,,,,,,,,,,,,,,,,,,,,,,,,,,,,,,,,,,,,,,,,,,,,,,,,,,,,,,,,,,,,,,,,,,,,,,,,,,,,,,,,,,,,,,,,,,,,,,,,,,,,,,,,,,,,,,,,,,,,,,,,,,,,,,,,,,,,,,,,,,,,,,,,,,,,,,,,,,,,,,,,,,,,,,,,,,,,,,,,,,,,
G01_RD14-0003-03d3a-0.0156IP-Q0.9_003.20sec.fsa,D8S1179,B,OL,120,4,OL,120.49,4,OL,138.39,3,13,141.93,10,OL,144.53,6,14,146.03,198,15,150.14,108,OL,168.71,3,OL,172.15,2,,,,,,,,,,,,,,,,,,,,,,,,,,,,,,,,,,,,,,,,,,,,,,,,,,,,,,,,,,,,,,,,,,,,,,,,,,,,,,,,,,,,,,,,,,,,,,,,,,,,,,,,,,,,,,,,,,,,,,,,,,,,,,,,,,,,,,,,,,,,,,,,,,,,,,,,,,,,,,,,,,,,,,,,,,,,,,,,,,,,,,,,,,,,,,,,,,,,,,,,,,,,,,,,,,,,,,,,,,,,,,,,,,,,,,,,,,,,,,,,,,,,,,,,,,,,,,,,,,,,,,,,,,,,,,,,,
G01_RD14-0003-03d3a-0.0156IP-Q0.9_003.20sec.fsa,D21S11,B,OL,181.29,3,OL,195.36,2,31.2,212.34,20,OL,213.92,4,OL,215.24,3,32.2,216.57,285,OL,240,6,,,,,,,,,,,,,,,,,,,,,,,,,,,,,,,,,,,,,,,,,,,,,,,,,,,,,,,,,,,,,,,,,,,,,,,,,,,,,,,,,,,,,,,,,,,,,,,,,,,,,,,,,,,,,,,,,,,,,,,,,,,,,,,,,,,,,,,,,,,,,,,,,,,,,,,,,,,,,,,,,,,,,,,,,,,,,,,,,,,,,,,,,,,,,,,,,,,,,,,,,,,,,,,,,,,,,,,,,,,,,,,,,,,,,,,,,,,,,,,,,,,,,,,,,,,,,,,,,,,,,,,,,,,,,,,,,,,,,,,
G01_RD14-0003-03d3a-0.0156IP-Q0.9_003.20sec.fsa,D7S820,B,6,254.41,2,OL,259.92,4,8,262.02,91,11,274.03,44,OL,279.92,6,OL,283.64,2,OL,284.26,2,OL,288.37,1,15,290.46,3,OL,292.79,3,,,,,,,,,,,,,,,,,,,,,,,,,,,,,,,,,,,,,,,,,,,,,,,,,,,,,,,,,,,,,,,,,,,,,,,,,,,,,,,,,,,,,,,,,,,,,,,,,,,,,,,,,,,,,,,,,,,,,,,,,,,,,,,,,,,,,,,,,,,,,,,,,,,,,,,,,,,,,,,,,,,,,,,,,,,,,,,,,,,,,,,,,,,,,,,,,,,,,,,,,,,,,,,,,,,,,,,,,,,,,,,,,,,,,,,,,,,,,,,,,,,,,,,,,,,,,,,,,,,,,,,,,,,,,,
G01_RD14-0003-03d3a-0.0156IP-Q0.9_003.20sec.fsa,CSF1PO,B,5,299.07,2,OL,299.92,6,7,306.33,3,8,310.42,114,9,314,4,OL,317.83,2,OL,319.83,8,11,322.68,6,OL,325.11,2,12,326.73,49,OL,333.02,4,OL,335.83,1,OL,336.79,2,OL,339.92,6,,,,,,,,,,,,,,,,,,,,,,,,,,,,,,,,,,,,,,,,,,,,,,,,,,,,,,,,,,,,,,,,,,,,,,,,,,,,,,,,,,,,,,,,,,,,,,,,,,,,,,,,,,,,,,,,,,,,,,,,,,,,,,,,,,,,,,,,,,,,,,,,,,,,,,,,,,,,,,,,,,,,,,,,,,,,,,,,,,,,,,,,,,,,,,,,,,,,,,,,,,,,,,,,,,,,,,,,,,,,,,,,,,,,,,,,,,,,,,,,,,,,,,,,,,,,,,,,,,
G01_RD14-0003-03d3a-0.0156IP-Q0.9_003.20sec.fsa,D3S1358,G,OL,94.84,5,OL,95.41,6,OL,96.63,2,OL,99.86,10,11,106.12,3,OL,110.97,2,OL,111.7,4,OL,116.03,27,OL,116.79,17,15,122.18,12,OL,123.31,5,16,126.22,184,17,130.07,145,OL,138.98,4,OL,140.89,4,,,,,,,,,,,,,,,,,,,,,,,,,,,,,,,,,,,,,,,,,,,,,,,,,,,,,,,,,,,,,,,,,,,,,,,,,,,,,,,,,,,,,,,,,,,,,,,,,,,,,,,,,,,,,,,,,,,,,,,,,,,,,,,,,,,,,,,,,,,,,,,,,,,,,,,,,,,,,,,,,,,,,,,,,,,,,,,,,,,,,,,,,,,,,,,,,,,,,,,,,,,,,,,,,,,,,,,,,,,,,,,,,,,,,,,,,,,,,,,,,,,,,,,,,,,,,,,
G01_RD14-0003-03d3a-0.0156IP-Q0.9_003.20sec.fsa,TH01,G,OL,163.72,2,OL,173.71,6,OL,174.54,4,8,176.56,189,OL,182.97,5,10,185.25,6,OL,195.13,5,13.3,199.7,7,,,,,,,,,,,,,,,,,,,,,,,,,,,,,,,,,,,,,,,,,,,,,,,,,,,,,,,,,,,,,,,,,,,,,,,,,,,,,,,,,,,,,,,,,,,,,,,,,,,,,,,,,,,,,,,,,,,,,,,,,,,,,,,,,,,,,,,,,,,,,,,,,,,,,,,,,,,,,,,,,,,,,,,,,,,,,,,,,,,,,,,,,,,,,,,,,,,,,,,,,,,,,,,,,,,,,,,,,,,,,,,,,,,,,,,,,,,,,,,,,,,,,,,,,,,,,,,,,,,,,,,,,,,,,,,,,,,,
G01_RD14-0003-03d3a-0.0156IP-Q0.9_003.20sec.fsa,D13S317,G,OL,203.64,3,OL,213.7,5,8,215.55,5,OL,220,4,11,227.27,84,OL,229.26,3,OL,233.32,3,,,,,,,,,,,,,,,,,,,,,,,,,,,,,,,,,,,,,,,,,,,,,,,,,,,,,,,,,,,,,,,,,,,,,,,,,,,,,,,,,,,,,,,,,,,,,,,,,,,,,,,,,,,,,,,,,,,,,,,,,,,,,,,,,,,,,,,,,,,,,,,,,,,,,,,,,,,,,,,,,,,,,,,,,,,,,,,,,,,,,,,,,,,,,,,,,,,,,,,,,,,,,,,,,,,,,,,,,,,,,,,,,,,,,,,,,,,,,,,,,,,,,,,,,,,,,,,,,,,,,,,,,,,,,,,,,,,,,,,
G01_RD14-0003-03d3a-0.0156IP-Q0.9_003.20sec.fsa,D16S539,G,OL,250.61,1,OL,258.57,4,7,259.77,7,OL,268.55,3,10,271.13,4,11,275.2,47,OL,279.92,9,13,283.41,5,14,287.13,29,16,295.04,6,,,,,,,,,,,,,,,,,,,,,,,,,,,,,,,,,,,,,,,,,,,,,,,,,,,,,,,,,,,,,,,,,,,,,,,,,,,,,,,,,,,,,,,,,,,,,,,,,,,,,,,,,,,,,,,,,,,,,,,,,,,,,,,,,,,,,,,,,,,,,,,,,,,,,,,,,,,,,,,,,,,,,,,,,,,,,,,,,,,,,,,,,,,,,,,,,,,,,,,,,,,,,,,,,,,,,,,,,,,,,,,,,,,,,,,,,,,,,,,,,,,,,,,,,,,,,,,,,,,,,,,,,,,,,,
G01_RD14-0003-03d3a-0.0156IP-Q0.9_003.20sec.fsa,D2S1338,G,OL,301.53,4,OL,302.68,5,OL,311.21,2,17,312.4,4,OL,314,5,OL,319.92,6,21,328.99,12,22,333.02,175,24,340.9,10,25,345.01,102,OL,351.1,2,27,353.24,5,OL,359.83,7,OL,365.29,3,,,,,,,,,,,,,,,,,,,,,,,,,,,,,,,,,,,,,,,,,,,,,,,,,,,,,,,,,,,,,,,,,,,,,,,,,,,,,,,,,,,,,,,,,,,,,,,,,,,,,,,,,,,,,,,,,,,,,,,,,,,,,,,,,,,,,,,,,,,,,,,,,,,,,,,,,,,,,,,,,,,,,,,,,,,,,,,,,,,,,,,,,,,,,,,,,,,,,,,,,,,,,,,,,,,,,,,,,,,,,,,,,,,,,,,,,,,,,,,,,,,,,,,,,,,,,,,,,,
G01_RD14-0003-03d3a-0.0156IP-Q0.9_003.20sec.fsa,D19S433,Y,OL,98.64,8,11,107.79,7,12,112.06,167,OL,113.35,5,14,120,48,14.2,121.9,6,,,,,,,,,,,,,,,,,,,,,,,,,,,,,,,,,,,,,,,,,,,,,,,,,,,,,,,,,,,,,,,,,,,,,,,,,,,,,,,,,,,,,,,,,,,,,,,,,,,,,,,,,,,,,,,,,,,,,,,,,,,,,,,,,,,,,,,,,,,,,,,,,,,,,,,,,,,,,,,,,,,,,,,,,,,,,,,,,,,,,,,,,,,,,,,,,,,,,,,,,,,,,,,,,,,,,,,,,,,,,,,,,,,,,,,,,,,,,,,,,,,,,,,,,,,,,,,,,,,,,,,,,,,,,,,,,,,,,,,,,,
G01_RD14-0003-03d3a-0.0156IP-Q0.9_003.20sec.fsa,vWA,Y,OL,154.72,7,OL,162.75,5,16,172.22,38,OL,201.33,9,OL,207.07,6,,,,,,,,,,,,,,,,,,,,,,,,,,,,,,,,,,,,,,,,,,,,,,,,,,,,,,,,,,,,,,,,,,,,,,,,,,,,,,,,,,,,,,,,,,,,,,,,,,,,,,,,,,,,,,,,,,,,,,,,,,,,,,,,,,,,,,,,,,,,,,,,,,,,,,,,,,,,,,,,,,,,,,,,,,,,,,,,,,,,,,,,,,,,,,,,,,,,,,,,,,,,,,,,,,,,,,,,,,,,,,,,,,,,,,,,,,,,,,,,,,,,,,,,,,,,,,,,,,,,,,,,,,,,,,,,,,,,,,,,,,,,,
G01_RD14-0003-03d3a-0.0156IP-Q0.9_003.20sec.fsa,TPOX,Y,OL,214,8,OL,216.18,6,OL,229.49,4,11,240.47,19,OL,246.15,5,OL,249.92,7,,,,,,,,,,,,,,,,,,,,,,,,,,,,,,,,,,,,,,,,,,,,,,,,,,,,,,,,,,,,,,,,,,,,,,,,,,,,,,,,,,,,,,,,,,,,,,,,,,,,,,,,,,,,,,,,,,,,,,,,,,,,,,,,,,,,,,,,,,,,,,,,,,,,,,,,,,,,,,,,,,,,,,,,,,,,,,,,,,,,,,,,,,,,,,,,,,,,,,,,,,,,,,,,,,,,,,,,,,,,,,,,,,,,,,,,,,,,,,,,,,,,,,,,,,,,,,,,,,,,,,,,,,,,,,,,,,,,,,,,,,
G01_RD14-0003-03d3a-0.0156IP-Q0.9_003.20sec.fsa,D18S51,Y,OL,261.32,7,8,265.05,5,OL,267.31,3,OL,280,7,16,297.44,5,18,304.93,57,19.2,310.73,6,24,330.12,4,OL,344.02,5,,,,,,,,,,,,,,,,,,,,,,,,,,,,,,,,,,,,,,,,,,,,,,,,,,,,,,,,,,,,,,,,,,,,,,,,,,,,,,,,,,,,,,,,,,,,,,,,,,,,,,,,,,,,,,,,,,,,,,,,,,,,,,,,,,,,,,,,,,,,,,,,,,,,,,,,,,,,,,,,,,,,,,,,,,,,,,,,,,,,,,,,,,,,,,,,,,,,,,,,,,,,,,,,,,,,,,,,,,,,,,,,,,,,,,,,,,,,,,,,,,,,,,,,,,,,,,,,,,,,,,,,,,,,,,,,,
G01_RD14-0003-03d3a-0.0156IP-Q0.9_003.20sec.fsa,AMEL,R,X,104.82,35,OL,109.24,8,,,,,,,,,,,,,,,,,,,,,,,,,,,,,,,,,,,,,,,,,,,,,,,,,,,,,,,,,,,,,,,,,,,,,,,,,,,,,,,,,,,,,,,,,,,,,,,,,,,,,,,,,,,,,,,,,,,,,,,,,,,,,,,,,,,,,,,,,,,,,,,,,,,,,,,,,,,,,,,,,,,,,,,,,,,,,,,,,,,,,,,,,,,,,,,,,,,,,,,,,,,,,,,,,,,,,,,,,,,,,,,,,,,,,,,,,,,,,,,,,,,,,,,,,,,,,,,,,,,,,,,,,,,,,,,,,,,,,,,,,,,,,,,,,,,,,,
G01_RD14-0003-03d3a-0.0156IP-Q0.9_003.20sec.fsa,D5S818,R,OL,126.64,6,OL,141.34,7,OL,143.12,8,12,152.91,71,13,157.05,52,OL,160.74,11,OL,163.12,7,OL,166.25,9,,,,,,,,,,,,,,,,,,,,,,,,,,,,,,,,,,,,,,,,,,,,,,,,,,,,,,,,,,,,,,,,,,,,,,,,,,,,,,,,,,,,,,,,,,,,,,,,,,,,,,,,,,,,,,,,,,,,,,,,,,,,,,,,,,,,,,,,,,,,,,,,,,,,,,,,,,,,,,,,,,,,,,,,,,,,,,,,,,,,,,,,,,,,,,,,,,,,,,,,,,,,,,,,,,,,,,,,,,,,,,,,,,,,,,,,,,,,,,,,,,,,,,,,,,,,,,,,,,,,,,,,,,,,,,,,,,,,
G01_RD14-0003-03d3a-0.0156IP-Q0.9_003.20sec.fsa,FGA,R,OL,211.88,12,OL,213.32,10,OL,221.76,8,20,225.28,7,24,241.34,85,28,257.89,5,OL,272.85,6,OL,280.85,7,OL,286.74,7,OL,289.61,3,OL,291.78,5,OL,300.46,5,OL,308.68,6,OL,314.5,5,OL,324.95,9,OL,326.65,5,OL,328.99,8,OL,339.12,12,48.2,340.82,12,51.2,353.07,4,OL,359.26,8,,,,,,,,,,,,,,,,,,,,,,,,,,,,,,,,,,,,,,,,,,,,,,,,,,,,,,,,,,,,,,,,,,,,,,,,,,,,,,,,,,,,,,,,,,,,,,,,,,,,,,,,,,,,,,,,,,,,,,,,,,,,,,,,,,,,,,,,,,,,,,,,,,,,,,,,,,,,,,,,,,,,,,,,,,,,,,,,,,,,,,,,,,,,,,,,,,,,,,,,,,,,,,,,,,,,,,,,,,,,,,,,,,,,,,,,,,,,,
G02_RD14-0003-03d3b-0.0156IP-Q1.1_003.20sec.fsa,D8S1179,B,OL,112.2,2,OL,116.24,3,OL,116.86,3,OL,119.37,6,OL,119.93,8,10,130,4,OL,132.3,3,OL,139.63,2,13,142.23,8,OL,143.65,7,14,146.04,74,15,150.23,51,OL,156.99,5,17,158.42,4,OL,160,5,OL,169.07,3,OL,170.03,3,OL,177.34,2,,,,,,,,,,,,,,,,,,,,,,,,,,,,,,,,,,,,,,,,,,,,,,,,,,,,,,,,,,,,,,,,,,,,,,,,,,,,,,,,,,,,,,,,,,,,,,,,,,,,,,,,,,,,,,,,,,,,,,,,,,,,,,,,,,,,,,,,,,,,,,,,,,,,,,,,,,,,,,,,,,,,,,,,,,,,,,,,,,,,,,,,,,,,,,,,,,,,,,,,,,,,,,,,,,,,,,,,,,,,,,,,,,,,,,,,,,,,,,,,,,,,,,
G02_RD14-0003-03d3b-0.0156IP-Q1.1_003.20sec.fsa,D21S11,B,23.2,179.85,5,OL,193.99,2,OL,200,6,31,210.82,2,OL,211.33,2,31.2,212.3,8,OL,213.93,4,32.2,216.58,114,OL,221.64,3,38,238.57,3,OL,239.85,6,OL,241.86,2,,,,,,,,,,,,,,,,,,,,,,,,,,,,,,,,,,,,,,,,,,,,,,,,,,,,,,,,,,,,,,,,,,,,,,,,,,,,,,,,,,,,,,,,,,,,,,,,,,,,,,,,,,,,,,,,,,,,,,,,,,,,,,,,,,,,,,,,,,,,,,,,,,,,,,,,,,,,,,,,,,,,,,,,,,,,,,,,,,,,,,,,,,,,,,,,,,,,,,,,,,,,,,,,,,,,,,,,,,,,,,,,,,,,,,,,,,,,,,,,,,,,,,,,,,,,,,,,,,,,,,,,
G02_RD14-0003-03d3b-0.0156IP-Q1.1_003.20sec.fsa,D7S820,B,5.2,252.22,1,7,257.95,5,8,261.96,131,9,266.11,2,OL,273.01,5,11,274.07,39,OL,277.34,2,OL,280,5,OL,287.3,3,15,289.9,4,OL,293.17,2,,,,,,,,,,,,,,,,,,,,,,,,,,,,,,,,,,,,,,,,,,,,,,,,,,,,,,,,,,,,,,,,,,,,,,,,,,,,,,,,,,,,,,,,,,,,,,,,,,,,,,,,,,,,,,,,,,,,,,,,,,,,,,,,,,,,,,,,,,,,,,,,,,,,,,,,,,,,,,,,,,,,,,,,,,,,,,,,,,,,,,,,,,,,,,,,,,,,,,,,,,,,,,,,,,,,,,,,,,,,,,,,,,,,,,,,,,,,,,,,,,,,,,,,,,,,,,,,,,,,,,,,,,,
G02_RD14-0003-03d3b-0.0156IP-Q1.1_003.20sec.fsa,CSF1PO,B,5,298.29,3,OL,300,8,6,302.12,3,OL,303.81,3,8,310.33,70,OL,312.69,3,OL,313.77,5,OL,316.1,2,OL,320.08,5,12,326.75,46,OL,331.81,3,14,334.86,1,OL,337.59,4,15,338.64,3,OL,340,8,,,,,,,,,,,,,,,,,,,,,,,,,,,,,,,,,,,,,,,,,,,,,,,,,,,,,,,,,,,,,,,,,,,,,,,,,,,,,,,,,,,,,,,,,,,,,,,,,,,,,,,,,,,,,,,,,,,,,,,,,,,,,,,,,,,,,,,,,,,,,,,,,,,,,,,,,,,,,,,,,,,,,,,,,,,,,,,,,,,,,,,,,,,,,,,,,,,,,,,,,,,,,,,,,,,,,,,,,,,,,,,,,,,,,,,,,,,,,,,,,,,,,,,,,,,,,,,
G02_RD14-0003-03d3b-0.0156IP-Q1.1_003.20sec.fsa,D3S1358,G,OL,99.78,6,OL,101.61,7,OL,107.8,4,OL,112.71,3,OL,115.12,25,OL,119.03,3,15,122.11,6,16,126.22,66,17,130,62,18,134.47,4,OL,139.93,5,,,,,,,,,,,,,,,,,,,,,,,,,,,,,,,,,,,,,,,,,,,,,,,,,,,,,,,,,,,,,,,,,,,,,,,,,,,,,,,,,,,,,,,,,,,,,,,,,,,,,,,,,,,,,,,,,,,,,,,,,,,,,,,,,,,,,,,,,,,,,,,,,,,,,,,,,,,,,,,,,,,,,,,,,,,,,,,,,,,,,,,,,,,,,,,,,,,,,,,,,,,,,,,,,,,,,,,,,,,,,,,,,,,,,,,,,,,,,,,,,,,,,,,,,,,,,,,,,,,,,,,,,,,
G02_RD14-0003-03d3b-0.0156IP-Q1.1_003.20sec.fsa,TH01,G,OL,155.48,3,OL,161.7,3,8,176.53,89,9,180.6,141,10,184.59,4,OL,190.83,3,OL,193.76,3,OL,198.42,2,OL,199.02,2,OL,200.73,3,,,,,,,,,,,,,,,,,,,,,,,,,,,,,,,,,,,,,,,,,,,,,,,,,,,,,,,,,,,,,,,,,,,,,,,,,,,,,,,,,,,,,,,,,,,,,,,,,,,,,,,,,,,,,,,,,,,,,,,,,,,,,,,,,,,,,,,,,,,,,,,,,,,,,,,,,,,,,,,,,,,,,,,,,,,,,,,,,,,,,,,,,,,,,,,,,,,,,,,,,,,,,,,,,,,,,,,,,,,,,,,,,,,,,,,,,,,,,,,,,,,,,,,,,,,,,,,,,,,,,,,,,,,,,,
G02_RD14-0003-03d3b-0.0156IP-Q1.1_003.20sec.fsa,D13S317,G,OL,203.74,5,OL,208.67,4,OL,211.93,2,OL,219.92,4,11,226.95,3,11,227.77,3,OL,238.35,4,,,,,,,,,,,,,,,,,,,,,,,,,,,,,,,,,,,,,,,,,,,,,,,,,,,,,,,,,,,,,,,,,,,,,,,,,,,,,,,,,,,,,,,,,,,,,,,,,,,,,,,,,,,,,,,,,,,,,,,,,,,,,,,,,,,,,,,,,,,,,,,,,,,,,,,,,,,,,,,,,,,,,,,,,,,,,,,,,,,,,,,,,,,,,,,,,,,,,,,,,,,,,,,,,,,,,,,,,,,,,,,,,,,,,,,,,,,,,,,,,,,,,,,,,,,,,,,,,,,,,,,,,,,,,,,,,,,,,,,
G02_RD14-0003-03d3b-0.0156IP-Q1.1_003.20sec.fsa,D16S539,G,OL,249.77,4,5,251.26,2,OL,254.21,1,6,255.9,4,OL,257.07,5,OL,258.83,3,7,259.85,4,OL,266.04,2,10,271.34,11,11,275.28,211,OL,279.85,5,14,287.52,2,,,,,,,,,,,,,,,,,,,,,,,,,,,,,,,,,,,,,,,,,,,,,,,,,,,,,,,,,,,,,,,,,,,,,,,,,,,,,,,,,,,,,,,,,,,,,,,,,,,,,,,,,,,,,,,,,,,,,,,,,,,,,,,,,,,,,,,,,,,,,,,,,,,,,,,,,,,,,,,,,,,,,,,,,,,,,,,,,,,,,,,,,,,,,,,,,,,,,,,,,,,,,,,,,,,,,,,,,,,,,,,,,,,,,,,,,,,,,,,,,,,,,,,,,,,,,,,,,,,,,,,,
G02_RD14-0003-03d3b-0.0156IP-Q1.1_003.20sec.fsa,D2S1338,G,OL,302.41,4,OL,303.66,3,16,308.36,3,OL,309.42,2,OL,310.25,2,OL,321.48,4,OL,332.12,3,OL,334.33,3,23,336.68,4,23,337.43,5,OL,339.85,4,24,341.09,13,25,344.97,169,27,353.06,3,OL,359.77,7,29,361.55,3,OL,363.56,4,,,,,,,,,,,,,,,,,,,,,,,,,,,,,,,,,,,,,,,,,,,,,,,,,,,,,,,,,,,,,,,,,,,,,,,,,,,,,,,,,,,,,,,,,,,,,,,,,,,,,,,,,,,,,,,,,,,,,,,,,,,,,,,,,,,,,,,,,,,,,,,,,,,,,,,,,,,,,,,,,,,,,,,,,,,,,,,,,,,,,,,,,,,,,,,,,,,,,,,,,,,,,,,,,,,,,,,,,,,,,,,,,,,,,,,,,,,,,,,,,,,,,,,,,
G02_RD14-0003-03d3b-0.0156IP-Q1.1_003.20sec.fsa,D19S433,Y,12,112.13,103,13,116.17,17,14,120,177,,,,,,,,,,,,,,,,,,,,,,,,,,,,,,,,,,,,,,,,,,,,,,,,,,,,,,,,,,,,,,,,,,,,,,,,,,,,,,,,,,,,,,,,,,,,,,,,,,,,,,,,,,,,,,,,,,,,,,,,,,,,,,,,,,,,,,,,,,,,,,,,,,,,,,,,,,,,,,,,,,,,,,,,,,,,,,,,,,,,,,,,,,,,,,,,,,,,,,,,,,,,,,,,,,,,,,,,,,,,,,,,,,,,,,,,,,,,,,,,,,,,,,,,,,,,,,,,,,,,,,,,,,,,,,,,,,,,,,,,,,,,,,,,,,,
G02_RD14-0003-03d3b-0.0156IP-Q1.1_003.20sec.fsa,vWA,Y,11,151.88,6,15,168.04,114,16,172.1,72,OL,179.78,8,18.2,182.26,5,21,192.11,4,OL,194.52,8,,,,,,,,,,,,,,,,,,,,,,,,,,,,,,,,,,,,,,,,,,,,,,,,,,,,,,,,,,,,,,,,,,,,,,,,,,,,,,,,,,,,,,,,,,,,,,,,,,,,,,,,,,,,,,,,,,,,,,,,,,,,,,,,,,,,,,,,,,,,,,,,,,,,,,,,,,,,,,,,,,,,,,,,,,,,,,,,,,,,,,,,,,,,,,,,,,,,,,,,,,,,,,,,,,,,,,,,,,,,,,,,,,,,,,,,,,,,,,,,,,,,,,,,,,,,,,,,,,,,,,,,,,,,,,,,,,,,,,,
G02_RD14-0003-03d3b-0.0156IP-Q1.1_003.20sec.fsa,TPOX,Y,OL,215.14,8,OL,219.85,12,OL,226.8,8,OL,227.47,4,OL,234.67,4,11,240.62,155,OL,247.17,7,OL,247.78,6,OL,251.04,5,OL,252,7,14,252.81,7,OL,255.68,6,,,,,,,,,,,,,,,,,,,,,,,,,,,,,,,,,,,,,,,,,,,,,,,,,,,,,,,,,,,,,,,,,,,,,,,,,,,,,,,,,,,,,,,,,,,,,,,,,,,,,,,,,,,,,,,,,,,,,,,,,,,,,,,,,,,,,,,,,,,,,,,,,,,,,,,,,,,,,,,,,,,,,,,,,,,,,,,,,,,,,,,,,,,,,,,,,,,,,,,,,,,,,,,,,,,,,,,,,,,,,,,,,,,,,,,,,,,,,,,,,,,,,,,,,,,,,,,,,,,,,,,,
G02_RD14-0003-03d3b-0.0156IP-Q1.1_003.20sec.fsa,D18S51,Y,OL,266.57,7,OL,279.92,11,17,301.17,14,18,304.92,88,18.2,307.08,6,OL,307.83,7,19.2,311.09,6,23,325.2,5,23.2,327.52,6,OL,340,9,,,,,,,,,,,,,,,,,,,,,,,,,,,,,,,,,,,,,,,,,,,,,,,,,,,,,,,,,,,,,,,,,,,,,,,,,,,,,,,,,,,,,,,,,,,,,,,,,,,,,,,,,,,,,,,,,,,,,,,,,,,,,,,,,,,,,,,,,,,,,,,,,,,,,,,,,,,,,,,,,,,,,,,,,,,,,,,,,,,,,,,,,,,,,,,,,,,,,,,,,,,,,,,,,,,,,,,,,,,,,,,,,,,,,,,,,,,,,,,,,,,,,,,,,,,,,,,,,,,,,,,,,,,,,,
G02_RD14-0003-03d3b-0.0156IP-Q1.1_003.20sec.fsa,AMEL,R,X,104.82,58,Y,110.69,36,,,,,,,,,,,,,,,,,,,,,,,,,,,,,,,,,,,,,,,,,,,,,,,,,,,,,,,,,,,,,,,,,,,,,,,,,,,,,,,,,,,,,,,,,,,,,,,,,,,,,,,,,,,,,,,,,,,,,,,,,,,,,,,,,,,,,,,,,,,,,,,,,,,,,,,,,,,,,,,,,,,,,,,,,,,,,,,,,,,,,,,,,,,,,,,,,,,,,,,,,,,,,,,,,,,,,,,,,,,,,,,,,,,,,,,,,,,,,,,,,,,,,,,,,,,,,,,,,,,,,,,,,,,,,,,,,,,,,,,,,,,,,,,,,,,,,,
G02_RD14-0003-03d3b-0.0156IP-Q1.1_003.20sec.fsa,D5S818,R,OL,129.5,7,OL,131.36,9,OL,144.17,7,12,152.93,74,13,157.06,85,OL,162.06,5,OL,172.69,8,,,,,,,,,,,,,,,,,,,,,,,,,,,,,,,,,,,,,,,,,,,,,,,,,,,,,,,,,,,,,,,,,,,,,,,,,,,,,,,,,,,,,,,,,,,,,,,,,,,,,,,,,,,,,,,,,,,,,,,,,,,,,,,,,,,,,,,,,,,,,,,,,,,,,,,,,,,,,,,,,,,,,,,,,,,,,,,,,,,,,,,,,,,,,,,,,,,,,,,,,,,,,,,,,,,,,,,,,,,,,,,,,,,,,,,,,,,,,,,,,,,,,,,,,,,,,,,,,,,,,,,,,,,,,,,,,,,,,,,
G02_RD14-0003-03d3b-0.0156IP-Q1.1_003.20sec.fsa,FGA,R,16.2,211.04,15,17,212.52,7,19,220.9,101,22,233.62,5,24,241.24,28,OL,248.24,5,26.2,251.4,7,29,262.11,9,OL,268.99,7,34.2,283.28,5,OL,286.03,8,OL,303.96,4,OL,316.59,7,OL,318.53,7,OL,330.97,10,OL,334.63,8,OL,342.1,7,49.2,344.5,9,,,,,,,,,,,,,,,,,,,,,,,,,,,,,,,,,,,,,,,,,,,,,,,,,,,,,,,,,,,,,,,,,,,,,,,,,,,,,,,,,,,,,,,,,,,,,,,,,,,,,,,,,,,,,,,,,,,,,,,,,,,,,,,,,,,,,,,,,,,,,,,,,,,,,,,,,,,,,,,,,,,,,,,,,,,,,,,,,,,,,,,,,,,,,,,,,,,,,,,,,,,,,,,,,,,,,,,,,,,,,,,,,,,,,,,,,,,,,,,,,,,,,,
G03_RD14-0003-03d2c-0.0313IP-Q1.1_003.20sec.fsa,D8S1179,B,OL,121.02,7,OL,131.64,3,OL,138.79,2,OL,139.92,4,13,141.93,10,OL,143.32,6,14,146.11,231,15,150.23,146,OL,157.96,2,OL,164.47,3,OL,174.2,2,OL,177.52,3,,,,,,,,,,,,,,,,,,,,,,,,,,,,,,,,,,,,,,,,,,,,,,,,,,,,,,,,,,,,,,,,,,,,,,,,,,,,,,,,,,,,,,,,,,,,,,,,,,,,,,,,,,,,,,,,,,,,,,,,,,,,,,,,,,,,,,,,,,,,,,,,,,,,,,,,,,,,,,,,,,,,,,,,,,,,,,,,,,,,,,,,,,,,,,,,,,,,,,,,,,,,,,,,,,,,,,,,,,,,,,,,,,,,,,,,,,,,,,,,,,,,,,,,,,,,,,,,,,,,,,,,
G03_RD14-0003-03d2c-0.0313IP-Q1.1_003.20sec.fsa,D21S11,B,24,182.68,3,OL,193.23,2,28,198.19,2,29.2,204.48,2,OL,205.56,1,31.2,212.68,17,32.2,216.76,218,33,218.26,2,36.2,232.96,3,38,238.57,3,,,,,,,,,,,,,,,,,,,,,,,,,,,,,,,,,,,,,,,,,,,,,,,,,,,,,,,,,,,,,,,,,,,,,,,,,,,,,,,,,,,,,,,,,,,,,,,,,,,,,,,,,,,,,,,,,,,,,,,,,,,,,,,,,,,,,,,,,,,,,,,,,,,,,,,,,,,,,,,,,,,,,,,,,,,,,,,,,,,,,,,,,,,,,,,,,,,,,,,,,,,,,,,,,,,,,,,,,,,,,,,,,,,,,,,,,,,,,,,,,,,,,,,,,,,,,,,,,,,,,,,,,,,,,,
G03_RD14-0003-03d2c-0.0313IP-Q1.1_003.20sec.fsa,D7S820,B,OL,247.99,4,OL,252.96,3,OL,254.74,2,8,262.13,137,OL,268.86,3,10,270.13,5,11,274.19,105,12,278.64,2,OL,279.84,5,OL,281.26,3,OL,285.5,4,OL,287.3,6,15,290.05,3,OL,291.85,3,OL,293.03,3,,,,,,,,,,,,,,,,,,,,,,,,,,,,,,,,,,,,,,,,,,,,,,,,,,,,,,,,,,,,,,,,,,,,,,,,,,,,,,,,,,,,,,,,,,,,,,,,,,,,,,,,,,,,,,,,,,,,,,,,,,,,,,,,,,,,,,,,,,,,,,,,,,,,,,,,,,,,,,,,,,,,,,,,,,,,,,,,,,,,,,,,,,,,,,,,,,,,,,,,,,,,,,,,,,,,,,,,,,,,,,,,,,,,,,,,,,,,,,,,,,,,,,,,,,,,,,,
G03_RD14-0003-03d2c-0.0313IP-Q1.1_003.20sec.fsa,CSF1PO,B,OL,299.92,6,OL,301.08,4,OL,305.65,4,7,306.52,6,8,310.47,83,OL,313.92,5,OL,317.37,3,10,318.39,2,OL,319.92,6,11,322.71,10,12,326.79,139,OL,337.76,2,OL,339.92,6,OL,344.48,4,,,,,,,,,,,,,,,,,,,,,,,,,,,,,,,,,,,,,,,,,,,,,,,,,,,,,,,,,,,,,,,,,,,,,,,,,,,,,,,,,,,,,,,,,,,,,,,,,,,,,,,,,,,,,,,,,,,,,,,,,,,,,,,,,,,,,,,,,,,,,,,,,,,,,,,,,,,,,,,,,,,,,,,,,,,,,,,,,,,,,,,,,,,,,,,,,,,,,,,,,,,,,,,,,,,,,,,,,,,,,,,,,,,,,,,,,,,,,,,,,,,,,,,,,,,,,,,,,,
G03_RD14-0003-03d2c-0.0313IP-Q1.1_003.20sec.fsa,D3S1358,G,OL,97.91,5,13,114,26,13,114.72,24,OL,119.93,7,15,122.26,33,OL,125.12,3,16,126.3,277,17,130.15,309,OL,139.92,4,,,,,,,,,,,,,,,,,,,,,,,,,,,,,,,,,,,,,,,,,,,,,,,,,,,,,,,,,,,,,,,,,,,,,,,,,,,,,,,,,,,,,,,,,,,,,,,,,,,,,,,,,,,,,,,,,,,,,,,,,,,,,,,,,,,,,,,,,,,,,,,,,,,,,,,,,,,,,,,,,,,,,,,,,,,,,,,,,,,,,,,,,,,,,,,,,,,,,,,,,,,,,,,,,,,,,,,,,,,,,,,,,,,,,,,,,,,,,,,,,,,,,,,,,,,,,,,,,,,,,,,,,,,,,,,,,
G03_RD14-0003-03d2c-0.0313IP-Q1.1_003.20sec.fsa,TH01,G,OL,158.98,6,4,159.92,8,OL,162.85,2,5,164.16,7,OL,170.18,5,7,172.5,9,8,176.67,475,OL,178.99,2,9,180.71,48,OL,190,4,OL,198.19,2,13.3,200.08,9,,,,,,,,,,,,,,,,,,,,,,,,,,,,,,,,,,,,,,,,,,,,,,,,,,,,,,,,,,,,,,,,,,,,,,,,,,,,,,,,,,,,,,,,,,,,,,,,,,,,,,,,,,,,,,,,,,,,,,,,,,,,,,,,,,,,,,,,,,,,,,,,,,,,,,,,,,,,,,,,,,,,,,,,,,,,,,,,,,,,,,,,,,,,,,,,,,,,,,,,,,,,,,,,,,,,,,,,,,,,,,,,,,,,,,,,,,,,,,,,,,,,,,,,,,,,,,,,,,,,,,,,
G03_RD14-0003-03d2c-0.0313IP-Q1.1_003.20sec.fsa,D13S317,G,OL,203.24,5,OL,213.92,10,8,215.42,6,10,223.13,7,11,227.21,143,12,231.3,276,OL,238.02,4,OL,239.92,9,OL,241.3,4,OL,243.97,4,,,,,,,,,,,,,,,,,,,,,,,,,,,,,,,,,,,,,,,,,,,,,,,,,,,,,,,,,,,,,,,,,,,,,,,,,,,,,,,,,,,,,,,,,,,,,,,,,,,,,,,,,,,,,,,,,,,,,,,,,,,,,,,,,,,,,,,,,,,,,,,,,,,,,,,,,,,,,,,,,,,,,,,,,,,,,,,,,,,,,,,,,,,,,,,,,,,,,,,,,,,,,,,,,,,,,,,,,,,,,,,,,,,,,,,,,,,,,,,,,,,,,,,,,,,,,,,,,,,,,,,,,,,,,,
G03_RD14-0003-03d2c-0.0313IP-Q1.1_003.20sec.fsa,D16S539,G,OL,252.03,2,10,271.25,17,OL,273.47,5,11,275.3,287,13,283.22,38,14,287.23,242,15,290.99,7,16,295.22,4,,,,,,,,,,,,,,,,,,,,,,,,,,,,,,,,,,,,,,,,,,,,,,,,,,,,,,,,,,,,,,,,,,,,,,,,,,,,,,,,,,,,,,,,,,,,,,,,,,,,,,,,,,,,,,,,,,,,,,,,,,,,,,,,,,,,,,,,,,,,,,,,,,,,,,,,,,,,,,,,,,,,,,,,,,,,,,,,,,,,,,,,,,,,,,,,,,,,,,,,,,,,,,,,,,,,,,,,,,,,,,,,,,,,,,,,,,,,,,,,,,,,,,,,,,,,,,,,,,,,,,,,,,,,,,,,,,,,
G03_RD14-0003-03d2c-0.0313IP-Q1.1_003.20sec.fsa,D2S1338,G,OL,302.31,6,OL,306.59,4,OL,313.76,9,OL,319.92,7,19,321.23,5,21,329.06,23,22,333.18,53,24,341.14,7,25,345.05,72,OL,346.85,5,26,349.13,4,OL,352.15,4,27,352.81,3,,,,,,,,,,,,,,,,,,,,,,,,,,,,,,,,,,,,,,,,,,,,,,,,,,,,,,,,,,,,,,,,,,,,,,,,,,,,,,,,,,,,,,,,,,,,,,,,,,,,,,,,,,,,,,,,,,,,,,,,,,,,,,,,,,,,,,,,,,,,,,,,,,,,,,,,,,,,,,,,,,,,,,,,,,,,,,,,,,,,,,,,,,,,,,,,,,,,,,,,,,,,,,,,,,,,,,,,,,,,,,,,,,,,,,,,,,,,,,,,,,,,,,,,,,,,,,,,,,,,,
G03_RD14-0003-03d2c-0.0313IP-Q1.1_003.20sec.fsa,D19S433,Y,OL,99.25,7,9,100,7,11,108.31,25,12,112.28,518,13,116.25,16,14,120.22,255,OL,125.19,3,16,127.63,8,16,128.22,8,16.2,130.3,8,OL,134.78,7,18.2,137.65,6,OL,141.62,6,,,,,,,,,,,,,,,,,,,,,,,,,,,,,,,,,,,,,,,,,,,,,,,,,,,,,,,,,,,,,,,,,,,,,,,,,,,,,,,,,,,,,,,,,,,,,,,,,,,,,,,,,,,,,,,,,,,,,,,,,,,,,,,,,,,,,,,,,,,,,,,,,,,,,,,,,,,,,,,,,,,,,,,,,,,,,,,,,,,,,,,,,,,,,,,,,,,,,,,,,,,,,,,,,,,,,,,,,,,,,,,,,,,,,,,,,,,,,,,,,,,,,,,,,,,,,,,,,,,,,
G03_RD14-0003-03d2c-0.0313IP-Q1.1_003.20sec.fsa,vWA,Y,OL,154.83,5,15,168.09,142,16,172.19,168,17,176.59,17,OL,183.47,10,OL,195.91,7,OL,199.84,7,OL,201.85,5,OL,208.03,10,,,,,,,,,,,,,,,,,,,,,,,,,,,,,,,,,,,,,,,,,,,,,,,,,,,,,,,,,,,,,,,,,,,,,,,,,,,,,,,,,,,,,,,,,,,,,,,,,,,,,,,,,,,,,,,,,,,,,,,,,,,,,,,,,,,,,,,,,,,,,,,,,,,,,,,,,,,,,,,,,,,,,,,,,,,,,,,,,,,,,,,,,,,,,,,,,,,,,,,,,,,,,,,,,,,,,,,,,,,,,,,,,,,,,,,,,,,,,,,,,,,,,,,,,,,,,,,,,,,,,,,,,,,,,,,,,
G03_RD14-0003-03d2c-0.0313IP-Q1.1_003.20sec.fsa,TPOX,Y,OL,218.66,6,OL,219.21,6,OL,223.05,5,8,229.1,4,OL,233.91,5,OL,235.96,8,11,240.81,126,12,244.69,9,OL,247.83,5,,,,,,,,,,,,,,,,,,,,,,,,,,,,,,,,,,,,,,,,,,,,,,,,,,,,,,,,,,,,,,,,,,,,,,,,,,,,,,,,,,,,,,,,,,,,,,,,,,,,,,,,,,,,,,,,,,,,,,,,,,,,,,,,,,,,,,,,,,,,,,,,,,,,,,,,,,,,,,,,,,,,,,,,,,,,,,,,,,,,,,,,,,,,,,,,,,,,,,,,,,,,,,,,,,,,,,,,,,,,,,,,,,,,,,,,,,,,,,,,,,,,,,,,,,,,,,,,,,,,,,,,,,,,,,,,,
G03_RD14-0003-03d2c-0.0313IP-Q1.1_003.20sec.fsa,D18S51,Y,7,260.87,6,OL,266.57,6,11,277.05,5,OL,277.93,5,12.2,282.83,9,12.2,283.46,10,14.2,291.46,9,16,297.26,8,17,301.15,123,18,305.11,44,22,321.56,8,OL,331.08,7,OL,335.44,7,,,,,,,,,,,,,,,,,,,,,,,,,,,,,,,,,,,,,,,,,,,,,,,,,,,,,,,,,,,,,,,,,,,,,,,,,,,,,,,,,,,,,,,,,,,,,,,,,,,,,,,,,,,,,,,,,,,,,,,,,,,,,,,,,,,,,,,,,,,,,,,,,,,,,,,,,,,,,,,,,,,,,,,,,,,,,,,,,,,,,,,,,,,,,,,,,,,,,,,,,,,,,,,,,,,,,,,,,,,,,,,,,,,,,,,,,,,,,,,,,,,,,,,,,,,,,,,,,,,,,
G03_RD14-0003-03d2c-0.0313IP-Q1.1_003.20sec.fsa,AMEL,R,X,104.92,310,OL,106.21,13,OL,108.91,4,Y,110.86,223,,,,,,,,,,,,,,,,,,,,,,,,,,,,,,,,,,,,,,,,,,,,,,,,,,,,,,,,,,,,,,,,,,,,,,,,,,,,,,,,,,,,,,,,,,,,,,,,,,,,,,,,,,,,,,,,,,,,,,,,,,,,,,,,,,,,,,,,,,,,,,,,,,,,,,,,,,,,,,,,,,,,,,,,,,,,,,,,,,,,,,,,,,,,,,,,,,,,,,,,,,,,,,,,,,,,,,,,,,,,,,,,,,,,,,,,,,,,,,,,,,,,,,,,,,,,,,,,,,,,,,,,,,,,,,,,,,,,,,,,,,,,,,,,
G03_RD14-0003-03d2c-0.0313IP-Q1.1_003.20sec.fsa,D5S818,R,7,132.24,8,7,132.76,10,OL,135.24,11,OL,144.02,7,11,148.59,8,12,153.03,41,13,157.1,257,16,169.02,7,OL,177.29,7,,,,,,,,,,,,,,,,,,,,,,,,,,,,,,,,,,,,,,,,,,,,,,,,,,,,,,,,,,,,,,,,,,,,,,,,,,,,,,,,,,,,,,,,,,,,,,,,,,,,,,,,,,,,,,,,,,,,,,,,,,,,,,,,,,,,,,,,,,,,,,,,,,,,,,,,,,,,,,,,,,,,,,,,,,,,,,,,,,,,,,,,,,,,,,,,,,,,,,,,,,,,,,,,,,,,,,,,,,,,,,,,,,,,,,,,,,,,,,,,,,,,,,,,,,,,,,,,,,,,,,,,,,,,,,,,,
G03_RD14-0003-03d2c-0.0313IP-Q1.1_003.20sec.fsa,FGA,R,OL,210.12,15,16.2,211.05,14,OL,213.61,2,18,216.68,13,19,220.94,118,23,237.39,18,24,241.38,168,24.2,243.56,7,OL,246.55,7,OL,268.55,6,OL,280.71,8,OL,285.42,8,OL,290.52,7,OL,291.15,7,OL,293.19,9,OL,296.95,7,OL,298.67,8,OL,337.76,8,50.2,349.13,5,OL,356.16,6,,,,,,,,,,,,,,,,,,,,,,,,,,,,,,,,,,,,,,,,,,,,,,,,,,,,,,,,,,,,,,,,,,,,,,,,,,,,,,,,,,,,,,,,,,,,,,,,,,,,,,,,,,,,,,,,,,,,,,,,,,,,,,,,,,,,,,,,,,,,,,,,,,,,,,,,,,,,,,,,,,,,,,,,,,,,,,,,,,,,,,,,,,,,,,,,,,,,,,,,,,,,,,,,,,,,,,,,,,,,,,,,,,,,,,,,,,,,,,,,
G04_RD14-0003-03d2d-0.0313IP-Q1.8_003.20sec.fsa,D8S1179,B,8,122.11,6,OL,135.49,8,13,141.99,33,14,146.14,312,15,150.23,144,16,154.56,4,OL,157.12,2,OL,177.16,2,,,,,,,,,,,,,,,,,,,,,,,,,,,,,,,,,,,,,,,,,,,,,,,,,,,,,,,,,,,,,,,,,,,,,,,,,,,,,,,,,,,,,,,,,,,,,,,,,,,,,,,,,,,,,,,,,,,,,,,,,,,,,,,,,,,,,,,,,,,,,,,,,,,,,,,,,,,,,,,,,,,,,,,,,,,,,,,,,,,,,,,,,,,,,,,,,,,,,,,,,,,,,,,,,,,,,,,,,,,,,,,,,,,,,,,,,,,,,,,,,,,,,,,,,,,,,,,,,,,,,,,,,,,,,,,,,,,,
G04_RD14-0003-03d2d-0.0313IP-Q1.8_003.20sec.fsa,D21S11,B,23.2,179.85,6,OL,183.74,2,25,185.92,5,OL,197.43,2,OL,199.84,4,31.2,212.77,13,32,214.87,3,32.2,216.76,135,OL,220,4,38,238.52,4,39,242.65,2,,,,,,,,,,,,,,,,,,,,,,,,,,,,,,,,,,,,,,,,,,,,,,,,,,,,,,,,,,,,,,,,,,,,,,,,,,,,,,,,,,,,,,,,,,,,,,,,,,,,,,,,,,,,,,,,,,,,,,,,,,,,,,,,,,,,,,,,,,,,,,,,,,,,,,,,,,,,,,,,,,,,,,,,,,,,,,,,,,,,,,,,,,,,,,,,,,,,,,,,,,,,,,,,,,,,,,,,,,,,,,,,,,,,,,,,,,,,,,,,,,,,,,,,,,,,,,,,,,,,,,,,,,,
G04_RD14-0003-03d2d-0.0313IP-Q1.8_003.20sec.fsa,D7S820,B,OL,248.65,3,OL,254.83,2,OL,260.16,5,8,262.1,28,OL,272.91,1,11,274.25,18,OL,280.08,7,OL,284.52,3,,,,,,,,,,,,,,,,,,,,,,,,,,,,,,,,,,,,,,,,,,,,,,,,,,,,,,,,,,,,,,,,,,,,,,,,,,,,,,,,,,,,,,,,,,,,,,,,,,,,,,,,,,,,,,,,,,,,,,,,,,,,,,,,,,,,,,,,,,,,,,,,,,,,,,,,,,,,,,,,,,,,,,,,,,,,,,,,,,,,,,,,,,,,,,,,,,,,,,,,,,,,,,,,,,,,,,,,,,,,,,,,,,,,,,,,,,,,,,,,,,,,,,,,,,,,,,,,,,,,,,,,,,,,,,,,,,,,
G04_RD14-0003-03d2d-0.0313IP-Q1.8_003.20sec.fsa,CSF1PO,B,OL,300,5,OL,305.52,3,8,310.51,50,OL,319.92,2,12,326.83,138,,,,,,,,,,,,,,,,,,,,,,,,,,,,,,,,,,,,,,,,,,,,,,,,,,,,,,,,,,,,,,,,,,,,,,,,,,,,,,,,,,,,,,,,,,,,,,,,,,,,,,,,,,,,,,,,,,,,,,,,,,,,,,,,,,,,,,,,,,,,,,,,,,,,,,,,,,,,,,,,,,,,,,,,,,,,,,,,,,,,,,,,,,,,,,,,,,,,,,,,,,,,,,,,,,,,,,,,,,,,,,,,,,,,,,,,,,,,,,,,,,,,,,,,,,,,,,,,,,,,,,,,,,,,,,,,,,,,,,,,,,,,,
G04_RD14-0003-03d2d-0.0313IP-Q1.8_003.20sec.fsa,D3S1358,G,OL,113.26,30,15,122.26,22,OL,123.35,10,16,126.28,232,17,130.2,250,18,134.14,5,18.2,136.76,7,OL,140,5,OL,141.53,3,,,,,,,,,,,,,,,,,,,,,,,,,,,,,,,,,,,,,,,,,,,,,,,,,,,,,,,,,,,,,,,,,,,,,,,,,,,,,,,,,,,,,,,,,,,,,,,,,,,,,,,,,,,,,,,,,,,,,,,,,,,,,,,,,,,,,,,,,,,,,,,,,,,,,,,,,,,,,,,,,,,,,,,,,,,,,,,,,,,,,,,,,,,,,,,,,,,,,,,,,,,,,,,,,,,,,,,,,,,,,,,,,,,,,,,,,,,,,,,,,,,,,,,,,,,,,,,,,,,,,,,,,,,,,,,,,
G04_RD14-0003-03d2d-0.0313IP-Q1.8_003.20sec.fsa,TH01,G,OL,155.1,3,OL,163.21,5,5,164.06,5,7,172.71,11,OL,173.86,6,8,176.7,386,9,180.78,49,OL,185.61,4,OL,195.18,4,13,196.66,5,13.3,199.77,8,,,,,,,,,,,,,,,,,,,,,,,,,,,,,,,,,,,,,,,,,,,,,,,,,,,,,,,,,,,,,,,,,,,,,,,,,,,,,,,,,,,,,,,,,,,,,,,,,,,,,,,,,,,,,,,,,,,,,,,,,,,,,,,,,,,,,,,,,,,,,,,,,,,,,,,,,,,,,,,,,,,,,,,,,,,,,,,,,,,,,,,,,,,,,,,,,,,,,,,,,,,,,,,,,,,,,,,,,,,,,,,,,,,,,,,,,,,,,,,,,,,,,,,,,,,,,,,,,,,,,,,,,,,
G04_RD14-0003-03d2d-0.0313IP-Q1.8_003.20sec.fsa,D13S317,G,OL,204.41,5,OL,205.87,4,OL,207.55,6,OL,216.21,3,10,223.18,10,11,227.22,176,12,231.27,42,13,235.32,6,OL,236.64,8,OL,238.28,4,OL,239.92,12,,,,,,,,,,,,,,,,,,,,,,,,,,,,,,,,,,,,,,,,,,,,,,,,,,,,,,,,,,,,,,,,,,,,,,,,,,,,,,,,,,,,,,,,,,,,,,,,,,,,,,,,,,,,,,,,,,,,,,,,,,,,,,,,,,,,,,,,,,,,,,,,,,,,,,,,,,,,,,,,,,,,,,,,,,,,,,,,,,,,,,,,,,,,,,,,,,,,,,,,,,,,,,,,,,,,,,,,,,,,,,,,,,,,,,,,,,,,,,,,,,,,,,,,,,,,,,,,,,,,,,,,,,,
G04_RD14-0003-03d2d-0.0313IP-Q1.8_003.20sec.fsa,D16S539,G,OL,250.08,9,OL,257.95,3,OL,261.01,7,OL,264.37,2,OL,268.98,6,10,271.26,3,11,275.27,83,12,279.53,6,14,287.17,34,16,294.87,3,,,,,,,,,,,,,,,,,,,,,,,,,,,,,,,,,,,,,,,,,,,,,,,,,,,,,,,,,,,,,,,,,,,,,,,,,,,,,,,,,,,,,,,,,,,,,,,,,,,,,,,,,,,,,,,,,,,,,,,,,,,,,,,,,,,,,,,,,,,,,,,,,,,,,,,,,,,,,,,,,,,,,,,,,,,,,,,,,,,,,,,,,,,,,,,,,,,,,,,,,,,,,,,,,,,,,,,,,,,,,,,,,,,,,,,,,,,,,,,,,,,,,,,,,,,,,,,,,,,,,,,,,,,,,,
G04_RD14-0003-03d2d-0.0313IP-Q1.8_003.20sec.fsa,D2S1338,G,15,305.05,5,20,325.15,5,21,329.07,11,22,333.13,140,28,357.57,6,,,,,,,,,,,,,,,,,,,,,,,,,,,,,,,,,,,,,,,,,,,,,,,,,,,,,,,,,,,,,,,,,,,,,,,,,,,,,,,,,,,,,,,,,,,,,,,,,,,,,,,,,,,,,,,,,,,,,,,,,,,,,,,,,,,,,,,,,,,,,,,,,,,,,,,,,,,,,,,,,,,,,,,,,,,,,,,,,,,,,,,,,,,,,,,,,,,,,,,,,,,,,,,,,,,,,,,,,,,,,,,,,,,,,,,,,,,,,,,,,,,,,,,,,,,,,,,,,,,,,,,,,,,,,,,,,,,,,,,,,,,,,
G04_RD14-0003-03d2d-0.0313IP-Q1.8_003.20sec.fsa,D19S433,Y,OL,98.96,6,OL,102.85,12,OL,106.58,7,11.2,109.7,4,12,112.3,157,13,116.24,15,14,120.22,288,14.2,122.04,8,OL,125.26,7,16,128.35,6,17.2,133.84,8,OL,139.85,8,,,,,,,,,,,,,,,,,,,,,,,,,,,,,,,,,,,,,,,,,,,,,,,,,,,,,,,,,,,,,,,,,,,,,,,,,,,,,,,,,,,,,,,,,,,,,,,,,,,,,,,,,,,,,,,,,,,,,,,,,,,,,,,,,,,,,,,,,,,,,,,,,,,,,,,,,,,,,,,,,,,,,,,,,,,,,,,,,,,,,,,,,,,,,,,,,,,,,,,,,,,,,,,,,,,,,,,,,,,,,,,,,,,,,,,,,,,,,,,,,,,,,,,,,,,,,,,,,,,,,,,,
G04_RD14-0003-03d2d-0.0313IP-Q1.8_003.20sec.fsa,vWA,Y,11,151.46,7,OL,155.1,8,OL,162.83,8,15,168.19,192,21,192.53,4,OL,205.79,7,OL,207.16,8,25,209,8,,,,,,,,,,,,,,,,,,,,,,,,,,,,,,,,,,,,,,,,,,,,,,,,,,,,,,,,,,,,,,,,,,,,,,,,,,,,,,,,,,,,,,,,,,,,,,,,,,,,,,,,,,,,,,,,,,,,,,,,,,,,,,,,,,,,,,,,,,,,,,,,,,,,,,,,,,,,,,,,,,,,,,,,,,,,,,,,,,,,,,,,,,,,,,,,,,,,,,,,,,,,,,,,,,,,,,,,,,,,,,,,,,,,,,,,,,,,,,,,,,,,,,,,,,,,,,,,,,,,,,,,,,,,,,,,,,,,
G04_RD14-0003-03d2d-0.0313IP-Q1.8_003.20sec.fsa,TPOX,Y,OL,222.87,10,OL,225.67,6,11,240.89,242,OL,244.1,7,,,,,,,,,,,,,,,,,,,,,,,,,,,,,,,,,,,,,,,,,,,,,,,,,,,,,,,,,,,,,,,,,,,,,,,,,,,,,,,,,,,,,,,,,,,,,,,,,,,,,,,,,,,,,,,,,,,,,,,,,,,,,,,,,,,,,,,,,,,,,,,,,,,,,,,,,,,,,,,,,,,,,,,,,,,,,,,,,,,,,,,,,,,,,,,,,,,,,,,,,,,,,,,,,,,,,,,,,,,,,,,,,,,,,,,,,,,,,,,,,,,,,,,,,,,,,,,,,,,,,,,,,,,,,,,,,,,,,,,,,,,,,,,,
G04_RD14-0003-03d2d-0.0313IP-Q1.8_003.20sec.fsa,D18S51,Y,8,264.68,5,OL,271.57,7,10,272.67,5,11,277,5,OL,279.92,9,12,280.7,4,OL,285.77,7,16,296.82,4,17,301.07,11,18,305.05,53,,,,,,,,,,,,,,,,,,,,,,,,,,,,,,,,,,,,,,,,,,,,,,,,,,,,,,,,,,,,,,,,,,,,,,,,,,,,,,,,,,,,,,,,,,,,,,,,,,,,,,,,,,,,,,,,,,,,,,,,,,,,,,,,,,,,,,,,,,,,,,,,,,,,,,,,,,,,,,,,,,,,,,,,,,,,,,,,,,,,,,,,,,,,,,,,,,,,,,,,,,,,,,,,,,,,,,,,,,,,,,,,,,,,,,,,,,,,,,,,,,,,,,,,,,,,,,,,,,,,,,,,,,,,,,
G04_RD14-0003-03d2d-0.0313IP-Q1.8_003.20sec.fsa,AMEL,R,X,104.94,79,OL,106.28,8,Y,110.82,103,,,,,,,,,,,,,,,,,,,,,,,,,,,,,,,,,,,,,,,,,,,,,,,,,,,,,,,,,,,,,,,,,,,,,,,,,,,,,,,,,,,,,,,,,,,,,,,,,,,,,,,,,,,,,,,,,,,,,,,,,,,,,,,,,,,,,,,,,,,,,,,,,,,,,,,,,,,,,,,,,,,,,,,,,,,,,,,,,,,,,,,,,,,,,,,,,,,,,,,,,,,,,,,,,,,,,,,,,,,,,,,,,,,,,,,,,,,,,,,,,,,,,,,,,,,,,,,,,,,,,,,,,,,,,,,,,,,,,,,,,,,,,,,,,,,
G04_RD14-0003-03d2d-0.0313IP-Q1.8_003.20sec.fsa,D5S818,R,OL,130.64,5,OL,131.31,7,OL,135.41,8,9,140.61,10,12,153.01,176,13,157.12,170,OL,158.21,12,OL,167.65,6,OL,170.26,9,OL,172.17,4,OL,175.4,6,,,,,,,,,,,,,,,,,,,,,,,,,,,,,,,,,,,,,,,,,,,,,,,,,,,,,,,,,,,,,,,,,,,,,,,,,,,,,,,,,,,,,,,,,,,,,,,,,,,,,,,,,,,,,,,,,,,,,,,,,,,,,,,,,,,,,,,,,,,,,,,,,,,,,,,,,,,,,,,,,,,,,,,,,,,,,,,,,,,,,,,,,,,,,,,,,,,,,,,,,,,,,,,,,,,,,,,,,,,,,,,,,,,,,,,,,,,,,,,,,,,,,,,,,,,,,,,,,,,,,,,,,,,
G04_RD14-0003-03d2d-0.0313IP-Q1.8_003.20sec.fsa,FGA,R,OL,209.46,10,19,220.93,127,OL,238.36,5,24,241.21,9,25.2,247.61,3,OL,251.08,7,OL,252.3,8,OL,260.39,5,OL,261.01,5,OL,265.07,4,30.2,267.97,6,31.2,271.26,6,OL,286.39,10,OL,288.1,8,OL,291.92,7,OL,303.21,7,OL,306.76,9,OL,313.28,11,42.2,316.33,8,OL,320.73,11,OL,329.87,5,OL,333.52,4,OL,341.38,6,OL,346.64,7,OL,347.44,7,50.2,348.25,7,OL,350.93,9,OL,354.73,7,,,,,,,,,,,,,,,,,,,,,,,,,,,,,,,,,,,,,,,,,,,,,,,,,,,,,,,,,,,,,,,,,,,,,,,,,,,,,,,,,,,,,,,,,,,,,,,,,,,,,,,,,,,,,,,,,,,,,,,,,,,,,,,,,,,,,,,,,,,,,,,,,,,,,,,,,,,,,,,,,,,,,,,,,,,,,,,,,,,,,,,,,,,,,,,,,,,,,,,,,,,,,,,,,,,,,,,,
G05_RD14-0003-03d2e-0.0625IP-Q2.6_003.20sec.fsa,D8S1179,B,10,129.6,5,OL,139.92,10,13,141.76,10,14,146.06,173,15,150.22,379,17,158.99,4,OL,160,5,OL,167.52,2,OL,169.6,5,OL,174.91,5,OL,176.6,8,,,,,,,,,,,,,,,,,,,,,,,,,,,,,,,,,,,,,,,,,,,,,,,,,,,,,,,,,,,,,,,,,,,,,,,,,,,,,,,,,,,,,,,,,,,,,,,,,,,,,,,,,,,,,,,,,,,,,,,,,,,,,,,,,,,,,,,,,,,,,,,,,,,,,,,,,,,,,,,,,,,,,,,,,,,,,,,,,,,,,,,,,,,,,,,,,,,,,,,,,,,,,,,,,,,,,,,,,,,,,,,,,,,,,,,,,,,,,,,,,,,,,,,,,,,,,,,,,,,,,,,,,,,
G05_RD14-0003-03d2e-0.0625IP-Q2.6_003.20sec.fsa,D21S11,B,OL,200,6,OL,203.58,3,OL,207.48,3,31.2,212.77,10,OL,213.92,7,32.2,216.76,121,35,226.41,5,,,,,,,,,,,,,,,,,,,,,,,,,,,,,,,,,,,,,,,,,,,,,,,,,,,,,,,,,,,,,,,,,,,,,,,,,,,,,,,,,,,,,,,,,,,,,,,,,,,,,,,,,,,,,,,,,,,,,,,,,,,,,,,,,,,,,,,,,,,,,,,,,,,,,,,,,,,,,,,,,,,,,,,,,,,,,,,,,,,,,,,,,,,,,,,,,,,,,,,,,,,,,,,,,,,,,,,,,,,,,,,,,,,,,,,,,,,,,,,,,,,,,,,,,,,,,,,,,,,,,,,,,,,,,,,,,,,,,,,
G05_RD14-0003-03d2e-0.0625IP-Q2.6_003.20sec.fsa,D7S820,B,6,253.7,2,OL,259.92,6,8,262.04,25,8.2,264.25,2,OL,265.51,4,10,270.33,3,11,274.12,21,OL,280.08,7,13,282.58,3,OL,291.49,5,,,,,,,,,,,,,,,,,,,,,,,,,,,,,,,,,,,,,,,,,,,,,,,,,,,,,,,,,,,,,,,,,,,,,,,,,,,,,,,,,,,,,,,,,,,,,,,,,,,,,,,,,,,,,,,,,,,,,,,,,,,,,,,,,,,,,,,,,,,,,,,,,,,,,,,,,,,,,,,,,,,,,,,,,,,,,,,,,,,,,,,,,,,,,,,,,,,,,,,,,,,,,,,,,,,,,,,,,,,,,,,,,,,,,,,,,,,,,,,,,,,,,,,,,,,,,,,,,,,,,,,,,,,,,,
G05_RD14-0003-03d2e-0.0625IP-Q2.6_003.20sec.fsa,CSF1PO,B,OL,299.92,6,OL,301.16,3,OL,303.64,2,OL,305.98,5,8,310.48,49,OL,312.96,3,OL,319.92,6,12,326.74,21,OL,340.08,11,,,,,,,,,,,,,,,,,,,,,,,,,,,,,,,,,,,,,,,,,,,,,,,,,,,,,,,,,,,,,,,,,,,,,,,,,,,,,,,,,,,,,,,,,,,,,,,,,,,,,,,,,,,,,,,,,,,,,,,,,,,,,,,,,,,,,,,,,,,,,,,,,,,,,,,,,,,,,,,,,,,,,,,,,,,,,,,,,,,,,,,,,,,,,,,,,,,,,,,,,,,,,,,,,,,,,,,,,,,,,,,,,,,,,,,,,,,,,,,,,,,,,,,,,,,,,,,,,,,,,,,,,,,,,,,,,
G05_RD14-0003-03d2e-0.0625IP-Q2.6_003.20sec.fsa,D3S1358,G,OL,98,9,OL,101.72,5,OL,107.62,7,OL,112.22,27,OL,113.93,8,OL,119.86,7,15,122.33,35,16,126.28,368,17,130.12,141,OL,135.56,7,OL,141.61,5,,,,,,,,,,,,,,,,,,,,,,,,,,,,,,,,,,,,,,,,,,,,,,,,,,,,,,,,,,,,,,,,,,,,,,,,,,,,,,,,,,,,,,,,,,,,,,,,,,,,,,,,,,,,,,,,,,,,,,,,,,,,,,,,,,,,,,,,,,,,,,,,,,,,,,,,,,,,,,,,,,,,,,,,,,,,,,,,,,,,,,,,,,,,,,,,,,,,,,,,,,,,,,,,,,,,,,,,,,,,,,,,,,,,,,,,,,,,,,,,,,,,,,,,,,,,,,,,,,,,,,,,,,,
G05_RD14-0003-03d2e-0.0625IP-Q2.6_003.20sec.fsa,TH01,G,OL,157.9,5,6,168.21,5,6.3,171.75,7,7,172.6,7,8,176.68,187,9,180.79,377,10,184.64,5,OL,187.15,9,OL,198.36,9,13.3,199.92,8,,,,,,,,,,,,,,,,,,,,,,,,,,,,,,,,,,,,,,,,,,,,,,,,,,,,,,,,,,,,,,,,,,,,,,,,,,,,,,,,,,,,,,,,,,,,,,,,,,,,,,,,,,,,,,,,,,,,,,,,,,,,,,,,,,,,,,,,,,,,,,,,,,,,,,,,,,,,,,,,,,,,,,,,,,,,,,,,,,,,,,,,,,,,,,,,,,,,,,,,,,,,,,,,,,,,,,,,,,,,,,,,,,,,,,,,,,,,,,,,,,,,,,,,,,,,,,,,,,,,,,,,,,,,,,
G05_RD14-0003-03d2e-0.0625IP-Q2.6_003.20sec.fsa,D13S317,G,OL,213.62,4,OL,219.84,9,11,227.12,125,12,231.27,43,OL,232.84,6,13,234.89,8,OL,236.38,4,OL,240,10,,,,,,,,,,,,,,,,,,,,,,,,,,,,,,,,,,,,,,,,,,,,,,,,,,,,,,,,,,,,,,,,,,,,,,,,,,,,,,,,,,,,,,,,,,,,,,,,,,,,,,,,,,,,,,,,,,,,,,,,,,,,,,,,,,,,,,,,,,,,,,,,,,,,,,,,,,,,,,,,,,,,,,,,,,,,,,,,,,,,,,,,,,,,,,,,,,,,,,,,,,,,,,,,,,,,,,,,,,,,,,,,,,,,,,,,,,,,,,,,,,,,,,,,,,,,,,,,,,,,,,,,,,,,,,,,,,,,
G05_RD14-0003-03d2e-0.0625IP-Q2.6_003.20sec.fsa,D16S539,G,OL,249.84,7,5,251.78,4,7,259.92,10,OL,262.36,5,10,271.2,25,11,275.23,56,OL,279.84,9,13,283.05,13,OL,283.75,9,OL,285.32,4,14,287.11,154,OL,288.44,7,OL,292.9,5,,,,,,,,,,,,,,,,,,,,,,,,,,,,,,,,,,,,,,,,,,,,,,,,,,,,,,,,,,,,,,,,,,,,,,,,,,,,,,,,,,,,,,,,,,,,,,,,,,,,,,,,,,,,,,,,,,,,,,,,,,,,,,,,,,,,,,,,,,,,,,,,,,,,,,,,,,,,,,,,,,,,,,,,,,,,,,,,,,,,,,,,,,,,,,,,,,,,,,,,,,,,,,,,,,,,,,,,,,,,,,,,,,,,,,,,,,,,,,,,,,,,,,,,,,,,,,,,,,,,,
G05_RD14-0003-03d2e-0.0625IP-Q2.6_003.20sec.fsa,D2S1338,G,OL,306.45,6,OL,314,10,18,316.91,4,OL,318.58,5,OL,319.75,7,21,328.84,8,22,333.11,71,OL,338,7,24,341.14,10,25,345.14,142,OL,347.1,4,OL,348.4,5,OL,350.36,4,OL,350.93,5,27,353.06,5,OL,356.08,7,28,357.3,6,OL,358.37,6,OL,359.92,10,,,,,,,,,,,,,,,,,,,,,,,,,,,,,,,,,,,,,,,,,,,,,,,,,,,,,,,,,,,,,,,,,,,,,,,,,,,,,,,,,,,,,,,,,,,,,,,,,,,,,,,,,,,,,,,,,,,,,,,,,,,,,,,,,,,,,,,,,,,,,,,,,,,,,,,,,,,,,,,,,,,,,,,,,,,,,,,,,,,,,,,,,,,,,,,,,,,,,,,,,,,,,,,,,,,,,,,,,,,,,,,,,,,,,,,,,,,,,,,,,,,
G05_RD14-0003-03d2e-0.0625IP-Q2.6_003.20sec.fsa,D19S433,Y,10,104.34,6,11.2,110,10,12,112.3,296,13,116.17,13,14,120.22,157,OL,131.16,6,17,132.05,8,OL,139.62,7,,,,,,,,,,,,,,,,,,,,,,,,,,,,,,,,,,,,,,,,,,,,,,,,,,,,,,,,,,,,,,,,,,,,,,,,,,,,,,,,,,,,,,,,,,,,,,,,,,,,,,,,,,,,,,,,,,,,,,,,,,,,,,,,,,,,,,,,,,,,,,,,,,,,,,,,,,,,,,,,,,,,,,,,,,,,,,,,,,,,,,,,,,,,,,,,,,,,,,,,,,,,,,,,,,,,,,,,,,,,,,,,,,,,,,,,,,,,,,,,,,,,,,,,,,,,,,,,,,,,,,,,,,,,,,,,,,,,
G05_RD14-0003-03d2e-0.0625IP-Q2.6_003.20sec.fsa,vWA,Y,OL,146.75,8,10,147.83,9,OL,161.46,8,15,168.13,120,16,172.21,210,OL,177.07,9,OL,177.92,6,OL,179.23,9,OL,183.77,8,OL,186.99,6,OL,190.13,5,OL,198.2,7,OL,198.9,7,OL,203.58,9,,,,,,,,,,,,,,,,,,,,,,,,,,,,,,,,,,,,,,,,,,,,,,,,,,,,,,,,,,,,,,,,,,,,,,,,,,,,,,,,,,,,,,,,,,,,,,,,,,,,,,,,,,,,,,,,,,,,,,,,,,,,,,,,,,,,,,,,,,,,,,,,,,,,,,,,,,,,,,,,,,,,,,,,,,,,,,,,,,,,,,,,,,,,,,,,,,,,,,,,,,,,,,,,,,,,,,,,,,,,,,,,,,,,,,,,,,,,,,,,,,,,,,,,,,,,,,,,,,
G05_RD14-0003-03d2e-0.0625IP-Q2.6_003.20sec.fsa,TPOX,Y,8,229.08,7,OL,231.51,6,10,236.69,10,11,240.8,187,OL,243.05,8,OL,246.73,6,,,,,,,,,,,,,,,,,,,,,,,,,,,,,,,,,,,,,,,,,,,,,,,,,,,,,,,,,,,,,,,,,,,,,,,,,,,,,,,,,,,,,,,,,,,,,,,,,,,,,,,,,,,,,,,,,,,,,,,,,,,,,,,,,,,,,,,,,,,,,,,,,,,,,,,,,,,,,,,,,,,,,,,,,,,,,,,,,,,,,,,,,,,,,,,,,,,,,,,,,,,,,,,,,,,,,,,,,,,,,,,,,,,,,,,,,,,,,,,,,,,,,,,,,,,,,,,,,,,,,,,,,,,,,,,,,,,,,,,,,,
G05_RD14-0003-03d2e-0.0625IP-Q2.6_003.20sec.fsa,D18S51,Y,13,284.93,9,15,293.36,13,OL,299.84,12,17,301.08,39,18,305.04,127,OL,306.3,9,OL,311.68,9,OL,313.68,8,OL,316.33,7,OL,319.92,10,OL,323.01,4,OL,324.71,11,OL,329,8,,,,,,,,,,,,,,,,,,,,,,,,,,,,,,,,,,,,,,,,,,,,,,,,,,,,,,,,,,,,,,,,,,,,,,,,,,,,,,,,,,,,,,,,,,,,,,,,,,,,,,,,,,,,,,,,,,,,,,,,,,,,,,,,,,,,,,,,,,,,,,,,,,,,,,,,,,,,,,,,,,,,,,,,,,,,,,,,,,,,,,,,,,,,,,,,,,,,,,,,,,,,,,,,,,,,,,,,,,,,,,,,,,,,,,,,,,,,,,,,,,,,,,,,,,,,,,,,,,,,,
G05_RD14-0003-03d2e-0.0625IP-Q2.6_003.20sec.fsa,AMEL,R,X,104.94,254,Y,110.82,250,,,,,,,,,,,,,,,,,,,,,,,,,,,,,,,,,,,,,,,,,,,,,,,,,,,,,,,,,,,,,,,,,,,,,,,,,,,,,,,,,,,,,,,,,,,,,,,,,,,,,,,,,,,,,,,,,,,,,,,,,,,,,,,,,,,,,,,,,,,,,,,,,,,,,,,,,,,,,,,,,,,,,,,,,,,,,,,,,,,,,,,,,,,,,,,,,,,,,,,,,,,,,,,,,,,,,,,,,,,,,,,,,,,,,,,,,,,,,,,,,,,,,,,,,,,,,,,,,,,,,,,,,,,,,,,,,,,,,,,,,,,,,,,,,,,,,,
G05_RD14-0003-03d2e-0.0625IP-Q2.6_003.20sec.fsa,D5S818,R,7,132.72,6,11,148.68,16,12,153.01,361,13,157.04,71,OL,161.92,11,OL,172.29,12,,,,,,,,,,,,,,,,,,,,,,,,,,,,,,,,,,,,,,,,,,,,,,,,,,,,,,,,,,,,,,,,,,,,,,,,,,,,,,,,,,,,,,,,,,,,,,,,,,,,,,,,,,,,,,,,,,,,,,,,,,,,,,,,,,,,,,,,,,,,,,,,,,,,,,,,,,,,,,,,,,,,,,,,,,,,,,,,,,,,,,,,,,,,,,,,,,,,,,,,,,,,,,,,,,,,,,,,,,,,,,,,,,,,,,,,,,,,,,,,,,,,,,,,,,,,,,,,,,,,,,,,,,,,,,,,,,,,,,,,,,
G05_RD14-0003-03d2e-0.0625IP-Q2.6_003.20sec.fsa,FGA,R,16.2,210.39,5,18,216.84,13,19,220.86,224,19.2,222.97,7,OL,227.82,11,22.2,235.28,6,24,241.37,40,29.2,263.15,6,OL,293.99,8,OL,299.38,5,OL,300.39,8,OL,303.64,5,45.2,328.76,10,47.2,336.24,7,51.2,353.22,6,OL,354.36,4,OL,356.08,6,,,,,,,,,,,,,,,,,,,,,,,,,,,,,,,,,,,,,,,,,,,,,,,,,,,,,,,,,,,,,,,,,,,,,,,,,,,,,,,,,,,,,,,,,,,,,,,,,,,,,,,,,,,,,,,,,,,,,,,,,,,,,,,,,,,,,,,,,,,,,,,,,,,,,,,,,,,,,,,,,,,,,,,,,,,,,,,,,,,,,,,,,,,,,,,,,,,,,,,,,,,,,,,,,,,,,,,,,,,,,,,,,,,,,,,,,,,,,,,,,,,,,,,,,
G06_RD14-0003-04d2a-0.25IP-Q1.1_003.20sec.fsa,D8S1179,B,11,133.72,4,OL,135.27,5,12,137.92,74,13,142.03,1371,14,146.18,1062,15,150.34,6,OL,151.17,1,OL,156.42,4,OL,169.54,4,OL,176.61,15,,,,,,,,,,,,,,,,,,,,,,,,,,,,,,,,,,,,,,,,,,,,,,,,,,,,,,,,,,,,,,,,,,,,,,,,,,,,,,,,,,,,,,,,,,,,,,,,,,,,,,,,,,,,,,,,,,,,,,,,,,,,,,,,,,,,,,,,,,,,,,,,,,,,,,,,,,,,,,,,,,,,,,,,,,,,,,,,,,,,,,,,,,,,,,,,,,,,,,,,,,,,,,,,,,,,,,,,,,,,,,,,,,,,,,,,,,,,,,,,,,,,,,,,,,,,,,,,,,,,,,,,,,,,,,
G06_RD14-0003-04d2a-0.25IP-Q1.1_003.20sec.fsa,D21S11,B,OL,187.71,5,25.2,188.4,5,26,190.31,5,27,194.58,52,28,198.63,835,29,202.7,99,30,206.68,1163,31,210.37,8,OL,213.85,5,OL,215.38,4,OL,221.36,2,35,227.22,24,36,231.18,22,OL,235.62,1,38,238.69,4,,,,,,,,,,,,,,,,,,,,,,,,,,,,,,,,,,,,,,,,,,,,,,,,,,,,,,,,,,,,,,,,,,,,,,,,,,,,,,,,,,,,,,,,,,,,,,,,,,,,,,,,,,,,,,,,,,,,,,,,,,,,,,,,,,,,,,,,,,,,,,,,,,,,,,,,,,,,,,,,,,,,,,,,,,,,,,,,,,,,,,,,,,,,,,,,,,,,,,,,,,,,,,,,,,,,,,,,,,,,,,,,,,,,,,,,,,,,,,,,,,,,,,,,,,,,,,,
G06_RD14-0003-04d2a-0.25IP-Q1.1_003.20sec.fsa,D7S820,B,OL,247.49,5,5,249.69,3,6,254.38,2,OL,256.56,3,8,262.08,75,9,266.1,2138,10,269.81,5,OL,275.33,35,OL,283.21,5,OL,285.2,3,OL,291.53,3,OL,293.29,1,,,,,,,,,,,,,,,,,,,,,,,,,,,,,,,,,,,,,,,,,,,,,,,,,,,,,,,,,,,,,,,,,,,,,,,,,,,,,,,,,,,,,,,,,,,,,,,,,,,,,,,,,,,,,,,,,,,,,,,,,,,,,,,,,,,,,,,,,,,,,,,,,,,,,,,,,,,,,,,,,,,,,,,,,,,,,,,,,,,,,,,,,,,,,,,,,,,,,,,,,,,,,,,,,,,,,,,,,,,,,,,,,,,,,,,,,,,,,,,,,,,,,,,,,,,,,,,,,,,,,,,,
G06_RD14-0003-04d2a-0.25IP-Q1.1_003.20sec.fsa,CSF1PO,B,11,322.65,138,12,326.72,2004,OL,329.03,12,13,330.62,9,OL,339.92,4,,,,,,,,,,,,,,,,,,,,,,,,,,,,,,,,,,,,,,,,,,,,,,,,,,,,,,,,,,,,,,,,,,,,,,,,,,,,,,,,,,,,,,,,,,,,,,,,,,,,,,,,,,,,,,,,,,,,,,,,,,,,,,,,,,,,,,,,,,,,,,,,,,,,,,,,,,,,,,,,,,,,,,,,,,,,,,,,,,,,,,,,,,,,,,,,,,,,,,,,,,,,,,,,,,,,,,,,,,,,,,,,,,,,,,,,,,,,,,,,,,,,,,,,,,,,,,,,,,,,,,,,,,,,,,,,,,,,,,,,,,,,,
G06_RD14-0003-04d2a-0.25IP-Q1.1_003.20sec.fsa,D3S1358,G,OL,102.07,3,OL,104.21,4,OL,108.83,4,OL,115.48,15,OL,116.26,10,14,118.17,148,15,122.14,1689,16,126.31,1209,17,130.22,11,19,138.74,5,OL,143.24,8,,,,,,,,,,,,,,,,,,,,,,,,,,,,,,,,,,,,,,,,,,,,,,,,,,,,,,,,,,,,,,,,,,,,,,,,,,,,,,,,,,,,,,,,,,,,,,,,,,,,,,,,,,,,,,,,,,,,,,,,,,,,,,,,,,,,,,,,,,,,,,,,,,,,,,,,,,,,,,,,,,,,,,,,,,,,,,,,,,,,,,,,,,,,,,,,,,,,,,,,,,,,,,,,,,,,,,,,,,,,,,,,,,,,,,,,,,,,,,,,,,,,,,,,,,,,,,,,,,,,,,,,,,,
G06_RD14-0003-04d2a-0.25IP-Q1.1_003.20sec.fsa,TH01,G,OL,155.73,4,4,160.08,9,OL,163.15,19,OL,165.11,6,5.3,167.21,8,6,168.49,9,OL,170.59,2,7,172.55,122,8,176.69,4353,OL,191.53,6,OL,201.05,3,,,,,,,,,,,,,,,,,,,,,,,,,,,,,,,,,,,,,,,,,,,,,,,,,,,,,,,,,,,,,,,,,,,,,,,,,,,,,,,,,,,,,,,,,,,,,,,,,,,,,,,,,,,,,,,,,,,,,,,,,,,,,,,,,,,,,,,,,,,,,,,,,,,,,,,,,,,,,,,,,,,,,,,,,,,,,,,,,,,,,,,,,,,,,,,,,,,,,,,,,,,,,,,,,,,,,,,,,,,,,,,,,,,,,,,,,,,,,,,,,,,,,,,,,,,,,,,,,,,,,,,,,,,
G06_RD14-0003-04d2a-0.25IP-Q1.1_003.20sec.fsa,D13S317,G,7,211.28,8,OL,220,7,10,223.19,105,11,227.22,2188,12,231.18,2028,13,235.09,9,OL,237.31,6,OL,238.23,6,,,,,,,,,,,,,,,,,,,,,,,,,,,,,,,,,,,,,,,,,,,,,,,,,,,,,,,,,,,,,,,,,,,,,,,,,,,,,,,,,,,,,,,,,,,,,,,,,,,,,,,,,,,,,,,,,,,,,,,,,,,,,,,,,,,,,,,,,,,,,,,,,,,,,,,,,,,,,,,,,,,,,,,,,,,,,,,,,,,,,,,,,,,,,,,,,,,,,,,,,,,,,,,,,,,,,,,,,,,,,,,,,,,,,,,,,,,,,,,,,,,,,,,,,,,,,,,,,,,,,,,,,,,,,,,,,,,,
G06_RD14-0003-04d2a-0.25IP-Q1.1_003.20sec.fsa,D16S539,G,10,271.29,162,11,275.25,2629,12,278.91,9,14,286.8,6,14,287.49,4,OL,290.47,8,15,291.08,6,,,,,,,,,,,,,,,,,,,,,,,,,,,,,,,,,,,,,,,,,,,,,,,,,,,,,,,,,,,,,,,,,,,,,,,,,,,,,,,,,,,,,,,,,,,,,,,,,,,,,,,,,,,,,,,,,,,,,,,,,,,,,,,,,,,,,,,,,,,,,,,,,,,,,,,,,,,,,,,,,,,,,,,,,,,,,,,,,,,,,,,,,,,,,,,,,,,,,,,,,,,,,,,,,,,,,,,,,,,,,,,,,,,,,,,,,,,,,,,,,,,,,,,,,,,,,,,,,,,,,,,,,,,,,,,,,,,,,,,
G06_RD14-0003-04d2a-0.25IP-Q1.1_003.20sec.fsa,D2S1338,G,OL,306.07,2,OL,309.54,2,OL,314.25,5,OL,315.15,5,OL,319.83,10,19,320.56,10,20,324.97,105,21,329.03,1134,23,337.02,12,24,341.03,134,25,345.09,1197,27,353.14,3,OL,359.04,5,OL,362.79,7,OL,363.59,3,,,,,,,,,,,,,,,,,,,,,,,,,,,,,,,,,,,,,,,,,,,,,,,,,,,,,,,,,,,,,,,,,,,,,,,,,,,,,,,,,,,,,,,,,,,,,,,,,,,,,,,,,,,,,,,,,,,,,,,,,,,,,,,,,,,,,,,,,,,,,,,,,,,,,,,,,,,,,,,,,,,,,,,,,,,,,,,,,,,,,,,,,,,,,,,,,,,,,,,,,,,,,,,,,,,,,,,,,,,,,,,,,,,,,,,,,,,,,,,,,,,,,,,,,,,,,,,
G06_RD14-0003-04d2a-0.25IP-Q1.1_003.20sec.fsa,D19S433,Y,OL,100.81,5,10,103.91,10,11.2,110.14,81,OL,111.46,10,12.2,114.21,1122,14,120.07,109,15,124,765,OL,129.42,6,OL,133.14,6,17.2,133.87,4,OL,136.96,6,,,,,,,,,,,,,,,,,,,,,,,,,,,,,,,,,,,,,,,,,,,,,,,,,,,,,,,,,,,,,,,,,,,,,,,,,,,,,,,,,,,,,,,,,,,,,,,,,,,,,,,,,,,,,,,,,,,,,,,,,,,,,,,,,,,,,,,,,,,,,,,,,,,,,,,,,,,,,,,,,,,,,,,,,,,,,,,,,,,,,,,,,,,,,,,,,,,,,,,,,,,,,,,,,,,,,,,,,,,,,,,,,,,,,,,,,,,,,,,,,,,,,,,,,,,,,,,,,,,,,,,,,,,
G06_RD14-0003-04d2a-0.25IP-Q1.1_003.20sec.fsa,vWA,Y,OL,148.52,7,OL,152.77,17,15,168.11,85,16,172.17,1431,18,180.31,98,19,184.43,1208,OL,202.7,7,OL,206.31,8,OL,206.91,9,25,209.09,12,,,,,,,,,,,,,,,,,,,,,,,,,,,,,,,,,,,,,,,,,,,,,,,,,,,,,,,,,,,,,,,,,,,,,,,,,,,,,,,,,,,,,,,,,,,,,,,,,,,,,,,,,,,,,,,,,,,,,,,,,,,,,,,,,,,,,,,,,,,,,,,,,,,,,,,,,,,,,,,,,,,,,,,,,,,,,,,,,,,,,,,,,,,,,,,,,,,,,,,,,,,,,,,,,,,,,,,,,,,,,,,,,,,,,,,,,,,,,,,,,,,,,,,,,,,,,,,,,,,,,,,,,,,,,,
G06_RD14-0003-04d2a-0.25IP-Q1.1_003.20sec.fsa,TPOX,Y,OL,226.15,11,OL,229.89,16,9,232.71,48,10,236.62,1491,11,240.63,547,,,,,,,,,,,,,,,,,,,,,,,,,,,,,,,,,,,,,,,,,,,,,,,,,,,,,,,,,,,,,,,,,,,,,,,,,,,,,,,,,,,,,,,,,,,,,,,,,,,,,,,,,,,,,,,,,,,,,,,,,,,,,,,,,,,,,,,,,,,,,,,,,,,,,,,,,,,,,,,,,,,,,,,,,,,,,,,,,,,,,,,,,,,,,,,,,,,,,,,,,,,,,,,,,,,,,,,,,,,,,,,,,,,,,,,,,,,,,,,,,,,,,,,,,,,,,,,,,,,,,,,,,,,,,,,,,,,,,,,,,,,,,
G06_RD14-0003-04d2a-0.25IP-Q1.1_003.20sec.fsa,D18S51,Y,OL,264.24,7,9,268.73,10,OL,280,10,13,285.35,9,14,289.09,66,15,293.14,949,16,297.03,107,16.2,298.63,5,17,301.05,1081,18.2,307.07,8,20,313.45,7,OL,319.83,5,23,325.69,9,OL,331.73,8,26,337.88,8,OL,342.86,8,OL,344.14,4,,,,,,,,,,,,,,,,,,,,,,,,,,,,,,,,,,,,,,,,,,,,,,,,,,,,,,,,,,,,,,,,,,,,,,,,,,,,,,,,,,,,,,,,,,,,,,,,,,,,,,,,,,,,,,,,,,,,,,,,,,,,,,,,,,,,,,,,,,,,,,,,,,,,,,,,,,,,,,,,,,,,,,,,,,,,,,,,,,,,,,,,,,,,,,,,,,,,,,,,,,,,,,,,,,,,,,,,,,,,,,,,,,,,,,,,,,,,,,,,,,,,,,,,,
G06_RD14-0003-04d2a-0.25IP-Q1.1_003.20sec.fsa,AMEL,R,X,104.94,926,Y,110.87,983,,,,,,,,,,,,,,,,,,,,,,,,,,,,,,,,,,,,,,,,,,,,,,,,,,,,,,,,,,,,,,,,,,,,,,,,,,,,,,,,,,,,,,,,,,,,,,,,,,,,,,,,,,,,,,,,,,,,,,,,,,,,,,,,,,,,,,,,,,,,,,,,,,,,,,,,,,,,,,,,,,,,,,,,,,,,,,,,,,,,,,,,,,,,,,,,,,,,,,,,,,,,,,,,,,,,,,,,,,,,,,,,,,,,,,,,,,,,,,,,,,,,,,,,,,,,,,,,,,,,,,,,,,,,,,,,,,,,,,,,,,,,,,,,,,,,,,
G06_RD14-0003-04d2a-0.25IP-Q1.1_003.20sec.fsa,D5S818,R,6,128.77,6,OL,129.71,4,9,140.6,11,10,144.74,57,11,148.9,1074,12,152.99,1280,13,157.25,11,OL,158.78,8,OL,164.43,8,OL,176.08,13,OL,177.29,14,OL,178.27,12,,,,,,,,,,,,,,,,,,,,,,,,,,,,,,,,,,,,,,,,,,,,,,,,,,,,,,,,,,,,,,,,,,,,,,,,,,,,,,,,,,,,,,,,,,,,,,,,,,,,,,,,,,,,,,,,,,,,,,,,,,,,,,,,,,,,,,,,,,,,,,,,,,,,,,,,,,,,,,,,,,,,,,,,,,,,,,,,,,,,,,,,,,,,,,,,,,,,,,,,,,,,,,,,,,,,,,,,,,,,,,,,,,,,,,,,,,,,,,,,,,,,,,,,,,,,,,,,,,,,,,,,
G06_RD14-0003-04d2a-0.25IP-Q1.1_003.20sec.fsa,FGA,R,17,212.87,11,17.2,214.84,8,18.2,218.61,10,19,221.06,56,20,225.09,920,21,229.12,1109,22.2,234.7,8,OL,235.78,8,23,237.23,19,23.2,238.85,19,OL,254.68,8,OL,272.3,7,32.2,275.72,20,33.2,279.38,4,34.2,283.29,7,OL,302.56,7,OL,312.51,4,OL,318.1,11,43.2,320.48,11,OL,321.12,8,46.2,332.2,4,OL,345.33,13,OL,347.48,8,OL,353.62,7,OL,358.96,7,,,,,,,,,,,,,,,,,,,,,,,,,,,,,,,,,,,,,,,,,,,,,,,,,,,,,,,,,,,,,,,,,,,,,,,,,,,,,,,,,,,,,,,,,,,,,,,,,,,,,,,,,,,,,,,,,,,,,,,,,,,,,,,,,,,,,,,,,,,,,,,,,,,,,,,,,,,,,,,,,,,,,,,,,,,,,,,,,,,,,,,,,,,,,,,,,,,,,,,,,,,,,,,,,,,,,,,,,,,,,,,,,
G08_RD14-0003-04d2c-0.5IP-Q0.9_003.20sec.fsa,D8S1179,B,OL,111.94,7,OL,112.29,6,OL,119.17,9,OL,119.72,10,OL,127.77,4,OL,131.96,6,OL,135.46,12,12,137.9,166,13,141.98,2872,14,146.17,2898,15,150.29,68,OL,157.1,4,OL,169.96,3,20,170.69,3,OL,176.7,26,,,,,,,,,,,,,,,,,,,,,,,,,,,,,,,,,,,,,,,,,,,,,,,,,,,,,,,,,,,,,,,,,,,,,,,,,,,,,,,,,,,,,,,,,,,,,,,,,,,,,,,,,,,,,,,,,,,,,,,,,,,,,,,,,,,,,,,,,,,,,,,,,,,,,,,,,,,,,,,,,,,,,,,,,,,,,,,,,,,,,,,,,,,,,,,,,,,,,,,,,,,,,,,,,,,,,,,,,,,,,,,,,,,,,,,,,,,,,,,,,,,,,,,,,,,,,,,
G08_RD14-0003-04d2c-0.5IP-Q0.9_003.20sec.fsa,D21S11,B,26,190.23,8,26.2,192.6,6,27,194.6,122,27.2,196.52,8,28,198.67,1964,29,202.68,185,30,206.61,2602,31,210.63,23,OL,214,10,35,227.31,29,36,231.22,27,OL,238.3,6,,,,,,,,,,,,,,,,,,,,,,,,,,,,,,,,,,,,,,,,,,,,,,,,,,,,,,,,,,,,,,,,,,,,,,,,,,,,,,,,,,,,,,,,,,,,,,,,,,,,,,,,,,,,,,,,,,,,,,,,,,,,,,,,,,,,,,,,,,,,,,,,,,,,,,,,,,,,,,,,,,,,,,,,,,,,,,,,,,,,,,,,,,,,,,,,,,,,,,,,,,,,,,,,,,,,,,,,,,,,,,,,,,,,,,,,,,,,,,,,,,,,,,,,,,,,,,,,,,,,,,,,
G08_RD14-0003-04d2c-0.5IP-Q0.9_003.20sec.fsa,D7S820,B,OL,247.75,6,8,262.14,95,9,266.14,2818,10,269.91,5,OL,275.1,70,OL,278.96,4,OL,279.93,8,OL,281.62,4,13,282.28,3,OL,288.31,3,OL,291.18,4,,,,,,,,,,,,,,,,,,,,,,,,,,,,,,,,,,,,,,,,,,,,,,,,,,,,,,,,,,,,,,,,,,,,,,,,,,,,,,,,,,,,,,,,,,,,,,,,,,,,,,,,,,,,,,,,,,,,,,,,,,,,,,,,,,,,,,,,,,,,,,,,,,,,,,,,,,,,,,,,,,,,,,,,,,,,,,,,,,,,,,,,,,,,,,,,,,,,,,,,,,,,,,,,,,,,,,,,,,,,,,,,,,,,,,,,,,,,,,,,,,,,,,,,,,,,,,,,,,,,,,,,,,,
G08_RD14-0003-04d2c-0.5IP-Q0.9_003.20sec.fsa,CSF1PO,B,OL,300,7,OL,304.43,5,OL,309.89,6,10,318.67,9,OL,320,4,11,322.67,172,12,326.69,3045,OL,328.88,25,13,330.69,41,OL,335.58,3,OL,339.85,8,OL,341.06,6,16,342.43,4,,,,,,,,,,,,,,,,,,,,,,,,,,,,,,,,,,,,,,,,,,,,,,,,,,,,,,,,,,,,,,,,,,,,,,,,,,,,,,,,,,,,,,,,,,,,,,,,,,,,,,,,,,,,,,,,,,,,,,,,,,,,,,,,,,,,,,,,,,,,,,,,,,,,,,,,,,,,,,,,,,,,,,,,,,,,,,,,,,,,,,,,,,,,,,,,,,,,,,,,,,,,,,,,,,,,,,,,,,,,,,,,,,,,,,,,,,,,,,,,,,,,,,,,,,,,,,,,,,,,,
G08_RD14-0003-04d2c-0.5IP-Q0.9_003.20sec.fsa,D3S1358,G,OL,99.71,7,OL,102.75,10,11,105.78,6,13,114.07,39,14,118.28,318,15,122.23,3813,16,126.29,3538,17,130.39,15,18.2,136.18,8,OL,139.06,11,OL,143.3,19,OL,144.03,17,,,,,,,,,,,,,,,,,,,,,,,,,,,,,,,,,,,,,,,,,,,,,,,,,,,,,,,,,,,,,,,,,,,,,,,,,,,,,,,,,,,,,,,,,,,,,,,,,,,,,,,,,,,,,,,,,,,,,,,,,,,,,,,,,,,,,,,,,,,,,,,,,,,,,,,,,,,,,,,,,,,,,,,,,,,,,,,,,,,,,,,,,,,,,,,,,,,,,,,,,,,,,,,,,,,,,,,,,,,,,,,,,,,,,,,,,,,,,,,,,,,,,,,,,,,,,,,,,,,,,,,,
G08_RD14-0003-04d2c-0.5IP-Q0.9_003.20sec.fsa,TH01,G,OL,162.93,23,6,168.35,9,7,172.6,175,OL,173.7,7,8,176.63,6480,8.3,180,8,9,180.89,8,OL,195.56,7,OL,197.41,7,13.3,199.85,10,OL,200.72,7,,,,,,,,,,,,,,,,,,,,,,,,,,,,,,,,,,,,,,,,,,,,,,,,,,,,,,,,,,,,,,,,,,,,,,,,,,,,,,,,,,,,,,,,,,,,,,,,,,,,,,,,,,,,,,,,,,,,,,,,,,,,,,,,,,,,,,,,,,,,,,,,,,,,,,,,,,,,,,,,,,,,,,,,,,,,,,,,,,,,,,,,,,,,,,,,,,,,,,,,,,,,,,,,,,,,,,,,,,,,,,,,,,,,,,,,,,,,,,,,,,,,,,,,,,,,,,,,,,,,,,,,,,,
G08_RD14-0003-04d2c-0.5IP-Q0.9_003.20sec.fsa,D13S317,G,OL,204.5,7,7,211.14,7,8,214.75,6,OL,219.77,10,10,223.17,126,11,227.23,2398,12,231.29,2560,OL,237.56,9,OL,239.93,8,OL,246.4,3,,,,,,,,,,,,,,,,,,,,,,,,,,,,,,,,,,,,,,,,,,,,,,,,,,,,,,,,,,,,,,,,,,,,,,,,,,,,,,,,,,,,,,,,,,,,,,,,,,,,,,,,,,,,,,,,,,,,,,,,,,,,,,,,,,,,,,,,,,,,,,,,,,,,,,,,,,,,,,,,,,,,,,,,,,,,,,,,,,,,,,,,,,,,,,,,,,,,,,,,,,,,,,,,,,,,,,,,,,,,,,,,,,,,,,,,,,,,,,,,,,,,,,,,,,,,,,,,,,,,,,,,,,,,,,
G08_RD14-0003-04d2c-0.5IP-Q0.9_003.20sec.fsa,D16S539,G,8,263.1,7,9,267.17,21,10,271.17,267,OL,273.25,22,11,275.17,5043,12,279.03,16,OL,288.02,7,,,,,,,,,,,,,,,,,,,,,,,,,,,,,,,,,,,,,,,,,,,,,,,,,,,,,,,,,,,,,,,,,,,,,,,,,,,,,,,,,,,,,,,,,,,,,,,,,,,,,,,,,,,,,,,,,,,,,,,,,,,,,,,,,,,,,,,,,,,,,,,,,,,,,,,,,,,,,,,,,,,,,,,,,,,,,,,,,,,,,,,,,,,,,,,,,,,,,,,,,,,,,,,,,,,,,,,,,,,,,,,,,,,,,,,,,,,,,,,,,,,,,,,,,,,,,,,,,,,,,,,,,,,,,,,,,,,,,,,
G08_RD14-0003-04d2c-0.5IP-Q0.9_003.20sec.fsa,D2S1338,G,OL,301.81,11,OL,311.01,8,OL,316.1,11,19,320.91,12,20,324.94,159,21,328.96,1786,23,337.01,13,24,340.99,220,25,345.02,2478,OL,351.33,16,OL,355.66,4,OL,358.4,8,,,,,,,,,,,,,,,,,,,,,,,,,,,,,,,,,,,,,,,,,,,,,,,,,,,,,,,,,,,,,,,,,,,,,,,,,,,,,,,,,,,,,,,,,,,,,,,,,,,,,,,,,,,,,,,,,,,,,,,,,,,,,,,,,,,,,,,,,,,,,,,,,,,,,,,,,,,,,,,,,,,,,,,,,,,,,,,,,,,,,,,,,,,,,,,,,,,,,,,,,,,,,,,,,,,,,,,,,,,,,,,,,,,,,,,,,,,,,,,,,,,,,,,,,,,,,,,,,,,,,,,,
G08_RD14-0003-04d2c-0.5IP-Q0.9_003.20sec.fsa,D19S433,Y,OL,96.72,8,9,100,9,10.2,106.07,26,11.2,110.22,216,12.2,114.28,3315,13.2,118.21,13,14,120.14,218,15,124.12,2698,15.2,126.29,43,,,,,,,,,,,,,,,,,,,,,,,,,,,,,,,,,,,,,,,,,,,,,,,,,,,,,,,,,,,,,,,,,,,,,,,,,,,,,,,,,,,,,,,,,,,,,,,,,,,,,,,,,,,,,,,,,,,,,,,,,,,,,,,,,,,,,,,,,,,,,,,,,,,,,,,,,,,,,,,,,,,,,,,,,,,,,,,,,,,,,,,,,,,,,,,,,,,,,,,,,,,,,,,,,,,,,,,,,,,,,,,,,,,,,,,,,,,,,,,,,,,,,,,,,,,,,,,,,,,,,,,,,,,,,,,,,
G08_RD14-0003-04d2c-0.5IP-Q0.9_003.20sec.fsa,vWA,Y,10,147.86,20,OL,154.51,7,12,155.62,3,OL,162.42,13,14,163.95,11,15,168.13,145,15.2,170.11,10,16,172.23,2456,17,176.7,81,18,180.3,174,19,184.45,2165,OL,191.19,9,OL,199.04,8,25,208.95,10,,,,,,,,,,,,,,,,,,,,,,,,,,,,,,,,,,,,,,,,,,,,,,,,,,,,,,,,,,,,,,,,,,,,,,,,,,,,,,,,,,,,,,,,,,,,,,,,,,,,,,,,,,,,,,,,,,,,,,,,,,,,,,,,,,,,,,,,,,,,,,,,,,,,,,,,,,,,,,,,,,,,,,,,,,,,,,,,,,,,,,,,,,,,,,,,,,,,,,,,,,,,,,,,,,,,,,,,,,,,,,,,,,,,,,,,,,,,,,,,,,,,,,,,,,,,,,,,,,
G08_RD14-0003-04d2c-0.5IP-Q0.9_003.20sec.fsa,TPOX,Y,OL,217.97,7,7,224.87,17,8,228.56,15,OL,229.74,13,9,232.62,41,10,236.68,1583,11,240.68,1389,,,,,,,,,,,,,,,,,,,,,,,,,,,,,,,,,,,,,,,,,,,,,,,,,,,,,,,,,,,,,,,,,,,,,,,,,,,,,,,,,,,,,,,,,,,,,,,,,,,,,,,,,,,,,,,,,,,,,,,,,,,,,,,,,,,,,,,,,,,,,,,,,,,,,,,,,,,,,,,,,,,,,,,,,,,,,,,,,,,,,,,,,,,,,,,,,,,,,,,,,,,,,,,,,,,,,,,,,,,,,,,,,,,,,,,,,,,,,,,,,,,,,,,,,,,,,,,,,,,,,,,,,,,,,,,,,,,,,,,
G08_RD14-0003-04d2c-0.5IP-Q0.9_003.20sec.fsa,D18S51,Y,9.2,271.02,12,OL,280,15,13,284.78,13,14,289.05,84,15,293.09,1159,OL,295.81,3,16,297.06,136,17,301.09,1521,18,305.09,19,OL,309.59,7,19.2,311.45,6,20,312.65,7,23.2,327.45,14,26,337.91,10,OL,339.85,13,OL,341.37,9,OL,342.96,11,OL,343.88,10,OL,346.38,8,,,,,,,,,,,,,,,,,,,,,,,,,,,,,,,,,,,,,,,,,,,,,,,,,,,,,,,,,,,,,,,,,,,,,,,,,,,,,,,,,,,,,,,,,,,,,,,,,,,,,,,,,,,,,,,,,,,,,,,,,,,,,,,,,,,,,,,,,,,,,,,,,,,,,,,,,,,,,,,,,,,,,,,,,,,,,,,,,,,,,,,,,,,,,,,,,,,,,,,,,,,,,,,,,,,,,,,,,,,,,,,,,,,,,,,,,,,,,,,,,,,
G08_RD14-0003-04d2c-0.5IP-Q0.9_003.20sec.fsa,AMEL,R,X,104.92,2520,OL,106.21,61,Y,110.87,2357,,,,,,,,,,,,,,,,,,,,,,,,,,,,,,,,,,,,,,,,,,,,,,,,,,,,,,,,,,,,,,,,,,,,,,,,,,,,,,,,,,,,,,,,,,,,,,,,,,,,,,,,,,,,,,,,,,,,,,,,,,,,,,,,,,,,,,,,,,,,,,,,,,,,,,,,,,,,,,,,,,,,,,,,,,,,,,,,,,,,,,,,,,,,,,,,,,,,,,,,,,,,,,,,,,,,,,,,,,,,,,,,,,,,,,,,,,,,,,,,,,,,,,,,,,,,,,,,,,,,,,,,,,,,,,,,,,,,,,,,,,,,,,,,,,,
G08_RD14-0003-04d2c-0.5IP-Q0.9_003.20sec.fsa,D5S818,R,OL,125.59,29,OL,130.04,6,OL,131.03,7,OL,138.63,9,9,140.66,15,OL,143.37,10,10,144.77,110,11,148.89,2403,12,152.95,2081,13,157.1,23,OL,162.64,9,OL,163.29,9,OL,167.47,6,OL,168.2,11,OL,176.04,13,OL,177.14,17,,,,,,,,,,,,,,,,,,,,,,,,,,,,,,,,,,,,,,,,,,,,,,,,,,,,,,,,,,,,,,,,,,,,,,,,,,,,,,,,,,,,,,,,,,,,,,,,,,,,,,,,,,,,,,,,,,,,,,,,,,,,,,,,,,,,,,,,,,,,,,,,,,,,,,,,,,,,,,,,,,,,,,,,,,,,,,,,,,,,,,,,,,,,,,,,,,,,,,,,,,,,,,,,,,,,,,,,,,,,,,,,,,,,,,,,,,,,,,,,,,,,,,,,,,,,
G08_RD14-0003-04d2c-0.5IP-Q0.9_003.20sec.fsa,FGA,R,OL,205.16,7,OL,205.81,5,16,208.58,12,18,216.77,13,19,221.03,134,20,225.09,2415,21,229.15,1519,22,233.14,10,22,233.65,9,23,237.49,21,OL,238.08,19,23.2,239.19,19,24,241.43,8,OL,252.2,9,27.2,255.71,6,OL,268.13,8,OL,270.13,4,32.2,275.62,16,OL,288.02,7,OL,291.92,5,OL,293.31,11,OL,297.8,11,OL,299.12,12,OL,300.72,16,OL,301.45,21,OL,311.3,5,OL,334.01,9,OL,338.65,10,OL,345.55,16,OL,346.69,7,OL,349.81,4,,,,,,,,,,,,,,,,,,,,,,,,,,,,,,,,,,,,,,,,,,,,,,,,,,,,,,,,,,,,,,,,,,,,,,,,,,,,,,,,,,,,,,,,,,,,,,,,,,,,,,,,,,,,,,,,,,,,,,,,,,,,,,,,,,,,,,,,,,,,,,,,,,,,,,,,,,,,,,,,,,,,,,,,,,,,,,,,,,,,,,,,,,,,,,,,,,,,,,,,,,,,,,,
G09_RD14-0003-04d3c-0.3IP-Q1.7_003.20sec.fsa,D8S1179,B,OL,113.04,6,OL,114.07,5,OL,120.14,5,OL,123.24,12,OL,127.31,6,12,137.99,47,13,142.05,867,14,146.23,1134,OL,153.02,4,OL,153.71,5,OL,160.15,4,OL,176.6,8,OL,177.81,5,,,,,,,,,,,,,,,,,,,,,,,,,,,,,,,,,,,,,,,,,,,,,,,,,,,,,,,,,,,,,,,,,,,,,,,,,,,,,,,,,,,,,,,,,,,,,,,,,,,,,,,,,,,,,,,,,,,,,,,,,,,,,,,,,,,,,,,,,,,,,,,,,,,,,,,,,,,,,,,,,,,,,,,,,,,,,,,,,,,,,,,,,,,,,,,,,,,,,,,,,,,,,,,,,,,,,,,,,,,,,,,,,,,,,,,,,,,,,,,,,,,,,,,,,,,,,,,,,,,,,
G09_RD14-0003-04d3c-0.3IP-Q1.7_003.20sec.fsa,D21S11,B,24.2,184.37,3,27,194.49,13,28,198.62,311,29,202.69,24,30,206.59,382,31,210.59,7,OL,214,5,32.2,216.26,4,OL,220,6,OL,226.11,8,35,227.18,11,OL,228.17,4,36,231.07,5,,,,,,,,,,,,,,,,,,,,,,,,,,,,,,,,,,,,,,,,,,,,,,,,,,,,,,,,,,,,,,,,,,,,,,,,,,,,,,,,,,,,,,,,,,,,,,,,,,,,,,,,,,,,,,,,,,,,,,,,,,,,,,,,,,,,,,,,,,,,,,,,,,,,,,,,,,,,,,,,,,,,,,,,,,,,,,,,,,,,,,,,,,,,,,,,,,,,,,,,,,,,,,,,,,,,,,,,,,,,,,,,,,,,,,,,,,,,,,,,,,,,,,,,,,,,,,,,,,,,,
G09_RD14-0003-04d3c-0.3IP-Q1.7_003.20sec.fsa,D7S820,B,OL,248.68,2,OL,252.94,5,8,261.99,9,9,266.14,163,OL,269.29,5,OL,275.37,20,OL,276.53,5,OL,280,7,OL,280.84,3,14,286,6,OL,291.15,2,,,,,,,,,,,,,,,,,,,,,,,,,,,,,,,,,,,,,,,,,,,,,,,,,,,,,,,,,,,,,,,,,,,,,,,,,,,,,,,,,,,,,,,,,,,,,,,,,,,,,,,,,,,,,,,,,,,,,,,,,,,,,,,,,,,,,,,,,,,,,,,,,,,,,,,,,,,,,,,,,,,,,,,,,,,,,,,,,,,,,,,,,,,,,,,,,,,,,,,,,,,,,,,,,,,,,,,,,,,,,,,,,,,,,,,,,,,,,,,,,,,,,,,,,,,,,,,,,,,,,,,,,,,
G09_RD14-0003-04d3c-0.3IP-Q1.7_003.20sec.fsa,CSF1PO,B,5,298.11,3,OL,317.53,3,OL,319.92,4,11,322.7,19,12,326.8,434,OL,329.15,13,OL,334.06,3,OL,340.08,9,,,,,,,,,,,,,,,,,,,,,,,,,,,,,,,,,,,,,,,,,,,,,,,,,,,,,,,,,,,,,,,,,,,,,,,,,,,,,,,,,,,,,,,,,,,,,,,,,,,,,,,,,,,,,,,,,,,,,,,,,,,,,,,,,,,,,,,,,,,,,,,,,,,,,,,,,,,,,,,,,,,,,,,,,,,,,,,,,,,,,,,,,,,,,,,,,,,,,,,,,,,,,,,,,,,,,,,,,,,,,,,,,,,,,,,,,,,,,,,,,,,,,,,,,,,,,,,,,,,,,,,,,,,,,,,,,,,,
G09_RD14-0003-04d3c-0.3IP-Q1.7_003.20sec.fsa,D3S1358,G,OL,102.91,7,11,106.25,9,OL,111.35,14,14,118.29,107,15,122.23,1365,16,126.36,1103,17,130.3,11,18.2,136.87,9,,,,,,,,,,,,,,,,,,,,,,,,,,,,,,,,,,,,,,,,,,,,,,,,,,,,,,,,,,,,,,,,,,,,,,,,,,,,,,,,,,,,,,,,,,,,,,,,,,,,,,,,,,,,,,,,,,,,,,,,,,,,,,,,,,,,,,,,,,,,,,,,,,,,,,,,,,,,,,,,,,,,,,,,,,,,,,,,,,,,,,,,,,,,,,,,,,,,,,,,,,,,,,,,,,,,,,,,,,,,,,,,,,,,,,,,,,,,,,,,,,,,,,,,,,,,,,,,,,,,,,,,,,,,,,,,,,,,
G09_RD14-0003-04d3c-0.3IP-Q1.7_003.20sec.fsa,TH01,G,7,172.6,56,7.3,175.47,13,8,176.68,1615,OL,178.94,7,9.3,184.07,9,10,184.76,6,OL,194.11,6,13.3,199.77,8,,,,,,,,,,,,,,,,,,,,,,,,,,,,,,,,,,,,,,,,,,,,,,,,,,,,,,,,,,,,,,,,,,,,,,,,,,,,,,,,,,,,,,,,,,,,,,,,,,,,,,,,,,,,,,,,,,,,,,,,,,,,,,,,,,,,,,,,,,,,,,,,,,,,,,,,,,,,,,,,,,,,,,,,,,,,,,,,,,,,,,,,,,,,,,,,,,,,,,,,,,,,,,,,,,,,,,,,,,,,,,,,,,,,,,,,,,,,,,,,,,,,,,,,,,,,,,,,,,,,,,,,,,,,,,,,,,,,
G09_RD14-0003-04d3c-0.3IP-Q1.7_003.20sec.fsa,D13S317,G,OL,205.77,7,OL,217.89,6,OL,219.84,7,10,223.13,24,11,227.25,687,12,231.3,436,13,235.5,7,14,239.01,7,,,,,,,,,,,,,,,,,,,,,,,,,,,,,,,,,,,,,,,,,,,,,,,,,,,,,,,,,,,,,,,,,,,,,,,,,,,,,,,,,,,,,,,,,,,,,,,,,,,,,,,,,,,,,,,,,,,,,,,,,,,,,,,,,,,,,,,,,,,,,,,,,,,,,,,,,,,,,,,,,,,,,,,,,,,,,,,,,,,,,,,,,,,,,,,,,,,,,,,,,,,,,,,,,,,,,,,,,,,,,,,,,,,,,,,,,,,,,,,,,,,,,,,,,,,,,,,,,,,,,,,,,,,,,,,,,,,,
G09_RD14-0003-04d3c-0.3IP-Q1.7_003.20sec.fsa,D16S539,G,6,255.05,6,OL,269.06,5,10,271.29,55,11,275.29,1071,12,279.31,11,,,,,,,,,,,,,,,,,,,,,,,,,,,,,,,,,,,,,,,,,,,,,,,,,,,,,,,,,,,,,,,,,,,,,,,,,,,,,,,,,,,,,,,,,,,,,,,,,,,,,,,,,,,,,,,,,,,,,,,,,,,,,,,,,,,,,,,,,,,,,,,,,,,,,,,,,,,,,,,,,,,,,,,,,,,,,,,,,,,,,,,,,,,,,,,,,,,,,,,,,,,,,,,,,,,,,,,,,,,,,,,,,,,,,,,,,,,,,,,,,,,,,,,,,,,,,,,,,,,,,,,,,,,,,,,,,,,,,,,,,,,,,
G09_RD14-0003-04d3c-0.3IP-Q1.7_003.20sec.fsa,D2S1338,G,14,301.04,7,OL,311.43,8,OL,317.94,4,OL,321.75,7,20,325.15,35,21,329.15,465,22,333.2,8,OL,340.08,10,24,341.26,38,25,345.12,382,OL,355.28,11,OL,359.92,7,OL,364.68,3,,,,,,,,,,,,,,,,,,,,,,,,,,,,,,,,,,,,,,,,,,,,,,,,,,,,,,,,,,,,,,,,,,,,,,,,,,,,,,,,,,,,,,,,,,,,,,,,,,,,,,,,,,,,,,,,,,,,,,,,,,,,,,,,,,,,,,,,,,,,,,,,,,,,,,,,,,,,,,,,,,,,,,,,,,,,,,,,,,,,,,,,,,,,,,,,,,,,,,,,,,,,,,,,,,,,,,,,,,,,,,,,,,,,,,,,,,,,,,,,,,,,,,,,,,,,,,,,,,,,,
G09_RD14-0003-04d3c-0.3IP-Q1.7_003.20sec.fsa,D19S433,Y,11.2,110.17,76,12.2,114.21,950,14,120.14,110,15,124.11,946,16,127.74,12,,,,,,,,,,,,,,,,,,,,,,,,,,,,,,,,,,,,,,,,,,,,,,,,,,,,,,,,,,,,,,,,,,,,,,,,,,,,,,,,,,,,,,,,,,,,,,,,,,,,,,,,,,,,,,,,,,,,,,,,,,,,,,,,,,,,,,,,,,,,,,,,,,,,,,,,,,,,,,,,,,,,,,,,,,,,,,,,,,,,,,,,,,,,,,,,,,,,,,,,,,,,,,,,,,,,,,,,,,,,,,,,,,,,,,,,,,,,,,,,,,,,,,,,,,,,,,,,,,,,,,,,,,,,,,,,,,,,,,,,,,,,,
G09_RD14-0003-04d3c-0.3IP-Q1.7_003.20sec.fsa,vWA,Y,OL,153.56,8,OL,155.16,5,OL,158.69,8,14,164.15,13,OL,164.83,13,OL,165.96,13,OL,167.01,8,15,168.22,49,OL,171.17,30,16,172.22,629,OL,175.77,8,17,176.6,27,OL,177.58,7,18,180.23,69,19,184.37,754,OL,187.82,8,OL,199.69,10,OL,203.52,7,,,,,,,,,,,,,,,,,,,,,,,,,,,,,,,,,,,,,,,,,,,,,,,,,,,,,,,,,,,,,,,,,,,,,,,,,,,,,,,,,,,,,,,,,,,,,,,,,,,,,,,,,,,,,,,,,,,,,,,,,,,,,,,,,,,,,,,,,,,,,,,,,,,,,,,,,,,,,,,,,,,,,,,,,,,,,,,,,,,,,,,,,,,,,,,,,,,,,,,,,,,,,,,,,,,,,,,,,,,,,,,,,,,,,,,,,,,,,,,,,,,,,,
G09_RD14-0003-04d3c-0.3IP-Q1.7_003.20sec.fsa,TPOX,Y,OL,213.77,11,7,224.81,10,OL,230.31,11,10,236.72,318,11,240.71,236,13,248.99,5,14,253.25,6,,,,,,,,,,,,,,,,,,,,,,,,,,,,,,,,,,,,,,,,,,,,,,,,,,,,,,,,,,,,,,,,,,,,,,,,,,,,,,,,,,,,,,,,,,,,,,,,,,,,,,,,,,,,,,,,,,,,,,,,,,,,,,,,,,,,,,,,,,,,,,,,,,,,,,,,,,,,,,,,,,,,,,,,,,,,,,,,,,,,,,,,,,,,,,,,,,,,,,,,,,,,,,,,,,,,,,,,,,,,,,,,,,,,,,,,,,,,,,,,,,,,,,,,,,,,,,,,,,,,,,,,,,,,,,,,,,,,,,,
G09_RD14-0003-04d3c-0.3IP-Q1.7_003.20sec.fsa,D18S51,Y,OL,263.76,9,OL,271.98,5,OL,274.37,9,OL,276.06,5,OL,280.08,14,14,289.18,13,15,293.12,73,16,297.13,29,16.2,298.79,6,17,301.04,273,18.2,307.36,10,OL,313.61,11,OL,320.24,9,23.2,327.9,11,OL,331.18,10,OL,335.14,6,OL,339.92,13,OL,342.91,10,OL,344.8,11,,,,,,,,,,,,,,,,,,,,,,,,,,,,,,,,,,,,,,,,,,,,,,,,,,,,,,,,,,,,,,,,,,,,,,,,,,,,,,,,,,,,,,,,,,,,,,,,,,,,,,,,,,,,,,,,,,,,,,,,,,,,,,,,,,,,,,,,,,,,,,,,,,,,,,,,,,,,,,,,,,,,,,,,,,,,,,,,,,,,,,,,,,,,,,,,,,,,,,,,,,,,,,,,,,,,,,,,,,,,,,,,,,,,,,,,,,,,,,,,,,,
G09_RD14-0003-04d3c-0.3IP-Q1.7_003.20sec.fsa,AMEL,R,X,104.92,760,OL,106.18,26,OL,107.66,12,Y,110.84,966,,,,,,,,,,,,,,,,,,,,,,,,,,,,,,,,,,,,,,,,,,,,,,,,,,,,,,,,,,,,,,,,,,,,,,,,,,,,,,,,,,,,,,,,,,,,,,,,,,,,,,,,,,,,,,,,,,,,,,,,,,,,,,,,,,,,,,,,,,,,,,,,,,,,,,,,,,,,,,,,,,,,,,,,,,,,,,,,,,,,,,,,,,,,,,,,,,,,,,,,,,,,,,,,,,,,,,,,,,,,,,,,,,,,,,,,,,,,,,,,,,,,,,,,,,,,,,,,,,,,,,,,,,,,,,,,,,,,,,,,,,,,,,,,
G09_RD14-0003-04d3c-0.3IP-Q1.7_003.20sec.fsa,D5S818,R,OL,127.01,8,OL,131.48,9,7,132.29,11,10,144.78,20,OL,146.99,8,11,148.9,493,OL,151.34,8,12,153.02,473,15,164.98,9,17,172.98,8,OL,176.15,4,OL,177.21,19,,,,,,,,,,,,,,,,,,,,,,,,,,,,,,,,,,,,,,,,,,,,,,,,,,,,,,,,,,,,,,,,,,,,,,,,,,,,,,,,,,,,,,,,,,,,,,,,,,,,,,,,,,,,,,,,,,,,,,,,,,,,,,,,,,,,,,,,,,,,,,,,,,,,,,,,,,,,,,,,,,,,,,,,,,,,,,,,,,,,,,,,,,,,,,,,,,,,,,,,,,,,,,,,,,,,,,,,,,,,,,,,,,,,,,,,,,,,,,,,,,,,,,,,,,,,,,,,,,,,,,,,
G09_RD14-0003-04d3c-0.3IP-Q1.7_003.20sec.fsa,FGA,R,OL,205.99,7,16.2,210.44,7,17,212.63,18,17.2,214.39,9,19,220.99,32,20,225.12,418,OL,227.86,10,21,229.16,451,OL,231.76,8,OL,233.89,5,23.2,239.01,16,25,245.48,8,OL,264.83,9,OL,270.67,9,OL,274.83,11,34.2,283.34,6,OL,300.37,11,OL,312.91,11,OL,317.2,9,OL,318.93,10,44.2,324.67,8,OL,326.17,8,46.2,331.96,11,OL,345.2,13,OL,351.18,8,OL,357.72,9,,,,,,,,,,,,,,,,,,,,,,,,,,,,,,,,,,,,,,,,,,,,,,,,,,,,,,,,,,,,,,,,,,,,,,,,,,,,,,,,,,,,,,,,,,,,,,,,,,,,,,,,,,,,,,,,,,,,,,,,,,,,,,,,,,,,,,,,,,,,,,,,,,,,,,,,,,,,,,,,,,,,,,,,,,,,,,,,,,,,,,,,,,,,,,,,,,,,,,,,,,,,,,,,,,,,,,,,,,,,,,
G10_RD14-0003-04d3d-0.2IP-Q1.6_003.20sec.fsa,D8S1179,B,OL,111.72,5,OL,120.93,9,8,121.65,8,OL,122.3,8,OL,131.55,3,12,137.91,44,13,142.05,747,OL,144.32,7,OL,144.86,8,14,146.22,418,OL,153.86,6,OL,156.85,4,OL,160,7,OL,169.39,4,20,170.53,6,OL,175.38,6,OL,177.42,4,,,,,,,,,,,,,,,,,,,,,,,,,,,,,,,,,,,,,,,,,,,,,,,,,,,,,,,,,,,,,,,,,,,,,,,,,,,,,,,,,,,,,,,,,,,,,,,,,,,,,,,,,,,,,,,,,,,,,,,,,,,,,,,,,,,,,,,,,,,,,,,,,,,,,,,,,,,,,,,,,,,,,,,,,,,,,,,,,,,,,,,,,,,,,,,,,,,,,,,,,,,,,,,,,,,,,,,,,,,,,,,,,,,,,,,,,,,,,,,,,,,,,,,,,
G10_RD14-0003-04d3d-0.2IP-Q1.6_003.20sec.fsa,D21S11,B,OL,183.15,3,25,186.6,3,26.2,192.04,2,27,194.57,20,28,198.62,331,OL,199.85,5,29,202.54,15,30,206.67,295,OL,217.27,5,OL,217.97,7,35,227.36,7,OL,228.12,6,OL,238.39,4,38.2,241.02,3,OL,242.2,5,,,,,,,,,,,,,,,,,,,,,,,,,,,,,,,,,,,,,,,,,,,,,,,,,,,,,,,,,,,,,,,,,,,,,,,,,,,,,,,,,,,,,,,,,,,,,,,,,,,,,,,,,,,,,,,,,,,,,,,,,,,,,,,,,,,,,,,,,,,,,,,,,,,,,,,,,,,,,,,,,,,,,,,,,,,,,,,,,,,,,,,,,,,,,,,,,,,,,,,,,,,,,,,,,,,,,,,,,,,,,,,,,,,,,,,,,,,,,,,,,,,,,,,,,,,,,,,
G10_RD14-0003-04d3d-0.2IP-Q1.6_003.20sec.fsa,D7S820,B,9,266.13,304,11,274.28,5,OL,275.21,20,OL,279.92,8,OL,292.53,5,,,,,,,,,,,,,,,,,,,,,,,,,,,,,,,,,,,,,,,,,,,,,,,,,,,,,,,,,,,,,,,,,,,,,,,,,,,,,,,,,,,,,,,,,,,,,,,,,,,,,,,,,,,,,,,,,,,,,,,,,,,,,,,,,,,,,,,,,,,,,,,,,,,,,,,,,,,,,,,,,,,,,,,,,,,,,,,,,,,,,,,,,,,,,,,,,,,,,,,,,,,,,,,,,,,,,,,,,,,,,,,,,,,,,,,,,,,,,,,,,,,,,,,,,,,,,,,,,,,,,,,,,,,,,,,,,,,,,,,,,,,,,
G10_RD14-0003-04d3d-0.2IP-Q1.6_003.20sec.fsa,CSF1PO,B,11,322.78,17,12,326.8,300,OL,329.15,9,13,330.4,7,OL,336.23,5,OL,337.77,4,15,339,4,OL,339.92,7,,,,,,,,,,,,,,,,,,,,,,,,,,,,,,,,,,,,,,,,,,,,,,,,,,,,,,,,,,,,,,,,,,,,,,,,,,,,,,,,,,,,,,,,,,,,,,,,,,,,,,,,,,,,,,,,,,,,,,,,,,,,,,,,,,,,,,,,,,,,,,,,,,,,,,,,,,,,,,,,,,,,,,,,,,,,,,,,,,,,,,,,,,,,,,,,,,,,,,,,,,,,,,,,,,,,,,,,,,,,,,,,,,,,,,,,,,,,,,,,,,,,,,,,,,,,,,,,,,,,,,,,,,,,,,,,,,,,
G10_RD14-0003-04d3d-0.2IP-Q1.6_003.20sec.fsa,D3S1358,G,OL,99.71,8,OL,105.21,9,OL,108.47,3,13,114.07,14,OL,115.22,25,14,118.29,65,15,122.23,914,16,126.36,817,17,130.67,8,,,,,,,,,,,,,,,,,,,,,,,,,,,,,,,,,,,,,,,,,,,,,,,,,,,,,,,,,,,,,,,,,,,,,,,,,,,,,,,,,,,,,,,,,,,,,,,,,,,,,,,,,,,,,,,,,,,,,,,,,,,,,,,,,,,,,,,,,,,,,,,,,,,,,,,,,,,,,,,,,,,,,,,,,,,,,,,,,,,,,,,,,,,,,,,,,,,,,,,,,,,,,,,,,,,,,,,,,,,,,,,,,,,,,,,,,,,,,,,,,,,,,,,,,,,,,,,,,,,,,,,,,,,,,,,,,
G10_RD14-0003-04d3d-0.2IP-Q1.6_003.20sec.fsa,TH01,G,OL,155.01,10,OL,157.92,6,OL,163.25,7,7,172.65,40,8,176.74,1534,9.3,184.07,12,10,185.22,8,OL,190.89,3,,,,,,,,,,,,,,,,,,,,,,,,,,,,,,,,,,,,,,,,,,,,,,,,,,,,,,,,,,,,,,,,,,,,,,,,,,,,,,,,,,,,,,,,,,,,,,,,,,,,,,,,,,,,,,,,,,,,,,,,,,,,,,,,,,,,,,,,,,,,,,,,,,,,,,,,,,,,,,,,,,,,,,,,,,,,,,,,,,,,,,,,,,,,,,,,,,,,,,,,,,,,,,,,,,,,,,,,,,,,,,,,,,,,,,,,,,,,,,,,,,,,,,,,,,,,,,,,,,,,,,,,,,,,,,,,,,,,
G10_RD14-0003-04d3d-0.2IP-Q1.6_003.20sec.fsa,D13S317,G,OL,206.07,6,OL,208.63,7,OL,209.23,6,OL,219.84,10,10,223.14,19,11,227.28,337,OL,229.58,6,12,231.26,360,OL,234.64,9,OL,237.62,5,,,,,,,,,,,,,,,,,,,,,,,,,,,,,,,,,,,,,,,,,,,,,,,,,,,,,,,,,,,,,,,,,,,,,,,,,,,,,,,,,,,,,,,,,,,,,,,,,,,,,,,,,,,,,,,,,,,,,,,,,,,,,,,,,,,,,,,,,,,,,,,,,,,,,,,,,,,,,,,,,,,,,,,,,,,,,,,,,,,,,,,,,,,,,,,,,,,,,,,,,,,,,,,,,,,,,,,,,,,,,,,,,,,,,,,,,,,,,,,,,,,,,,,,,,,,,,,,,,,,,,,,,,,,,,
G10_RD14-0003-04d3d-0.2IP-Q1.6_003.20sec.fsa,D16S539,G,OL,249.77,9,6,255.65,6,OL,266.21,8,OL,269.28,8,10,271.28,64,11,275.21,1202,16,295.35,10,,,,,,,,,,,,,,,,,,,,,,,,,,,,,,,,,,,,,,,,,,,,,,,,,,,,,,,,,,,,,,,,,,,,,,,,,,,,,,,,,,,,,,,,,,,,,,,,,,,,,,,,,,,,,,,,,,,,,,,,,,,,,,,,,,,,,,,,,,,,,,,,,,,,,,,,,,,,,,,,,,,,,,,,,,,,,,,,,,,,,,,,,,,,,,,,,,,,,,,,,,,,,,,,,,,,,,,,,,,,,,,,,,,,,,,,,,,,,,,,,,,,,,,,,,,,,,,,,,,,,,,,,,,,,,,,,,,,,,,
G10_RD14-0003-04d3d-0.2IP-Q1.6_003.20sec.fsa,D2S1338,G,OL,302.01,8,OL,307.59,8,OL,311.67,5,20,325.07,38,OL,326.8,9,21,329.07,339,OL,336.38,7,24,341.1,32,25,345.03,293,26,348.73,3,OL,355.11,7,OL,359.84,11,OL,362.59,4,OL,365.97,5,,,,,,,,,,,,,,,,,,,,,,,,,,,,,,,,,,,,,,,,,,,,,,,,,,,,,,,,,,,,,,,,,,,,,,,,,,,,,,,,,,,,,,,,,,,,,,,,,,,,,,,,,,,,,,,,,,,,,,,,,,,,,,,,,,,,,,,,,,,,,,,,,,,,,,,,,,,,,,,,,,,,,,,,,,,,,,,,,,,,,,,,,,,,,,,,,,,,,,,,,,,,,,,,,,,,,,,,,,,,,,,,,,,,,,,,,,,,,,,,,,,,,,,,,,,,,,,,,,
G10_RD14-0003-04d3d-0.2IP-Q1.6_003.20sec.fsa,D19S433,Y,OL,96.84,6,10,103.88,14,11.2,110.25,59,12.2,114.29,891,14,120.14,74,15,124.11,764,OL,125.27,9,15.2,126.21,9,16,128.25,8,OL,132.73,8,,,,,,,,,,,,,,,,,,,,,,,,,,,,,,,,,,,,,,,,,,,,,,,,,,,,,,,,,,,,,,,,,,,,,,,,,,,,,,,,,,,,,,,,,,,,,,,,,,,,,,,,,,,,,,,,,,,,,,,,,,,,,,,,,,,,,,,,,,,,,,,,,,,,,,,,,,,,,,,,,,,,,,,,,,,,,,,,,,,,,,,,,,,,,,,,,,,,,,,,,,,,,,,,,,,,,,,,,,,,,,,,,,,,,,,,,,,,,,,,,,,,,,,,,,,,,,,,,,,,,,,,,,,,,,
G10_RD14-0003-04d3d-0.2IP-Q1.6_003.20sec.fsa,vWA,Y,OL,157.54,7,OL,159.15,7,15,168.1,24,16,172.27,356,OL,177.65,9,18,180.08,26,OL,183.38,17,19,184.45,233,OL,204.34,8,,,,,,,,,,,,,,,,,,,,,,,,,,,,,,,,,,,,,,,,,,,,,,,,,,,,,,,,,,,,,,,,,,,,,,,,,,,,,,,,,,,,,,,,,,,,,,,,,,,,,,,,,,,,,,,,,,,,,,,,,,,,,,,,,,,,,,,,,,,,,,,,,,,,,,,,,,,,,,,,,,,,,,,,,,,,,,,,,,,,,,,,,,,,,,,,,,,,,,,,,,,,,,,,,,,,,,,,,,,,,,,,,,,,,,,,,,,,,,,,,,,,,,,,,,,,,,,,,,,,,,,,,,,,,,,,,
G10_RD14-0003-04d3d-0.2IP-Q1.6_003.20sec.fsa,TPOX,Y,OL,223.3,4,OL,226.28,7,10,236.7,304,11,240.79,264,,,,,,,,,,,,,,,,,,,,,,,,,,,,,,,,,,,,,,,,,,,,,,,,,,,,,,,,,,,,,,,,,,,,,,,,,,,,,,,,,,,,,,,,,,,,,,,,,,,,,,,,,,,,,,,,,,,,,,,,,,,,,,,,,,,,,,,,,,,,,,,,,,,,,,,,,,,,,,,,,,,,,,,,,,,,,,,,,,,,,,,,,,,,,,,,,,,,,,,,,,,,,,,,,,,,,,,,,,,,,,,,,,,,,,,,,,,,,,,,,,,,,,,,,,,,,,,,,,,,,,,,,,,,,,,,,,,,,,,,,,,,,,,,
G10_RD14-0003-04d3d-0.2IP-Q1.6_003.20sec.fsa,D18S51,Y,OL,274.36,9,14,289.02,19,15,293.14,192,16,297.11,38,17,301.11,198,OL,302.31,10,OL,309.51,12,19.2,311.28,9,23,325.54,11,OL,330.4,7,26,338,8,OL,340.08,11,,,,,,,,,,,,,,,,,,,,,,,,,,,,,,,,,,,,,,,,,,,,,,,,,,,,,,,,,,,,,,,,,,,,,,,,,,,,,,,,,,,,,,,,,,,,,,,,,,,,,,,,,,,,,,,,,,,,,,,,,,,,,,,,,,,,,,,,,,,,,,,,,,,,,,,,,,,,,,,,,,,,,,,,,,,,,,,,,,,,,,,,,,,,,,,,,,,,,,,,,,,,,,,,,,,,,,,,,,,,,,,,,,,,,,,,,,,,,,,,,,,,,,,,,,,,,,,,,,,,,,,,
G10_RD14-0003-04d3d-0.2IP-Q1.6_003.20sec.fsa,AMEL,R,X,104.99,611,Y,110.91,696,,,,,,,,,,,,,,,,,,,,,,,,,,,,,,,,,,,,,,,,,,,,,,,,,,,,,,,,,,,,,,,,,,,,,,,,,,,,,,,,,,,,,,,,,,,,,,,,,,,,,,,,,,,,,,,,,,,,,,,,,,,,,,,,,,,,,,,,,,,,,,,,,,,,,,,,,,,,,,,,,,,,,,,,,,,,,,,,,,,,,,,,,,,,,,,,,,,,,,,,,,,,,,,,,,,,,,,,,,,,,,,,,,,,,,,,,,,,,,,,,,,,,,,,,,,,,,,,,,,,,,,,,,,,,,,,,,,,,,,,,,,,,,,,,,,,,,
G10_RD14-0003-04d3d-0.2IP-Q1.6_003.20sec.fsa,D5S818,R,OL,134.94,8,OL,135.83,8,OL,138.66,10,9,140.76,9,10,144.7,28,OL,147.06,10,11,148.89,659,12,153.02,592,OL,177.19,8,,,,,,,,,,,,,,,,,,,,,,,,,,,,,,,,,,,,,,,,,,,,,,,,,,,,,,,,,,,,,,,,,,,,,,,,,,,,,,,,,,,,,,,,,,,,,,,,,,,,,,,,,,,,,,,,,,,,,,,,,,,,,,,,,,,,,,,,,,,,,,,,,,,,,,,,,,,,,,,,,,,,,,,,,,,,,,,,,,,,,,,,,,,,,,,,,,,,,,,,,,,,,,,,,,,,,,,,,,,,,,,,,,,,,,,,,,,,,,,,,,,,,,,,,,,,,,,,,,,,,,,,,,,,,,,,,
G10_RD14-0003-04d3d-0.2IP-Q1.6_003.20sec.fsa,FGA,R,16,209.08,7,18.2,218.52,4,19,221,20,20,225.13,306,21,229.2,311,23.2,238.85,14,25,245.72,7,OL,246.97,8,25.2,247.59,8,OL,248.99,7,27,253.55,9,OL,255.05,7,29,261.76,10,OL,268.97,9,OL,295.13,9,OL,299.16,9,OL,309.97,11,OL,321.03,11,OL,323.65,13,44.2,324.28,6,OL,326.8,10,OL,343.77,4,OL,347.47,9,,,,,,,,,,,,,,,,,,,,,,,,,,,,,,,,,,,,,,,,,,,,,,,,,,,,,,,,,,,,,,,,,,,,,,,,,,,,,,,,,,,,,,,,,,,,,,,,,,,,,,,,,,,,,,,,,,,,,,,,,,,,,,,,,,,,,,,,,,,,,,,,,,,,,,,,,,,,,,,,,,,,,,,,,,,,,,,,,,,,,,,,,,,,,,,,,,,,,,,,,,,,,,,,,,,,,,,,,,,,,,,,,,,,,,,
G11_RD14-0003-04d3e-0.0078IP-Q12_003.20sec.fsa,D8S1179,B,OL,112.38,6,OL,113.78,9,OL,116.03,4,OL,122.32,13,13,142.13,29,14,145.64,15,14,146.55,14,OL,151.91,15,OL,163.26,7,OL,172.92,7,,,,,,,,,,,,,,,,,,,,,,,,,,,,,,,,,,,,,,,,,,,,,,,,,,,,,,,,,,,,,,,,,,,,,,,,,,,,,,,,,,,,,,,,,,,,,,,,,,,,,,,,,,,,,,,,,,,,,,,,,,,,,,,,,,,,,,,,,,,,,,,,,,,,,,,,,,,,,,,,,,,,,,,,,,,,,,,,,,,,,,,,,,,,,,,,,,,,,,,,,,,,,,,,,,,,,,,,,,,,,,,,,,,,,,,,,,,,,,,,,,,,,,,,,,,,,,,,,,,,,,,,,,,,,,
G11_RD14-0003-04d3e-0.0078IP-Q12_003.20sec.fsa,D21S11,B,OL,181.01,7,OL,185.26,6,OL,193.29,9,OL,195.45,5,OL,197.38,5,OL,199.23,6,OL,201.58,7,30,206.64,5,OL,207.24,6,OL,215.63,4,32.2,216.8,8,OL,221.46,6,,,,,,,,,,,,,,,,,,,,,,,,,,,,,,,,,,,,,,,,,,,,,,,,,,,,,,,,,,,,,,,,,,,,,,,,,,,,,,,,,,,,,,,,,,,,,,,,,,,,,,,,,,,,,,,,,,,,,,,,,,,,,,,,,,,,,,,,,,,,,,,,,,,,,,,,,,,,,,,,,,,,,,,,,,,,,,,,,,,,,,,,,,,,,,,,,,,,,,,,,,,,,,,,,,,,,,,,,,,,,,,,,,,,,,,,,,,,,,,,,,,,,,,,,,,,,,,,,,,,,,,,
G11_RD14-0003-04d3e-0.0078IP-Q12_003.20sec.fsa,D7S820,B,OL,248.82,8,OL,250.91,9,OL,254.86,9,OL,259.1,8,8.2,264.25,5,OL,267.42,6,9.2,268.12,4,OL,275.1,7,OL,287.34,5,,,,,,,,,,,,,,,,,,,,,,,,,,,,,,,,,,,,,,,,,,,,,,,,,,,,,,,,,,,,,,,,,,,,,,,,,,,,,,,,,,,,,,,,,,,,,,,,,,,,,,,,,,,,,,,,,,,,,,,,,,,,,,,,,,,,,,,,,,,,,,,,,,,,,,,,,,,,,,,,,,,,,,,,,,,,,,,,,,,,,,,,,,,,,,,,,,,,,,,,,,,,,,,,,,,,,,,,,,,,,,,,,,,,,,,,,,,,,,,,,,,,,,,,,,,,,,,,,,,,,,,,,,,,,,,,,
G11_RD14-0003-04d3e-0.0078IP-Q12_003.20sec.fsa,CSF1PO,B,OL,307.76,6,9,314.08,6,OL,315.56,4,OL,322.15,5,OL,323.42,4,OL,340,9,,,,,,,,,,,,,,,,,,,,,,,,,,,,,,,,,,,,,,,,,,,,,,,,,,,,,,,,,,,,,,,,,,,,,,,,,,,,,,,,,,,,,,,,,,,,,,,,,,,,,,,,,,,,,,,,,,,,,,,,,,,,,,,,,,,,,,,,,,,,,,,,,,,,,,,,,,,,,,,,,,,,,,,,,,,,,,,,,,,,,,,,,,,,,,,,,,,,,,,,,,,,,,,,,,,,,,,,,,,,,,,,,,,,,,,,,,,,,,,,,,,,,,,,,,,,,,,,,,,,,,,,,,,,,,,,,,,,,,,,,,
G11_RD14-0003-04d3e-0.0078IP-Q12_003.20sec.fsa,D3S1358,G,OL,100,7,OL,103.94,7,OL,108.17,29,12,110.61,7,13,114.8,26,OL,115.45,27,15,122.25,63,OL,127.57,6,OL,133.01,3,18,134.79,11,OL,141.75,18,OL,143.65,15,,,,,,,,,,,,,,,,,,,,,,,,,,,,,,,,,,,,,,,,,,,,,,,,,,,,,,,,,,,,,,,,,,,,,,,,,,,,,,,,,,,,,,,,,,,,,,,,,,,,,,,,,,,,,,,,,,,,,,,,,,,,,,,,,,,,,,,,,,,,,,,,,,,,,,,,,,,,,,,,,,,,,,,,,,,,,,,,,,,,,,,,,,,,,,,,,,,,,,,,,,,,,,,,,,,,,,,,,,,,,,,,,,,,,,,,,,,,,,,,,,,,,,,,,,,,,,,,,,,,,,,,
G11_RD14-0003-04d3e-0.0078IP-Q12_003.20sec.fsa,TH01,G,OL,157.92,6,OL,161.75,4,OL,163.04,10,OL,166.46,6,5.3,167.06,6,OL,170.48,12,OL,173.53,8,8,176.65,38,OL,183.17,12,9.3,184.02,15,OL,190.13,7,,,,,,,,,,,,,,,,,,,,,,,,,,,,,,,,,,,,,,,,,,,,,,,,,,,,,,,,,,,,,,,,,,,,,,,,,,,,,,,,,,,,,,,,,,,,,,,,,,,,,,,,,,,,,,,,,,,,,,,,,,,,,,,,,,,,,,,,,,,,,,,,,,,,,,,,,,,,,,,,,,,,,,,,,,,,,,,,,,,,,,,,,,,,,,,,,,,,,,,,,,,,,,,,,,,,,,,,,,,,,,,,,,,,,,,,,,,,,,,,,,,,,,,,,,,,,,,,,,,,,,,,,,,
G11_RD14-0003-04d3e-0.0078IP-Q12_003.20sec.fsa,D13S317,G,OL,219.92,10,OL,222.53,10,10,223.38,10,11,227.6,9,OL,228.22,7,OL,229.68,8,OL,240,15,OL,242.37,6,,,,,,,,,,,,,,,,,,,,,,,,,,,,,,,,,,,,,,,,,,,,,,,,,,,,,,,,,,,,,,,,,,,,,,,,,,,,,,,,,,,,,,,,,,,,,,,,,,,,,,,,,,,,,,,,,,,,,,,,,,,,,,,,,,,,,,,,,,,,,,,,,,,,,,,,,,,,,,,,,,,,,,,,,,,,,,,,,,,,,,,,,,,,,,,,,,,,,,,,,,,,,,,,,,,,,,,,,,,,,,,,,,,,,,,,,,,,,,,,,,,,,,,,,,,,,,,,,,,,,,,,,,,,,,,,,,,,
G11_RD14-0003-04d3e-0.0078IP-Q12_003.20sec.fsa,D16S539,G,7,259.85,15,10,271.61,8,OL,284.2,8,OL,286.27,7,15,291,10,,,,,,,,,,,,,,,,,,,,,,,,,,,,,,,,,,,,,,,,,,,,,,,,,,,,,,,,,,,,,,,,,,,,,,,,,,,,,,,,,,,,,,,,,,,,,,,,,,,,,,,,,,,,,,,,,,,,,,,,,,,,,,,,,,,,,,,,,,,,,,,,,,,,,,,,,,,,,,,,,,,,,,,,,,,,,,,,,,,,,,,,,,,,,,,,,,,,,,,,,,,,,,,,,,,,,,,,,,,,,,,,,,,,,,,,,,,,,,,,,,,,,,,,,,,,,,,,,,,,,,,,,,,,,,,,,,,,,,,,,,,,,
G11_RD14-0003-04d3e-0.0078IP-Q12_003.20sec.fsa,D2S1338,G,OL,302.26,9,OL,306.3,9,OL,310.16,13,18,316.71,3,OL,322.79,8,OL,337.59,7,25,344.86,11,OL,348.6,7,OL,350.27,8,27,353.62,11,OL,360,9,,,,,,,,,,,,,,,,,,,,,,,,,,,,,,,,,,,,,,,,,,,,,,,,,,,,,,,,,,,,,,,,,,,,,,,,,,,,,,,,,,,,,,,,,,,,,,,,,,,,,,,,,,,,,,,,,,,,,,,,,,,,,,,,,,,,,,,,,,,,,,,,,,,,,,,,,,,,,,,,,,,,,,,,,,,,,,,,,,,,,,,,,,,,,,,,,,,,,,,,,,,,,,,,,,,,,,,,,,,,,,,,,,,,,,,,,,,,,,,,,,,,,,,,,,,,,,,,,,,,,,,,,,,
G11_RD14-0003-04d3e-0.0078IP-Q12_003.20sec.fsa,D19S433,Y,OL,104.68,16,OL,109.05,10,12.2,114.36,39,15,124.14,19,15.2,125.59,7,17,132.2,3,OL,133.01,6,OL,140.3,7,,,,,,,,,,,,,,,,,,,,,,,,,,,,,,,,,,,,,,,,,,,,,,,,,,,,,,,,,,,,,,,,,,,,,,,,,,,,,,,,,,,,,,,,,,,,,,,,,,,,,,,,,,,,,,,,,,,,,,,,,,,,,,,,,,,,,,,,,,,,,,,,,,,,,,,,,,,,,,,,,,,,,,,,,,,,,,,,,,,,,,,,,,,,,,,,,,,,,,,,,,,,,,,,,,,,,,,,,,,,,,,,,,,,,,,,,,,,,,,,,,,,,,,,,,,,,,,,,,,,,,,,,,,,,,,,,,,,
G11_RD14-0003-04d3e-0.0078IP-Q12_003.20sec.fsa,vWA,Y,OL,157.22,11,14,164.4,14,OL,169.5,14,16,172.16,10,OL,178.78,12,18,180,9,OL,181.55,6,OL,193.37,18,OL,194.14,16,22,196.84,7,,,,,,,,,,,,,,,,,,,,,,,,,,,,,,,,,,,,,,,,,,,,,,,,,,,,,,,,,,,,,,,,,,,,,,,,,,,,,,,,,,,,,,,,,,,,,,,,,,,,,,,,,,,,,,,,,,,,,,,,,,,,,,,,,,,,,,,,,,,,,,,,,,,,,,,,,,,,,,,,,,,,,,,,,,,,,,,,,,,,,,,,,,,,,,,,,,,,,,,,,,,,,,,,,,,,,,,,,,,,,,,,,,,,,,,,,,,,,,,,,,,,,,,,,,,,,,,,,,,,,,,,,,,,,,
G11_RD14-0003-04d3e-0.0078IP-Q12_003.20sec.fsa,TPOX,Y,OL,219.92,10,OL,222.92,9,7,224.53,5,OL,230.91,8,OL,238.07,9,OL,240,11,OL,244.27,7,,,,,,,,,,,,,,,,,,,,,,,,,,,,,,,,,,,,,,,,,,,,,,,,,,,,,,,,,,,,,,,,,,,,,,,,,,,,,,,,,,,,,,,,,,,,,,,,,,,,,,,,,,,,,,,,,,,,,,,,,,,,,,,,,,,,,,,,,,,,,,,,,,,,,,,,,,,,,,,,,,,,,,,,,,,,,,,,,,,,,,,,,,,,,,,,,,,,,,,,,,,,,,,,,,,,,,,,,,,,,,,,,,,,,,,,,,,,,,,,,,,,,,,,,,,,,,,,,,,,,,,,,,,,,,,,,,,,,,,
G11_RD14-0003-04d3e-0.0078IP-Q12_003.20sec.fsa,D18S51,Y,9,269.13,9,OL,275.49,11,OL,280,7,13.2,287.26,11,OL,288.56,10,16,296.87,6,16.2,298.78,11,OL,299.77,13,18.2,306.91,8,19,309.38,12,19.2,311.33,14,21,317.28,10,22,321.12,6,OL,344.06,8,,,,,,,,,,,,,,,,,,,,,,,,,,,,,,,,,,,,,,,,,,,,,,,,,,,,,,,,,,,,,,,,,,,,,,,,,,,,,,,,,,,,,,,,,,,,,,,,,,,,,,,,,,,,,,,,,,,,,,,,,,,,,,,,,,,,,,,,,,,,,,,,,,,,,,,,,,,,,,,,,,,,,,,,,,,,,,,,,,,,,,,,,,,,,,,,,,,,,,,,,,,,,,,,,,,,,,,,,,,,,,,,,,,,,,,,,,,,,,,,,,,,,,,,,,,,,,,,,,
G11_RD14-0003-04d3e-0.0078IP-Q12_003.20sec.fsa,AMEL,R,OL,107.72,12,OL,108.31,15,Y,110.9,54,,,,,,,,,,,,,,,,,,,,,,,,,,,,,,,,,,,,,,,,,,,,,,,,,,,,,,,,,,,,,,,,,,,,,,,,,,,,,,,,,,,,,,,,,,,,,,,,,,,,,,,,,,,,,,,,,,,,,,,,,,,,,,,,,,,,,,,,,,,,,,,,,,,,,,,,,,,,,,,,,,,,,,,,,,,,,,,,,,,,,,,,,,,,,,,,,,,,,,,,,,,,,,,,,,,,,,,,,,,,,,,,,,,,,,,,,,,,,,,,,,,,,,,,,,,,,,,,,,,,,,,,,,,,,,,,,,,,,,,,,,,,,,,,,,,
G11_RD14-0003-04d3e-0.0078IP-Q12_003.20sec.fsa,D5S818,R,OL,126.47,9,OL,135.83,5,8,136.57,13,OL,138.88,10,9,140.76,11,,,,,,,,,,,,,,,,,,,,,,,,,,,,,,,,,,,,,,,,,,,,,,,,,,,,,,,,,,,,,,,,,,,,,,,,,,,,,,,,,,,,,,,,,,,,,,,,,,,,,,,,,,,,,,,,,,,,,,,,,,,,,,,,,,,,,,,,,,,,,,,,,,,,,,,,,,,,,,,,,,,,,,,,,,,,,,,,,,,,,,,,,,,,,,,,,,,,,,,,,,,,,,,,,,,,,,,,,,,,,,,,,,,,,,,,,,,,,,,,,,,,,,,,,,,,,,,,,,,,,,,,,,,,,,,,,,,,,,,,,,,,,
G11_RD14-0003-04d3e-0.0078IP-Q12_003.20sec.fsa,FGA,R,OL,207.09,4,17,213.16,5,18,217.11,5,OL,219.38,8,OL,220.46,11,21.2,231.45,10,OL,234.14,10,24,241.35,10,25,245.6,8,25.2,247.33,7,OL,254.18,6,OL,258.57,8,31.2,271.61,7,OL,282.75,12,OL,288.18,5,OL,310.01,7,OL,316.87,7,44.2,324.69,6,46.2,332.35,8,OL,339.14,10,OL,350.67,8,,,,,,,,,,,,,,,,,,,,,,,,,,,,,,,,,,,,,,,,,,,,,,,,,,,,,,,,,,,,,,,,,,,,,,,,,,,,,,,,,,,,,,,,,,,,,,,,,,,,,,,,,,,,,,,,,,,,,,,,,,,,,,,,,,,,,,,,,,,,,,,,,,,,,,,,,,,,,,,,,,,,,,,,,,,,,,,,,,,,,,,,,,,,,,,,,,,,,,,,,,,,,,,,,,,,,,,,,,,,,,,,,,,,,,,,,,,,,
H02_RD14-0003-03d3b-0.0078IP-Q1.1_004.20sec.fsa,D8S1179,B,OL,113.79,4,OL,116.28,1,OL,118.76,6,OL,119.86,9,OL,132.92,3,OL,136.88,3,13,142.28,7,OL,143.17,9,14,146.12,31,15,150.19,39,OL,160,4,OL,169.59,2,,,,,,,,,,,,,,,,,,,,,,,,,,,,,,,,,,,,,,,,,,,,,,,,,,,,,,,,,,,,,,,,,,,,,,,,,,,,,,,,,,,,,,,,,,,,,,,,,,,,,,,,,,,,,,,,,,,,,,,,,,,,,,,,,,,,,,,,,,,,,,,,,,,,,,,,,,,,,,,,,,,,,,,,,,,,,,,,,,,,,,,,,,,,,,,,,,,,,,,,,,,,,,,,,,,,,,,,,,,,,,,,,,,,,,,,,,,,,,,,,,,,,,,,,,,,,,,,,,,,,,,,
H02_RD14-0003-03d3b-0.0078IP-Q1.1_004.20sec.fsa,D21S11,B,23.2,179.93,4,24,182.16,2,OL,183.43,1,26.2,192.06,2,OL,195.77,3,OL,199.93,2,30.2,208.25,3,31.2,212.54,19,32.2,216.54,110,OL,220,4,33.2,220.74,3,OL,224.29,2,37.2,236.96,3,OL,237.92,3,OL,239.93,5,,,,,,,,,,,,,,,,,,,,,,,,,,,,,,,,,,,,,,,,,,,,,,,,,,,,,,,,,,,,,,,,,,,,,,,,,,,,,,,,,,,,,,,,,,,,,,,,,,,,,,,,,,,,,,,,,,,,,,,,,,,,,,,,,,,,,,,,,,,,,,,,,,,,,,,,,,,,,,,,,,,,,,,,,,,,,,,,,,,,,,,,,,,,,,,,,,,,,,,,,,,,,,,,,,,,,,,,,,,,,,,,,,,,,,,,,,,,,,,,,,,,,,,,,,,,,,,
H02_RD14-0003-03d3b-0.0078IP-Q1.1_004.20sec.fsa,D7S820,B,OL,247.44,3,OL,249.1,2,5,250.22,3,5.2,252.33,3,8,262.01,24,OL,275.5,2,OL,278.73,3,OL,280.07,6,OL,281.03,2,OL,283.59,2,14,286.45,3,,,,,,,,,,,,,,,,,,,,,,,,,,,,,,,,,,,,,,,,,,,,,,,,,,,,,,,,,,,,,,,,,,,,,,,,,,,,,,,,,,,,,,,,,,,,,,,,,,,,,,,,,,,,,,,,,,,,,,,,,,,,,,,,,,,,,,,,,,,,,,,,,,,,,,,,,,,,,,,,,,,,,,,,,,,,,,,,,,,,,,,,,,,,,,,,,,,,,,,,,,,,,,,,,,,,,,,,,,,,,,,,,,,,,,,,,,,,,,,,,,,,,,,,,,,,,,,,,,,,,,,,,,,
H02_RD14-0003-03d3b-0.0078IP-Q1.1_004.20sec.fsa,CSF1PO,B,OL,300.07,6,7,306.65,3,OL,307.32,2,9,314.08,5,OL,316.68,1,OL,320,5,11,322.75,4,12,326.7,30,OL,340,7,,,,,,,,,,,,,,,,,,,,,,,,,,,,,,,,,,,,,,,,,,,,,,,,,,,,,,,,,,,,,,,,,,,,,,,,,,,,,,,,,,,,,,,,,,,,,,,,,,,,,,,,,,,,,,,,,,,,,,,,,,,,,,,,,,,,,,,,,,,,,,,,,,,,,,,,,,,,,,,,,,,,,,,,,,,,,,,,,,,,,,,,,,,,,,,,,,,,,,,,,,,,,,,,,,,,,,,,,,,,,,,,,,,,,,,,,,,,,,,,,,,,,,,,,,,,,,,,,,,,,,,,,,,,,,,,,
H02_RD14-0003-03d3b-0.0078IP-Q1.1_004.20sec.fsa,D3S1358,G,OL,99.79,6,11,106.61,5,12,110.21,5,OL,115.31,24,18,134,5,18.2,136.95,5,19,138.62,3,OL,141.62,4,,,,,,,,,,,,,,,,,,,,,,,,,,,,,,,,,,,,,,,,,,,,,,,,,,,,,,,,,,,,,,,,,,,,,,,,,,,,,,,,,,,,,,,,,,,,,,,,,,,,,,,,,,,,,,,,,,,,,,,,,,,,,,,,,,,,,,,,,,,,,,,,,,,,,,,,,,,,,,,,,,,,,,,,,,,,,,,,,,,,,,,,,,,,,,,,,,,,,,,,,,,,,,,,,,,,,,,,,,,,,,,,,,,,,,,,,,,,,,,,,,,,,,,,,,,,,,,,,,,,,,,,,,,,,,,,,,,,
H02_RD14-0003-03d3b-0.0078IP-Q1.1_004.20sec.fsa,TH01,G,OL,173.4,3,8,176.55,45,OL,182.91,4,10,184.7,6,11,188.79,3,OL,190.58,4,OL,191.62,3,12,192.51,2,13,196.66,3,OL,197.55,6,13.3,199.63,3,,,,,,,,,,,,,,,,,,,,,,,,,,,,,,,,,,,,,,,,,,,,,,,,,,,,,,,,,,,,,,,,,,,,,,,,,,,,,,,,,,,,,,,,,,,,,,,,,,,,,,,,,,,,,,,,,,,,,,,,,,,,,,,,,,,,,,,,,,,,,,,,,,,,,,,,,,,,,,,,,,,,,,,,,,,,,,,,,,,,,,,,,,,,,,,,,,,,,,,,,,,,,,,,,,,,,,,,,,,,,,,,,,,,,,,,,,,,,,,,,,,,,,,,,,,,,,,,,,,,,,,,,,,
H02_RD14-0003-03d3b-0.0078IP-Q1.1_004.20sec.fsa,D13S317,G,OL,206.29,3,OL,211.88,3,OL,213.49,3,OL,215.72,4,9,219.55,4,11,227.25,7,12,231.32,81,OL,238.44,3,OL,244.26,3,,,,,,,,,,,,,,,,,,,,,,,,,,,,,,,,,,,,,,,,,,,,,,,,,,,,,,,,,,,,,,,,,,,,,,,,,,,,,,,,,,,,,,,,,,,,,,,,,,,,,,,,,,,,,,,,,,,,,,,,,,,,,,,,,,,,,,,,,,,,,,,,,,,,,,,,,,,,,,,,,,,,,,,,,,,,,,,,,,,,,,,,,,,,,,,,,,,,,,,,,,,,,,,,,,,,,,,,,,,,,,,,,,,,,,,,,,,,,,,,,,,,,,,,,,,,,,,,,,,,,,,,,,,,,,,,,
H02_RD14-0003-03d3b-0.0078IP-Q1.1_004.20sec.fsa,D16S539,G,OL,254.73,5,OL,264.83,4,OL,266.4,2,OL,268.11,2,OL,269.9,4,OL,274.16,5,OL,285.28,5,OL,286.16,4,OL,287.7,4,OL,294.51,2,,,,,,,,,,,,,,,,,,,,,,,,,,,,,,,,,,,,,,,,,,,,,,,,,,,,,,,,,,,,,,,,,,,,,,,,,,,,,,,,,,,,,,,,,,,,,,,,,,,,,,,,,,,,,,,,,,,,,,,,,,,,,,,,,,,,,,,,,,,,,,,,,,,,,,,,,,,,,,,,,,,,,,,,,,,,,,,,,,,,,,,,,,,,,,,,,,,,,,,,,,,,,,,,,,,,,,,,,,,,,,,,,,,,,,,,,,,,,,,,,,,,,,,,,,,,,,,,,,,,,,,,,,,,,,
H02_RD14-0003-03d3b-0.0078IP-Q1.1_004.20sec.fsa,D2S1338,G,16,309.03,4,OL,310.3,4,OL,311.35,3,OL,319.37,4,OL,330.86,3,OL,334.62,4,23,337.02,3,OL,338.96,5,29,361.82,3,,,,,,,,,,,,,,,,,,,,,,,,,,,,,,,,,,,,,,,,,,,,,,,,,,,,,,,,,,,,,,,,,,,,,,,,,,,,,,,,,,,,,,,,,,,,,,,,,,,,,,,,,,,,,,,,,,,,,,,,,,,,,,,,,,,,,,,,,,,,,,,,,,,,,,,,,,,,,,,,,,,,,,,,,,,,,,,,,,,,,,,,,,,,,,,,,,,,,,,,,,,,,,,,,,,,,,,,,,,,,,,,,,,,,,,,,,,,,,,,,,,,,,,,,,,,,,,,,,,,,,,,,,,,,,,,,
H02_RD14-0003-03d3b-0.0078IP-Q1.1_004.20sec.fsa,D19S433,Y,OL,98.78,8,9,100,11,OL,101.02,7,OL,113,8,12.2,114.14,11,OL,114.97,9,OL,116.76,8,,,,,,,,,,,,,,,,,,,,,,,,,,,,,,,,,,,,,,,,,,,,,,,,,,,,,,,,,,,,,,,,,,,,,,,,,,,,,,,,,,,,,,,,,,,,,,,,,,,,,,,,,,,,,,,,,,,,,,,,,,,,,,,,,,,,,,,,,,,,,,,,,,,,,,,,,,,,,,,,,,,,,,,,,,,,,,,,,,,,,,,,,,,,,,,,,,,,,,,,,,,,,,,,,,,,,,,,,,,,,,,,,,,,,,,,,,,,,,,,,,,,,,,,,,,,,,,,,,,,,,,,,,,,,,,,,,,,,,,
H02_RD14-0003-03d3b-0.0078IP-Q1.1_004.20sec.fsa,vWA,Y,OL,149,6,13,160,8,OL,166,10,15,168.05,34,16,172.16,59,OL,185.96,8,OL,201.44,7,24,204.48,6,,,,,,,,,,,,,,,,,,,,,,,,,,,,,,,,,,,,,,,,,,,,,,,,,,,,,,,,,,,,,,,,,,,,,,,,,,,,,,,,,,,,,,,,,,,,,,,,,,,,,,,,,,,,,,,,,,,,,,,,,,,,,,,,,,,,,,,,,,,,,,,,,,,,,,,,,,,,,,,,,,,,,,,,,,,,,,,,,,,,,,,,,,,,,,,,,,,,,,,,,,,,,,,,,,,,,,,,,,,,,,,,,,,,,,,,,,,,,,,,,,,,,,,,,,,,,,,,,,,,,,,,,,,,,,,,,,,,
H02_RD14-0003-03d3b-0.0078IP-Q1.1_004.20sec.fsa,TPOX,Y,OL,215.87,4,OL,218.95,7,OL,220,11,OL,225.47,5,8,228.8,7,OL,230.06,6,OL,235.92,8,OL,238.96,6,11,240.76,71,14,252.55,5,,,,,,,,,,,,,,,,,,,,,,,,,,,,,,,,,,,,,,,,,,,,,,,,,,,,,,,,,,,,,,,,,,,,,,,,,,,,,,,,,,,,,,,,,,,,,,,,,,,,,,,,,,,,,,,,,,,,,,,,,,,,,,,,,,,,,,,,,,,,,,,,,,,,,,,,,,,,,,,,,,,,,,,,,,,,,,,,,,,,,,,,,,,,,,,,,,,,,,,,,,,,,,,,,,,,,,,,,,,,,,,,,,,,,,,,,,,,,,,,,,,,,,,,,,,,,,,,,,,,,,,,,,,,,,
H02_RD14-0003-03d3b-0.0078IP-Q1.1_004.20sec.fsa,D18S51,Y,OL,266.25,6,OL,277.9,4,OL,280.07,10,OL,287.55,6,OL,290.19,7,OL,291.73,6,16,297.22,7,OL,300.07,12,17,301.09,35,18,304.88,69,OL,314.16,7,20.2,315.18,5,OL,320.15,10,OL,324.73,8,23,325.41,7,OL,336.34,9,,,,,,,,,,,,,,,,,,,,,,,,,,,,,,,,,,,,,,,,,,,,,,,,,,,,,,,,,,,,,,,,,,,,,,,,,,,,,,,,,,,,,,,,,,,,,,,,,,,,,,,,,,,,,,,,,,,,,,,,,,,,,,,,,,,,,,,,,,,,,,,,,,,,,,,,,,,,,,,,,,,,,,,,,,,,,,,,,,,,,,,,,,,,,,,,,,,,,,,,,,,,,,,,,,,,,,,,,,,,,,,,,,,,,,,,,,,,,,,,,,,,,,,,,,,,
H02_RD14-0003-03d3b-0.0078IP-Q1.1_004.20sec.fsa,AMEL,R,X,104.87,125,Y,110.85,59,,,,,,,,,,,,,,,,,,,,,,,,,,,,,,,,,,,,,,,,,,,,,,,,,,,,,,,,,,,,,,,,,,,,,,,,,,,,,,,,,,,,,,,,,,,,,,,,,,,,,,,,,,,,,,,,,,,,,,,,,,,,,,,,,,,,,,,,,,,,,,,,,,,,,,,,,,,,,,,,,,,,,,,,,,,,,,,,,,,,,,,,,,,,,,,,,,,,,,,,,,,,,,,,,,,,,,,,,,,,,,,,,,,,,,,,,,,,,,,,,,,,,,,,,,,,,,,,,,,,,,,,,,,,,,,,,,,,,,,,,,,,,,,,,,,,,,
H02_RD14-0003-03d3b-0.0078IP-Q1.1_004.20sec.fsa,D5S818,R,OL,127.09,7,OL,129.14,7,9,140.81,10,OL,141.32,6,12,153,103,13,157.02,73,OL,167.69,6,,,,,,,,,,,,,,,,,,,,,,,,,,,,,,,,,,,,,,,,,,,,,,,,,,,,,,,,,,,,,,,,,,,,,,,,,,,,,,,,,,,,,,,,,,,,,,,,,,,,,,,,,,,,,,,,,,,,,,,,,,,,,,,,,,,,,,,,,,,,,,,,,,,,,,,,,,,,,,,,,,,,,,,,,,,,,,,,,,,,,,,,,,,,,,,,,,,,,,,,,,,,,,,,,,,,,,,,,,,,,,,,,,,,,,,,,,,,,,,,,,,,,,,,,,,,,,,,,,,,,,,,,,,,,,,,,,,,,,,
H02_RD14-0003-03d3b-0.0078IP-Q1.1_004.20sec.fsa,FGA,R,16.2,211.23,9,OL,215.57,6,19,220.89,50,21.2,230.95,7,25.2,247.44,7,OL,248.42,5,OL,250.8,8,OL,252.26,6,OL,258.77,7,31,269.08,4,34.2,284.03,4,OL,286.45,11,OL,287.11,5,OL,323.66,6,OL,338.58,9,OL,341.45,5,OL,343.9,5,OL,345.36,6,OL,357.54,10,,,,,,,,,,,,,,,,,,,,,,,,,,,,,,,,,,,,,,,,,,,,,,,,,,,,,,,,,,,,,,,,,,,,,,,,,,,,,,,,,,,,,,,,,,,,,,,,,,,,,,,,,,,,,,,,,,,,,,,,,,,,,,,,,,,,,,,,,,,,,,,,,,,,,,,,,,,,,,,,,,,,,,,,,,,,,,,,,,,,,,,,,,,,,,,,,,,,,,,,,,,,,,,,,,,,,,,,,,,,,,,,,,,,,,,,,,,,,,,,,,,
H03_RD14-0003-03d3c-0.0156IP-Q1.0_004.20sec.fsa,D8S1179,B,OL,115.86,2,7,117.79,3,OL,120,8,OL,120.94,6,10,129.29,2,OL,138.56,2,OL,143.14,6,OL,143.84,9,14,146.14,216,OL,148.92,2,15,150.31,77,OL,152.39,2,OL,165.51,2,19,166.66,2,,,,,,,,,,,,,,,,,,,,,,,,,,,,,,,,,,,,,,,,,,,,,,,,,,,,,,,,,,,,,,,,,,,,,,,,,,,,,,,,,,,,,,,,,,,,,,,,,,,,,,,,,,,,,,,,,,,,,,,,,,,,,,,,,,,,,,,,,,,,,,,,,,,,,,,,,,,,,,,,,,,,,,,,,,,,,,,,,,,,,,,,,,,,,,,,,,,,,,,,,,,,,,,,,,,,,,,,,,,,,,,,,,,,,,,,,,,,,,,,,,,,,,,,,,,,,,,,,,
H03_RD14-0003-03d3c-0.0156IP-Q1.0_004.20sec.fsa,D21S11,B,OL,183.43,2,25.2,188.02,2,26,190.51,2,OL,195.72,2,27.2,196.97,2,29.2,204.49,2,29.2,205.1,1,OL,209.77,3,31.2,212.69,16,OL,213.92,3,32,215.1,2,32.2,216.76,161,35,226.61,3,36,231.12,3,OL,234.24,2,OL,240,6,39,242.55,4,39,243.34,3,,,,,,,,,,,,,,,,,,,,,,,,,,,,,,,,,,,,,,,,,,,,,,,,,,,,,,,,,,,,,,,,,,,,,,,,,,,,,,,,,,,,,,,,,,,,,,,,,,,,,,,,,,,,,,,,,,,,,,,,,,,,,,,,,,,,,,,,,,,,,,,,,,,,,,,,,,,,,,,,,,,,,,,,,,,,,,,,,,,,,,,,,,,,,,,,,,,,,,,,,,,,,,,,,,,,,,,,,,,,,,,,,,,,,,,,,,,,,,,,,,,,,,
H03_RD14-0003-03d3c-0.0156IP-Q1.0_004.20sec.fsa,D7S820,B,7,258.54,3,OL,260.94,3,8.2,264.07,1,11,274.18,25,12,277.88,3,OL,279.92,4,OL,281.09,4,13,282.56,5,,,,,,,,,,,,,,,,,,,,,,,,,,,,,,,,,,,,,,,,,,,,,,,,,,,,,,,,,,,,,,,,,,,,,,,,,,,,,,,,,,,,,,,,,,,,,,,,,,,,,,,,,,,,,,,,,,,,,,,,,,,,,,,,,,,,,,,,,,,,,,,,,,,,,,,,,,,,,,,,,,,,,,,,,,,,,,,,,,,,,,,,,,,,,,,,,,,,,,,,,,,,,,,,,,,,,,,,,,,,,,,,,,,,,,,,,,,,,,,,,,,,,,,,,,,,,,,,,,,,,,,,,,,,,,,,,,,,
H03_RD14-0003-03d3c-0.0156IP-Q1.0_004.20sec.fsa,CSF1PO,B,5,298.53,1,OL,300.08,5,OL,300.99,3,6,302.44,3,OL,308.78,3,8,310.43,70,OL,313.92,5,OL,320,7,10.2,321.05,3,12,326.86,29,OL,340,8,16,342.66,3,,,,,,,,,,,,,,,,,,,,,,,,,,,,,,,,,,,,,,,,,,,,,,,,,,,,,,,,,,,,,,,,,,,,,,,,,,,,,,,,,,,,,,,,,,,,,,,,,,,,,,,,,,,,,,,,,,,,,,,,,,,,,,,,,,,,,,,,,,,,,,,,,,,,,,,,,,,,,,,,,,,,,,,,,,,,,,,,,,,,,,,,,,,,,,,,,,,,,,,,,,,,,,,,,,,,,,,,,,,,,,,,,,,,,,,,,,,,,,,,,,,,,,,,,,,,,,,,,,,,,,,,
H03_RD14-0003-03d3c-0.0156IP-Q1.0_004.20sec.fsa,D3S1358,G,OL,106.78,3,13,114.36,28,OL,120.58,3,15,122.32,10,16,126.26,79,17.2,132.85,3,OL,135.85,6,19,138.48,5,OL,140.84,6,,,,,,,,,,,,,,,,,,,,,,,,,,,,,,,,,,,,,,,,,,,,,,,,,,,,,,,,,,,,,,,,,,,,,,,,,,,,,,,,,,,,,,,,,,,,,,,,,,,,,,,,,,,,,,,,,,,,,,,,,,,,,,,,,,,,,,,,,,,,,,,,,,,,,,,,,,,,,,,,,,,,,,,,,,,,,,,,,,,,,,,,,,,,,,,,,,,,,,,,,,,,,,,,,,,,,,,,,,,,,,,,,,,,,,,,,,,,,,,,,,,,,,,,,,,,,,,,,,,,,,,,,,,,,,,,,
H03_RD14-0003-03d3c-0.0156IP-Q1.0_004.20sec.fsa,TH01,G,5.3,167.12,3,9,180.78,284,,,,,,,,,,,,,,,,,,,,,,,,,,,,,,,,,,,,,,,,,,,,,,,,,,,,,,,,,,,,,,,,,,,,,,,,,,,,,,,,,,,,,,,,,,,,,,,,,,,,,,,,,,,,,,,,,,,,,,,,,,,,,,,,,,,,,,,,,,,,,,,,,,,,,,,,,,,,,,,,,,,,,,,,,,,,,,,,,,,,,,,,,,,,,,,,,,,,,,,,,,,,,,,,,,,,,,,,,,,,,,,,,,,,,,,,,,,,,,,,,,,,,,,,,,,,,,,,,,,,,,,,,,,,,,,,,,,,,,,,,,,,,,,,,,,,,,
H03_RD14-0003-03d3c-0.0156IP-Q1.0_004.20sec.fsa,D13S317,G,OL,206.09,4,OL,224.28,2,11,227.23,64,12,231.36,181,16,247.39,2,,,,,,,,,,,,,,,,,,,,,,,,,,,,,,,,,,,,,,,,,,,,,,,,,,,,,,,,,,,,,,,,,,,,,,,,,,,,,,,,,,,,,,,,,,,,,,,,,,,,,,,,,,,,,,,,,,,,,,,,,,,,,,,,,,,,,,,,,,,,,,,,,,,,,,,,,,,,,,,,,,,,,,,,,,,,,,,,,,,,,,,,,,,,,,,,,,,,,,,,,,,,,,,,,,,,,,,,,,,,,,,,,,,,,,,,,,,,,,,,,,,,,,,,,,,,,,,,,,,,,,,,,,,,,,,,,,,,,,,,,,,,,
H03_RD14-0003-03d3c-0.0156IP-Q1.0_004.20sec.fsa,D16S539,G,OL,268.3,2,10,271.43,13,11,275.28,347,12,279.13,5,OL,282.25,3,13,283.18,10,OL,285.05,6,14,287.14,76,OL,290.32,2,,,,,,,,,,,,,,,,,,,,,,,,,,,,,,,,,,,,,,,,,,,,,,,,,,,,,,,,,,,,,,,,,,,,,,,,,,,,,,,,,,,,,,,,,,,,,,,,,,,,,,,,,,,,,,,,,,,,,,,,,,,,,,,,,,,,,,,,,,,,,,,,,,,,,,,,,,,,,,,,,,,,,,,,,,,,,,,,,,,,,,,,,,,,,,,,,,,,,,,,,,,,,,,,,,,,,,,,,,,,,,,,,,,,,,,,,,,,,,,,,,,,,,,,,,,,,,,,,,,,,,,,,,,,,,,,,
H03_RD14-0003-03d3c-0.0156IP-Q1.0_004.20sec.fsa,D2S1338,G,15,304.28,3,OL,310.51,2,OL,314.08,4,OL,315.99,3,OL,319.41,4,OL,324.13,3,22,333.1,74,25,344.84,5,OL,351.77,2,OL,355.24,3,29,361.91,4,,,,,,,,,,,,,,,,,,,,,,,,,,,,,,,,,,,,,,,,,,,,,,,,,,,,,,,,,,,,,,,,,,,,,,,,,,,,,,,,,,,,,,,,,,,,,,,,,,,,,,,,,,,,,,,,,,,,,,,,,,,,,,,,,,,,,,,,,,,,,,,,,,,,,,,,,,,,,,,,,,,,,,,,,,,,,,,,,,,,,,,,,,,,,,,,,,,,,,,,,,,,,,,,,,,,,,,,,,,,,,,,,,,,,,,,,,,,,,,,,,,,,,,,,,,,,,,,,,,,,,,,,,,
H03_RD14-0003-03d3c-0.0156IP-Q1.0_004.20sec.fsa,D19S433,Y,OL,103.4,6,10,104.23,7,OL,107.38,7,11,108.13,13,12,112.3,138,12.2,114,10,13,115.93,14,14,120.14,166,15,124.36,7,17,131.51,4,18,136.15,4,18.2,138.03,6,,,,,,,,,,,,,,,,,,,,,,,,,,,,,,,,,,,,,,,,,,,,,,,,,,,,,,,,,,,,,,,,,,,,,,,,,,,,,,,,,,,,,,,,,,,,,,,,,,,,,,,,,,,,,,,,,,,,,,,,,,,,,,,,,,,,,,,,,,,,,,,,,,,,,,,,,,,,,,,,,,,,,,,,,,,,,,,,,,,,,,,,,,,,,,,,,,,,,,,,,,,,,,,,,,,,,,,,,,,,,,,,,,,,,,,,,,,,,,,,,,,,,,,,,,,,,,,,,,,,,,,,
H03_RD14-0003-03d3c-0.0156IP-Q1.0_004.20sec.fsa,vWA,Y,10,147.61,5,OL,154.41,7,OL,155.1,7,OL,162.83,12,OL,163.6,13,OL,169.34,4,16,172.17,57,OL,193.86,6,OL,194.95,6,22,196.42,7,OL,197.28,5,OL,205.71,7,OL,207.16,7,OL,207.93,7,,,,,,,,,,,,,,,,,,,,,,,,,,,,,,,,,,,,,,,,,,,,,,,,,,,,,,,,,,,,,,,,,,,,,,,,,,,,,,,,,,,,,,,,,,,,,,,,,,,,,,,,,,,,,,,,,,,,,,,,,,,,,,,,,,,,,,,,,,,,,,,,,,,,,,,,,,,,,,,,,,,,,,,,,,,,,,,,,,,,,,,,,,,,,,,,,,,,,,,,,,,,,,,,,,,,,,,,,,,,,,,,,,,,,,,,,,,,,,,,,,,,,,,,,,,,,,,,,,
H03_RD14-0003-03d3c-0.0156IP-Q1.0_004.20sec.fsa,TPOX,Y,OL,213.92,11,OL,221.24,3,OL,222.1,6,7,224.9,7,10,236.65,16,11,240.8,138,OL,246.91,9,13,248.74,7,OL,254.09,8,OL,254.86,7,,,,,,,,,,,,,,,,,,,,,,,,,,,,,,,,,,,,,,,,,,,,,,,,,,,,,,,,,,,,,,,,,,,,,,,,,,,,,,,,,,,,,,,,,,,,,,,,,,,,,,,,,,,,,,,,,,,,,,,,,,,,,,,,,,,,,,,,,,,,,,,,,,,,,,,,,,,,,,,,,,,,,,,,,,,,,,,,,,,,,,,,,,,,,,,,,,,,,,,,,,,,,,,,,,,,,,,,,,,,,,,,,,,,,,,,,,,,,,,,,,,,,,,,,,,,,,,,,,,,,,,,,,,,,,
H03_RD14-0003-03d3c-0.0156IP-Q1.0_004.20sec.fsa,D18S51,Y,8,264.3,7,OL,280,11,OL,288.46,6,16,296.98,14,17,301.14,126,18,305.05,40,OL,311.78,8,21.2,319,6,OL,331.11,6,OL,331.91,4,OL,335.73,4,OL,340.08,15,,,,,,,,,,,,,,,,,,,,,,,,,,,,,,,,,,,,,,,,,,,,,,,,,,,,,,,,,,,,,,,,,,,,,,,,,,,,,,,,,,,,,,,,,,,,,,,,,,,,,,,,,,,,,,,,,,,,,,,,,,,,,,,,,,,,,,,,,,,,,,,,,,,,,,,,,,,,,,,,,,,,,,,,,,,,,,,,,,,,,,,,,,,,,,,,,,,,,,,,,,,,,,,,,,,,,,,,,,,,,,,,,,,,,,,,,,,,,,,,,,,,,,,,,,,,,,,,,,,,,,,,
H03_RD14-0003-03d3c-0.0156IP-Q1.0_004.20sec.fsa,AMEL,R,X,104.9,152,Y,110.81,153,,,,,,,,,,,,,,,,,,,,,,,,,,,,,,,,,,,,,,,,,,,,,,,,,,,,,,,,,,,,,,,,,,,,,,,,,,,,,,,,,,,,,,,,,,,,,,,,,,,,,,,,,,,,,,,,,,,,,,,,,,,,,,,,,,,,,,,,,,,,,,,,,,,,,,,,,,,,,,,,,,,,,,,,,,,,,,,,,,,,,,,,,,,,,,,,,,,,,,,,,,,,,,,,,,,,,,,,,,,,,,,,,,,,,,,,,,,,,,,,,,,,,,,,,,,,,,,,,,,,,,,,,,,,,,,,,,,,,,,,,,,,,,,,,,,,,,
H03_RD14-0003-03d3c-0.0156IP-Q1.0_004.20sec.fsa,D5S818,R,OL,126.71,5,OL,141.99,5,OL,144.3,4,12,153.01,99,13,157.12,86,OL,163.9,10,17,173.78,6,,,,,,,,,,,,,,,,,,,,,,,,,,,,,,,,,,,,,,,,,,,,,,,,,,,,,,,,,,,,,,,,,,,,,,,,,,,,,,,,,,,,,,,,,,,,,,,,,,,,,,,,,,,,,,,,,,,,,,,,,,,,,,,,,,,,,,,,,,,,,,,,,,,,,,,,,,,,,,,,,,,,,,,,,,,,,,,,,,,,,,,,,,,,,,,,,,,,,,,,,,,,,,,,,,,,,,,,,,,,,,,,,,,,,,,,,,,,,,,,,,,,,,,,,,,,,,,,,,,,,,,,,,,,,,,,,,,,,,,
H03_RD14-0003-03d3c-0.0156IP-Q1.0_004.20sec.fsa,FGA,R,OL,205.33,9,OL,206.32,7,OL,209.77,12,16.2,210.46,9,17.2,215.18,9,OL,215.97,7,19,220.93,65,19.2,222.57,8,OL,236.03,7,OL,238.05,9,OL,254.47,6,29.2,263.91,10,OL,270.41,7,OL,276.85,13,OL,281.55,7,OL,287.92,6,OL,297.68,5,OL,300.91,11,OL,302.51,9,OL,325.9,6,OL,334.77,7,OL,349.68,6,,,,,,,,,,,,,,,,,,,,,,,,,,,,,,,,,,,,,,,,,,,,,,,,,,,,,,,,,,,,,,,,,,,,,,,,,,,,,,,,,,,,,,,,,,,,,,,,,,,,,,,,,,,,,,,,,,,,,,,,,,,,,,,,,,,,,,,,,,,,,,,,,,,,,,,,,,,,,,,,,,,,,,,,,,,,,,,,,,,,,,,,,,,,,,,,,,,,,,,,,,,,,,,,,,,,,,,,,,,,,,,,,,,,,,,,,,
H04_RD14-0003-03d3d-0.0156IP-Q1.4_004.20sec.fsa,D8S1179,B,OL,111.65,4,OL,118.57,8,OL,119.79,7,OL,127.98,3,11,133.51,3,OL,142.82,15,14,146.1,8,15,150.23,81,16,154.37,3,OL,165.47,3,19,166.76,3,OL,175.66,2,OL,176.57,3,OL,177.71,3,,,,,,,,,,,,,,,,,,,,,,,,,,,,,,,,,,,,,,,,,,,,,,,,,,,,,,,,,,,,,,,,,,,,,,,,,,,,,,,,,,,,,,,,,,,,,,,,,,,,,,,,,,,,,,,,,,,,,,,,,,,,,,,,,,,,,,,,,,,,,,,,,,,,,,,,,,,,,,,,,,,,,,,,,,,,,,,,,,,,,,,,,,,,,,,,,,,,,,,,,,,,,,,,,,,,,,,,,,,,,,,,,,,,,,,,,,,,,,,,,,,,,,,,,,,,,,,,,,
H04_RD14-0003-03d3d-0.0156IP-Q1.4_004.20sec.fsa,D21S11,B,25.2,188.66,3,30,206.71,3,31.2,212.55,8,OL,213.92,6,32.2,216.72,73,OL,219.61,3,35,226.4,2,35.2,229.25,2,OL,230.33,3,36,231.03,3,37,234.97,3,OL,238.3,3,OL,239.92,7,,,,,,,,,,,,,,,,,,,,,,,,,,,,,,,,,,,,,,,,,,,,,,,,,,,,,,,,,,,,,,,,,,,,,,,,,,,,,,,,,,,,,,,,,,,,,,,,,,,,,,,,,,,,,,,,,,,,,,,,,,,,,,,,,,,,,,,,,,,,,,,,,,,,,,,,,,,,,,,,,,,,,,,,,,,,,,,,,,,,,,,,,,,,,,,,,,,,,,,,,,,,,,,,,,,,,,,,,,,,,,,,,,,,,,,,,,,,,,,,,,,,,,,,,,,,,,,,,,,,,
H04_RD14-0003-03d3d-0.0156IP-Q1.4_004.20sec.fsa,D7S820,B,OL,248.36,3,8,262.09,54,11,274.14,60,,,,,,,,,,,,,,,,,,,,,,,,,,,,,,,,,,,,,,,,,,,,,,,,,,,,,,,,,,,,,,,,,,,,,,,,,,,,,,,,,,,,,,,,,,,,,,,,,,,,,,,,,,,,,,,,,,,,,,,,,,,,,,,,,,,,,,,,,,,,,,,,,,,,,,,,,,,,,,,,,,,,,,,,,,,,,,,,,,,,,,,,,,,,,,,,,,,,,,,,,,,,,,,,,,,,,,,,,,,,,,,,,,,,,,,,,,,,,,,,,,,,,,,,,,,,,,,,,,,,,,,,,,,,,,,,,,,,,,,,,,,,,,,,,,,
H04_RD14-0003-03d3d-0.0156IP-Q1.4_004.20sec.fsa,CSF1PO,B,OL,309.54,2,OL,312.58,2,OL,327.47,3,OL,328.57,1,13,330.62,2,OL,331.88,2,OL,333.6,2,OL,339.92,5,OL,341.51,2,OL,343.5,2,,,,,,,,,,,,,,,,,,,,,,,,,,,,,,,,,,,,,,,,,,,,,,,,,,,,,,,,,,,,,,,,,,,,,,,,,,,,,,,,,,,,,,,,,,,,,,,,,,,,,,,,,,,,,,,,,,,,,,,,,,,,,,,,,,,,,,,,,,,,,,,,,,,,,,,,,,,,,,,,,,,,,,,,,,,,,,,,,,,,,,,,,,,,,,,,,,,,,,,,,,,,,,,,,,,,,,,,,,,,,,,,,,,,,,,,,,,,,,,,,,,,,,,,,,,,,,,,,,,,,,,,,,,,,,
H04_RD14-0003-03d3d-0.0156IP-Q1.4_004.20sec.fsa,D3S1358,G,OL,104.03,2,OL,104.62,2,OL,113.71,31,15,122.45,5,16,125.94,7,17,130.11,46,,,,,,,,,,,,,,,,,,,,,,,,,,,,,,,,,,,,,,,,,,,,,,,,,,,,,,,,,,,,,,,,,,,,,,,,,,,,,,,,,,,,,,,,,,,,,,,,,,,,,,,,,,,,,,,,,,,,,,,,,,,,,,,,,,,,,,,,,,,,,,,,,,,,,,,,,,,,,,,,,,,,,,,,,,,,,,,,,,,,,,,,,,,,,,,,,,,,,,,,,,,,,,,,,,,,,,,,,,,,,,,,,,,,,,,,,,,,,,,,,,,,,,,,,,,,,,,,,,,,,,,,,,,,,,,,,,,,,,,,,,
H04_RD14-0003-03d3d-0.0156IP-Q1.4_004.20sec.fsa,TH01,G,OL,155.68,4,3,156.45,6,5.3,167.67,2,6,168.74,7,OL,170.1,3,8,177.03,2,9,180.77,159,OL,189.51,3,OL,191.13,3,,,,,,,,,,,,,,,,,,,,,,,,,,,,,,,,,,,,,,,,,,,,,,,,,,,,,,,,,,,,,,,,,,,,,,,,,,,,,,,,,,,,,,,,,,,,,,,,,,,,,,,,,,,,,,,,,,,,,,,,,,,,,,,,,,,,,,,,,,,,,,,,,,,,,,,,,,,,,,,,,,,,,,,,,,,,,,,,,,,,,,,,,,,,,,,,,,,,,,,,,,,,,,,,,,,,,,,,,,,,,,,,,,,,,,,,,,,,,,,,,,,,,,,,,,,,,,,,,,,,,,,,,,,,,,,,,
H04_RD14-0003-03d3d-0.0156IP-Q1.4_004.20sec.fsa,D13S317,G,OL,205.05,3,OL,206.41,3,OL,209.74,5,7,210.81,5,OL,213.09,4,OL,214.47,5,OL,220,4,OL,220.69,3,OL,223.93,3,11,227.17,202,12,231.26,54,OL,241.27,5,,,,,,,,,,,,,,,,,,,,,,,,,,,,,,,,,,,,,,,,,,,,,,,,,,,,,,,,,,,,,,,,,,,,,,,,,,,,,,,,,,,,,,,,,,,,,,,,,,,,,,,,,,,,,,,,,,,,,,,,,,,,,,,,,,,,,,,,,,,,,,,,,,,,,,,,,,,,,,,,,,,,,,,,,,,,,,,,,,,,,,,,,,,,,,,,,,,,,,,,,,,,,,,,,,,,,,,,,,,,,,,,,,,,,,,,,,,,,,,,,,,,,,,,,,,,,,,,,,,,,,,,
H04_RD14-0003-03d3d-0.0156IP-Q1.4_004.20sec.fsa,D16S539,G,OL,260.15,6,10,271.34,16,11,275.23,307,13,283.46,6,OL,286.6,5,OL,289.98,3,OL,293.35,5,,,,,,,,,,,,,,,,,,,,,,,,,,,,,,,,,,,,,,,,,,,,,,,,,,,,,,,,,,,,,,,,,,,,,,,,,,,,,,,,,,,,,,,,,,,,,,,,,,,,,,,,,,,,,,,,,,,,,,,,,,,,,,,,,,,,,,,,,,,,,,,,,,,,,,,,,,,,,,,,,,,,,,,,,,,,,,,,,,,,,,,,,,,,,,,,,,,,,,,,,,,,,,,,,,,,,,,,,,,,,,,,,,,,,,,,,,,,,,,,,,,,,,,,,,,,,,,,,,,,,,,,,,,,,,,,,,,,,,,
H04_RD14-0003-03d3d-0.0156IP-Q1.4_004.20sec.fsa,D2S1338,G,14,300.68,5,OL,301.35,3,OL,305.92,3,OL,329.99,3,22,333.21,41,OL,337.59,5,25,344.86,4,25,345.49,6,OL,346.37,5,OL,348.28,4,26,349.4,4,OL,359.28,6,29,361.89,4,,,,,,,,,,,,,,,,,,,,,,,,,,,,,,,,,,,,,,,,,,,,,,,,,,,,,,,,,,,,,,,,,,,,,,,,,,,,,,,,,,,,,,,,,,,,,,,,,,,,,,,,,,,,,,,,,,,,,,,,,,,,,,,,,,,,,,,,,,,,,,,,,,,,,,,,,,,,,,,,,,,,,,,,,,,,,,,,,,,,,,,,,,,,,,,,,,,,,,,,,,,,,,,,,,,,,,,,,,,,,,,,,,,,,,,,,,,,,,,,,,,,,,,,,,,,,,,,,,,,,
H04_RD14-0003-03d3d-0.0156IP-Q1.4_004.20sec.fsa,D19S433,Y,9,100.07,8,11,108.18,11,12,112.38,103,14,120.22,142,16,127.98,8,16.2,130.11,9,17,131.59,7,OL,136.86,6,,,,,,,,,,,,,,,,,,,,,,,,,,,,,,,,,,,,,,,,,,,,,,,,,,,,,,,,,,,,,,,,,,,,,,,,,,,,,,,,,,,,,,,,,,,,,,,,,,,,,,,,,,,,,,,,,,,,,,,,,,,,,,,,,,,,,,,,,,,,,,,,,,,,,,,,,,,,,,,,,,,,,,,,,,,,,,,,,,,,,,,,,,,,,,,,,,,,,,,,,,,,,,,,,,,,,,,,,,,,,,,,,,,,,,,,,,,,,,,,,,,,,,,,,,,,,,,,,,,,,,,,,,,,,,,,,,,,
H04_RD14-0003-03d3d-0.0156IP-Q1.4_004.20sec.fsa,vWA,Y,OL,155.22,11,OL,158.61,5,15,168.13,145,16,172.16,55,OL,194.91,5,OL,197.84,6,OL,201.2,7,OL,206.18,7,,,,,,,,,,,,,,,,,,,,,,,,,,,,,,,,,,,,,,,,,,,,,,,,,,,,,,,,,,,,,,,,,,,,,,,,,,,,,,,,,,,,,,,,,,,,,,,,,,,,,,,,,,,,,,,,,,,,,,,,,,,,,,,,,,,,,,,,,,,,,,,,,,,,,,,,,,,,,,,,,,,,,,,,,,,,,,,,,,,,,,,,,,,,,,,,,,,,,,,,,,,,,,,,,,,,,,,,,,,,,,,,,,,,,,,,,,,,,,,,,,,,,,,,,,,,,,,,,,,,,,,,,,,,,,,,,,,,
H04_RD14-0003-03d3d-0.0156IP-Q1.4_004.20sec.fsa,TPOX,Y,OL,213.92,7,OL,220.08,10,6,221.16,4,7,224.55,9,OL,227.17,12,11,240.79,62,OL,243.16,7,OL,256,8,,,,,,,,,,,,,,,,,,,,,,,,,,,,,,,,,,,,,,,,,,,,,,,,,,,,,,,,,,,,,,,,,,,,,,,,,,,,,,,,,,,,,,,,,,,,,,,,,,,,,,,,,,,,,,,,,,,,,,,,,,,,,,,,,,,,,,,,,,,,,,,,,,,,,,,,,,,,,,,,,,,,,,,,,,,,,,,,,,,,,,,,,,,,,,,,,,,,,,,,,,,,,,,,,,,,,,,,,,,,,,,,,,,,,,,,,,,,,,,,,,,,,,,,,,,,,,,,,,,,,,,,,,,,,,,,,,,,
H04_RD14-0003-03d3d-0.0156IP-Q1.4_004.20sec.fsa,D18S51,Y,OL,267.99,4,OL,289.75,5,OL,293.65,9,16,297.32,8,OL,298.24,8,OL,300.08,11,17,301.13,65,21,316.79,7,OL,320,12,OL,326.6,6,25,333.45,8,OL,340.16,14,27,342.15,11,,,,,,,,,,,,,,,,,,,,,,,,,,,,,,,,,,,,,,,,,,,,,,,,,,,,,,,,,,,,,,,,,,,,,,,,,,,,,,,,,,,,,,,,,,,,,,,,,,,,,,,,,,,,,,,,,,,,,,,,,,,,,,,,,,,,,,,,,,,,,,,,,,,,,,,,,,,,,,,,,,,,,,,,,,,,,,,,,,,,,,,,,,,,,,,,,,,,,,,,,,,,,,,,,,,,,,,,,,,,,,,,,,,,,,,,,,,,,,,,,,,,,,,,,,,,,,,,,,,,,
H04_RD14-0003-03d3d-0.0156IP-Q1.4_004.20sec.fsa,AMEL,R,X,104.92,55,OL,106.55,11,OL,107.29,12,Y,110.84,125,,,,,,,,,,,,,,,,,,,,,,,,,,,,,,,,,,,,,,,,,,,,,,,,,,,,,,,,,,,,,,,,,,,,,,,,,,,,,,,,,,,,,,,,,,,,,,,,,,,,,,,,,,,,,,,,,,,,,,,,,,,,,,,,,,,,,,,,,,,,,,,,,,,,,,,,,,,,,,,,,,,,,,,,,,,,,,,,,,,,,,,,,,,,,,,,,,,,,,,,,,,,,,,,,,,,,,,,,,,,,,,,,,,,,,,,,,,,,,,,,,,,,,,,,,,,,,,,,,,,,,,,,,,,,,,,,,,,,,,,,,,,,,,,
H04_RD14-0003-03d3d-0.0156IP-Q1.4_004.20sec.fsa,D5S818,R,9,140.91,9,11,148.92,8,12,152.99,99,OL,155.45,5,13,157.07,97,OL,160.38,1,14,161.14,7,OL,162.81,8,,,,,,,,,,,,,,,,,,,,,,,,,,,,,,,,,,,,,,,,,,,,,,,,,,,,,,,,,,,,,,,,,,,,,,,,,,,,,,,,,,,,,,,,,,,,,,,,,,,,,,,,,,,,,,,,,,,,,,,,,,,,,,,,,,,,,,,,,,,,,,,,,,,,,,,,,,,,,,,,,,,,,,,,,,,,,,,,,,,,,,,,,,,,,,,,,,,,,,,,,,,,,,,,,,,,,,,,,,,,,,,,,,,,,,,,,,,,,,,,,,,,,,,,,,,,,,,,,,,,,,,,,,,,,,,,,,,,
H04_RD14-0003-03d3d-0.0156IP-Q1.4_004.20sec.fsa,FGA,R,OL,209.74,11,19,220.85,37,OL,224.24,8,21.2,231.57,4,OL,237.99,5,25.2,247.88,7,OL,248.75,7,28,257.21,7,OL,258.49,10,29,261.86,8,OL,270.4,6,OL,295.49,7,OL,312.74,6,OL,322.95,11,OL,325.88,8,OL,330.93,9,OL,337.35,5,OL,339.22,7,48.2,340.88,10,OL,341.83,6,49.2,344.94,7,50.2,348.68,5,OL,353.7,7,,,,,,,,,,,,,,,,,,,,,,,,,,,,,,,,,,,,,,,,,,,,,,,,,,,,,,,,,,,,,,,,,,,,,,,,,,,,,,,,,,,,,,,,,,,,,,,,,,,,,,,,,,,,,,,,,,,,,,,,,,,,,,,,,,,,,,,,,,,,,,,,,,,,,,,,,,,,,,,,,,,,,,,,,,,,,,,,,,,,,,,,,,,,,,,,,,,,,,,,,,,,,,,,,,,,,,,,,,,,,,,,,,,,,,,
H05_RD14-0003-03d2e-0.0313IP-Q2.6_004.20sec.fsa,D8S1179,B,OL,117.07,16,OL,118.5,7,OL,123.32,6,OL,124.41,3,9,126.08,3,OL,134.62,2,OL,140,15,OL,140.76,20,14,146.04,103,15,150.18,130,17,158.22,4,18,162.74,2,OL,164.5,4,OL,172.82,4,OL,178.09,3,,,,,,,,,,,,,,,,,,,,,,,,,,,,,,,,,,,,,,,,,,,,,,,,,,,,,,,,,,,,,,,,,,,,,,,,,,,,,,,,,,,,,,,,,,,,,,,,,,,,,,,,,,,,,,,,,,,,,,,,,,,,,,,,,,,,,,,,,,,,,,,,,,,,,,,,,,,,,,,,,,,,,,,,,,,,,,,,,,,,,,,,,,,,,,,,,,,,,,,,,,,,,,,,,,,,,,,,,,,,,,,,,,,,,,,,,,,,,,,,,,,,,,,,,,,,,,,
H05_RD14-0003-03d2e-0.0313IP-Q2.6_004.20sec.fsa,D21S11,B,23.2,180,6,24,182.17,6,25.2,188.3,3,26,190.09,3,OL,200,4,29,202.96,4,OL,207.67,3,OL,209.5,3,OL,214,6,32.2,216.72,31,OL,220.15,8,35,226.64,4,OL,229.82,3,OL,239.84,6,39,242.55,3,,,,,,,,,,,,,,,,,,,,,,,,,,,,,,,,,,,,,,,,,,,,,,,,,,,,,,,,,,,,,,,,,,,,,,,,,,,,,,,,,,,,,,,,,,,,,,,,,,,,,,,,,,,,,,,,,,,,,,,,,,,,,,,,,,,,,,,,,,,,,,,,,,,,,,,,,,,,,,,,,,,,,,,,,,,,,,,,,,,,,,,,,,,,,,,,,,,,,,,,,,,,,,,,,,,,,,,,,,,,,,,,,,,,,,,,,,,,,,,,,,,,,,,,,,,,,,,
H05_RD14-0003-03d2e-0.0313IP-Q2.6_004.20sec.fsa,D7S820,B,5,249.84,6,OL,250.84,3,OL,251.46,3,5.2,251.99,3,OL,253.6,3,OL,259.85,5,8,262.1,61,10,269.82,8,11,274.12,112,OL,276.94,4,OL,280,6,OL,281.09,4,OL,289.01,4,OL,292.26,3,,,,,,,,,,,,,,,,,,,,,,,,,,,,,,,,,,,,,,,,,,,,,,,,,,,,,,,,,,,,,,,,,,,,,,,,,,,,,,,,,,,,,,,,,,,,,,,,,,,,,,,,,,,,,,,,,,,,,,,,,,,,,,,,,,,,,,,,,,,,,,,,,,,,,,,,,,,,,,,,,,,,,,,,,,,,,,,,,,,,,,,,,,,,,,,,,,,,,,,,,,,,,,,,,,,,,,,,,,,,,,,,,,,,,,,,,,,,,,,,,,,,,,,,,,,,,,,,,,
H05_RD14-0003-03d2e-0.0313IP-Q2.6_004.20sec.fsa,CSF1PO,B,5,298.69,4,OL,300.08,10,OL,301.74,3,7,306.33,3,8,310.45,113,OL,315.58,3,OL,320.08,4,OL,325.06,1,12,326.81,42,OL,329.92,4,14,335.13,2,OL,340.08,6,OL,341.37,2,,,,,,,,,,,,,,,,,,,,,,,,,,,,,,,,,,,,,,,,,,,,,,,,,,,,,,,,,,,,,,,,,,,,,,,,,,,,,,,,,,,,,,,,,,,,,,,,,,,,,,,,,,,,,,,,,,,,,,,,,,,,,,,,,,,,,,,,,,,,,,,,,,,,,,,,,,,,,,,,,,,,,,,,,,,,,,,,,,,,,,,,,,,,,,,,,,,,,,,,,,,,,,,,,,,,,,,,,,,,,,,,,,,,,,,,,,,,,,,,,,,,,,,,,,,,,,,,,,,,,
H05_RD14-0003-03d2e-0.0313IP-Q2.6_004.20sec.fsa,D3S1358,G,OL,105.14,13,OL,112.31,27,15,122.23,55,16,126.23,338,OL,128.93,2,17,130.11,130,18,134.32,6,19,138.12,14,OL,139.1,7,OL,143.21,9,,,,,,,,,,,,,,,,,,,,,,,,,,,,,,,,,,,,,,,,,,,,,,,,,,,,,,,,,,,,,,,,,,,,,,,,,,,,,,,,,,,,,,,,,,,,,,,,,,,,,,,,,,,,,,,,,,,,,,,,,,,,,,,,,,,,,,,,,,,,,,,,,,,,,,,,,,,,,,,,,,,,,,,,,,,,,,,,,,,,,,,,,,,,,,,,,,,,,,,,,,,,,,,,,,,,,,,,,,,,,,,,,,,,,,,,,,,,,,,,,,,,,,,,,,,,,,,,,,,,,,,,,,,,,,
H05_RD14-0003-03d2e-0.0313IP-Q2.6_004.20sec.fsa,TH01,G,OL,160.91,3,OL,163.28,6,OL,166.1,5,OL,172.13,5,8,176.71,96,8.3,179.92,7,OL,188.38,3,OL,193.57,4,,,,,,,,,,,,,,,,,,,,,,,,,,,,,,,,,,,,,,,,,,,,,,,,,,,,,,,,,,,,,,,,,,,,,,,,,,,,,,,,,,,,,,,,,,,,,,,,,,,,,,,,,,,,,,,,,,,,,,,,,,,,,,,,,,,,,,,,,,,,,,,,,,,,,,,,,,,,,,,,,,,,,,,,,,,,,,,,,,,,,,,,,,,,,,,,,,,,,,,,,,,,,,,,,,,,,,,,,,,,,,,,,,,,,,,,,,,,,,,,,,,,,,,,,,,,,,,,,,,,,,,,,,,,,,,,,,,,
H05_RD14-0003-03d2e-0.0313IP-Q2.6_004.20sec.fsa,D13S317,G,OL,205.01,3,OL,208.2,4,OL,218.05,2,12,231.21,47,OL,232.45,6,14,239.38,5,OL,240.4,5,,,,,,,,,,,,,,,,,,,,,,,,,,,,,,,,,,,,,,,,,,,,,,,,,,,,,,,,,,,,,,,,,,,,,,,,,,,,,,,,,,,,,,,,,,,,,,,,,,,,,,,,,,,,,,,,,,,,,,,,,,,,,,,,,,,,,,,,,,,,,,,,,,,,,,,,,,,,,,,,,,,,,,,,,,,,,,,,,,,,,,,,,,,,,,,,,,,,,,,,,,,,,,,,,,,,,,,,,,,,,,,,,,,,,,,,,,,,,,,,,,,,,,,,,,,,,,,,,,,,,,,,,,,,,,,,,,,,,,,
H05_RD14-0003-03d2e-0.0313IP-Q2.6_004.20sec.fsa,D16S539,G,6,255.82,5,OL,273.73,2,11,275.21,49,14,287.14,5,OL,288.77,4,OL,292.65,7,,,,,,,,,,,,,,,,,,,,,,,,,,,,,,,,,,,,,,,,,,,,,,,,,,,,,,,,,,,,,,,,,,,,,,,,,,,,,,,,,,,,,,,,,,,,,,,,,,,,,,,,,,,,,,,,,,,,,,,,,,,,,,,,,,,,,,,,,,,,,,,,,,,,,,,,,,,,,,,,,,,,,,,,,,,,,,,,,,,,,,,,,,,,,,,,,,,,,,,,,,,,,,,,,,,,,,,,,,,,,,,,,,,,,,,,,,,,,,,,,,,,,,,,,,,,,,,,,,,,,,,,,,,,,,,,,,,,,,,,,,
H05_RD14-0003-03d2e-0.0313IP-Q2.6_004.20sec.fsa,D2S1338,G,OL,302.42,6,15,305.02,4,OL,307.72,6,OL,310.29,8,19,321.45,7,OL,325.7,6,21,328.96,4,OL,330.79,4,OL,335.92,5,OL,339.37,3,24,340.97,4,OL,345.72,3,OL,354.19,4,,,,,,,,,,,,,,,,,,,,,,,,,,,,,,,,,,,,,,,,,,,,,,,,,,,,,,,,,,,,,,,,,,,,,,,,,,,,,,,,,,,,,,,,,,,,,,,,,,,,,,,,,,,,,,,,,,,,,,,,,,,,,,,,,,,,,,,,,,,,,,,,,,,,,,,,,,,,,,,,,,,,,,,,,,,,,,,,,,,,,,,,,,,,,,,,,,,,,,,,,,,,,,,,,,,,,,,,,,,,,,,,,,,,,,,,,,,,,,,,,,,,,,,,,,,,,,,,,,,,,
H05_RD14-0003-03d2e-0.0313IP-Q2.6_004.20sec.fsa,D19S433,Y,11,108.11,13,12,112.31,217,12.2,113.85,13,13,116.29,23,14,120.22,297,OL,129.15,6,,,,,,,,,,,,,,,,,,,,,,,,,,,,,,,,,,,,,,,,,,,,,,,,,,,,,,,,,,,,,,,,,,,,,,,,,,,,,,,,,,,,,,,,,,,,,,,,,,,,,,,,,,,,,,,,,,,,,,,,,,,,,,,,,,,,,,,,,,,,,,,,,,,,,,,,,,,,,,,,,,,,,,,,,,,,,,,,,,,,,,,,,,,,,,,,,,,,,,,,,,,,,,,,,,,,,,,,,,,,,,,,,,,,,,,,,,,,,,,,,,,,,,,,,,,,,,,,,,,,,,,,,,,,,,,,,,,,,,,,,,
H05_RD14-0003-03d2e-0.0313IP-Q2.6_004.20sec.fsa,vWA,Y,OL,156.51,5,OL,160.69,10,14,164.19,10,15,168.16,111,16,172.2,36,OL,191.09,6,OL,200,14,24,205.01,4,OL,206,3,,,,,,,,,,,,,,,,,,,,,,,,,,,,,,,,,,,,,,,,,,,,,,,,,,,,,,,,,,,,,,,,,,,,,,,,,,,,,,,,,,,,,,,,,,,,,,,,,,,,,,,,,,,,,,,,,,,,,,,,,,,,,,,,,,,,,,,,,,,,,,,,,,,,,,,,,,,,,,,,,,,,,,,,,,,,,,,,,,,,,,,,,,,,,,,,,,,,,,,,,,,,,,,,,,,,,,,,,,,,,,,,,,,,,,,,,,,,,,,,,,,,,,,,,,,,,,,,,,,,,,,,,,,,,,,,,
H05_RD14-0003-03d2e-0.0313IP-Q2.6_004.20sec.fsa,TPOX,Y,OL,219.06,6,OL,219.84,9,9,232.76,8,OL,240,13,OL,244.3,12,,,,,,,,,,,,,,,,,,,,,,,,,,,,,,,,,,,,,,,,,,,,,,,,,,,,,,,,,,,,,,,,,,,,,,,,,,,,,,,,,,,,,,,,,,,,,,,,,,,,,,,,,,,,,,,,,,,,,,,,,,,,,,,,,,,,,,,,,,,,,,,,,,,,,,,,,,,,,,,,,,,,,,,,,,,,,,,,,,,,,,,,,,,,,,,,,,,,,,,,,,,,,,,,,,,,,,,,,,,,,,,,,,,,,,,,,,,,,,,,,,,,,,,,,,,,,,,,,,,,,,,,,,,,,,,,,,,,,,,,,,,,,
H05_RD14-0003-03d2e-0.0313IP-Q2.6_004.20sec.fsa,D18S51,Y,8,264.59,8,OL,265.84,13,OL,280.08,16,13,284.74,7,OL,285.82,5,14,289.16,9,17,301.06,62,17.2,302.65,3,18,304.94,26,OL,314.08,9,OL,334.66,6,OL,336.24,5,OL,339.92,11,OL,346.85,9,,,,,,,,,,,,,,,,,,,,,,,,,,,,,,,,,,,,,,,,,,,,,,,,,,,,,,,,,,,,,,,,,,,,,,,,,,,,,,,,,,,,,,,,,,,,,,,,,,,,,,,,,,,,,,,,,,,,,,,,,,,,,,,,,,,,,,,,,,,,,,,,,,,,,,,,,,,,,,,,,,,,,,,,,,,,,,,,,,,,,,,,,,,,,,,,,,,,,,,,,,,,,,,,,,,,,,,,,,,,,,,,,,,,,,,,,,,,,,,,,,,,,,,,,,,,,,,,,,
H05_RD14-0003-03d2e-0.0313IP-Q2.6_004.20sec.fsa,AMEL,R,X,104.92,161,OL,106.18,14,Y,110.84,144,,,,,,,,,,,,,,,,,,,,,,,,,,,,,,,,,,,,,,,,,,,,,,,,,,,,,,,,,,,,,,,,,,,,,,,,,,,,,,,,,,,,,,,,,,,,,,,,,,,,,,,,,,,,,,,,,,,,,,,,,,,,,,,,,,,,,,,,,,,,,,,,,,,,,,,,,,,,,,,,,,,,,,,,,,,,,,,,,,,,,,,,,,,,,,,,,,,,,,,,,,,,,,,,,,,,,,,,,,,,,,,,,,,,,,,,,,,,,,,,,,,,,,,,,,,,,,,,,,,,,,,,,,,,,,,,,,,,,,,,,,,,,,,,,,,
H05_RD14-0003-03d2e-0.0313IP-Q2.6_004.20sec.fsa,D5S818,R,OL,126.96,8,7,132.39,5,OL,144.28,5,12,152.96,60,13,157.05,34,14,160.99,13,,,,,,,,,,,,,,,,,,,,,,,,,,,,,,,,,,,,,,,,,,,,,,,,,,,,,,,,,,,,,,,,,,,,,,,,,,,,,,,,,,,,,,,,,,,,,,,,,,,,,,,,,,,,,,,,,,,,,,,,,,,,,,,,,,,,,,,,,,,,,,,,,,,,,,,,,,,,,,,,,,,,,,,,,,,,,,,,,,,,,,,,,,,,,,,,,,,,,,,,,,,,,,,,,,,,,,,,,,,,,,,,,,,,,,,,,,,,,,,,,,,,,,,,,,,,,,,,,,,,,,,,,,,,,,,,,,,,,,,,,,
H05_RD14-0003-03d2e-0.0313IP-Q2.6_004.20sec.fsa,FGA,R,OL,206.22,10,OL,206.98,10,17,213.16,4,18.2,218.75,6,19.2,222.7,3,20.2,227.34,4,21,229.27,6,21.2,231.44,4,OL,234.63,7,24,241.83,7,OL,243.9,10,OL,266.69,12,OL,272.24,7,OL,276.39,12,OL,282.41,5,OL,291.18,4,OL,300.45,7,OL,308.58,6,OL,312.34,8,OL,317.74,6,OL,320.81,7,46.2,331.98,4,OL,347.25,8,,,,,,,,,,,,,,,,,,,,,,,,,,,,,,,,,,,,,,,,,,,,,,,,,,,,,,,,,,,,,,,,,,,,,,,,,,,,,,,,,,,,,,,,,,,,,,,,,,,,,,,,,,,,,,,,,,,,,,,,,,,,,,,,,,,,,,,,,,,,,,,,,,,,,,,,,,,,,,,,,,,,,,,,,,,,,,,,,,,,,,,,,,,,,,,,,,,,,,,,,,,,,,,,,,,,,,,,,,,,,,,,,,,,,,,
H06_RD14-0003-04d3a-0.125IP-Q1.0_004.20sec.fsa,D8S1179,B,OL,122.76,10,12,137.95,51,13,142.01,833,14,146.13,774,OL,152.51,4,OL,155.83,3,OL,157.8,3,OL,169.62,3,,,,,,,,,,,,,,,,,,,,,,,,,,,,,,,,,,,,,,,,,,,,,,,,,,,,,,,,,,,,,,,,,,,,,,,,,,,,,,,,,,,,,,,,,,,,,,,,,,,,,,,,,,,,,,,,,,,,,,,,,,,,,,,,,,,,,,,,,,,,,,,,,,,,,,,,,,,,,,,,,,,,,,,,,,,,,,,,,,,,,,,,,,,,,,,,,,,,,,,,,,,,,,,,,,,,,,,,,,,,,,,,,,,,,,,,,,,,,,,,,,,,,,,,,,,,,,,,,,,,,,,,,,,,,,,,,,,,
H06_RD14-0003-04d3a-0.125IP-Q1.0_004.20sec.fsa,D21S11,B,23.2,180.08,4,OL,181.59,3,OL,185.51,4,OL,187.02,3,27,194.5,42,28,198.57,576,29,202.59,72,30,206.6,872,31,210.63,8,OL,213.85,6,32.2,216.23,2,OL,220,4,OL,221.28,4,34.2,225.13,4,35.2,229.12,7,OL,232.14,4,37,234.48,4,OL,240,11,OL,242.41,4,,,,,,,,,,,,,,,,,,,,,,,,,,,,,,,,,,,,,,,,,,,,,,,,,,,,,,,,,,,,,,,,,,,,,,,,,,,,,,,,,,,,,,,,,,,,,,,,,,,,,,,,,,,,,,,,,,,,,,,,,,,,,,,,,,,,,,,,,,,,,,,,,,,,,,,,,,,,,,,,,,,,,,,,,,,,,,,,,,,,,,,,,,,,,,,,,,,,,,,,,,,,,,,,,,,,,,,,,,,,,,,,,,,,,,,,,,,,,,,,,,,
H06_RD14-0003-04d3a-0.125IP-Q1.0_004.20sec.fsa,D7S820,B,OL,248.46,4,OL,251.5,4,6,253.82,2,8,262.06,43,9,266.11,1387,OL,273.15,5,OL,280,8,,,,,,,,,,,,,,,,,,,,,,,,,,,,,,,,,,,,,,,,,,,,,,,,,,,,,,,,,,,,,,,,,,,,,,,,,,,,,,,,,,,,,,,,,,,,,,,,,,,,,,,,,,,,,,,,,,,,,,,,,,,,,,,,,,,,,,,,,,,,,,,,,,,,,,,,,,,,,,,,,,,,,,,,,,,,,,,,,,,,,,,,,,,,,,,,,,,,,,,,,,,,,,,,,,,,,,,,,,,,,,,,,,,,,,,,,,,,,,,,,,,,,,,,,,,,,,,,,,,,,,,,,,,,,,,,,,,,,,,
H06_RD14-0003-04d3a-0.125IP-Q1.0_004.20sec.fsa,CSF1PO,B,OL,300.07,6,OL,312.83,3,9,314,7,OL,315.13,3,OL,316.02,4,10,318.7,10,OL,320.08,9,11,322.69,104,OL,324.19,6,12,326.72,1587,OL,328.68,6,13,330.56,8,OL,336.74,4,OL,340,6,16,343.24,4,,,,,,,,,,,,,,,,,,,,,,,,,,,,,,,,,,,,,,,,,,,,,,,,,,,,,,,,,,,,,,,,,,,,,,,,,,,,,,,,,,,,,,,,,,,,,,,,,,,,,,,,,,,,,,,,,,,,,,,,,,,,,,,,,,,,,,,,,,,,,,,,,,,,,,,,,,,,,,,,,,,,,,,,,,,,,,,,,,,,,,,,,,,,,,,,,,,,,,,,,,,,,,,,,,,,,,,,,,,,,,,,,,,,,,,,,,,,,,,,,,,,,,,,,,,,,,,
H06_RD14-0003-04d3a-0.125IP-Q1.0_004.20sec.fsa,D3S1358,G,OL,99.42,3,OL,100.81,2,OL,109.72,5,OL,115.56,21,14,118.24,50,OL,119.37,5,OL,120.78,7,15,122.19,689,OL,123.61,7,16,126.32,476,17.2,132.94,6,OL,142.98,5,OL,143.88,5,,,,,,,,,,,,,,,,,,,,,,,,,,,,,,,,,,,,,,,,,,,,,,,,,,,,,,,,,,,,,,,,,,,,,,,,,,,,,,,,,,,,,,,,,,,,,,,,,,,,,,,,,,,,,,,,,,,,,,,,,,,,,,,,,,,,,,,,,,,,,,,,,,,,,,,,,,,,,,,,,,,,,,,,,,,,,,,,,,,,,,,,,,,,,,,,,,,,,,,,,,,,,,,,,,,,,,,,,,,,,,,,,,,,,,,,,,,,,,,,,,,,,,,,,,,,,,,,,,,,,
H06_RD14-0003-04d3a-0.125IP-Q1.0_004.20sec.fsa,TH01,G,OL,155.83,4,OL,163.28,6,OL,166.79,4,7,172.53,50,8,176.64,2136,9.3,183.78,11,10,184.46,11,13,196.76,6,,,,,,,,,,,,,,,,,,,,,,,,,,,,,,,,,,,,,,,,,,,,,,,,,,,,,,,,,,,,,,,,,,,,,,,,,,,,,,,,,,,,,,,,,,,,,,,,,,,,,,,,,,,,,,,,,,,,,,,,,,,,,,,,,,,,,,,,,,,,,,,,,,,,,,,,,,,,,,,,,,,,,,,,,,,,,,,,,,,,,,,,,,,,,,,,,,,,,,,,,,,,,,,,,,,,,,,,,,,,,,,,,,,,,,,,,,,,,,,,,,,,,,,,,,,,,,,,,,,,,,,,,,,,,,,,,,,,
H06_RD14-0003-04d3a-0.125IP-Q1.0_004.20sec.fsa,D13S317,G,OL,204.29,5,OL,207.49,3,OL,216.38,6,10,223.32,41,11,227.24,836,OL,229.2,5,12,231.24,1020,OL,234.18,3,OL,237.96,3,,,,,,,,,,,,,,,,,,,,,,,,,,,,,,,,,,,,,,,,,,,,,,,,,,,,,,,,,,,,,,,,,,,,,,,,,,,,,,,,,,,,,,,,,,,,,,,,,,,,,,,,,,,,,,,,,,,,,,,,,,,,,,,,,,,,,,,,,,,,,,,,,,,,,,,,,,,,,,,,,,,,,,,,,,,,,,,,,,,,,,,,,,,,,,,,,,,,,,,,,,,,,,,,,,,,,,,,,,,,,,,,,,,,,,,,,,,,,,,,,,,,,,,,,,,,,,,,,,,,,,,,,,,,,,,,,
H06_RD14-0003-04d3a-0.125IP-Q1.0_004.20sec.fsa,D16S539,G,8,263.05,8,9,267.1,11,10,271.24,109,OL,273.38,6,11,275.23,1818,12,279,13,OL,287.81,5,OL,288.95,4,OL,292.81,3,,,,,,,,,,,,,,,,,,,,,,,,,,,,,,,,,,,,,,,,,,,,,,,,,,,,,,,,,,,,,,,,,,,,,,,,,,,,,,,,,,,,,,,,,,,,,,,,,,,,,,,,,,,,,,,,,,,,,,,,,,,,,,,,,,,,,,,,,,,,,,,,,,,,,,,,,,,,,,,,,,,,,,,,,,,,,,,,,,,,,,,,,,,,,,,,,,,,,,,,,,,,,,,,,,,,,,,,,,,,,,,,,,,,,,,,,,,,,,,,,,,,,,,,,,,,,,,,,,,,,,,,,,,,,,,,,
H06_RD14-0003-04d3a-0.125IP-Q1.0_004.20sec.fsa,D2S1338,G,OL,303.89,5,OL,310.05,3,OL,318.37,3,19,320.87,7,20,324.98,92,21,329.07,910,OL,335.18,4,23,337.05,9,24,341.03,59,25,345.05,630,OL,354.06,4,OL,364.49,4,,,,,,,,,,,,,,,,,,,,,,,,,,,,,,,,,,,,,,,,,,,,,,,,,,,,,,,,,,,,,,,,,,,,,,,,,,,,,,,,,,,,,,,,,,,,,,,,,,,,,,,,,,,,,,,,,,,,,,,,,,,,,,,,,,,,,,,,,,,,,,,,,,,,,,,,,,,,,,,,,,,,,,,,,,,,,,,,,,,,,,,,,,,,,,,,,,,,,,,,,,,,,,,,,,,,,,,,,,,,,,,,,,,,,,,,,,,,,,,,,,,,,,,,,,,,,,,,,,,,,,,,
H06_RD14-0003-04d3a-0.125IP-Q1.0_004.20sec.fsa,D19S433,Y,11.2,110.16,70,12.2,114.21,983,14,120.14,66,OL,121.56,6,15,124.04,572,18,136.13,6,OL,139.85,9,,,,,,,,,,,,,,,,,,,,,,,,,,,,,,,,,,,,,,,,,,,,,,,,,,,,,,,,,,,,,,,,,,,,,,,,,,,,,,,,,,,,,,,,,,,,,,,,,,,,,,,,,,,,,,,,,,,,,,,,,,,,,,,,,,,,,,,,,,,,,,,,,,,,,,,,,,,,,,,,,,,,,,,,,,,,,,,,,,,,,,,,,,,,,,,,,,,,,,,,,,,,,,,,,,,,,,,,,,,,,,,,,,,,,,,,,,,,,,,,,,,,,,,,,,,,,,,,,,,,,,,,,,,,,,,,,,,,,,,
H06_RD14-0003-04d3a-0.125IP-Q1.0_004.20sec.fsa,vWA,Y,OL,146.2,11,OL,158.79,6,OL,165.29,14,15,168.13,17,16,172.16,220,17,176.56,44,18,180.3,91,OL,183.25,22,19,184.38,982,,,,,,,,,,,,,,,,,,,,,,,,,,,,,,,,,,,,,,,,,,,,,,,,,,,,,,,,,,,,,,,,,,,,,,,,,,,,,,,,,,,,,,,,,,,,,,,,,,,,,,,,,,,,,,,,,,,,,,,,,,,,,,,,,,,,,,,,,,,,,,,,,,,,,,,,,,,,,,,,,,,,,,,,,,,,,,,,,,,,,,,,,,,,,,,,,,,,,,,,,,,,,,,,,,,,,,,,,,,,,,,,,,,,,,,,,,,,,,,,,,,,,,,,,,,,,,,,,,,,,,,,,,,,,,,,,
H06_RD14-0003-04d3a-0.125IP-Q1.0_004.20sec.fsa,TPOX,Y,OL,217.53,3,7,224.67,11,9,232.52,33,10,236.6,888,11,240.62,661,OL,247.92,8,OL,251.72,7,,,,,,,,,,,,,,,,,,,,,,,,,,,,,,,,,,,,,,,,,,,,,,,,,,,,,,,,,,,,,,,,,,,,,,,,,,,,,,,,,,,,,,,,,,,,,,,,,,,,,,,,,,,,,,,,,,,,,,,,,,,,,,,,,,,,,,,,,,,,,,,,,,,,,,,,,,,,,,,,,,,,,,,,,,,,,,,,,,,,,,,,,,,,,,,,,,,,,,,,,,,,,,,,,,,,,,,,,,,,,,,,,,,,,,,,,,,,,,,,,,,,,,,,,,,,,,,,,,,,,,,,,,,,,,,,,,,,,,,
H06_RD14-0003-04d3a-0.125IP-Q1.0_004.20sec.fsa,D18S51,Y,OL,266.41,5,OL,271.62,13,10.2,275.23,24,OL,281.97,7,14,289.1,46,15,293.11,631,16,297.13,89,17,301.04,890,OL,320,12,OL,322.69,7,23,325.22,9,OL,340.08,9,OL,342.68,6,,,,,,,,,,,,,,,,,,,,,,,,,,,,,,,,,,,,,,,,,,,,,,,,,,,,,,,,,,,,,,,,,,,,,,,,,,,,,,,,,,,,,,,,,,,,,,,,,,,,,,,,,,,,,,,,,,,,,,,,,,,,,,,,,,,,,,,,,,,,,,,,,,,,,,,,,,,,,,,,,,,,,,,,,,,,,,,,,,,,,,,,,,,,,,,,,,,,,,,,,,,,,,,,,,,,,,,,,,,,,,,,,,,,,,,,,,,,,,,,,,,,,,,,,,,,,,,,,,,,,
H06_RD14-0003-04d3a-0.125IP-Q1.0_004.20sec.fsa,AMEL,R,X,104.91,850,Y,110.81,512,,,,,,,,,,,,,,,,,,,,,,,,,,,,,,,,,,,,,,,,,,,,,,,,,,,,,,,,,,,,,,,,,,,,,,,,,,,,,,,,,,,,,,,,,,,,,,,,,,,,,,,,,,,,,,,,,,,,,,,,,,,,,,,,,,,,,,,,,,,,,,,,,,,,,,,,,,,,,,,,,,,,,,,,,,,,,,,,,,,,,,,,,,,,,,,,,,,,,,,,,,,,,,,,,,,,,,,,,,,,,,,,,,,,,,,,,,,,,,,,,,,,,,,,,,,,,,,,,,,,,,,,,,,,,,,,,,,,,,,,,,,,,,,,,,,,,,
H06_RD14-0003-04d3a-0.125IP-Q1.0_004.20sec.fsa,D5S818,R,OL,126.39,10,6,128.61,12,7,132.94,8,10,144.7,34,OL,145.75,5,11,148.83,606,12,152.97,576,OL,163.58,9,OL,167.53,7,OL,175.44,9,OL,178.21,13,,,,,,,,,,,,,,,,,,,,,,,,,,,,,,,,,,,,,,,,,,,,,,,,,,,,,,,,,,,,,,,,,,,,,,,,,,,,,,,,,,,,,,,,,,,,,,,,,,,,,,,,,,,,,,,,,,,,,,,,,,,,,,,,,,,,,,,,,,,,,,,,,,,,,,,,,,,,,,,,,,,,,,,,,,,,,,,,,,,,,,,,,,,,,,,,,,,,,,,,,,,,,,,,,,,,,,,,,,,,,,,,,,,,,,,,,,,,,,,,,,,,,,,,,,,,,,,,,,,,,,,,,,,
H06_RD14-0003-04d3a-0.125IP-Q1.0_004.20sec.fsa,FGA,R,OL,211.38,10,18,217.23,9,19,221.06,42,20,225.13,636,21,229.12,856,OL,233.73,10,OL,238.11,11,25,245.9,10,25.2,247.37,6,OL,250.52,10,26.2,251.35,10,27.2,255.46,6,29.2,263.89,7,OL,266.72,8,OL,270.09,7,32,274,9,32.2,275.84,9,OL,280.68,7,OL,285.23,9,OL,289.78,6,OL,291.14,7,42.2,315.94,7,OL,322.14,9,OL,323.8,8,45.2,328.84,6,OL,350.19,5,51.2,352.96,6,OL,358.18,8,,,,,,,,,,,,,,,,,,,,,,,,,,,,,,,,,,,,,,,,,,,,,,,,,,,,,,,,,,,,,,,,,,,,,,,,,,,,,,,,,,,,,,,,,,,,,,,,,,,,,,,,,,,,,,,,,,,,,,,,,,,,,,,,,,,,,,,,,,,,,,,,,,,,,,,,,,,,,,,,,,,,,,,,,,,,,,,,,,,,,,,,,,,,,,,,,,,,,,,,,,,,,,,,,,,,,,,,
H07_RD14-0003-04d2b-0.25IP-Q0.9_004.20sec.fsa,D8S1179,B,OL,112.11,6,OL,112.66,6,OL,116.31,5,OL,120.46,10,8,121.31,11,OL,123.25,11,OL,124.26,5,OL,131.07,4,OL,136.79,6,12,137.91,85,13,141.97,1603,14,146.17,1791,15,150.31,14,OL,155.23,4,OL,175.1,8,,,,,,,,,,,,,,,,,,,,,,,,,,,,,,,,,,,,,,,,,,,,,,,,,,,,,,,,,,,,,,,,,,,,,,,,,,,,,,,,,,,,,,,,,,,,,,,,,,,,,,,,,,,,,,,,,,,,,,,,,,,,,,,,,,,,,,,,,,,,,,,,,,,,,,,,,,,,,,,,,,,,,,,,,,,,,,,,,,,,,,,,,,,,,,,,,,,,,,,,,,,,,,,,,,,,,,,,,,,,,,,,,,,,,,,,,,,,,,,,,,,,,,,,,,,,,,,
H07_RD14-0003-04d2b-0.25IP-Q0.9_004.20sec.fsa,D21S11,B,23.2,179.75,3,24.2,184.48,2,OL,185.24,2,25,186.09,6,25.2,188.29,3,26,190.32,7,27,194.65,68,27.2,196.52,7,28,198.73,1242,29,202.75,62,OL,205.6,11,30,206.77,873,31.2,212.23,4,OL,213.16,2,OL,215.37,4,OL,217.51,2,35.2,228.55,12,OL,230.18,9,37,234.48,5,37.2,236.98,5,38,238.53,3,OL,240,7,OL,242.11,4,,,,,,,,,,,,,,,,,,,,,,,,,,,,,,,,,,,,,,,,,,,,,,,,,,,,,,,,,,,,,,,,,,,,,,,,,,,,,,,,,,,,,,,,,,,,,,,,,,,,,,,,,,,,,,,,,,,,,,,,,,,,,,,,,,,,,,,,,,,,,,,,,,,,,,,,,,,,,,,,,,,,,,,,,,,,,,,,,,,,,,,,,,,,,,,,,,,,,,,,,,,,,,,,,,,,,,,,,,,,,,,,,,,,,,,
H07_RD14-0003-04d2b-0.25IP-Q0.9_004.20sec.fsa,D7S820,B,OL,248.34,5,8,262.09,67,9,266.19,2066,11,274,2,12,277.79,6,OL,279.91,6,13,282.08,5,,,,,,,,,,,,,,,,,,,,,,,,,,,,,,,,,,,,,,,,,,,,,,,,,,,,,,,,,,,,,,,,,,,,,,,,,,,,,,,,,,,,,,,,,,,,,,,,,,,,,,,,,,,,,,,,,,,,,,,,,,,,,,,,,,,,,,,,,,,,,,,,,,,,,,,,,,,,,,,,,,,,,,,,,,,,,,,,,,,,,,,,,,,,,,,,,,,,,,,,,,,,,,,,,,,,,,,,,,,,,,,,,,,,,,,,,,,,,,,,,,,,,,,,,,,,,,,,,,,,,,,,,,,,,,,,,,,,,,,
H07_RD14-0003-04d2b-0.25IP-Q0.9_004.20sec.fsa,CSF1PO,B,5,298.36,4,OL,300,8,OL,301.28,5,7,306.73,4,OL,308.31,2,9,314,6,10,318.59,11,11,322.91,151,12,326.9,2267,OL,328.89,9,13,330.87,18,OL,339.73,5,OL,343.64,6,,,,,,,,,,,,,,,,,,,,,,,,,,,,,,,,,,,,,,,,,,,,,,,,,,,,,,,,,,,,,,,,,,,,,,,,,,,,,,,,,,,,,,,,,,,,,,,,,,,,,,,,,,,,,,,,,,,,,,,,,,,,,,,,,,,,,,,,,,,,,,,,,,,,,,,,,,,,,,,,,,,,,,,,,,,,,,,,,,,,,,,,,,,,,,,,,,,,,,,,,,,,,,,,,,,,,,,,,,,,,,,,,,,,,,,,,,,,,,,,,,,,,,,,,,,,,,,,,,,,,
H07_RD14-0003-04d2b-0.25IP-Q0.9_004.20sec.fsa,D3S1358,G,OL,94.38,8,OL,97.5,6,OL,103.33,7,OL,104.44,10,11,106.42,5,OL,109.74,7,OL,112.42,4,13,114.31,41,14,118.23,192,15,122.24,2445,16,126.36,1687,OL,129.65,5,17,130.44,9,OL,137.03,4,19,138.55,6,OL,140.33,5,20,141.97,19,,,,,,,,,,,,,,,,,,,,,,,,,,,,,,,,,,,,,,,,,,,,,,,,,,,,,,,,,,,,,,,,,,,,,,,,,,,,,,,,,,,,,,,,,,,,,,,,,,,,,,,,,,,,,,,,,,,,,,,,,,,,,,,,,,,,,,,,,,,,,,,,,,,,,,,,,,,,,,,,,,,,,,,,,,,,,,,,,,,,,,,,,,,,,,,,,,,,,,,,,,,,,,,,,,,,,,,,,,,,,,,,,,,,,,,,,,,,,,,,,,,,,,,,,
H07_RD14-0003-04d2b-0.25IP-Q0.9_004.20sec.fsa,TH01,G,OL,155.73,5,OL,167.91,8,7,172.7,71,OL,174.52,6,8,176.68,3159,10.3,188.04,2,12,192.78,3,OL,193.72,5,13.3,199.83,3,13.3,200.5,4,,,,,,,,,,,,,,,,,,,,,,,,,,,,,,,,,,,,,,,,,,,,,,,,,,,,,,,,,,,,,,,,,,,,,,,,,,,,,,,,,,,,,,,,,,,,,,,,,,,,,,,,,,,,,,,,,,,,,,,,,,,,,,,,,,,,,,,,,,,,,,,,,,,,,,,,,,,,,,,,,,,,,,,,,,,,,,,,,,,,,,,,,,,,,,,,,,,,,,,,,,,,,,,,,,,,,,,,,,,,,,,,,,,,,,,,,,,,,,,,,,,,,,,,,,,,,,,,,,,,,,,,,,,,,,
H07_RD14-0003-04d2b-0.25IP-Q0.9_004.20sec.fsa,D13S317,G,OL,205.35,4,OL,206.77,12,7,211.31,6,10,223.16,74,11,227.17,1872,OL,229.4,3,12,231.21,1658,13,235.16,12,OL,237.84,3,OL,240.44,5,,,,,,,,,,,,,,,,,,,,,,,,,,,,,,,,,,,,,,,,,,,,,,,,,,,,,,,,,,,,,,,,,,,,,,,,,,,,,,,,,,,,,,,,,,,,,,,,,,,,,,,,,,,,,,,,,,,,,,,,,,,,,,,,,,,,,,,,,,,,,,,,,,,,,,,,,,,,,,,,,,,,,,,,,,,,,,,,,,,,,,,,,,,,,,,,,,,,,,,,,,,,,,,,,,,,,,,,,,,,,,,,,,,,,,,,,,,,,,,,,,,,,,,,,,,,,,,,,,,,,,,,,,,,,,
H07_RD14-0003-04d2b-0.25IP-Q0.9_004.20sec.fsa,D16S539,G,OL,250,4,OL,257.63,5,OL,262,6,9,267.33,16,10,271.28,181,OL,273.56,18,11,275.32,3402,12,279.29,14,OL,284.16,6,OL,285.02,5,14,286.93,3,OL,289.96,4,OL,292.99,10,OL,294.46,5,,,,,,,,,,,,,,,,,,,,,,,,,,,,,,,,,,,,,,,,,,,,,,,,,,,,,,,,,,,,,,,,,,,,,,,,,,,,,,,,,,,,,,,,,,,,,,,,,,,,,,,,,,,,,,,,,,,,,,,,,,,,,,,,,,,,,,,,,,,,,,,,,,,,,,,,,,,,,,,,,,,,,,,,,,,,,,,,,,,,,,,,,,,,,,,,,,,,,,,,,,,,,,,,,,,,,,,,,,,,,,,,,,,,,,,,,,,,,,,,,,,,,,,,,,,,,,,,,,
H07_RD14-0003-04d2b-0.25IP-Q0.9_004.20sec.fsa,D2S1338,G,OL,302.48,7,OL,315.68,5,OL,317.55,6,19,321.09,14,20,325.09,98,21,329.16,1251,OL,335.54,3,24,341.18,112,25,345.19,1168,,,,,,,,,,,,,,,,,,,,,,,,,,,,,,,,,,,,,,,,,,,,,,,,,,,,,,,,,,,,,,,,,,,,,,,,,,,,,,,,,,,,,,,,,,,,,,,,,,,,,,,,,,,,,,,,,,,,,,,,,,,,,,,,,,,,,,,,,,,,,,,,,,,,,,,,,,,,,,,,,,,,,,,,,,,,,,,,,,,,,,,,,,,,,,,,,,,,,,,,,,,,,,,,,,,,,,,,,,,,,,,,,,,,,,,,,,,,,,,,,,,,,,,,,,,,,,,,,,,,,,,,,,,,,,,,,
H07_RD14-0003-04d2b-0.25IP-Q0.9_004.20sec.fsa,D19S433,Y,OL,102.3,6,OL,106.82,10,OL,109.19,6,11.2,110.3,66,12.2,114.39,1130,OL,115.54,14,14,120.23,129,15,124.18,1431,15.2,126.28,29,16.2,130.12,5,OL,132.57,7,OL,136.87,9,OL,139.92,13,,,,,,,,,,,,,,,,,,,,,,,,,,,,,,,,,,,,,,,,,,,,,,,,,,,,,,,,,,,,,,,,,,,,,,,,,,,,,,,,,,,,,,,,,,,,,,,,,,,,,,,,,,,,,,,,,,,,,,,,,,,,,,,,,,,,,,,,,,,,,,,,,,,,,,,,,,,,,,,,,,,,,,,,,,,,,,,,,,,,,,,,,,,,,,,,,,,,,,,,,,,,,,,,,,,,,,,,,,,,,,,,,,,,,,,,,,,,,,,,,,,,,,,,,,,,,,,,,,,,,
H07_RD14-0003-04d2b-0.25IP-Q0.9_004.20sec.fsa,vWA,Y,OL,148.57,17,OL,152.81,16,OL,158.41,8,OL,163.46,16,15,168.16,79,16,172.21,1133,17,176.68,72,18,180.25,121,19,184.4,1404,20,188.54,12,24,204.68,8,,,,,,,,,,,,,,,,,,,,,,,,,,,,,,,,,,,,,,,,,,,,,,,,,,,,,,,,,,,,,,,,,,,,,,,,,,,,,,,,,,,,,,,,,,,,,,,,,,,,,,,,,,,,,,,,,,,,,,,,,,,,,,,,,,,,,,,,,,,,,,,,,,,,,,,,,,,,,,,,,,,,,,,,,,,,,,,,,,,,,,,,,,,,,,,,,,,,,,,,,,,,,,,,,,,,,,,,,,,,,,,,,,,,,,,,,,,,,,,,,,,,,,,,,,,,,,,,,,,,,,,,,,,
H07_RD14-0003-04d2b-0.25IP-Q0.9_004.20sec.fsa,TPOX,Y,5,216.74,7,OL,222.39,7,OL,227.17,71,8,228.72,16,OL,231.29,38,9,232.75,24,10,236.8,931,11,240.79,1153,OL,251.02,11,,,,,,,,,,,,,,,,,,,,,,,,,,,,,,,,,,,,,,,,,,,,,,,,,,,,,,,,,,,,,,,,,,,,,,,,,,,,,,,,,,,,,,,,,,,,,,,,,,,,,,,,,,,,,,,,,,,,,,,,,,,,,,,,,,,,,,,,,,,,,,,,,,,,,,,,,,,,,,,,,,,,,,,,,,,,,,,,,,,,,,,,,,,,,,,,,,,,,,,,,,,,,,,,,,,,,,,,,,,,,,,,,,,,,,,,,,,,,,,,,,,,,,,,,,,,,,,,,,,,,,,,,,,,,,,,,
H07_RD14-0003-04d2b-0.25IP-Q0.9_004.20sec.fsa,D18S51,Y,8,264.36,5,OL,267.59,12,10.2,275.32,107,OL,280,13,14,289.18,40,15,293.16,617,16,297.14,98,17,301.11,993,OL,328.89,29,OL,338.49,9,OL,341.37,9,OL,345.01,36,,,,,,,,,,,,,,,,,,,,,,,,,,,,,,,,,,,,,,,,,,,,,,,,,,,,,,,,,,,,,,,,,,,,,,,,,,,,,,,,,,,,,,,,,,,,,,,,,,,,,,,,,,,,,,,,,,,,,,,,,,,,,,,,,,,,,,,,,,,,,,,,,,,,,,,,,,,,,,,,,,,,,,,,,,,,,,,,,,,,,,,,,,,,,,,,,,,,,,,,,,,,,,,,,,,,,,,,,,,,,,,,,,,,,,,,,,,,,,,,,,,,,,,,,,,,,,,,,,,,,,,,
H07_RD14-0003-04d2b-0.25IP-Q0.9_004.20sec.fsa,AMEL,R,X,104.92,1042,OL,106.11,34,Y,110.85,1300,,,,,,,,,,,,,,,,,,,,,,,,,,,,,,,,,,,,,,,,,,,,,,,,,,,,,,,,,,,,,,,,,,,,,,,,,,,,,,,,,,,,,,,,,,,,,,,,,,,,,,,,,,,,,,,,,,,,,,,,,,,,,,,,,,,,,,,,,,,,,,,,,,,,,,,,,,,,,,,,,,,,,,,,,,,,,,,,,,,,,,,,,,,,,,,,,,,,,,,,,,,,,,,,,,,,,,,,,,,,,,,,,,,,,,,,,,,,,,,,,,,,,,,,,,,,,,,,,,,,,,,,,,,,,,,,,,,,,,,,,,,,,,,,,,,
H07_RD14-0003-04d2b-0.25IP-Q0.9_004.20sec.fsa,D5S818,R,OL,127.3,10,OL,138.87,10,OL,141.89,17,10,144.77,76,11,148.9,1536,12,152.97,1495,13,157.15,14,OL,177.92,12,,,,,,,,,,,,,,,,,,,,,,,,,,,,,,,,,,,,,,,,,,,,,,,,,,,,,,,,,,,,,,,,,,,,,,,,,,,,,,,,,,,,,,,,,,,,,,,,,,,,,,,,,,,,,,,,,,,,,,,,,,,,,,,,,,,,,,,,,,,,,,,,,,,,,,,,,,,,,,,,,,,,,,,,,,,,,,,,,,,,,,,,,,,,,,,,,,,,,,,,,,,,,,,,,,,,,,,,,,,,,,,,,,,,,,,,,,,,,,,,,,,,,,,,,,,,,,,,,,,,,,,,,,,,,,,,,,,,
H07_RD14-0003-04d2b-0.25IP-Q0.9_004.20sec.fsa,FGA,R,OL,209.29,10,16.2,210.46,15,17.2,214.68,5,19,220.85,55,20,225.03,931,21,229.06,827,23,237.41,12,23.2,239.22,12,OL,250.59,9,OL,272.42,9,OL,277.44,13,OL,278.23,11,OL,281.73,8,OL,288.57,3,OL,297.23,7,OL,330.42,2,OL,331.41,7,OL,343.28,11,OL,356.34,7,,,,,,,,,,,,,,,,,,,,,,,,,,,,,,,,,,,,,,,,,,,,,,,,,,,,,,,,,,,,,,,,,,,,,,,,,,,,,,,,,,,,,,,,,,,,,,,,,,,,,,,,,,,,,,,,,,,,,,,,,,,,,,,,,,,,,,,,,,,,,,,,,,,,,,,,,,,,,,,,,,,,,,,,,,,,,,,,,,,,,,,,,,,,,,,,,,,,,,,,,,,,,,,,,,,,,,,,,,,,,,,,,,,,,,,,,,,,,,,,,,,
H08_RD14-0003-04d2c-0.25IP-Q0.9_004.20sec.fsa,D8S1179,B,OL,112.3,5,OL,116.66,4,OL,118.84,10,OL,120,17,OL,123.33,5,OL,125.07,5,OL,131.48,6,11,133.83,7,12,137.91,98,13,142.04,1977,14,146.12,933,OL,155.8,3,OL,169.6,4,OL,172.58,5,OL,177.89,6,,,,,,,,,,,,,,,,,,,,,,,,,,,,,,,,,,,,,,,,,,,,,,,,,,,,,,,,,,,,,,,,,,,,,,,,,,,,,,,,,,,,,,,,,,,,,,,,,,,,,,,,,,,,,,,,,,,,,,,,,,,,,,,,,,,,,,,,,,,,,,,,,,,,,,,,,,,,,,,,,,,,,,,,,,,,,,,,,,,,,,,,,,,,,,,,,,,,,,,,,,,,,,,,,,,,,,,,,,,,,,,,,,,,,,,,,,,,,,,,,,,,,,,,,,,,,,,
H08_RD14-0003-04d2c-0.25IP-Q0.9_004.20sec.fsa,D21S11,B,23.2,179.93,6,OL,180.81,3,24,182.43,5,26,190.53,7,27,194.57,61,28,198.61,1218,29,202.66,96,29.2,204.39,8,30,206.62,1244,31,210.59,12,OL,214,9,33,218.52,4,OL,221.39,5,OL,223.8,5,34.2,224.75,7,35.2,228.92,4,36,230.38,3,36.2,232.58,5,OL,241.67,3,,,,,,,,,,,,,,,,,,,,,,,,,,,,,,,,,,,,,,,,,,,,,,,,,,,,,,,,,,,,,,,,,,,,,,,,,,,,,,,,,,,,,,,,,,,,,,,,,,,,,,,,,,,,,,,,,,,,,,,,,,,,,,,,,,,,,,,,,,,,,,,,,,,,,,,,,,,,,,,,,,,,,,,,,,,,,,,,,,,,,,,,,,,,,,,,,,,,,,,,,,,,,,,,,,,,,,,,,,,,,,,,,,,,,,,,,,,,,,,,,,,
H08_RD14-0003-04d2c-0.25IP-Q0.9_004.20sec.fsa,D7S820,B,OL,251.08,4,OL,256.45,3,OL,257.37,3,OL,259.86,3,8,262.05,47,9,266.1,1533,10,269.86,5,OL,278.96,4,OL,281.09,4,14,286.4,4,OL,292.27,4,,,,,,,,,,,,,,,,,,,,,,,,,,,,,,,,,,,,,,,,,,,,,,,,,,,,,,,,,,,,,,,,,,,,,,,,,,,,,,,,,,,,,,,,,,,,,,,,,,,,,,,,,,,,,,,,,,,,,,,,,,,,,,,,,,,,,,,,,,,,,,,,,,,,,,,,,,,,,,,,,,,,,,,,,,,,,,,,,,,,,,,,,,,,,,,,,,,,,,,,,,,,,,,,,,,,,,,,,,,,,,,,,,,,,,,,,,,,,,,,,,,,,,,,,,,,,,,,,,,,,,,,,,,
H08_RD14-0003-04d2c-0.25IP-Q0.9_004.20sec.fsa,CSF1PO,B,5,298.92,6,OL,300,8,OL,300.92,5,OL,301.77,9,6,302.92,5,OL,312.81,3,OL,313.93,7,OL,316.56,4,OL,317.42,3,10,318.59,10,11,322.65,108,12,326.71,1837,OL,328.8,7,13,330.82,11,OL,332.31,4,OL,335.5,5,OL,341.28,6,,,,,,,,,,,,,,,,,,,,,,,,,,,,,,,,,,,,,,,,,,,,,,,,,,,,,,,,,,,,,,,,,,,,,,,,,,,,,,,,,,,,,,,,,,,,,,,,,,,,,,,,,,,,,,,,,,,,,,,,,,,,,,,,,,,,,,,,,,,,,,,,,,,,,,,,,,,,,,,,,,,,,,,,,,,,,,,,,,,,,,,,,,,,,,,,,,,,,,,,,,,,,,,,,,,,,,,,,,,,,,,,,,,,,,,,,,,,,,,,,,,,,,,,,
H08_RD14-0003-04d2c-0.25IP-Q0.9_004.20sec.fsa,D3S1358,G,OL,99.57,4,OL,101.01,7,OL,104.04,8,13,114,36,14,118.23,139,15,122.15,1949,16,126.26,1950,OL,137.26,7,,,,,,,,,,,,,,,,,,,,,,,,,,,,,,,,,,,,,,,,,,,,,,,,,,,,,,,,,,,,,,,,,,,,,,,,,,,,,,,,,,,,,,,,,,,,,,,,,,,,,,,,,,,,,,,,,,,,,,,,,,,,,,,,,,,,,,,,,,,,,,,,,,,,,,,,,,,,,,,,,,,,,,,,,,,,,,,,,,,,,,,,,,,,,,,,,,,,,,,,,,,,,,,,,,,,,,,,,,,,,,,,,,,,,,,,,,,,,,,,,,,,,,,,,,,,,,,,,,,,,,,,,,,,,,,,,,,,
H08_RD14-0003-04d2c-0.25IP-Q0.9_004.20sec.fsa,TH01,G,4,160.65,4,OL,170.03,4,7,172.58,87,8,176.65,3896,OL,181.7,11,OL,196.04,4,,,,,,,,,,,,,,,,,,,,,,,,,,,,,,,,,,,,,,,,,,,,,,,,,,,,,,,,,,,,,,,,,,,,,,,,,,,,,,,,,,,,,,,,,,,,,,,,,,,,,,,,,,,,,,,,,,,,,,,,,,,,,,,,,,,,,,,,,,,,,,,,,,,,,,,,,,,,,,,,,,,,,,,,,,,,,,,,,,,,,,,,,,,,,,,,,,,,,,,,,,,,,,,,,,,,,,,,,,,,,,,,,,,,,,,,,,,,,,,,,,,,,,,,,,,,,,,,,,,,,,,,,,,,,,,,,,,,,,,,,,
H08_RD14-0003-04d2c-0.25IP-Q0.9_004.20sec.fsa,D13S317,G,OL,204.6,8,OL,210.67,5,8,214.81,6,OL,216.44,7,9,219.18,6,10,223.21,49,11,227.16,1234,12,231.19,1499,OL,246.19,4,,,,,,,,,,,,,,,,,,,,,,,,,,,,,,,,,,,,,,,,,,,,,,,,,,,,,,,,,,,,,,,,,,,,,,,,,,,,,,,,,,,,,,,,,,,,,,,,,,,,,,,,,,,,,,,,,,,,,,,,,,,,,,,,,,,,,,,,,,,,,,,,,,,,,,,,,,,,,,,,,,,,,,,,,,,,,,,,,,,,,,,,,,,,,,,,,,,,,,,,,,,,,,,,,,,,,,,,,,,,,,,,,,,,,,,,,,,,,,,,,,,,,,,,,,,,,,,,,,,,,,,,,,,,,,,,,
H08_RD14-0003-04d2c-0.25IP-Q0.9_004.20sec.fsa,D16S539,G,OL,261.54,6,10,271.19,189,OL,273.4,12,11,275.18,3397,12,279.26,18,15,291.18,7,,,,,,,,,,,,,,,,,,,,,,,,,,,,,,,,,,,,,,,,,,,,,,,,,,,,,,,,,,,,,,,,,,,,,,,,,,,,,,,,,,,,,,,,,,,,,,,,,,,,,,,,,,,,,,,,,,,,,,,,,,,,,,,,,,,,,,,,,,,,,,,,,,,,,,,,,,,,,,,,,,,,,,,,,,,,,,,,,,,,,,,,,,,,,,,,,,,,,,,,,,,,,,,,,,,,,,,,,,,,,,,,,,,,,,,,,,,,,,,,,,,,,,,,,,,,,,,,,,,,,,,,,,,,,,,,,,,,,,,,,,
H08_RD14-0003-04d2c-0.25IP-Q0.9_004.20sec.fsa,D2S1338,G,14,300.99,6,OL,306.29,4,OL,310.08,4,17,312.22,5,OL,315.71,8,19,320.83,13,OL,323.25,5,20,324.98,114,21,328.95,1365,23,337.13,10,24,341.05,133,25,345.04,1083,OL,349.7,7,OL,359.25,6,OL,360.22,7,29,361.41,5,OL,365.66,7,,,,,,,,,,,,,,,,,,,,,,,,,,,,,,,,,,,,,,,,,,,,,,,,,,,,,,,,,,,,,,,,,,,,,,,,,,,,,,,,,,,,,,,,,,,,,,,,,,,,,,,,,,,,,,,,,,,,,,,,,,,,,,,,,,,,,,,,,,,,,,,,,,,,,,,,,,,,,,,,,,,,,,,,,,,,,,,,,,,,,,,,,,,,,,,,,,,,,,,,,,,,,,,,,,,,,,,,,,,,,,,,,,,,,,,,,,,,,,,,,,,,,,,,,
H08_RD14-0003-04d2c-0.25IP-Q0.9_004.20sec.fsa,D19S433,Y,OL,97.8,9,OL,100.72,10,10.2,106.04,12,11,108.19,7,11.2,110.18,100,12.2,114.27,1745,14,120.07,118,14.2,122.22,41,15,124.09,1064,15.2,126.33,47,OL,136.61,10,,,,,,,,,,,,,,,,,,,,,,,,,,,,,,,,,,,,,,,,,,,,,,,,,,,,,,,,,,,,,,,,,,,,,,,,,,,,,,,,,,,,,,,,,,,,,,,,,,,,,,,,,,,,,,,,,,,,,,,,,,,,,,,,,,,,,,,,,,,,,,,,,,,,,,,,,,,,,,,,,,,,,,,,,,,,,,,,,,,,,,,,,,,,,,,,,,,,,,,,,,,,,,,,,,,,,,,,,,,,,,,,,,,,,,,,,,,,,,,,,,,,,,,,,,,,,,,,,,,,,,,,,,,
H08_RD14-0003-04d2c-0.25IP-Q0.9_004.20sec.fsa,vWA,Y,OL,154.7,12,OL,162.83,12,14,164.14,16,15,168.14,103,16,172.21,1673,OL,175.49,9,17,176.51,73,18,180.29,83,19,184.42,1058,20,188.18,14,20,188.69,7,OL,198.68,9,24,204.46,9,24,205.25,3,,,,,,,,,,,,,,,,,,,,,,,,,,,,,,,,,,,,,,,,,,,,,,,,,,,,,,,,,,,,,,,,,,,,,,,,,,,,,,,,,,,,,,,,,,,,,,,,,,,,,,,,,,,,,,,,,,,,,,,,,,,,,,,,,,,,,,,,,,,,,,,,,,,,,,,,,,,,,,,,,,,,,,,,,,,,,,,,,,,,,,,,,,,,,,,,,,,,,,,,,,,,,,,,,,,,,,,,,,,,,,,,,,,,,,,,,,,,,,,,,,,,,,,,,,,,,,,,,,
H08_RD14-0003-04d2c-0.25IP-Q0.9_004.20sec.fsa,TPOX,Y,OL,214.15,5,5,217.03,10,OL,227.09,32,OL,228.04,18,8,228.55,17,OL,231.04,29,9,232.58,22,10,236.62,727,11,240.68,1057,OL,254.73,7,,,,,,,,,,,,,,,,,,,,,,,,,,,,,,,,,,,,,,,,,,,,,,,,,,,,,,,,,,,,,,,,,,,,,,,,,,,,,,,,,,,,,,,,,,,,,,,,,,,,,,,,,,,,,,,,,,,,,,,,,,,,,,,,,,,,,,,,,,,,,,,,,,,,,,,,,,,,,,,,,,,,,,,,,,,,,,,,,,,,,,,,,,,,,,,,,,,,,,,,,,,,,,,,,,,,,,,,,,,,,,,,,,,,,,,,,,,,,,,,,,,,,,,,,,,,,,,,,,,,,,,,,,,,,,
H08_RD14-0003-04d2c-0.25IP-Q0.9_004.20sec.fsa,D18S51,Y,8,264.63,9,OL,265.29,6,9,269.34,4,10.2,275.18,57,OL,280,10,12.2,283.2,4,14,289.15,84,15,293.14,992,16,297.11,71,17,301.06,808,18,304.85,9,OL,306.08,7,OL,319.92,10,,,,,,,,,,,,,,,,,,,,,,,,,,,,,,,,,,,,,,,,,,,,,,,,,,,,,,,,,,,,,,,,,,,,,,,,,,,,,,,,,,,,,,,,,,,,,,,,,,,,,,,,,,,,,,,,,,,,,,,,,,,,,,,,,,,,,,,,,,,,,,,,,,,,,,,,,,,,,,,,,,,,,,,,,,,,,,,,,,,,,,,,,,,,,,,,,,,,,,,,,,,,,,,,,,,,,,,,,,,,,,,,,,,,,,,,,,,,,,,,,,,,,,,,,,,,,,,,,,,,,
H08_RD14-0003-04d2c-0.25IP-Q0.9_004.20sec.fsa,AMEL,R,X,104.97,1330,OL,106.26,46,Y,110.89,1855,,,,,,,,,,,,,,,,,,,,,,,,,,,,,,,,,,,,,,,,,,,,,,,,,,,,,,,,,,,,,,,,,,,,,,,,,,,,,,,,,,,,,,,,,,,,,,,,,,,,,,,,,,,,,,,,,,,,,,,,,,,,,,,,,,,,,,,,,,,,,,,,,,,,,,,,,,,,,,,,,,,,,,,,,,,,,,,,,,,,,,,,,,,,,,,,,,,,,,,,,,,,,,,,,,,,,,,,,,,,,,,,,,,,,,,,,,,,,,,,,,,,,,,,,,,,,,,,,,,,,,,,,,,,,,,,,,,,,,,,,,,,,,,,,,,
H08_RD14-0003-04d2c-0.25IP-Q0.9_004.20sec.fsa,D5S818,R,OL,127.31,10,OL,127.88,8,6,128.44,12,OL,133.61,9,OL,137.33,9,10,144.81,76,11,148.9,1428,12,153.01,1255,OL,162.18,11,OL,163.71,8,15,165.23,8,17,173.45,14,OL,174.98,10,OL,175.78,9,OL,178.25,16,,,,,,,,,,,,,,,,,,,,,,,,,,,,,,,,,,,,,,,,,,,,,,,,,,,,,,,,,,,,,,,,,,,,,,,,,,,,,,,,,,,,,,,,,,,,,,,,,,,,,,,,,,,,,,,,,,,,,,,,,,,,,,,,,,,,,,,,,,,,,,,,,,,,,,,,,,,,,,,,,,,,,,,,,,,,,,,,,,,,,,,,,,,,,,,,,,,,,,,,,,,,,,,,,,,,,,,,,,,,,,,,,,,,,,,,,,,,,,,,,,,,,,,,,,,,,,,
H08_RD14-0003-04d2c-0.25IP-Q0.9_004.20sec.fsa,FGA,R,18,216.74,10,19,220.88,76,20,225.04,1383,21,229.06,1070,23,237.21,20,OL,238.75,19,25,245.28,5,26.2,252.08,7,27,253.45,9,OL,278.89,13,OL,290.82,6,OL,291.69,4,OL,293.28,15,OL,317.58,5,OL,325.73,11,45.2,328.43,9,OL,330.67,7,OL,341.88,8,OL,354.14,10,OL,355.11,5,,,,,,,,,,,,,,,,,,,,,,,,,,,,,,,,,,,,,,,,,,,,,,,,,,,,,,,,,,,,,,,,,,,,,,,,,,,,,,,,,,,,,,,,,,,,,,,,,,,,,,,,,,,,,,,,,,,,,,,,,,,,,,,,,,,,,,,,,,,,,,,,,,,,,,,,,,,,,,,,,,,,,,,,,,,,,,,,,,,,,,,,,,,,,,,,,,,,,,,,,,,,,,,,,,,,,,,,,,,,,,,,,,,,,,,,,,,,,,,,
H09_RD14-0003-04d2d-0.5IP-Q1.4_004.20sec.fsa,D8S1179,B,OL,111.67,4,OL,112.32,6,OL,114.14,4,OL,118.15,5,OL,123.01,10,10,130.02,5,OL,131.7,12,11,133.89,7,OL,135.43,14,12,138.01,140,13,142.11,2714,14,146.26,2737,15,150.34,14,OL,160,5,OL,161.2,6,OL,177.98,5,,,,,,,,,,,,,,,,,,,,,,,,,,,,,,,,,,,,,,,,,,,,,,,,,,,,,,,,,,,,,,,,,,,,,,,,,,,,,,,,,,,,,,,,,,,,,,,,,,,,,,,,,,,,,,,,,,,,,,,,,,,,,,,,,,,,,,,,,,,,,,,,,,,,,,,,,,,,,,,,,,,,,,,,,,,,,,,,,,,,,,,,,,,,,,,,,,,,,,,,,,,,,,,,,,,,,,,,,,,,,,,,,,,,,,,,,,,,,,,,,,,,,,,,,,,,
H09_RD14-0003-04d2d-0.5IP-Q1.4_004.20sec.fsa,D21S11,B,23.2,179.85,6,27,194.61,71,27.2,196.43,8,28,198.63,1521,29,202.67,86,30,206.6,1080,31,210.63,8,31.2,212.58,2,OL,213.85,5,32.2,217,4,OL,222.12,5,34.2,225.14,6,35.2,228.85,7,OL,233.55,2,37,235.22,4,37.2,236.89,7,OL,240.08,6,,,,,,,,,,,,,,,,,,,,,,,,,,,,,,,,,,,,,,,,,,,,,,,,,,,,,,,,,,,,,,,,,,,,,,,,,,,,,,,,,,,,,,,,,,,,,,,,,,,,,,,,,,,,,,,,,,,,,,,,,,,,,,,,,,,,,,,,,,,,,,,,,,,,,,,,,,,,,,,,,,,,,,,,,,,,,,,,,,,,,,,,,,,,,,,,,,,,,,,,,,,,,,,,,,,,,,,,,,,,,,,,,,,,,,,,,,,,,,,,,,,,,,,,,
H09_RD14-0003-04d2d-0.5IP-Q1.4_004.20sec.fsa,D7S820,B,5,250,6,7,258.45,6,8,262.12,86,9,266.14,2499,10,270.09,7,OL,281.58,5,OL,283.68,3,,,,,,,,,,,,,,,,,,,,,,,,,,,,,,,,,,,,,,,,,,,,,,,,,,,,,,,,,,,,,,,,,,,,,,,,,,,,,,,,,,,,,,,,,,,,,,,,,,,,,,,,,,,,,,,,,,,,,,,,,,,,,,,,,,,,,,,,,,,,,,,,,,,,,,,,,,,,,,,,,,,,,,,,,,,,,,,,,,,,,,,,,,,,,,,,,,,,,,,,,,,,,,,,,,,,,,,,,,,,,,,,,,,,,,,,,,,,,,,,,,,,,,,,,,,,,,,,,,,,,,,,,,,,,,,,,,,,,,,
H09_RD14-0003-04d2d-0.5IP-Q1.4_004.20sec.fsa,CSF1PO,B,OL,300,7,7,306.32,6,8,310.17,5,OL,312.92,5,9,314.08,6,10,318.71,6,11,322.65,104,OL,324.52,3,12,326.78,1907,OL,329.1,13,13,330.72,16,OL,340,8,16,342.95,3,,,,,,,,,,,,,,,,,,,,,,,,,,,,,,,,,,,,,,,,,,,,,,,,,,,,,,,,,,,,,,,,,,,,,,,,,,,,,,,,,,,,,,,,,,,,,,,,,,,,,,,,,,,,,,,,,,,,,,,,,,,,,,,,,,,,,,,,,,,,,,,,,,,,,,,,,,,,,,,,,,,,,,,,,,,,,,,,,,,,,,,,,,,,,,,,,,,,,,,,,,,,,,,,,,,,,,,,,,,,,,,,,,,,,,,,,,,,,,,,,,,,,,,,,,,,,,,,,,,,,
H09_RD14-0003-04d2d-0.5IP-Q1.4_004.20sec.fsa,D3S1358,G,OL,98.4,3,OL,102.65,7,OL,104.12,5,11,106.62,5,OL,116.36,12,14,118.29,246,15,122.22,3510,16,126.4,3708,17,130.39,16,18,134.4,4,OL,135.36,9,20,142.79,8,OL,144.07,10,,,,,,,,,,,,,,,,,,,,,,,,,,,,,,,,,,,,,,,,,,,,,,,,,,,,,,,,,,,,,,,,,,,,,,,,,,,,,,,,,,,,,,,,,,,,,,,,,,,,,,,,,,,,,,,,,,,,,,,,,,,,,,,,,,,,,,,,,,,,,,,,,,,,,,,,,,,,,,,,,,,,,,,,,,,,,,,,,,,,,,,,,,,,,,,,,,,,,,,,,,,,,,,,,,,,,,,,,,,,,,,,,,,,,,,,,,,,,,,,,,,,,,,,,,,,,,,,,,,,,
H09_RD14-0003-04d2d-0.5IP-Q1.4_004.20sec.fsa,TH01,G,4,160.3,7,OL,163.07,14,OL,166.66,4,7,172.65,159,8,176.7,4903,OL,181.83,3,9.3,183.89,10,OL,190.43,5,13,196.43,4,OL,197.57,7,,,,,,,,,,,,,,,,,,,,,,,,,,,,,,,,,,,,,,,,,,,,,,,,,,,,,,,,,,,,,,,,,,,,,,,,,,,,,,,,,,,,,,,,,,,,,,,,,,,,,,,,,,,,,,,,,,,,,,,,,,,,,,,,,,,,,,,,,,,,,,,,,,,,,,,,,,,,,,,,,,,,,,,,,,,,,,,,,,,,,,,,,,,,,,,,,,,,,,,,,,,,,,,,,,,,,,,,,,,,,,,,,,,,,,,,,,,,,,,,,,,,,,,,,,,,,,,,,,,,,,,,,,,,,,
H09_RD14-0003-04d2d-0.5IP-Q1.4_004.20sec.fsa,D13S317,G,9,219.69,10,OL,220.76,5,10,223.25,86,11,227.26,2536,12,231.28,2333,13,235.37,28,,,,,,,,,,,,,,,,,,,,,,,,,,,,,,,,,,,,,,,,,,,,,,,,,,,,,,,,,,,,,,,,,,,,,,,,,,,,,,,,,,,,,,,,,,,,,,,,,,,,,,,,,,,,,,,,,,,,,,,,,,,,,,,,,,,,,,,,,,,,,,,,,,,,,,,,,,,,,,,,,,,,,,,,,,,,,,,,,,,,,,,,,,,,,,,,,,,,,,,,,,,,,,,,,,,,,,,,,,,,,,,,,,,,,,,,,,,,,,,,,,,,,,,,,,,,,,,,,,,,,,,,,,,,,,,,,,,,,,,,,,
H09_RD14-0003-04d2d-0.5IP-Q1.4_004.20sec.fsa,D16S539,G,5,251.34,7,OL,254.17,7,OL,257.49,9,OL,262.12,5,9,267.43,9,10,271.31,186,OL,273.36,21,11,275.27,3885,12,279.24,36,OL,281.88,7,15,291.55,6,OL,292.89,4,,,,,,,,,,,,,,,,,,,,,,,,,,,,,,,,,,,,,,,,,,,,,,,,,,,,,,,,,,,,,,,,,,,,,,,,,,,,,,,,,,,,,,,,,,,,,,,,,,,,,,,,,,,,,,,,,,,,,,,,,,,,,,,,,,,,,,,,,,,,,,,,,,,,,,,,,,,,,,,,,,,,,,,,,,,,,,,,,,,,,,,,,,,,,,,,,,,,,,,,,,,,,,,,,,,,,,,,,,,,,,,,,,,,,,,,,,,,,,,,,,,,,,,,,,,,,,,,,,,,,,,,
H09_RD14-0003-04d2d-0.5IP-Q1.4_004.20sec.fsa,D2S1338,G,14,300.81,8,OL,305.79,5,OL,307.45,7,OL,307.98,7,OL,311.93,6,OL,315.99,8,OL,319.44,7,19,320.78,12,20,324.99,156,21,329.02,1832,OL,331.18,3,OL,334.41,3,OL,336.25,11,23,337.02,9,24,341.09,146,25,345.12,1531,OL,354.42,5,OL,364.16,6,,,,,,,,,,,,,,,,,,,,,,,,,,,,,,,,,,,,,,,,,,,,,,,,,,,,,,,,,,,,,,,,,,,,,,,,,,,,,,,,,,,,,,,,,,,,,,,,,,,,,,,,,,,,,,,,,,,,,,,,,,,,,,,,,,,,,,,,,,,,,,,,,,,,,,,,,,,,,,,,,,,,,,,,,,,,,,,,,,,,,,,,,,,,,,,,,,,,,,,,,,,,,,,,,,,,,,,,,,,,,,,,,,,,,,,,,,,,,,,,,,,,,,
H09_RD14-0003-04d2d-0.5IP-Q1.4_004.20sec.fsa,D19S433,Y,9,100,11,9.2,101.84,6,10,103.98,11,11.2,110.21,167,12.2,114.21,2835,14,120.14,221,14.2,122.15,27,15,124.09,2645,18,135.72,8,18,136.31,8,18.2,137.56,12,OL,140.23,16,,,,,,,,,,,,,,,,,,,,,,,,,,,,,,,,,,,,,,,,,,,,,,,,,,,,,,,,,,,,,,,,,,,,,,,,,,,,,,,,,,,,,,,,,,,,,,,,,,,,,,,,,,,,,,,,,,,,,,,,,,,,,,,,,,,,,,,,,,,,,,,,,,,,,,,,,,,,,,,,,,,,,,,,,,,,,,,,,,,,,,,,,,,,,,,,,,,,,,,,,,,,,,,,,,,,,,,,,,,,,,,,,,,,,,,,,,,,,,,,,,,,,,,,,,,,,,,,,,,,,,,,
H09_RD14-0003-04d2d-0.5IP-Q1.4_004.20sec.fsa,vWA,Y,OL,152.77,13,OL,153.53,9,OL,154.36,9,15,168.16,90,16,172.21,1634,17,176.55,55,18,180.3,121,19,184.42,1470,21,192.18,13,OL,202.96,4,OL,205.93,8,,,,,,,,,,,,,,,,,,,,,,,,,,,,,,,,,,,,,,,,,,,,,,,,,,,,,,,,,,,,,,,,,,,,,,,,,,,,,,,,,,,,,,,,,,,,,,,,,,,,,,,,,,,,,,,,,,,,,,,,,,,,,,,,,,,,,,,,,,,,,,,,,,,,,,,,,,,,,,,,,,,,,,,,,,,,,,,,,,,,,,,,,,,,,,,,,,,,,,,,,,,,,,,,,,,,,,,,,,,,,,,,,,,,,,,,,,,,,,,,,,,,,,,,,,,,,,,,,,,,,,,,,,,
H09_RD14-0003-04d2d-0.5IP-Q1.4_004.20sec.fsa,TPOX,Y,OL,214,12,OL,219.07,9,OL,220.08,16,OL,221.74,11,OL,222.87,14,OL,227.19,43,9,232.72,49,10,236.74,1884,11,240.78,1181,OL,246.53,2,14,252.53,5,OL,255.87,5,,,,,,,,,,,,,,,,,,,,,,,,,,,,,,,,,,,,,,,,,,,,,,,,,,,,,,,,,,,,,,,,,,,,,,,,,,,,,,,,,,,,,,,,,,,,,,,,,,,,,,,,,,,,,,,,,,,,,,,,,,,,,,,,,,,,,,,,,,,,,,,,,,,,,,,,,,,,,,,,,,,,,,,,,,,,,,,,,,,,,,,,,,,,,,,,,,,,,,,,,,,,,,,,,,,,,,,,,,,,,,,,,,,,,,,,,,,,,,,,,,,,,,,,,,,,,,,,,,,,,,,,
H09_RD14-0003-04d2d-0.5IP-Q1.4_004.20sec.fsa,D18S51,Y,OL,261.59,6,8,264.77,8,11,276.56,12,OL,280.08,11,13,284.95,14,13.2,287.05,10,14,289.08,116,15,293.12,1416,16,297.08,117,17,301.11,1135,18,304.75,12,18,305.2,12,OL,308.43,8,OL,313.92,12,OL,315.83,10,OL,319.92,18,23.2,327.7,9,OL,328.87,18,OL,332.41,3,25,333.95,7,26,337.79,10,OL,338.47,9,OL,338.93,9,OL,340,17,OL,340.78,4,OL,343.8,5,,,,,,,,,,,,,,,,,,,,,,,,,,,,,,,,,,,,,,,,,,,,,,,,,,,,,,,,,,,,,,,,,,,,,,,,,,,,,,,,,,,,,,,,,,,,,,,,,,,,,,,,,,,,,,,,,,,,,,,,,,,,,,,,,,,,,,,,,,,,,,,,,,,,,,,,,,,,,,,,,,,,,,,,,,,,,,,,,,,,,,,,,,,,,,,,,,,,,,,,,,,,,,,,,,,,,,,,,,,,,,
H09_RD14-0003-04d2d-0.5IP-Q1.4_004.20sec.fsa,AMEL,R,X,104.93,2224,OL,106.25,61,Y,110.86,2404,,,,,,,,,,,,,,,,,,,,,,,,,,,,,,,,,,,,,,,,,,,,,,,,,,,,,,,,,,,,,,,,,,,,,,,,,,,,,,,,,,,,,,,,,,,,,,,,,,,,,,,,,,,,,,,,,,,,,,,,,,,,,,,,,,,,,,,,,,,,,,,,,,,,,,,,,,,,,,,,,,,,,,,,,,,,,,,,,,,,,,,,,,,,,,,,,,,,,,,,,,,,,,,,,,,,,,,,,,,,,,,,,,,,,,,,,,,,,,,,,,,,,,,,,,,,,,,,,,,,,,,,,,,,,,,,,,,,,,,,,,,,,,,,,,,
H09_RD14-0003-04d2d-0.5IP-Q1.4_004.20sec.fsa,D5S818,R,OL,127.77,10,OL,138.45,9,9,140.68,22,OL,142.41,14,10,144.82,79,11,148.9,1499,OL,151.18,11,12,153,1982,13,157.26,18,14,160.9,7,17,173.48,22,OL,175.8,16,,,,,,,,,,,,,,,,,,,,,,,,,,,,,,,,,,,,,,,,,,,,,,,,,,,,,,,,,,,,,,,,,,,,,,,,,,,,,,,,,,,,,,,,,,,,,,,,,,,,,,,,,,,,,,,,,,,,,,,,,,,,,,,,,,,,,,,,,,,,,,,,,,,,,,,,,,,,,,,,,,,,,,,,,,,,,,,,,,,,,,,,,,,,,,,,,,,,,,,,,,,,,,,,,,,,,,,,,,,,,,,,,,,,,,,,,,,,,,,,,,,,,,,,,,,,,,,,,,,,,,,,
H09_RD14-0003-04d2d-0.5IP-Q1.4_004.20sec.fsa,FGA,R,OL,210.03,7,17,212.5,16,17,213.18,17,19,220.98,89,20,225.07,1382,21,229.16,1871,OL,232.49,10,23.2,238.86,25,24,241.48,13,25,245.37,8,OL,248.07,6,OL,258.16,5,OL,258.97,7,29.2,263.56,13,OL,264.47,9,OL,268.72,6,31.2,271.84,8,OL,278.01,13,33.2,279.31,6,34.2,283.75,8,OL,287.5,7,OL,289.15,7,OL,300.81,13,OL,305.94,11,OL,315.04,11,OL,321.25,11,OL,322.11,5,OL,327.47,9,45.2,328.17,8,51.2,353.18,7,OL,353.95,8,,,,,,,,,,,,,,,,,,,,,,,,,,,,,,,,,,,,,,,,,,,,,,,,,,,,,,,,,,,,,,,,,,,,,,,,,,,,,,,,,,,,,,,,,,,,,,,,,,,,,,,,,,,,,,,,,,,,,,,,,,,,,,,,,,,,,,,,,,,,,,,,,,,,,,,,,,,,,,,,,,,,,,,,,,,,,,,,,,,,,,,,,,,,,,,,,,,,,,,,,,,,,,,
H10_RD14-0003-04d1e-0.5IP-Q1.1_004.20sec.fsa,D8S1179,B,OL,111.66,6,OL,115.72,3,OL,118.72,1,8,121.36,12,9,125.17,7,OL,131.84,8,11,133.89,6,OL,136.61,3,12,137.93,150,13,142.03,3026,14,146.18,2882,15,150.34,18,OL,155.88,3,OL,157.18,4,OL,160.07,6,OL,160.82,5,OL,172.02,5,OL,173.82,6,,,,,,,,,,,,,,,,,,,,,,,,,,,,,,,,,,,,,,,,,,,,,,,,,,,,,,,,,,,,,,,,,,,,,,,,,,,,,,,,,,,,,,,,,,,,,,,,,,,,,,,,,,,,,,,,,,,,,,,,,,,,,,,,,,,,,,,,,,,,,,,,,,,,,,,,,,,,,,,,,,,,,,,,,,,,,,,,,,,,,,,,,,,,,,,,,,,,,,,,,,,,,,,,,,,,,,,,,,,,,,,,,,,,,,,,,,,,,,,,,,,,,,
H10_RD14-0003-04d1e-0.5IP-Q1.1_004.20sec.fsa,D21S11,B,23.2,180,3,OL,186.99,3,26,190.44,9,OL,193.27,4,27,194.65,112,28,198.7,2016,29,202.66,158,30,206.67,1868,31,210.47,10,OL,213.92,7,OL,223.51,4,35,226.4,8,OL,230.21,6,36.2,232.41,7,OL,233.55,5,OL,239.85,5,,,,,,,,,,,,,,,,,,,,,,,,,,,,,,,,,,,,,,,,,,,,,,,,,,,,,,,,,,,,,,,,,,,,,,,,,,,,,,,,,,,,,,,,,,,,,,,,,,,,,,,,,,,,,,,,,,,,,,,,,,,,,,,,,,,,,,,,,,,,,,,,,,,,,,,,,,,,,,,,,,,,,,,,,,,,,,,,,,,,,,,,,,,,,,,,,,,,,,,,,,,,,,,,,,,,,,,,,,,,,,,,,,,,,,,,,,,,,,,,,,,,,,,,,,,,
H10_RD14-0003-04d1e-0.5IP-Q1.1_004.20sec.fsa,D7S820,B,OL,252.7,3,OL,258.96,5,8,262.13,117,9,266.17,3355,10,270.06,8,OL,275.25,10,OL,276.25,8,OL,279.85,5,OL,288.05,7,,,,,,,,,,,,,,,,,,,,,,,,,,,,,,,,,,,,,,,,,,,,,,,,,,,,,,,,,,,,,,,,,,,,,,,,,,,,,,,,,,,,,,,,,,,,,,,,,,,,,,,,,,,,,,,,,,,,,,,,,,,,,,,,,,,,,,,,,,,,,,,,,,,,,,,,,,,,,,,,,,,,,,,,,,,,,,,,,,,,,,,,,,,,,,,,,,,,,,,,,,,,,,,,,,,,,,,,,,,,,,,,,,,,,,,,,,,,,,,,,,,,,,,,,,,,,,,,,,,,,,,,,,,,,,,,,
H10_RD14-0003-04d1e-0.5IP-Q1.1_004.20sec.fsa,CSF1PO,B,OL,299.92,8,7,306.42,8,OL,307.55,8,10,318.7,9,11,322.74,188,12,326.79,3203,OL,328.81,10,13,330.82,20,OL,341.79,3,,,,,,,,,,,,,,,,,,,,,,,,,,,,,,,,,,,,,,,,,,,,,,,,,,,,,,,,,,,,,,,,,,,,,,,,,,,,,,,,,,,,,,,,,,,,,,,,,,,,,,,,,,,,,,,,,,,,,,,,,,,,,,,,,,,,,,,,,,,,,,,,,,,,,,,,,,,,,,,,,,,,,,,,,,,,,,,,,,,,,,,,,,,,,,,,,,,,,,,,,,,,,,,,,,,,,,,,,,,,,,,,,,,,,,,,,,,,,,,,,,,,,,,,,,,,,,,,,,,,,,,,,,,,,,,,,
H10_RD14-0003-04d1e-0.5IP-Q1.1_004.20sec.fsa,D3S1358,G,OL,101.78,6,OL,105.03,7,OL,108.86,8,13,114.57,25,14,118.29,270,15,122.22,3240,16,126.33,3954,17,130.24,21,OL,135.21,11,OL,140.38,9,,,,,,,,,,,,,,,,,,,,,,,,,,,,,,,,,,,,,,,,,,,,,,,,,,,,,,,,,,,,,,,,,,,,,,,,,,,,,,,,,,,,,,,,,,,,,,,,,,,,,,,,,,,,,,,,,,,,,,,,,,,,,,,,,,,,,,,,,,,,,,,,,,,,,,,,,,,,,,,,,,,,,,,,,,,,,,,,,,,,,,,,,,,,,,,,,,,,,,,,,,,,,,,,,,,,,,,,,,,,,,,,,,,,,,,,,,,,,,,,,,,,,,,,,,,,,,,,,,,,,,,,,,,,,,
H10_RD14-0003-04d1e-0.5IP-Q1.1_004.20sec.fsa,TH01,G,OL,154.74,6,OL,158.55,4,OL,159.62,5,OL,161.35,9,OL,162.78,20,OL,165.85,5,6,168.63,12,7,172.54,182,8,176.61,6041,OL,201.03,7,,,,,,,,,,,,,,,,,,,,,,,,,,,,,,,,,,,,,,,,,,,,,,,,,,,,,,,,,,,,,,,,,,,,,,,,,,,,,,,,,,,,,,,,,,,,,,,,,,,,,,,,,,,,,,,,,,,,,,,,,,,,,,,,,,,,,,,,,,,,,,,,,,,,,,,,,,,,,,,,,,,,,,,,,,,,,,,,,,,,,,,,,,,,,,,,,,,,,,,,,,,,,,,,,,,,,,,,,,,,,,,,,,,,,,,,,,,,,,,,,,,,,,,,,,,,,,,,,,,,,,,,,,,,,,
H10_RD14-0003-04d1e-0.5IP-Q1.1_004.20sec.fsa,D13S317,G,8,214.78,9,OL,216.64,8,9,219.3,9,10,223.28,128,11,227.24,2799,12,231.27,2456,13,235.3,9,14,239.62,6,,,,,,,,,,,,,,,,,,,,,,,,,,,,,,,,,,,,,,,,,,,,,,,,,,,,,,,,,,,,,,,,,,,,,,,,,,,,,,,,,,,,,,,,,,,,,,,,,,,,,,,,,,,,,,,,,,,,,,,,,,,,,,,,,,,,,,,,,,,,,,,,,,,,,,,,,,,,,,,,,,,,,,,,,,,,,,,,,,,,,,,,,,,,,,,,,,,,,,,,,,,,,,,,,,,,,,,,,,,,,,,,,,,,,,,,,,,,,,,,,,,,,,,,,,,,,,,,,,,,,,,,,,,,,,,,,,,,
H10_RD14-0003-04d1e-0.5IP-Q1.1_004.20sec.fsa,D16S539,G,9,267.16,16,10,271.28,249,OL,273.42,11,11,275.25,4900,12,279.23,23,12.2,280.83,4,OL,286.47,8,14,287.45,7,15,291.36,7,OL,292.04,6,OL,292.94,6,,,,,,,,,,,,,,,,,,,,,,,,,,,,,,,,,,,,,,,,,,,,,,,,,,,,,,,,,,,,,,,,,,,,,,,,,,,,,,,,,,,,,,,,,,,,,,,,,,,,,,,,,,,,,,,,,,,,,,,,,,,,,,,,,,,,,,,,,,,,,,,,,,,,,,,,,,,,,,,,,,,,,,,,,,,,,,,,,,,,,,,,,,,,,,,,,,,,,,,,,,,,,,,,,,,,,,,,,,,,,,,,,,,,,,,,,,,,,,,,,,,,,,,,,,,,,,,,,,,,,,,,,,,
H10_RD14-0003-04d1e-0.5IP-Q1.1_004.20sec.fsa,D2S1338,G,19,320.94,12,OL,321.65,10,OL,323.13,6,20,325.01,160,21,329.12,1730,OL,335.73,13,24,341.09,102,25,345.13,1079,OL,349.64,9,28,357.82,7,29,361.93,5,OL,364.87,6,,,,,,,,,,,,,,,,,,,,,,,,,,,,,,,,,,,,,,,,,,,,,,,,,,,,,,,,,,,,,,,,,,,,,,,,,,,,,,,,,,,,,,,,,,,,,,,,,,,,,,,,,,,,,,,,,,,,,,,,,,,,,,,,,,,,,,,,,,,,,,,,,,,,,,,,,,,,,,,,,,,,,,,,,,,,,,,,,,,,,,,,,,,,,,,,,,,,,,,,,,,,,,,,,,,,,,,,,,,,,,,,,,,,,,,,,,,,,,,,,,,,,,,,,,,,,,,,,,,,,,,,
H10_RD14-0003-04d1e-0.5IP-Q1.1_004.20sec.fsa,D19S433,Y,OL,97.01,5,9,99.93,11,10,103.7,17,10.2,105.99,20,11.2,110.19,177,12.2,114.29,3075,OL,115.29,54,13.2,118,8,14,120.14,245,14.2,122.29,41,15,124.09,3150,15.2,126.25,54,OL,132.57,6,OL,136.9,9,,,,,,,,,,,,,,,,,,,,,,,,,,,,,,,,,,,,,,,,,,,,,,,,,,,,,,,,,,,,,,,,,,,,,,,,,,,,,,,,,,,,,,,,,,,,,,,,,,,,,,,,,,,,,,,,,,,,,,,,,,,,,,,,,,,,,,,,,,,,,,,,,,,,,,,,,,,,,,,,,,,,,,,,,,,,,,,,,,,,,,,,,,,,,,,,,,,,,,,,,,,,,,,,,,,,,,,,,,,,,,,,,,,,,,,,,,,,,,,,,,,,,,,,,,,,,,,,,,
H10_RD14-0003-04d1e-0.5IP-Q1.1_004.20sec.fsa,vWA,Y,10,147.84,19,OL,148.75,26,11,151.7,7,OL,154.89,15,14,163.98,17,15,168.11,125,16,172.17,2270,17,176.46,89,18,180.23,206,19,184.38,2260,OL,200.07,11,24,205.18,7,,,,,,,,,,,,,,,,,,,,,,,,,,,,,,,,,,,,,,,,,,,,,,,,,,,,,,,,,,,,,,,,,,,,,,,,,,,,,,,,,,,,,,,,,,,,,,,,,,,,,,,,,,,,,,,,,,,,,,,,,,,,,,,,,,,,,,,,,,,,,,,,,,,,,,,,,,,,,,,,,,,,,,,,,,,,,,,,,,,,,,,,,,,,,,,,,,,,,,,,,,,,,,,,,,,,,,,,,,,,,,,,,,,,,,,,,,,,,,,,,,,,,,,,,,,,,,,,,,,,,,,,
H10_RD14-0003-04d1e-0.5IP-Q1.1_004.20sec.fsa,TPOX,Y,OL,213.92,12,OL,219.84,11,OL,221.6,8,OL,223.13,17,OL,227.16,61,9,232.64,89,10,236.74,2278,OL,238.79,5,11,240.78,2053,,,,,,,,,,,,,,,,,,,,,,,,,,,,,,,,,,,,,,,,,,,,,,,,,,,,,,,,,,,,,,,,,,,,,,,,,,,,,,,,,,,,,,,,,,,,,,,,,,,,,,,,,,,,,,,,,,,,,,,,,,,,,,,,,,,,,,,,,,,,,,,,,,,,,,,,,,,,,,,,,,,,,,,,,,,,,,,,,,,,,,,,,,,,,,,,,,,,,,,,,,,,,,,,,,,,,,,,,,,,,,,,,,,,,,,,,,,,,,,,,,,,,,,,,,,,,,,,,,,,,,,,,,,,,,,,,
H10_RD14-0003-04d1e-0.5IP-Q1.1_004.20sec.fsa,D18S51,Y,OL,264.03,11,8,264.72,8,OL,267.92,11,10.2,275.1,53,14,289.18,111,15,293.09,1464,16,297.15,145,17,301.03,1673,18,304.91,14,19.2,311.22,9,OL,320,9,22,321.88,8,24,329.58,17,OL,330.35,7,,,,,,,,,,,,,,,,,,,,,,,,,,,,,,,,,,,,,,,,,,,,,,,,,,,,,,,,,,,,,,,,,,,,,,,,,,,,,,,,,,,,,,,,,,,,,,,,,,,,,,,,,,,,,,,,,,,,,,,,,,,,,,,,,,,,,,,,,,,,,,,,,,,,,,,,,,,,,,,,,,,,,,,,,,,,,,,,,,,,,,,,,,,,,,,,,,,,,,,,,,,,,,,,,,,,,,,,,,,,,,,,,,,,,,,,,,,,,,,,,,,,,,,,,,,,,,,,,,
H10_RD14-0003-04d1e-0.5IP-Q1.1_004.20sec.fsa,AMEL,R,X,104.96,2733,Y,110.85,3190,,,,,,,,,,,,,,,,,,,,,,,,,,,,,,,,,,,,,,,,,,,,,,,,,,,,,,,,,,,,,,,,,,,,,,,,,,,,,,,,,,,,,,,,,,,,,,,,,,,,,,,,,,,,,,,,,,,,,,,,,,,,,,,,,,,,,,,,,,,,,,,,,,,,,,,,,,,,,,,,,,,,,,,,,,,,,,,,,,,,,,,,,,,,,,,,,,,,,,,,,,,,,,,,,,,,,,,,,,,,,,,,,,,,,,,,,,,,,,,,,,,,,,,,,,,,,,,,,,,,,,,,,,,,,,,,,,,,,,,,,,,,,,,,,,,,,,
H10_RD14-0003-04d1e-0.5IP-Q1.1_004.20sec.fsa,D5S818,R,OL,129.15,8,OL,131.33,8,7,132.14,8,10,144.74,123,11,148.9,2332,12,152.99,2667,13,157.02,21,OL,166.68,6,OL,167.43,6,OL,170.06,13,OL,174.73,19,OL,175.48,20,,,,,,,,,,,,,,,,,,,,,,,,,,,,,,,,,,,,,,,,,,,,,,,,,,,,,,,,,,,,,,,,,,,,,,,,,,,,,,,,,,,,,,,,,,,,,,,,,,,,,,,,,,,,,,,,,,,,,,,,,,,,,,,,,,,,,,,,,,,,,,,,,,,,,,,,,,,,,,,,,,,,,,,,,,,,,,,,,,,,,,,,,,,,,,,,,,,,,,,,,,,,,,,,,,,,,,,,,,,,,,,,,,,,,,,,,,,,,,,,,,,,,,,,,,,,,,,,,,,,,,,,
H10_RD14-0003-04d1e-0.5IP-Q1.1_004.20sec.fsa,FGA,R,OL,205.48,5,18.2,219.3,9,19,221.07,140,20,225.11,2221,21,229.22,2203,22,233.55,10,OL,237.95,37,23.2,239.01,34,OL,242.57,10,24.2,243.11,12,OL,254.64,5,28.2,259.48,6,30,265.63,4,OL,268.99,9,32,273.34,10,OL,277.4,14,OL,278.93,11,OL,285.95,7,OL,318.7,6,46.2,332.59,13,47.2,336.27,8,OL,342.64,11,,,,,,,,,,,,,,,,,,,,,,,,,,,,,,,,,,,,,,,,,,,,,,,,,,,,,,,,,,,,,,,,,,,,,,,,,,,,,,,,,,,,,,,,,,,,,,,,,,,,,,,,,,,,,,,,,,,,,,,,,,,,,,,,,,,,,,,,,,,,,,,,,,,,,,,,,,,,,,,,,,,,,,,,,,,,,,,,,,,,,,,,,,,,,,,,,,,,,,,,,,,,,,,,,,,,,,,,,,,,,,,,,,,,,,,,,,
H11_RD14-0003-04d3e-0.1IP-Q12_004.20sec.fsa,D8S1179,B,OL,112.61,5,OL,115,2,8,121.51,11,8,122.09,10,OL,122.67,11,OL,127.46,3,OL,128.84,3,OL,131.19,3,OL,132.29,6,11,133.69,4,13,142.04,53,14,146.2,157,15,150.23,29,OL,156.56,5,OL,159.62,6,OL,162.11,6,20,170.33,6,20,171.16,5,OL,177.28,9,,,,,,,,,,,,,,,,,,,,,,,,,,,,,,,,,,,,,,,,,,,,,,,,,,,,,,,,,,,,,,,,,,,,,,,,,,,,,,,,,,,,,,,,,,,,,,,,,,,,,,,,,,,,,,,,,,,,,,,,,,,,,,,,,,,,,,,,,,,,,,,,,,,,,,,,,,,,,,,,,,,,,,,,,,,,,,,,,,,,,,,,,,,,,,,,,,,,,,,,,,,,,,,,,,,,,,,,,,,,,,,,,,,,,,,,,,,,,,,,,,,
H11_RD14-0003-04d3e-0.1IP-Q12_004.20sec.fsa,D21S11,B,OL,180.92,4,24,182.07,4,26.2,192.27,5,OL,195.33,4,28,198.62,82,28.2,200.97,6,30,206.61,26,31.2,212.94,6,OL,219.92,4,OL,223.95,2,OL,228.07,4,OL,233.49,5,OL,237.7,5,OL,240.08,8,,,,,,,,,,,,,,,,,,,,,,,,,,,,,,,,,,,,,,,,,,,,,,,,,,,,,,,,,,,,,,,,,,,,,,,,,,,,,,,,,,,,,,,,,,,,,,,,,,,,,,,,,,,,,,,,,,,,,,,,,,,,,,,,,,,,,,,,,,,,,,,,,,,,,,,,,,,,,,,,,,,,,,,,,,,,,,,,,,,,,,,,,,,,,,,,,,,,,,,,,,,,,,,,,,,,,,,,,,,,,,,,,,,,,,,,,,,,,,,,,,,,,,,,,,,,,,,,,,
H11_RD14-0003-04d3e-0.1IP-Q12_004.20sec.fsa,D7S820,B,OL,255.96,6,OL,260.08,9,OL,261.22,6,OL,274.85,3,OL,275.85,5,OL,279.92,7,OL,281.06,3,14,286.22,5,OL,289.4,5,15,290.61,4,OL,291.98,3,,,,,,,,,,,,,,,,,,,,,,,,,,,,,,,,,,,,,,,,,,,,,,,,,,,,,,,,,,,,,,,,,,,,,,,,,,,,,,,,,,,,,,,,,,,,,,,,,,,,,,,,,,,,,,,,,,,,,,,,,,,,,,,,,,,,,,,,,,,,,,,,,,,,,,,,,,,,,,,,,,,,,,,,,,,,,,,,,,,,,,,,,,,,,,,,,,,,,,,,,,,,,,,,,,,,,,,,,,,,,,,,,,,,,,,,,,,,,,,,,,,,,,,,,,,,,,,,,,,,,,,,,,,
H11_RD14-0003-04d3e-0.1IP-Q12_004.20sec.fsa,CSF1PO,B,5,298.18,5,5,298.79,5,OL,308.52,7,8,310.52,7,OL,311.21,6,OL,316.18,6,14,335.15,4,OL,336.61,4,OL,343.53,5,,,,,,,,,,,,,,,,,,,,,,,,,,,,,,,,,,,,,,,,,,,,,,,,,,,,,,,,,,,,,,,,,,,,,,,,,,,,,,,,,,,,,,,,,,,,,,,,,,,,,,,,,,,,,,,,,,,,,,,,,,,,,,,,,,,,,,,,,,,,,,,,,,,,,,,,,,,,,,,,,,,,,,,,,,,,,,,,,,,,,,,,,,,,,,,,,,,,,,,,,,,,,,,,,,,,,,,,,,,,,,,,,,,,,,,,,,,,,,,,,,,,,,,,,,,,,,,,,,,,,,,,,,,,,,,,,
H11_RD14-0003-04d3e-0.1IP-Q12_004.20sec.fsa,D3S1358,G,OL,97.14,8,OL,108.57,10,OL,115.29,24,OL,115.86,25,14,118.22,19,15,122.23,213,15.2,124.48,5,16,126.22,75,18,134.06,12,18.2,136.58,4,OL,140.98,3,,,,,,,,,,,,,,,,,,,,,,,,,,,,,,,,,,,,,,,,,,,,,,,,,,,,,,,,,,,,,,,,,,,,,,,,,,,,,,,,,,,,,,,,,,,,,,,,,,,,,,,,,,,,,,,,,,,,,,,,,,,,,,,,,,,,,,,,,,,,,,,,,,,,,,,,,,,,,,,,,,,,,,,,,,,,,,,,,,,,,,,,,,,,,,,,,,,,,,,,,,,,,,,,,,,,,,,,,,,,,,,,,,,,,,,,,,,,,,,,,,,,,,,,,,,,,,,,,,,,,,,,,,,
H11_RD14-0003-04d3e-0.1IP-Q12_004.20sec.fsa,TH01,G,OL,155.56,5,OL,165.43,5,OL,169.27,3,8,176.67,86,OL,183.22,9,OL,185.6,4,,,,,,,,,,,,,,,,,,,,,,,,,,,,,,,,,,,,,,,,,,,,,,,,,,,,,,,,,,,,,,,,,,,,,,,,,,,,,,,,,,,,,,,,,,,,,,,,,,,,,,,,,,,,,,,,,,,,,,,,,,,,,,,,,,,,,,,,,,,,,,,,,,,,,,,,,,,,,,,,,,,,,,,,,,,,,,,,,,,,,,,,,,,,,,,,,,,,,,,,,,,,,,,,,,,,,,,,,,,,,,,,,,,,,,,,,,,,,,,,,,,,,,,,,,,,,,,,,,,,,,,,,,,,,,,,,,,,,,,,,,
H11_RD14-0003-04d3e-0.1IP-Q12_004.20sec.fsa,D13S317,G,OL,207.74,6,7,211.06,7,OL,213.62,6,OL,225.4,8,11,227.15,71,OL,229.21,8,14,239.46,6,OL,245.4,6,,,,,,,,,,,,,,,,,,,,,,,,,,,,,,,,,,,,,,,,,,,,,,,,,,,,,,,,,,,,,,,,,,,,,,,,,,,,,,,,,,,,,,,,,,,,,,,,,,,,,,,,,,,,,,,,,,,,,,,,,,,,,,,,,,,,,,,,,,,,,,,,,,,,,,,,,,,,,,,,,,,,,,,,,,,,,,,,,,,,,,,,,,,,,,,,,,,,,,,,,,,,,,,,,,,,,,,,,,,,,,,,,,,,,,,,,,,,,,,,,,,,,,,,,,,,,,,,,,,,,,,,,,,,,,,,,,,,
H11_RD14-0003-04d3e-0.1IP-Q12_004.20sec.fsa,D16S539,G,OL,254.15,5,OL,258.73,5,OL,272.24,8,OL,277.46,8,OL,280.23,10,13,283.03,6,15,291.37,9,OL,294.4,7,,,,,,,,,,,,,,,,,,,,,,,,,,,,,,,,,,,,,,,,,,,,,,,,,,,,,,,,,,,,,,,,,,,,,,,,,,,,,,,,,,,,,,,,,,,,,,,,,,,,,,,,,,,,,,,,,,,,,,,,,,,,,,,,,,,,,,,,,,,,,,,,,,,,,,,,,,,,,,,,,,,,,,,,,,,,,,,,,,,,,,,,,,,,,,,,,,,,,,,,,,,,,,,,,,,,,,,,,,,,,,,,,,,,,,,,,,,,,,,,,,,,,,,,,,,,,,,,,,,,,,,,,,,,,,,,,,,,
H11_RD14-0003-04d3e-0.1IP-Q12_004.20sec.fsa,D2S1338,G,OL,302.09,5,OL,303.36,6,OL,310.13,3,OL,311.52,8,OL,313.46,7,OL,321.66,3,OL,326.68,7,21,328.63,7,OL,329.95,6,OL,332.28,5,25,345.09,32,26,349.49,5,OL,352.47,6,OL,354.19,3,OL,364.44,6,,,,,,,,,,,,,,,,,,,,,,,,,,,,,,,,,,,,,,,,,,,,,,,,,,,,,,,,,,,,,,,,,,,,,,,,,,,,,,,,,,,,,,,,,,,,,,,,,,,,,,,,,,,,,,,,,,,,,,,,,,,,,,,,,,,,,,,,,,,,,,,,,,,,,,,,,,,,,,,,,,,,,,,,,,,,,,,,,,,,,,,,,,,,,,,,,,,,,,,,,,,,,,,,,,,,,,,,,,,,,,,,,,,,,,,,,,,,,,,,,,,,,,,,,,,,,,,
H11_RD14-0003-04d3e-0.1IP-Q12_004.20sec.fsa,D19S433,Y,9,100.07,12,OL,101.19,7,10,103.85,12,12.2,114.21,295,14,120.07,44,OL,121.58,12,15,124.04,403,OL,130.97,6,,,,,,,,,,,,,,,,,,,,,,,,,,,,,,,,,,,,,,,,,,,,,,,,,,,,,,,,,,,,,,,,,,,,,,,,,,,,,,,,,,,,,,,,,,,,,,,,,,,,,,,,,,,,,,,,,,,,,,,,,,,,,,,,,,,,,,,,,,,,,,,,,,,,,,,,,,,,,,,,,,,,,,,,,,,,,,,,,,,,,,,,,,,,,,,,,,,,,,,,,,,,,,,,,,,,,,,,,,,,,,,,,,,,,,,,,,,,,,,,,,,,,,,,,,,,,,,,,,,,,,,,,,,,,,,,,,,,
H11_RD14-0003-04d3e-0.1IP-Q12_004.20sec.fsa,vWA,Y,OL,151.29,9,11,152.13,6,OL,158.32,9,13,160,13,OL,164.82,12,15,167.99,13,16,172.22,101,18,180.08,14,19,184.37,144,OL,197.24,10,OL,199.01,6,OL,200,12,OL,206.53,12,OL,207.29,9,25,208.57,13,,,,,,,,,,,,,,,,,,,,,,,,,,,,,,,,,,,,,,,,,,,,,,,,,,,,,,,,,,,,,,,,,,,,,,,,,,,,,,,,,,,,,,,,,,,,,,,,,,,,,,,,,,,,,,,,,,,,,,,,,,,,,,,,,,,,,,,,,,,,,,,,,,,,,,,,,,,,,,,,,,,,,,,,,,,,,,,,,,,,,,,,,,,,,,,,,,,,,,,,,,,,,,,,,,,,,,,,,,,,,,,,,,,,,,,,,,,,,,,,,,,,,,,,,,,,,,,
H11_RD14-0003-04d3e-0.1IP-Q12_004.20sec.fsa,TPOX,Y,OL,220,12,OL,223.04,9,8,228.76,7,11,240.71,87,OL,248.29,5,OL,249.84,14,,,,,,,,,,,,,,,,,,,,,,,,,,,,,,,,,,,,,,,,,,,,,,,,,,,,,,,,,,,,,,,,,,,,,,,,,,,,,,,,,,,,,,,,,,,,,,,,,,,,,,,,,,,,,,,,,,,,,,,,,,,,,,,,,,,,,,,,,,,,,,,,,,,,,,,,,,,,,,,,,,,,,,,,,,,,,,,,,,,,,,,,,,,,,,,,,,,,,,,,,,,,,,,,,,,,,,,,,,,,,,,,,,,,,,,,,,,,,,,,,,,,,,,,,,,,,,,,,,,,,,,,,,,,,,,,,,,,,,,,,,
H11_RD14-0003-04d3e-0.1IP-Q12_004.20sec.fsa,D18S51,Y,OL,265.66,11,OL,271.94,10,OL,276.39,9,11.2,278.77,6,OL,279.92,13,15,293.04,40,OL,294.17,7,19.2,310.59,11,OL,313.92,11,23.2,328.08,9,OL,339.92,10,,,,,,,,,,,,,,,,,,,,,,,,,,,,,,,,,,,,,,,,,,,,,,,,,,,,,,,,,,,,,,,,,,,,,,,,,,,,,,,,,,,,,,,,,,,,,,,,,,,,,,,,,,,,,,,,,,,,,,,,,,,,,,,,,,,,,,,,,,,,,,,,,,,,,,,,,,,,,,,,,,,,,,,,,,,,,,,,,,,,,,,,,,,,,,,,,,,,,,,,,,,,,,,,,,,,,,,,,,,,,,,,,,,,,,,,,,,,,,,,,,,,,,,,,,,,,,,,,,,,,,,,,,,
H11_RD14-0003-04d3e-0.1IP-Q12_004.20sec.fsa,AMEL,R,X,104.96,245,OL,107.99,8,Y,110.85,291,,,,,,,,,,,,,,,,,,,,,,,,,,,,,,,,,,,,,,,,,,,,,,,,,,,,,,,,,,,,,,,,,,,,,,,,,,,,,,,,,,,,,,,,,,,,,,,,,,,,,,,,,,,,,,,,,,,,,,,,,,,,,,,,,,,,,,,,,,,,,,,,,,,,,,,,,,,,,,,,,,,,,,,,,,,,,,,,,,,,,,,,,,,,,,,,,,,,,,,,,,,,,,,,,,,,,,,,,,,,,,,,,,,,,,,,,,,,,,,,,,,,,,,,,,,,,,,,,,,,,,,,,,,,,,,,,,,,,,,,,,,,,,,,,,,
H11_RD14-0003-04d3e-0.1IP-Q12_004.20sec.fsa,D5S818,R,OL,129.57,11,OL,131.26,7,OL,137.76,6,OL,142.04,6,11,148.86,169,12,153.05,40,OL,174.56,8,,,,,,,,,,,,,,,,,,,,,,,,,,,,,,,,,,,,,,,,,,,,,,,,,,,,,,,,,,,,,,,,,,,,,,,,,,,,,,,,,,,,,,,,,,,,,,,,,,,,,,,,,,,,,,,,,,,,,,,,,,,,,,,,,,,,,,,,,,,,,,,,,,,,,,,,,,,,,,,,,,,,,,,,,,,,,,,,,,,,,,,,,,,,,,,,,,,,,,,,,,,,,,,,,,,,,,,,,,,,,,,,,,,,,,,,,,,,,,,,,,,,,,,,,,,,,,,,,,,,,,,,,,,,,,,,,,,,,,,
H11_RD14-0003-04d3e-0.1IP-Q12_004.20sec.fsa,FGA,R,17,212.79,11,20,224.94,49,20.2,227.23,8,21,229.21,46,OL,234.1,4,24,241.41,9,24.2,243.22,9,25,245.4,9,OL,248.06,10,OL,248.76,11,OL,279,7,OL,283.11,13,OL,291.67,8,OL,294.55,9,OL,304.42,11,OL,309.29,5,OL,317.56,10,OL,321.34,11,OL,326.75,11,,,,,,,,,,,,,,,,,,,,,,,,,,,,,,,,,,,,,,,,,,,,,,,,,,,,,,,,,,,,,,,,,,,,,,,,,,,,,,,,,,,,,,,,,,,,,,,,,,,,,,,,,,,,,,,,,,,,,,,,,,,,,,,,,,,,,,,,,,,,,,,,,,,,,,,,,,,,,,,,,,,,,,,,,,,,,,,,,,,,,,,,,,,,,,,,,,,,,,,,,,,,,,,,,,,,,,,,,,,,,,,,,,,,,,,,,,,,,,,,,,,
