Sample File,Marker,Dye,Allele 1,Size 1,Height 1,Allele 2,Size 2,Height 2,Allele 3,Size 3,Height 3,Allele 4,Size 4,Height 4,Allele 5,Size 5,Height 5,Allele 6,Size 6,Height 6,Allele 7,Size 7,Height 7,Allele 8,Size 8,Height 8,Allele 9,Size 9,Height 9,Allele 10,Size 10,Height 10,Allele 11,Size 11,Height 11,Allele 12,Size 12,Height 12,Allele 13,Size 13,Height 13,Allele 14,Size 14,Height 14,Allele 15,Size 15,Height 15,Allele 16,Size 16,Height 16,Allele 17,Size 17,Height 17,Allele 18,Size 18,Height 18,Allele 19,Size 19,Height 19,Allele 20,Size 20,Height 20,Allele 21,Size 21,Height 21,Allele 22,Size 22,Height 22,Allele 23,Size 23,Height 23,Allele 24,Size 24,Height 24,Allele 25,Size 25,Height 25,Allele 26,Size 26,Height 26,Allele 27,Size 27,Height 27,Allele 28,Size 28,Height 28,Allele 29,Size 29,Height 29,Allele 30,Size 30,Height 30,Allele 31,Size 31,Height 31,Allele 32,Size 32,Height 32,Allele 33,Size 33,Height 33,Allele 34,Size 34,Height 34,Allele 35,Size 35,Height 35,Allele 36,Size 36,Height 36,Allele 37,Size 37,Height 37,Allele 38,Size 38,Height 38,Allele 39,Size 39,Height 39,Allele 40,Size 40,Height 40,Allele 41,Size 41,Height 41,Allele 42,Size 42,Height 42,Allele 43,Size 43,Height 43,Allele 44,Size 44,Height 44,Allele 45,Size 45,Height 45,Allele 46,Size 46,Height 46,Allele 47,Size 47,Height 47,Allele 48,Size 48,Height 48,Allele 49,Size 49,Height 49,Allele 50,Size 50,Height 50,Allele 51,Size 51,Height 51,Allele 52,Size 52,Height 52,Allele 53,Size 53,Height 53,Allele 54,Size 54,Height 54,Allele 55,Size 55,Height 55,Allele 56,Size 56,Height 56,Allele 57,Size 57,Height 57,Allele 58,Size 58,Height 58,Allele 59,Size 59,Height 59,Allele 60,Size 60,Height 60,Allele 61,Size 61,Height 61,Allele 62,Size 62,Height 62,Allele 63,Size 63,Height 63,Allele 64,Size 64,Height 64,Allele 65,Size 65,Height 65,Allele 66,Size 66,Height 66,Allele 67,Size 67,Height 67,Allele 68,Size 68,Height 68,Allele 69,Size 69,Height 69,Allele 70,Size 70,Height 70,Allele 71,Size 71,Height 71,Allele 72,Size 72,Height 72,Allele 73,Size 73,Height 73,Allele 74,Size 74,Height 74,Allele 75,Size 75,Height 75,Allele 76,Size 76,Height 76,Allele 77,Size 77,Height 77,Allele 78,Size 78,Height 78,Allele 79,Size 79,Height 79,Allele 80,Size 80,Height 80,Allele 81,Size 81,Height 81,Allele 82,Size 82,Height 82,Allele 83,Size 83,Height 83,Allele 84,Size 84,Height 84,Allele 85,Size 85,Height 85,Allele 86,Size 86,Height 86,Allele 87,Size 87,Height 87,Allele 88,Size 88,Height 88,Allele 89,Size 89,Height 89,Allele 90,Size 90,Height 90,Allele 91,Size 91,Height 91,Allele 92,Size 92,Height 92,Allele 93,Size 93,Height 93,Allele 94,Size 94,Height 94,Allele 95,Size 95,Height 95,Allele 96,Size 96,Height 96,Allele 97,Size 97,Height 97,Allele 98,Size 98,Height 98,Allele 99,Size 99,Height 99,Allele 100,Size 100,Height 100
A05_RD14-0003-46_47_48-1;1;1-M3U15-0.093IP-Q0.7_001.10sec.fsa,D8S1179,B,OL,116.1,3,OL,128.39,3,10,129.43,10,11,133.55,160,12,137.71,23,13,141.86,452,14,145.98,244,OL,160.85,4,OL,167.35,6,OL,177.2,4,,,,,,,,,,,,,,,,,,,,,,,,,,,,,,,,,,,,,,,,,,,,,,,,,,,,,,,,,,,,,,,,,,,,,,,,,,,,,,,,,,,,,,,,,,,,,,,,,,,,,,,,,,,,,,,,,,,,,,,,,,,,,,,,,,,,,,,,,,,,,,,,,,,,,,,,,,,,,,,,,,,,,,,,,,,,,,,,,,,,,,,,,,,,,,,,,,,,,,,,,,,,,,,,,,,,,,,,,,,,,,,,,,,,,,,,,,,,,,,,,,,,,,,,,,,,,,,,,,,,,,,,,,,,,,
A05_RD14-0003-46_47_48-1;1;1-M3U15-0.093IP-Q0.7_001.10sec.fsa,D21S11,B,23.2,179.84,3,OL,189.33,5,26,190.28,12,27,194.47,151,28,198.66,8,29,202.54,47,30,206.57,121,31,210.47,90,31.2,212.51,159,32.2,216.59,128,33,219.19,3,OL,226.19,3,OL,228.1,6,,,,,,,,,,,,,,,,,,,,,,,,,,,,,,,,,,,,,,,,,,,,,,,,,,,,,,,,,,,,,,,,,,,,,,,,,,,,,,,,,,,,,,,,,,,,,,,,,,,,,,,,,,,,,,,,,,,,,,,,,,,,,,,,,,,,,,,,,,,,,,,,,,,,,,,,,,,,,,,,,,,,,,,,,,,,,,,,,,,,,,,,,,,,,,,,,,,,,,,,,,,,,,,,,,,,,,,,,,,,,,,,,,,,,,,,,,,,,,,,,,,,,,,,,,,,,,,,,,,,,
A05_RD14-0003-46_47_48-1;1;1-M3U15-0.093IP-Q0.7_001.10sec.fsa,D7S820,B,OL,255.32,5,OL,256.5,3,8,261.92,100,9,265.94,79,10,269.96,35,OL,273.52,2,12,277.97,17,OL,284.38,4,OL,284.78,3,OL,293.55,4,,,,,,,,,,,,,,,,,,,,,,,,,,,,,,,,,,,,,,,,,,,,,,,,,,,,,,,,,,,,,,,,,,,,,,,,,,,,,,,,,,,,,,,,,,,,,,,,,,,,,,,,,,,,,,,,,,,,,,,,,,,,,,,,,,,,,,,,,,,,,,,,,,,,,,,,,,,,,,,,,,,,,,,,,,,,,,,,,,,,,,,,,,,,,,,,,,,,,,,,,,,,,,,,,,,,,,,,,,,,,,,,,,,,,,,,,,,,,,,,,,,,,,,,,,,,,,,,,,,,,,,,,,,,,,
A05_RD14-0003-46_47_48-1;1;1-M3U15-0.093IP-Q0.7_001.10sec.fsa,CSF1PO,B,OL,299.92,6,OL,312.68,6,9,314.6,14,10,318.62,327,11,322.75,72,12,326.83,213,OL,343.67,3,,,,,,,,,,,,,,,,,,,,,,,,,,,,,,,,,,,,,,,,,,,,,,,,,,,,,,,,,,,,,,,,,,,,,,,,,,,,,,,,,,,,,,,,,,,,,,,,,,,,,,,,,,,,,,,,,,,,,,,,,,,,,,,,,,,,,,,,,,,,,,,,,,,,,,,,,,,,,,,,,,,,,,,,,,,,,,,,,,,,,,,,,,,,,,,,,,,,,,,,,,,,,,,,,,,,,,,,,,,,,,,,,,,,,,,,,,,,,,,,,,,,,,,,,,,,,,,,,,,,,,,,,,,,,,,,,,,,,,,
A05_RD14-0003-46_47_48-1;1;1-M3U15-0.093IP-Q0.7_001.10sec.fsa,D3S1358,G,OL,100.76,4,13,114.29,28,OL,115.88,8,14,118.34,561,15,122.19,540,16,126.17,5,18,134.38,48,18.2,136.2,5,19,138.78,4,,,,,,,,,,,,,,,,,,,,,,,,,,,,,,,,,,,,,,,,,,,,,,,,,,,,,,,,,,,,,,,,,,,,,,,,,,,,,,,,,,,,,,,,,,,,,,,,,,,,,,,,,,,,,,,,,,,,,,,,,,,,,,,,,,,,,,,,,,,,,,,,,,,,,,,,,,,,,,,,,,,,,,,,,,,,,,,,,,,,,,,,,,,,,,,,,,,,,,,,,,,,,,,,,,,,,,,,,,,,,,,,,,,,,,,,,,,,,,,,,,,,,,,,,,,,,,,,,,,,,,,,,,,,,,,,,
A05_RD14-0003-46_47_48-1;1;1-M3U15-0.093IP-Q0.7_001.10sec.fsa,TH01,G,5,164.33,15,5.3,167.12,5,6,168.51,482,7,172.54,488,8,176.5,18,9,180.63,552,OL,200.69,6,,,,,,,,,,,,,,,,,,,,,,,,,,,,,,,,,,,,,,,,,,,,,,,,,,,,,,,,,,,,,,,,,,,,,,,,,,,,,,,,,,,,,,,,,,,,,,,,,,,,,,,,,,,,,,,,,,,,,,,,,,,,,,,,,,,,,,,,,,,,,,,,,,,,,,,,,,,,,,,,,,,,,,,,,,,,,,,,,,,,,,,,,,,,,,,,,,,,,,,,,,,,,,,,,,,,,,,,,,,,,,,,,,,,,,,,,,,,,,,,,,,,,,,,,,,,,,,,,,,,,,,,,,,,,,,,,,,,,,,
A05_RD14-0003-46_47_48-1;1;1-M3U15-0.093IP-Q0.7_001.10sec.fsa,D13S317,G,OL,208.36,3,OL,216.35,4,10,223.18,11,11,227.3,166,12,231.27,750,OL,236.67,9,OL,237.38,9,OL,242.12,9,16,247.33,9,,,,,,,,,,,,,,,,,,,,,,,,,,,,,,,,,,,,,,,,,,,,,,,,,,,,,,,,,,,,,,,,,,,,,,,,,,,,,,,,,,,,,,,,,,,,,,,,,,,,,,,,,,,,,,,,,,,,,,,,,,,,,,,,,,,,,,,,,,,,,,,,,,,,,,,,,,,,,,,,,,,,,,,,,,,,,,,,,,,,,,,,,,,,,,,,,,,,,,,,,,,,,,,,,,,,,,,,,,,,,,,,,,,,,,,,,,,,,,,,,,,,,,,,,,,,,,,,,,,,,,,,,,,,,,,,,
A05_RD14-0003-46_47_48-1;1;1-M3U15-0.093IP-Q0.7_001.10sec.fsa,D16S539,G,OL,257.98,4,9,267.22,183,OL,270.61,6,10,271.33,7,11,275.3,94,12,279.19,498,14,287.33,4,,,,,,,,,,,,,,,,,,,,,,,,,,,,,,,,,,,,,,,,,,,,,,,,,,,,,,,,,,,,,,,,,,,,,,,,,,,,,,,,,,,,,,,,,,,,,,,,,,,,,,,,,,,,,,,,,,,,,,,,,,,,,,,,,,,,,,,,,,,,,,,,,,,,,,,,,,,,,,,,,,,,,,,,,,,,,,,,,,,,,,,,,,,,,,,,,,,,,,,,,,,,,,,,,,,,,,,,,,,,,,,,,,,,,,,,,,,,,,,,,,,,,,,,,,,,,,,,,,,,,,,,,,,,,,,,,,,,,,,
A05_RD14-0003-46_47_48-1;1;1-M3U15-0.093IP-Q0.7_001.10sec.fsa,D2S1338,G,16,308.77,7,17,312.68,105,19,320.75,9,OL,324.09,5,OL,326.58,2,OL,327.66,7,OL,330.72,5,22,333.02,10,23,337.13,101,24,341.08,142,OL,342.75,4,25,345.09,76,28,357.15,6,,,,,,,,,,,,,,,,,,,,,,,,,,,,,,,,,,,,,,,,,,,,,,,,,,,,,,,,,,,,,,,,,,,,,,,,,,,,,,,,,,,,,,,,,,,,,,,,,,,,,,,,,,,,,,,,,,,,,,,,,,,,,,,,,,,,,,,,,,,,,,,,,,,,,,,,,,,,,,,,,,,,,,,,,,,,,,,,,,,,,,,,,,,,,,,,,,,,,,,,,,,,,,,,,,,,,,,,,,,,,,,,,,,,,,,,,,,,,,,,,,,,,,,,,,,,,,,,,,,,,
A05_RD14-0003-46_47_48-1;1;1-M3U15-0.093IP-Q0.7_001.10sec.fsa,D19S433,Y,OL,98.96,6,9,99.78,10,OL,101.14,8,10,103.87,88,11,108.24,8,12,112.13,16,12.2,113.7,8,13,116.17,233,14,120.07,102,14.2,122.05,59,15,123.95,50,18,135.51,10,,,,,,,,,,,,,,,,,,,,,,,,,,,,,,,,,,,,,,,,,,,,,,,,,,,,,,,,,,,,,,,,,,,,,,,,,,,,,,,,,,,,,,,,,,,,,,,,,,,,,,,,,,,,,,,,,,,,,,,,,,,,,,,,,,,,,,,,,,,,,,,,,,,,,,,,,,,,,,,,,,,,,,,,,,,,,,,,,,,,,,,,,,,,,,,,,,,,,,,,,,,,,,,,,,,,,,,,,,,,,,,,,,,,,,,,,,,,,,,,,,,,,,,,,,,,,,,,,,,,,,,,
A05_RD14-0003-46_47_48-1;1;1-M3U15-0.093IP-Q0.7_001.10sec.fsa,vWA,Y,OL,146.99,6,10,147.85,9,OL,150.58,10,15,168.13,49,16,172.16,625,17,176.11,51,18,180.24,238,OL,202.23,3,,,,,,,,,,,,,,,,,,,,,,,,,,,,,,,,,,,,,,,,,,,,,,,,,,,,,,,,,,,,,,,,,,,,,,,,,,,,,,,,,,,,,,,,,,,,,,,,,,,,,,,,,,,,,,,,,,,,,,,,,,,,,,,,,,,,,,,,,,,,,,,,,,,,,,,,,,,,,,,,,,,,,,,,,,,,,,,,,,,,,,,,,,,,,,,,,,,,,,,,,,,,,,,,,,,,,,,,,,,,,,,,,,,,,,,,,,,,,,,,,,,,,,,,,,,,,,,,,,,,,,,,,,,,,,,,,,,,
A05_RD14-0003-46_47_48-1;1;1-M3U15-0.093IP-Q0.7_001.10sec.fsa,TPOX,Y,OL,214.48,11,OL,221.59,6,OL,223.02,4,7,224.6,12,8,228.73,424,9,232.78,130,10,236.75,54,OL,248.06,7,OL,250.78,11,OL,254.23,8,,,,,,,,,,,,,,,,,,,,,,,,,,,,,,,,,,,,,,,,,,,,,,,,,,,,,,,,,,,,,,,,,,,,,,,,,,,,,,,,,,,,,,,,,,,,,,,,,,,,,,,,,,,,,,,,,,,,,,,,,,,,,,,,,,,,,,,,,,,,,,,,,,,,,,,,,,,,,,,,,,,,,,,,,,,,,,,,,,,,,,,,,,,,,,,,,,,,,,,,,,,,,,,,,,,,,,,,,,,,,,,,,,,,,,,,,,,,,,,,,,,,,,,,,,,,,,,,,,,,,,,,,,,,,,
A05_RD14-0003-46_47_48-1;1;1-M3U15-0.093IP-Q0.7_001.10sec.fsa,D18S51,Y,7,260.4,7,OL,264.01,8,OL,267.55,7,11.2,279.03,16,OL,280.48,14,12,281.28,12,12.2,282.55,8,13,285.02,79,14,288.85,15,OL,290.44,6,15,292.99,76,17,301.02,21,18,304.83,19,OL,309.91,4,20,312.93,9,OL,314.26,8,20.2,314.85,9,22,321.67,8,OL,324.5,7,OL,330.96,7,,,,,,,,,,,,,,,,,,,,,,,,,,,,,,,,,,,,,,,,,,,,,,,,,,,,,,,,,,,,,,,,,,,,,,,,,,,,,,,,,,,,,,,,,,,,,,,,,,,,,,,,,,,,,,,,,,,,,,,,,,,,,,,,,,,,,,,,,,,,,,,,,,,,,,,,,,,,,,,,,,,,,,,,,,,,,,,,,,,,,,,,,,,,,,,,,,,,,,,,,,,,,,,,,,,,,,,,,,,,,,,,,,,,,,,,,,,,,,,,
A05_RD14-0003-46_47_48-1;1;1-M3U15-0.093IP-Q0.7_001.10sec.fsa,AMEL,R,X,104.92,338,Y,110.86,339,,,,,,,,,,,,,,,,,,,,,,,,,,,,,,,,,,,,,,,,,,,,,,,,,,,,,,,,,,,,,,,,,,,,,,,,,,,,,,,,,,,,,,,,,,,,,,,,,,,,,,,,,,,,,,,,,,,,,,,,,,,,,,,,,,,,,,,,,,,,,,,,,,,,,,,,,,,,,,,,,,,,,,,,,,,,,,,,,,,,,,,,,,,,,,,,,,,,,,,,,,,,,,,,,,,,,,,,,,,,,,,,,,,,,,,,,,,,,,,,,,,,,,,,,,,,,,,,,,,,,,,,,,,,,,,,,,,,,,,,,,,,,,,,,,,,,,
A05_RD14-0003-46_47_48-1;1;1-M3U15-0.093IP-Q0.7_001.10sec.fsa,D5S818,R,OL,141.94,10,OL,143.72,2,10,144.5,18,11,148.78,227,12,152.93,281,13,157.01,97,14,161.24,92,16,169.6,13,,,,,,,,,,,,,,,,,,,,,,,,,,,,,,,,,,,,,,,,,,,,,,,,,,,,,,,,,,,,,,,,,,,,,,,,,,,,,,,,,,,,,,,,,,,,,,,,,,,,,,,,,,,,,,,,,,,,,,,,,,,,,,,,,,,,,,,,,,,,,,,,,,,,,,,,,,,,,,,,,,,,,,,,,,,,,,,,,,,,,,,,,,,,,,,,,,,,,,,,,,,,,,,,,,,,,,,,,,,,,,,,,,,,,,,,,,,,,,,,,,,,,,,,,,,,,,,,,,,,,,,,,,,,,,,,,,,,
A05_RD14-0003-46_47_48-1;1;1-M3U15-0.093IP-Q0.7_001.10sec.fsa,FGA,R,OL,204.71,5,17.2,215.13,4,OL,216.1,2,19,220.95,31,OL,226.35,10,22,233.18,46,25,245.46,43,26,249.6,44,26.2,251.26,7,27,253.45,33,27.2,255.79,10,OL,256.96,9,OL,281.75,8,OL,290.04,8,OL,295.46,7,OL,299.92,5,OL,307.72,18,OL,308.37,17,OL,317.94,9,OL,318.8,11,OL,323,7,47.2,336.56,7,OL,346.68,8,,,,,,,,,,,,,,,,,,,,,,,,,,,,,,,,,,,,,,,,,,,,,,,,,,,,,,,,,,,,,,,,,,,,,,,,,,,,,,,,,,,,,,,,,,,,,,,,,,,,,,,,,,,,,,,,,,,,,,,,,,,,,,,,,,,,,,,,,,,,,,,,,,,,,,,,,,,,,,,,,,,,,,,,,,,,,,,,,,,,,,,,,,,,,,,,,,,,,,,,,,,,,,,,,,,,,,,,,,,,,,,,,,,,,,,
A06_RD14-0003-46_47_48-1;1;1-M3U105-0.045IP-Q9.8_001.10sec.fsa,D8S1179,B,OL,119.65,6,11,133.57,46,OL,140.07,4,OL,140.97,5,14,146.11,13,OL,161.33,4,OL,163.62,3,OL,177.18,2,,,,,,,,,,,,,,,,,,,,,,,,,,,,,,,,,,,,,,,,,,,,,,,,,,,,,,,,,,,,,,,,,,,,,,,,,,,,,,,,,,,,,,,,,,,,,,,,,,,,,,,,,,,,,,,,,,,,,,,,,,,,,,,,,,,,,,,,,,,,,,,,,,,,,,,,,,,,,,,,,,,,,,,,,,,,,,,,,,,,,,,,,,,,,,,,,,,,,,,,,,,,,,,,,,,,,,,,,,,,,,,,,,,,,,,,,,,,,,,,,,,,,,,,,,,,,,,,,,,,,,,,,,,,,,,,,,,,
A06_RD14-0003-46_47_48-1;1;1-M3U105-0.045IP-Q9.8_001.10sec.fsa,D21S11,B,26.2,192.01,3,27,194.5,43,30,206.6,23,31,210.51,19,31.2,212.44,25,OL,213.85,6,32.2,216.61,19,OL,222.1,5,OL,231.77,6,OL,236.11,6,37.2,237.16,3,OL,239.93,5,,,,,,,,,,,,,,,,,,,,,,,,,,,,,,,,,,,,,,,,,,,,,,,,,,,,,,,,,,,,,,,,,,,,,,,,,,,,,,,,,,,,,,,,,,,,,,,,,,,,,,,,,,,,,,,,,,,,,,,,,,,,,,,,,,,,,,,,,,,,,,,,,,,,,,,,,,,,,,,,,,,,,,,,,,,,,,,,,,,,,,,,,,,,,,,,,,,,,,,,,,,,,,,,,,,,,,,,,,,,,,,,,,,,,,,,,,,,,,,,,,,,,,,,,,,,,,,,,,,,,,,,
A06_RD14-0003-46_47_48-1;1;1-M3U105-0.045IP-Q9.8_001.10sec.fsa,D7S820,B,7,258.38,5,OL,268.92,3,10,270.36,3,OL,280.23,6,15,290.04,6,,,,,,,,,,,,,,,,,,,,,,,,,,,,,,,,,,,,,,,,,,,,,,,,,,,,,,,,,,,,,,,,,,,,,,,,,,,,,,,,,,,,,,,,,,,,,,,,,,,,,,,,,,,,,,,,,,,,,,,,,,,,,,,,,,,,,,,,,,,,,,,,,,,,,,,,,,,,,,,,,,,,,,,,,,,,,,,,,,,,,,,,,,,,,,,,,,,,,,,,,,,,,,,,,,,,,,,,,,,,,,,,,,,,,,,,,,,,,,,,,,,,,,,,,,,,,,,,,,,,,,,,,,,,,,,,,,,,,,,,,,,,,
A06_RD14-0003-46_47_48-1;1;1-M3U105-0.045IP-Q9.8_001.10sec.fsa,CSF1PO,B,OL,299.85,5,OL,304.45,2,9,314.08,5,10,318.71,24,10.2,320.86,5,11,322.65,24,12,326.77,22,OL,335.79,4,OL,340.78,2,,,,,,,,,,,,,,,,,,,,,,,,,,,,,,,,,,,,,,,,,,,,,,,,,,,,,,,,,,,,,,,,,,,,,,,,,,,,,,,,,,,,,,,,,,,,,,,,,,,,,,,,,,,,,,,,,,,,,,,,,,,,,,,,,,,,,,,,,,,,,,,,,,,,,,,,,,,,,,,,,,,,,,,,,,,,,,,,,,,,,,,,,,,,,,,,,,,,,,,,,,,,,,,,,,,,,,,,,,,,,,,,,,,,,,,,,,,,,,,,,,,,,,,,,,,,,,,,,,,,,,,,,,,,,,,,,
A06_RD14-0003-46_47_48-1;1;1-M3U105-0.045IP-Q9.8_001.10sec.fsa,D3S1358,G,OL,103.24,7,11,106.46,9,13,114.21,18,14,118.33,274,15,122.19,113,OL,129.82,5,18,134.52,30,,,,,,,,,,,,,,,,,,,,,,,,,,,,,,,,,,,,,,,,,,,,,,,,,,,,,,,,,,,,,,,,,,,,,,,,,,,,,,,,,,,,,,,,,,,,,,,,,,,,,,,,,,,,,,,,,,,,,,,,,,,,,,,,,,,,,,,,,,,,,,,,,,,,,,,,,,,,,,,,,,,,,,,,,,,,,,,,,,,,,,,,,,,,,,,,,,,,,,,,,,,,,,,,,,,,,,,,,,,,,,,,,,,,,,,,,,,,,,,,,,,,,,,,,,,,,,,,,,,,,,,,,,,,,,,,,,,,,,,
A06_RD14-0003-46_47_48-1;1;1-M3U105-0.045IP-Q9.8_001.10sec.fsa,TH01,G,OL,161.4,4,OL,162.29,6,6,168.44,84,7,172.44,79,9,180.61,160,OL,183.1,11,OL,184.23,6,OL,185.9,4,OL,195.48,7,,,,,,,,,,,,,,,,,,,,,,,,,,,,,,,,,,,,,,,,,,,,,,,,,,,,,,,,,,,,,,,,,,,,,,,,,,,,,,,,,,,,,,,,,,,,,,,,,,,,,,,,,,,,,,,,,,,,,,,,,,,,,,,,,,,,,,,,,,,,,,,,,,,,,,,,,,,,,,,,,,,,,,,,,,,,,,,,,,,,,,,,,,,,,,,,,,,,,,,,,,,,,,,,,,,,,,,,,,,,,,,,,,,,,,,,,,,,,,,,,,,,,,,,,,,,,,,,,,,,,,,,,,,,,,,,,
A06_RD14-0003-46_47_48-1;1;1-M3U105-0.045IP-Q9.8_001.10sec.fsa,D13S317,G,OL,212.29,5,9,219,5,OL,224.72,3,11,227.05,8,OL,229.59,2,12,231.24,84,OL,236.26,3,15,243.86,6,,,,,,,,,,,,,,,,,,,,,,,,,,,,,,,,,,,,,,,,,,,,,,,,,,,,,,,,,,,,,,,,,,,,,,,,,,,,,,,,,,,,,,,,,,,,,,,,,,,,,,,,,,,,,,,,,,,,,,,,,,,,,,,,,,,,,,,,,,,,,,,,,,,,,,,,,,,,,,,,,,,,,,,,,,,,,,,,,,,,,,,,,,,,,,,,,,,,,,,,,,,,,,,,,,,,,,,,,,,,,,,,,,,,,,,,,,,,,,,,,,,,,,,,,,,,,,,,,,,,,,,,,,,,,,,,,,,,
A06_RD14-0003-46_47_48-1;1;1-M3U105-0.045IP-Q9.8_001.10sec.fsa,D16S539,G,OL,253.87,5,OL,258.6,5,OL,268.39,3,OL,273.08,6,OL,280.08,4,OL,284.87,6,OL,288.62,7,,,,,,,,,,,,,,,,,,,,,,,,,,,,,,,,,,,,,,,,,,,,,,,,,,,,,,,,,,,,,,,,,,,,,,,,,,,,,,,,,,,,,,,,,,,,,,,,,,,,,,,,,,,,,,,,,,,,,,,,,,,,,,,,,,,,,,,,,,,,,,,,,,,,,,,,,,,,,,,,,,,,,,,,,,,,,,,,,,,,,,,,,,,,,,,,,,,,,,,,,,,,,,,,,,,,,,,,,,,,,,,,,,,,,,,,,,,,,,,,,,,,,,,,,,,,,,,,,,,,,,,,,,,,,,,,,,,,,,,
A06_RD14-0003-46_47_48-1;1;1-M3U105-0.045IP-Q9.8_001.10sec.fsa,D2S1338,G,15,304.6,4,OL,305.79,7,OL,306.39,7,16,308.51,7,OL,311.16,5,OL,319.12,7,20,324.83,8,OL,326.3,6,OL,328.31,5,25,344.99,21,OL,346.4,5,OL,352.26,6,29,361.94,5,OL,366.21,6,,,,,,,,,,,,,,,,,,,,,,,,,,,,,,,,,,,,,,,,,,,,,,,,,,,,,,,,,,,,,,,,,,,,,,,,,,,,,,,,,,,,,,,,,,,,,,,,,,,,,,,,,,,,,,,,,,,,,,,,,,,,,,,,,,,,,,,,,,,,,,,,,,,,,,,,,,,,,,,,,,,,,,,,,,,,,,,,,,,,,,,,,,,,,,,,,,,,,,,,,,,,,,,,,,,,,,,,,,,,,,,,,,,,,,,,,,,,,,,,,,,,,,,,,,,,,,,,,,
A06_RD14-0003-46_47_48-1;1;1-M3U105-0.045IP-Q9.8_001.10sec.fsa,D19S433,Y,9.2,102.14,9,OL,108.93,8,OL,110.97,11,12,111.91,9,13,116.1,24,14,120.07,26,14.2,122.05,37,OL,126.59,7,OL,133.07,7,17.2,133.5,7,,,,,,,,,,,,,,,,,,,,,,,,,,,,,,,,,,,,,,,,,,,,,,,,,,,,,,,,,,,,,,,,,,,,,,,,,,,,,,,,,,,,,,,,,,,,,,,,,,,,,,,,,,,,,,,,,,,,,,,,,,,,,,,,,,,,,,,,,,,,,,,,,,,,,,,,,,,,,,,,,,,,,,,,,,,,,,,,,,,,,,,,,,,,,,,,,,,,,,,,,,,,,,,,,,,,,,,,,,,,,,,,,,,,,,,,,,,,,,,,,,,,,,,,,,,,,,,,,,,,,,,,,,,,,,
A06_RD14-0003-46_47_48-1;1;1-M3U105-0.045IP-Q9.8_001.10sec.fsa,vWA,Y,12,155.41,6,15,167.77,10,15.2,170.06,6,16,172.14,110,OL,173.25,12,17,176.14,24,18,180.3,27,OL,203.14,8,,,,,,,,,,,,,,,,,,,,,,,,,,,,,,,,,,,,,,,,,,,,,,,,,,,,,,,,,,,,,,,,,,,,,,,,,,,,,,,,,,,,,,,,,,,,,,,,,,,,,,,,,,,,,,,,,,,,,,,,,,,,,,,,,,,,,,,,,,,,,,,,,,,,,,,,,,,,,,,,,,,,,,,,,,,,,,,,,,,,,,,,,,,,,,,,,,,,,,,,,,,,,,,,,,,,,,,,,,,,,,,,,,,,,,,,,,,,,,,,,,,,,,,,,,,,,,,,,,,,,,,,,,,,,,,,,,,,
A06_RD14-0003-46_47_48-1;1;1-M3U105-0.045IP-Q9.8_001.10sec.fsa,TPOX,Y,8,228.55,21,9,232.74,24,OL,246.24,10,OL,253.64,9,,,,,,,,,,,,,,,,,,,,,,,,,,,,,,,,,,,,,,,,,,,,,,,,,,,,,,,,,,,,,,,,,,,,,,,,,,,,,,,,,,,,,,,,,,,,,,,,,,,,,,,,,,,,,,,,,,,,,,,,,,,,,,,,,,,,,,,,,,,,,,,,,,,,,,,,,,,,,,,,,,,,,,,,,,,,,,,,,,,,,,,,,,,,,,,,,,,,,,,,,,,,,,,,,,,,,,,,,,,,,,,,,,,,,,,,,,,,,,,,,,,,,,,,,,,,,,,,,,,,,,,,,,,,,,,,,,,,,,,,,,,,,,,,
A06_RD14-0003-46_47_48-1;1;1-M3U105-0.045IP-Q9.8_001.10sec.fsa,D18S51,Y,OL,278.4,9,OL,279.62,8,OL,304.3,9,OL,311.93,10,20.2,315.35,7,OL,345.38,10,,,,,,,,,,,,,,,,,,,,,,,,,,,,,,,,,,,,,,,,,,,,,,,,,,,,,,,,,,,,,,,,,,,,,,,,,,,,,,,,,,,,,,,,,,,,,,,,,,,,,,,,,,,,,,,,,,,,,,,,,,,,,,,,,,,,,,,,,,,,,,,,,,,,,,,,,,,,,,,,,,,,,,,,,,,,,,,,,,,,,,,,,,,,,,,,,,,,,,,,,,,,,,,,,,,,,,,,,,,,,,,,,,,,,,,,,,,,,,,,,,,,,,,,,,,,,,,,,,,,,,,,,,,,,,,,,,,,,,,,,,
A06_RD14-0003-46_47_48-1;1;1-M3U105-0.045IP-Q9.8_001.10sec.fsa,AMEL,R,X,105,59,OL,108.64,6,Y,110.82,26,,,,,,,,,,,,,,,,,,,,,,,,,,,,,,,,,,,,,,,,,,,,,,,,,,,,,,,,,,,,,,,,,,,,,,,,,,,,,,,,,,,,,,,,,,,,,,,,,,,,,,,,,,,,,,,,,,,,,,,,,,,,,,,,,,,,,,,,,,,,,,,,,,,,,,,,,,,,,,,,,,,,,,,,,,,,,,,,,,,,,,,,,,,,,,,,,,,,,,,,,,,,,,,,,,,,,,,,,,,,,,,,,,,,,,,,,,,,,,,,,,,,,,,,,,,,,,,,,,,,,,,,,,,,,,,,,,,,,,,,,,,,,,,,,,,
A06_RD14-0003-46_47_48-1;1;1-M3U105-0.045IP-Q9.8_001.10sec.fsa,D5S818,R,12,152.93,33,13,157.06,22,14,161.18,19,15,165.03,10,OL,171.92,11,,,,,,,,,,,,,,,,,,,,,,,,,,,,,,,,,,,,,,,,,,,,,,,,,,,,,,,,,,,,,,,,,,,,,,,,,,,,,,,,,,,,,,,,,,,,,,,,,,,,,,,,,,,,,,,,,,,,,,,,,,,,,,,,,,,,,,,,,,,,,,,,,,,,,,,,,,,,,,,,,,,,,,,,,,,,,,,,,,,,,,,,,,,,,,,,,,,,,,,,,,,,,,,,,,,,,,,,,,,,,,,,,,,,,,,,,,,,,,,,,,,,,,,,,,,,,,,,,,,,,,,,,,,,,,,,,,,,,,,,,,,,,
A06_RD14-0003-46_47_48-1;1;1-M3U105-0.045IP-Q9.8_001.10sec.fsa,FGA,R,17,212.88,7,20.2,227.5,7,OL,228.25,4,22,233.11,19,27.2,255.42,4,29,261.89,10,31.2,271.57,8,OL,272.17,5,OL,272.78,10,OL,277.95,10,OL,281.2,4,OL,282.77,7,OL,285.4,5,OL,307.22,20,OL,308.51,15,42.2,315.75,10,OL,322.11,9,44.2,324.83,12,OL,333.02,9,OL,337.63,11,OL,338.7,7,OL,355.23,13,,,,,,,,,,,,,,,,,,,,,,,,,,,,,,,,,,,,,,,,,,,,,,,,,,,,,,,,,,,,,,,,,,,,,,,,,,,,,,,,,,,,,,,,,,,,,,,,,,,,,,,,,,,,,,,,,,,,,,,,,,,,,,,,,,,,,,,,,,,,,,,,,,,,,,,,,,,,,,,,,,,,,,,,,,,,,,,,,,,,,,,,,,,,,,,,,,,,,,,,,,,,,,,,,,,,,,,,,,,,,,,,,,,,,,,,,,
A07_RD14-0003-49_50_29-1;4;1-M1U105-0.186IP-Q0.6_001.10sec.fsa,D8S1179,B,7,117.19,3,OL,119.62,8,9,125.54,62,OL,128.35,9,10,129.52,1145,11,133.61,32,12,137.75,393,13,141.88,310,14,145.98,109,15,150.19,1569,16,154.33,12,OL,157.41,4,18,162.46,8,OL,163.69,6,OL,167.55,6,OL,172.32,9,,,,,,,,,,,,,,,,,,,,,,,,,,,,,,,,,,,,,,,,,,,,,,,,,,,,,,,,,,,,,,,,,,,,,,,,,,,,,,,,,,,,,,,,,,,,,,,,,,,,,,,,,,,,,,,,,,,,,,,,,,,,,,,,,,,,,,,,,,,,,,,,,,,,,,,,,,,,,,,,,,,,,,,,,,,,,,,,,,,,,,,,,,,,,,,,,,,,,,,,,,,,,,,,,,,,,,,,,,,,,,,,,,,,,,,,,,,,,,,,,,,,,,,,,,,,
A07_RD14-0003-49_50_29-1;4;1-M1U105-0.186IP-Q0.6_001.10sec.fsa,D21S11,B,OL,185.73,5,26,190.03,8,27,194.34,16,28,198.65,230,29,202.65,190,30.2,208.64,30,31.2,212.66,308,32.2,216.65,852,33.2,220.76,675,34.2,224.76,12,35,227.14,9,36,230.99,4,37,235.27,4,38,238.36,4,OL,239.83,6,,,,,,,,,,,,,,,,,,,,,,,,,,,,,,,,,,,,,,,,,,,,,,,,,,,,,,,,,,,,,,,,,,,,,,,,,,,,,,,,,,,,,,,,,,,,,,,,,,,,,,,,,,,,,,,,,,,,,,,,,,,,,,,,,,,,,,,,,,,,,,,,,,,,,,,,,,,,,,,,,,,,,,,,,,,,,,,,,,,,,,,,,,,,,,,,,,,,,,,,,,,,,,,,,,,,,,,,,,,,,,,,,,,,,,,,,,,,,,,,,,,,,,,,,,,,,,,
A07_RD14-0003-49_50_29-1;4;1-M1U105-0.186IP-Q0.6_001.10sec.fsa,D7S820,B,OL,253,5,7,258.04,16,8,262.08,595,9,266.06,72,11,274.06,60,12,278.08,1099,13,282,6,,,,,,,,,,,,,,,,,,,,,,,,,,,,,,,,,,,,,,,,,,,,,,,,,,,,,,,,,,,,,,,,,,,,,,,,,,,,,,,,,,,,,,,,,,,,,,,,,,,,,,,,,,,,,,,,,,,,,,,,,,,,,,,,,,,,,,,,,,,,,,,,,,,,,,,,,,,,,,,,,,,,,,,,,,,,,,,,,,,,,,,,,,,,,,,,,,,,,,,,,,,,,,,,,,,,,,,,,,,,,,,,,,,,,,,,,,,,,,,,,,,,,,,,,,,,,,,,,,,,,,,,,,,,,,,,,,,,,,,
A07_RD14-0003-49_50_29-1;4;1-M1U105-0.186IP-Q0.6_001.10sec.fsa,CSF1PO,B,OL,305.51,3,8,310.61,8,9,314.56,249,10,318.78,620,11,322.83,580,12,326.92,71,13,330.9,845,14,334.97,8,,,,,,,,,,,,,,,,,,,,,,,,,,,,,,,,,,,,,,,,,,,,,,,,,,,,,,,,,,,,,,,,,,,,,,,,,,,,,,,,,,,,,,,,,,,,,,,,,,,,,,,,,,,,,,,,,,,,,,,,,,,,,,,,,,,,,,,,,,,,,,,,,,,,,,,,,,,,,,,,,,,,,,,,,,,,,,,,,,,,,,,,,,,,,,,,,,,,,,,,,,,,,,,,,,,,,,,,,,,,,,,,,,,,,,,,,,,,,,,,,,,,,,,,,,,,,,,,,,,,,,,,,,,,,,,,,,,,
A07_RD14-0003-49_50_29-1;4;1-M1U105-0.186IP-Q0.6_001.10sec.fsa,D3S1358,G,OL,102.22,7,OL,108.13,6,13,114.46,45,14,118.33,554,OL,120.77,9,15,122.3,146,16,126.24,1660,17,130.38,1766,18,134.41,669,,,,,,,,,,,,,,,,,,,,,,,,,,,,,,,,,,,,,,,,,,,,,,,,,,,,,,,,,,,,,,,,,,,,,,,,,,,,,,,,,,,,,,,,,,,,,,,,,,,,,,,,,,,,,,,,,,,,,,,,,,,,,,,,,,,,,,,,,,,,,,,,,,,,,,,,,,,,,,,,,,,,,,,,,,,,,,,,,,,,,,,,,,,,,,,,,,,,,,,,,,,,,,,,,,,,,,,,,,,,,,,,,,,,,,,,,,,,,,,,,,,,,,,,,,,,,,,,,,,,,,,,,,,,,,,,,
A07_RD14-0003-49_50_29-1;4;1-M1U105-0.186IP-Q0.6_001.10sec.fsa,TH01,G,5,164.51,28,6,168.53,2164,6.3,171.41,10,7,172.57,1800,8,176.61,450,9,180.67,1426,12,192.39,5,,,,,,,,,,,,,,,,,,,,,,,,,,,,,,,,,,,,,,,,,,,,,,,,,,,,,,,,,,,,,,,,,,,,,,,,,,,,,,,,,,,,,,,,,,,,,,,,,,,,,,,,,,,,,,,,,,,,,,,,,,,,,,,,,,,,,,,,,,,,,,,,,,,,,,,,,,,,,,,,,,,,,,,,,,,,,,,,,,,,,,,,,,,,,,,,,,,,,,,,,,,,,,,,,,,,,,,,,,,,,,,,,,,,,,,,,,,,,,,,,,,,,,,,,,,,,,,,,,,,,,,,,,,,,,,,,,,,,,,
A07_RD14-0003-49_50_29-1;4;1-M1U105-0.186IP-Q0.6_001.10sec.fsa,D13S317,G,OL,206.97,5,7,211.07,8,OL,212.74,7,OL,216.74,11,10,223.23,49,OL,224.76,6,11,227.23,1205,12,231.24,1346,13,235.27,352,14,239.4,7,,,,,,,,,,,,,,,,,,,,,,,,,,,,,,,,,,,,,,,,,,,,,,,,,,,,,,,,,,,,,,,,,,,,,,,,,,,,,,,,,,,,,,,,,,,,,,,,,,,,,,,,,,,,,,,,,,,,,,,,,,,,,,,,,,,,,,,,,,,,,,,,,,,,,,,,,,,,,,,,,,,,,,,,,,,,,,,,,,,,,,,,,,,,,,,,,,,,,,,,,,,,,,,,,,,,,,,,,,,,,,,,,,,,,,,,,,,,,,,,,,,,,,,,,,,,,,,,,,,,,,,,,,,,,,
A07_RD14-0003-49_50_29-1;4;1-M1U105-0.186IP-Q0.6_001.10sec.fsa,D16S539,G,5,251.11,9,OL,258.81,9,OL,260.09,8,OL,265.02,2,9,267.45,10,10,271.28,186,11,275.28,568,12,279.3,939,13,283.21,1068,15,291.21,7,OL,293.38,8,OL,294.51,4,,,,,,,,,,,,,,,,,,,,,,,,,,,,,,,,,,,,,,,,,,,,,,,,,,,,,,,,,,,,,,,,,,,,,,,,,,,,,,,,,,,,,,,,,,,,,,,,,,,,,,,,,,,,,,,,,,,,,,,,,,,,,,,,,,,,,,,,,,,,,,,,,,,,,,,,,,,,,,,,,,,,,,,,,,,,,,,,,,,,,,,,,,,,,,,,,,,,,,,,,,,,,,,,,,,,,,,,,,,,,,,,,,,,,,,,,,,,,,,,,,,,,,,,,,,,,,,,,,,,,,,,
A07_RD14-0003-49_50_29-1;4;1-M1U105-0.186IP-Q0.6_001.10sec.fsa,D2S1338,G,15,304.91,5,OL,306.82,4,16,308.67,38,17,312.75,369,18,316.9,10,OL,320.18,8,20,325.1,63,OL,326.56,4,21,329.19,988,22,333.16,1049,23,337.13,322,24,341.1,187,25,344.69,6,OL,346.62,7,27,353.44,6,,,,,,,,,,,,,,,,,,,,,,,,,,,,,,,,,,,,,,,,,,,,,,,,,,,,,,,,,,,,,,,,,,,,,,,,,,,,,,,,,,,,,,,,,,,,,,,,,,,,,,,,,,,,,,,,,,,,,,,,,,,,,,,,,,,,,,,,,,,,,,,,,,,,,,,,,,,,,,,,,,,,,,,,,,,,,,,,,,,,,,,,,,,,,,,,,,,,,,,,,,,,,,,,,,,,,,,,,,,,,,,,,,,,,,,,,,,,,,,,,,,,,,,,,,,,,,,
A07_RD14-0003-49_50_29-1;4;1-M1U105-0.186IP-Q0.6_001.10sec.fsa,D19S433,Y,OL,98.52,11,9.2,101.98,8,10,104.04,60,11,108.13,1101,11.2,109.78,7,12,112.2,996,13,116.2,339,14,120.15,213,15,124.07,307,15.2,126.09,27,OL,130.54,34,OL,133.14,10,OL,134.65,15,18,136,12,18.2,138.23,11,OL,140.16,13,,,,,,,,,,,,,,,,,,,,,,,,,,,,,,,,,,,,,,,,,,,,,,,,,,,,,,,,,,,,,,,,,,,,,,,,,,,,,,,,,,,,,,,,,,,,,,,,,,,,,,,,,,,,,,,,,,,,,,,,,,,,,,,,,,,,,,,,,,,,,,,,,,,,,,,,,,,,,,,,,,,,,,,,,,,,,,,,,,,,,,,,,,,,,,,,,,,,,,,,,,,,,,,,,,,,,,,,,,,,,,,,,,,,,,,,,,,,,,,,,,,,,,,,,,,,
A07_RD14-0003-49_50_29-1;4;1-M1U105-0.186IP-Q0.6_001.10sec.fsa,vWA,Y,OL,146.48,6,14,164.1,46,15,168.12,987,16,172.32,69,17,176.2,645,18,180.25,993,19,184.38,170,OL,193.41,5,OL,203.81,9,24,204.81,10,OL,205.48,9,,,,,,,,,,,,,,,,,,,,,,,,,,,,,,,,,,,,,,,,,,,,,,,,,,,,,,,,,,,,,,,,,,,,,,,,,,,,,,,,,,,,,,,,,,,,,,,,,,,,,,,,,,,,,,,,,,,,,,,,,,,,,,,,,,,,,,,,,,,,,,,,,,,,,,,,,,,,,,,,,,,,,,,,,,,,,,,,,,,,,,,,,,,,,,,,,,,,,,,,,,,,,,,,,,,,,,,,,,,,,,,,,,,,,,,,,,,,,,,,,,,,,,,,,,,,,,,,,,,,,,,,,,,
A07_RD14-0003-49_50_29-1;4;1-M1U105-0.186IP-Q0.6_001.10sec.fsa,TPOX,Y,OL,215.03,6,7,224.67,1044,OL,231.42,21,9,232.44,12,10,236.73,230,11,240.79,1583,OL,254.71,10,,,,,,,,,,,,,,,,,,,,,,,,,,,,,,,,,,,,,,,,,,,,,,,,,,,,,,,,,,,,,,,,,,,,,,,,,,,,,,,,,,,,,,,,,,,,,,,,,,,,,,,,,,,,,,,,,,,,,,,,,,,,,,,,,,,,,,,,,,,,,,,,,,,,,,,,,,,,,,,,,,,,,,,,,,,,,,,,,,,,,,,,,,,,,,,,,,,,,,,,,,,,,,,,,,,,,,,,,,,,,,,,,,,,,,,,,,,,,,,,,,,,,,,,,,,,,,,,,,,,,,,,,,,,,,,,,,,,,,,
A07_RD14-0003-49_50_29-1;4;1-M1U105-0.186IP-Q0.6_001.10sec.fsa,D18S51,Y,8,264.85,14,OL,265.54,12,OL,267.19,10,OL,268.15,10,10.2,275.11,13,12,281.04,141,12.2,283.04,28,13,285.04,312,14,289.12,197,15,293.12,62,16,297.04,696,17,301.03,162,18,305.17,7,19,309.11,50,20,313.01,549,23,325.92,8,OL,333.16,30,26,338.29,6,OL,343.4,11,OL,345.33,5,,,,,,,,,,,,,,,,,,,,,,,,,,,,,,,,,,,,,,,,,,,,,,,,,,,,,,,,,,,,,,,,,,,,,,,,,,,,,,,,,,,,,,,,,,,,,,,,,,,,,,,,,,,,,,,,,,,,,,,,,,,,,,,,,,,,,,,,,,,,,,,,,,,,,,,,,,,,,,,,,,,,,,,,,,,,,,,,,,,,,,,,,,,,,,,,,,,,,,,,,,,,,,,,,,,,,,,,,,,,,,,,,,,,,,,,,,,,,,,,
A07_RD14-0003-49_50_29-1;4;1-M1U105-0.186IP-Q0.6_001.10sec.fsa,AMEL,R,X,104.9,1805,Y,110.87,1315,,,,,,,,,,,,,,,,,,,,,,,,,,,,,,,,,,,,,,,,,,,,,,,,,,,,,,,,,,,,,,,,,,,,,,,,,,,,,,,,,,,,,,,,,,,,,,,,,,,,,,,,,,,,,,,,,,,,,,,,,,,,,,,,,,,,,,,,,,,,,,,,,,,,,,,,,,,,,,,,,,,,,,,,,,,,,,,,,,,,,,,,,,,,,,,,,,,,,,,,,,,,,,,,,,,,,,,,,,,,,,,,,,,,,,,,,,,,,,,,,,,,,,,,,,,,,,,,,,,,,,,,,,,,,,,,,,,,,,,,,,,,,,,,,,,,,,
A07_RD14-0003-49_50_29-1;4;1-M1U105-0.186IP-Q0.6_001.10sec.fsa,D5S818,R,OL,127.02,22,6,128.11,22,6,128.97,24,OL,129.68,22,10,144.75,105,11,148.87,1699,12,153,237,13,157.08,351,16,169.19,24,OL,170.59,33,OL,175.62,11,OL,177.77,12,,,,,,,,,,,,,,,,,,,,,,,,,,,,,,,,,,,,,,,,,,,,,,,,,,,,,,,,,,,,,,,,,,,,,,,,,,,,,,,,,,,,,,,,,,,,,,,,,,,,,,,,,,,,,,,,,,,,,,,,,,,,,,,,,,,,,,,,,,,,,,,,,,,,,,,,,,,,,,,,,,,,,,,,,,,,,,,,,,,,,,,,,,,,,,,,,,,,,,,,,,,,,,,,,,,,,,,,,,,,,,,,,,,,,,,,,,,,,,,,,,,,,,,,,,,,,,,,,,,,,,,,
A07_RD14-0003-49_50_29-1;4;1-M1U105-0.186IP-Q0.6_001.10sec.fsa,FGA,R,OL,204.31,8,18,216.74,88,19,220.85,1278,21,229.28,24,22,233.04,23,23,237.16,313,24,241.32,394,26.2,251.63,9,27,253.26,6,OL,276.85,15,33.2,280,21,OL,280.78,20,OL,282.08,23,OL,288.77,7,OL,294.08,9,OL,296.43,9,OL,306.12,34,OL,306.91,38,OL,318.59,13,OL,322.01,8,46.2,332.08,20,OL,338.02,13,OL,340,12,OL,357.69,6,,,,,,,,,,,,,,,,,,,,,,,,,,,,,,,,,,,,,,,,,,,,,,,,,,,,,,,,,,,,,,,,,,,,,,,,,,,,,,,,,,,,,,,,,,,,,,,,,,,,,,,,,,,,,,,,,,,,,,,,,,,,,,,,,,,,,,,,,,,,,,,,,,,,,,,,,,,,,,,,,,,,,,,,,,,,,,,,,,,,,,,,,,,,,,,,,,,,,,,,,,,,,,,,,,,,,,,,,,,,,,,,,,,,
A08_RD14-0003-30_31_32-1;4;4-M2U60-0.135IP-Q2.7_001.10sec.fsa,D8S1179,B,OL,118.96,6,OL,119.92,8,10,129.53,27,11,133.63,423,12,137.78,400,13,141.9,427,14,146.06,212,15,150.42,4,OL,175.52,5,,,,,,,,,,,,,,,,,,,,,,,,,,,,,,,,,,,,,,,,,,,,,,,,,,,,,,,,,,,,,,,,,,,,,,,,,,,,,,,,,,,,,,,,,,,,,,,,,,,,,,,,,,,,,,,,,,,,,,,,,,,,,,,,,,,,,,,,,,,,,,,,,,,,,,,,,,,,,,,,,,,,,,,,,,,,,,,,,,,,,,,,,,,,,,,,,,,,,,,,,,,,,,,,,,,,,,,,,,,,,,,,,,,,,,,,,,,,,,,,,,,,,,,,,,,,,,,,,,,,,,,,,,,,,,,,,
A08_RD14-0003-30_31_32-1;4;4-M2U60-0.135IP-Q2.7_001.10sec.fsa,D21S11,B,23.2,179.82,7,OL,181.52,5,28,198.74,46,29,202.73,608,30,206.8,19,30.2,208.75,19,31,210.79,183,31.2,212.75,269,OL,223.41,7,OL,241.6,5,,,,,,,,,,,,,,,,,,,,,,,,,,,,,,,,,,,,,,,,,,,,,,,,,,,,,,,,,,,,,,,,,,,,,,,,,,,,,,,,,,,,,,,,,,,,,,,,,,,,,,,,,,,,,,,,,,,,,,,,,,,,,,,,,,,,,,,,,,,,,,,,,,,,,,,,,,,,,,,,,,,,,,,,,,,,,,,,,,,,,,,,,,,,,,,,,,,,,,,,,,,,,,,,,,,,,,,,,,,,,,,,,,,,,,,,,,,,,,,,,,,,,,,,,,,,,,,,,,,,,,,,,,,,,,
A08_RD14-0003-30_31_32-1;4;4-M2U60-0.135IP-Q2.7_001.10sec.fsa,D7S820,B,OL,256.71,4,11,274.13,34,13,282.39,23,,,,,,,,,,,,,,,,,,,,,,,,,,,,,,,,,,,,,,,,,,,,,,,,,,,,,,,,,,,,,,,,,,,,,,,,,,,,,,,,,,,,,,,,,,,,,,,,,,,,,,,,,,,,,,,,,,,,,,,,,,,,,,,,,,,,,,,,,,,,,,,,,,,,,,,,,,,,,,,,,,,,,,,,,,,,,,,,,,,,,,,,,,,,,,,,,,,,,,,,,,,,,,,,,,,,,,,,,,,,,,,,,,,,,,,,,,,,,,,,,,,,,,,,,,,,,,,,,,,,,,,,,,,,,,,,,,,,,,,,,,,,,,,,,,,
A08_RD14-0003-30_31_32-1;4;4-M2U60-0.135IP-Q2.7_001.10sec.fsa,CSF1PO,B,OL,301.71,5,9,314.7,7,10,318.99,105,11,323.07,130,12,327.18,267,OL,329.65,4,13,330.98,20,OL,336.26,3,OL,344.72,5,,,,,,,,,,,,,,,,,,,,,,,,,,,,,,,,,,,,,,,,,,,,,,,,,,,,,,,,,,,,,,,,,,,,,,,,,,,,,,,,,,,,,,,,,,,,,,,,,,,,,,,,,,,,,,,,,,,,,,,,,,,,,,,,,,,,,,,,,,,,,,,,,,,,,,,,,,,,,,,,,,,,,,,,,,,,,,,,,,,,,,,,,,,,,,,,,,,,,,,,,,,,,,,,,,,,,,,,,,,,,,,,,,,,,,,,,,,,,,,,,,,,,,,,,,,,,,,,,,,,,,,,,,,,,,,,,
A08_RD14-0003-30_31_32-1;4;4-M2U60-0.135IP-Q2.7_001.10sec.fsa,D3S1358,G,13,114.4,15,OL,115.12,13,14,118.16,101,15,122.11,1377,16,126.3,885,17,130.2,54,OL,131.37,5,OL,141.47,6,20,142.85,6,,,,,,,,,,,,,,,,,,,,,,,,,,,,,,,,,,,,,,,,,,,,,,,,,,,,,,,,,,,,,,,,,,,,,,,,,,,,,,,,,,,,,,,,,,,,,,,,,,,,,,,,,,,,,,,,,,,,,,,,,,,,,,,,,,,,,,,,,,,,,,,,,,,,,,,,,,,,,,,,,,,,,,,,,,,,,,,,,,,,,,,,,,,,,,,,,,,,,,,,,,,,,,,,,,,,,,,,,,,,,,,,,,,,,,,,,,,,,,,,,,,,,,,,,,,,,,,,,,,,,,,,,,,,,,,,,
A08_RD14-0003-30_31_32-1;4;4-M2U60-0.135IP-Q2.7_001.10sec.fsa,TH01,G,OL,155.42,7,OL,157.88,8,4,160.69,5,OL,162.87,6,6,168.61,142,7,172.63,350,OL,174.21,5,8,176.66,22,OL,177.89,6,9,180.8,431,9.3,183.94,886,OL,190.66,8,OL,192.27,5,OL,193.98,6,13.3,199.64,8,,,,,,,,,,,,,,,,,,,,,,,,,,,,,,,,,,,,,,,,,,,,,,,,,,,,,,,,,,,,,,,,,,,,,,,,,,,,,,,,,,,,,,,,,,,,,,,,,,,,,,,,,,,,,,,,,,,,,,,,,,,,,,,,,,,,,,,,,,,,,,,,,,,,,,,,,,,,,,,,,,,,,,,,,,,,,,,,,,,,,,,,,,,,,,,,,,,,,,,,,,,,,,,,,,,,,,,,,,,,,,,,,,,,,,,,,,,,,,,,,,,,,,,,,,,,,,,
A08_RD14-0003-30_31_32-1;4;4-M2U60-0.135IP-Q2.7_001.10sec.fsa,D13S317,G,OL,207.86,9,9,219.27,9,10,223.23,25,11,227.29,249,12,231.27,539,OL,241.22,5,OL,244.78,5,,,,,,,,,,,,,,,,,,,,,,,,,,,,,,,,,,,,,,,,,,,,,,,,,,,,,,,,,,,,,,,,,,,,,,,,,,,,,,,,,,,,,,,,,,,,,,,,,,,,,,,,,,,,,,,,,,,,,,,,,,,,,,,,,,,,,,,,,,,,,,,,,,,,,,,,,,,,,,,,,,,,,,,,,,,,,,,,,,,,,,,,,,,,,,,,,,,,,,,,,,,,,,,,,,,,,,,,,,,,,,,,,,,,,,,,,,,,,,,,,,,,,,,,,,,,,,,,,,,,,,,,,,,,,,,,,,,,,,,
A08_RD14-0003-30_31_32-1;4;4-M2U60-0.135IP-Q2.7_001.10sec.fsa,D16S539,G,OL,253.14,6,8,263.03,4,OL,268.19,4,10,271.34,127,11,275.34,60,12,279.44,92,13,283.4,118,,,,,,,,,,,,,,,,,,,,,,,,,,,,,,,,,,,,,,,,,,,,,,,,,,,,,,,,,,,,,,,,,,,,,,,,,,,,,,,,,,,,,,,,,,,,,,,,,,,,,,,,,,,,,,,,,,,,,,,,,,,,,,,,,,,,,,,,,,,,,,,,,,,,,,,,,,,,,,,,,,,,,,,,,,,,,,,,,,,,,,,,,,,,,,,,,,,,,,,,,,,,,,,,,,,,,,,,,,,,,,,,,,,,,,,,,,,,,,,,,,,,,,,,,,,,,,,,,,,,,,,,,,,,,,,,,,,,,,,
A08_RD14-0003-30_31_32-1;4;4-M2U60-0.135IP-Q2.7_001.10sec.fsa,D2S1338,G,18,316.99,22,19,321.25,282,OL,327.94,7,22,333.34,75,OL,355.44,7,,,,,,,,,,,,,,,,,,,,,,,,,,,,,,,,,,,,,,,,,,,,,,,,,,,,,,,,,,,,,,,,,,,,,,,,,,,,,,,,,,,,,,,,,,,,,,,,,,,,,,,,,,,,,,,,,,,,,,,,,,,,,,,,,,,,,,,,,,,,,,,,,,,,,,,,,,,,,,,,,,,,,,,,,,,,,,,,,,,,,,,,,,,,,,,,,,,,,,,,,,,,,,,,,,,,,,,,,,,,,,,,,,,,,,,,,,,,,,,,,,,,,,,,,,,,,,,,,,,,,,,,,,,,,,,,,,,,,,,,,,,,,
A08_RD14-0003-30_31_32-1;4;4-M2U60-0.135IP-Q2.7_001.10sec.fsa,D19S433,Y,11,108.2,208,12,112.35,102,12.2,114.4,115,13,116.32,248,14,120.24,244,14.2,122.11,29,15,124.24,27,16,128.12,252,17.2,134.14,12,OL,140.69,10,,,,,,,,,,,,,,,,,,,,,,,,,,,,,,,,,,,,,,,,,,,,,,,,,,,,,,,,,,,,,,,,,,,,,,,,,,,,,,,,,,,,,,,,,,,,,,,,,,,,,,,,,,,,,,,,,,,,,,,,,,,,,,,,,,,,,,,,,,,,,,,,,,,,,,,,,,,,,,,,,,,,,,,,,,,,,,,,,,,,,,,,,,,,,,,,,,,,,,,,,,,,,,,,,,,,,,,,,,,,,,,,,,,,,,,,,,,,,,,,,,,,,,,,,,,,,,,,,,,,,,,,,,,,,,
A08_RD14-0003-30_31_32-1;4;4-M2U60-0.135IP-Q2.7_001.10sec.fsa,vWA,Y,OL,155.33,11,OL,158.5,9,14,164.08,25,OL,166,8,15,168.09,391,16,172.2,200,17,176.31,28,18,180.27,380,19,183.94,31,21,192.63,10,OL,193.62,10,OL,198.56,10,,,,,,,,,,,,,,,,,,,,,,,,,,,,,,,,,,,,,,,,,,,,,,,,,,,,,,,,,,,,,,,,,,,,,,,,,,,,,,,,,,,,,,,,,,,,,,,,,,,,,,,,,,,,,,,,,,,,,,,,,,,,,,,,,,,,,,,,,,,,,,,,,,,,,,,,,,,,,,,,,,,,,,,,,,,,,,,,,,,,,,,,,,,,,,,,,,,,,,,,,,,,,,,,,,,,,,,,,,,,,,,,,,,,,,,,,,,,,,,,,,,,,,,,,,,,,,,,,,,,,,,,
A08_RD14-0003-30_31_32-1;4;4-M2U60-0.135IP-Q2.7_001.10sec.fsa,TPOX,Y,OL,215,8,OL,218.91,13,6,220.9,153,OL,222.87,7,8,228.82,475,11,240.85,42,12,245.16,7,OL,246.09,5,,,,,,,,,,,,,,,,,,,,,,,,,,,,,,,,,,,,,,,,,,,,,,,,,,,,,,,,,,,,,,,,,,,,,,,,,,,,,,,,,,,,,,,,,,,,,,,,,,,,,,,,,,,,,,,,,,,,,,,,,,,,,,,,,,,,,,,,,,,,,,,,,,,,,,,,,,,,,,,,,,,,,,,,,,,,,,,,,,,,,,,,,,,,,,,,,,,,,,,,,,,,,,,,,,,,,,,,,,,,,,,,,,,,,,,,,,,,,,,,,,,,,,,,,,,,,,,,,,,,,,,,,,,,,,,,,,,,
A08_RD14-0003-30_31_32-1;4;4-M2U60-0.135IP-Q2.7_001.10sec.fsa,D18S51,Y,OL,280.28,7,14,289.09,25,15,293.12,87,16,297.25,11,17,301.08,72,OL,314.5,12,OL,320.96,14,23.2,327.56,12,24,329.94,7,27,341.92,7,OL,344.72,7,OL,345.97,10,,,,,,,,,,,,,,,,,,,,,,,,,,,,,,,,,,,,,,,,,,,,,,,,,,,,,,,,,,,,,,,,,,,,,,,,,,,,,,,,,,,,,,,,,,,,,,,,,,,,,,,,,,,,,,,,,,,,,,,,,,,,,,,,,,,,,,,,,,,,,,,,,,,,,,,,,,,,,,,,,,,,,,,,,,,,,,,,,,,,,,,,,,,,,,,,,,,,,,,,,,,,,,,,,,,,,,,,,,,,,,,,,,,,,,,,,,,,,,,,,,,,,,,,,,,,,,,,,,,,,,,,
A08_RD14-0003-30_31_32-1;4;4-M2U60-0.135IP-Q2.7_001.10sec.fsa,AMEL,R,X,104.95,506,Y,110.86,591,,,,,,,,,,,,,,,,,,,,,,,,,,,,,,,,,,,,,,,,,,,,,,,,,,,,,,,,,,,,,,,,,,,,,,,,,,,,,,,,,,,,,,,,,,,,,,,,,,,,,,,,,,,,,,,,,,,,,,,,,,,,,,,,,,,,,,,,,,,,,,,,,,,,,,,,,,,,,,,,,,,,,,,,,,,,,,,,,,,,,,,,,,,,,,,,,,,,,,,,,,,,,,,,,,,,,,,,,,,,,,,,,,,,,,,,,,,,,,,,,,,,,,,,,,,,,,,,,,,,,,,,,,,,,,,,,,,,,,,,,,,,,,,,,,,,,,
A08_RD14-0003-30_31_32-1;4;4-M2U60-0.135IP-Q2.7_001.10sec.fsa,D5S818,R,OL,125.72,24,OL,127.29,10,OL,137.61,7,9,140.6,26,OL,143.46,4,10,144.76,504,11,148.85,185,12,153.14,10,13,157.18,95,14,161.65,7,OL,163.3,11,OL,170.97,8,OL,175.08,8,,,,,,,,,,,,,,,,,,,,,,,,,,,,,,,,,,,,,,,,,,,,,,,,,,,,,,,,,,,,,,,,,,,,,,,,,,,,,,,,,,,,,,,,,,,,,,,,,,,,,,,,,,,,,,,,,,,,,,,,,,,,,,,,,,,,,,,,,,,,,,,,,,,,,,,,,,,,,,,,,,,,,,,,,,,,,,,,,,,,,,,,,,,,,,,,,,,,,,,,,,,,,,,,,,,,,,,,,,,,,,,,,,,,,,,,,,,,,,,,,,,,,,,,,,,,,,,,,,,,,
A08_RD14-0003-30_31_32-1;4;4-M2U60-0.135IP-Q2.7_001.10sec.fsa,FGA,R,OL,219.73,7,19,220.9,23,OL,221.8,13,19.2,222.51,8,21,229.01,195,22,232.99,21,23,237.08,30,OL,242.16,8,24.2,243.47,10,25,245.62,8,25.2,247.21,8,27,253.49,32,OL,276.83,8,OL,285.42,9,OL,286.34,7,OL,290.83,6,OL,307.73,38,42.2,315.79,9,OL,318.59,9,OL,325.28,5,OL,334.38,9,OL,337.29,9,OL,339.72,12,OL,342.69,10,,,,,,,,,,,,,,,,,,,,,,,,,,,,,,,,,,,,,,,,,,,,,,,,,,,,,,,,,,,,,,,,,,,,,,,,,,,,,,,,,,,,,,,,,,,,,,,,,,,,,,,,,,,,,,,,,,,,,,,,,,,,,,,,,,,,,,,,,,,,,,,,,,,,,,,,,,,,,,,,,,,,,,,,,,,,,,,,,,,,,,,,,,,,,,,,,,,,,,,,,,,,,,,,,,,,,,,,,,,,,,,,,,,,
B05_RD14-0003-46_47_48-1;1;1-M4U15-0.045IP-Q1.1_002.10sec.fsa,D8S1179,B,OL,115.95,5,8,121.17,6,OL,124.68,6,11,133.59,89,12,137.58,9,OL,140.23,5,13,141.92,172,14,146.01,175,OL,148.02,2,OL,151.58,5,16,154.07,4,OL,166.09,4,19,167.01,3,OL,174.81,2,,,,,,,,,,,,,,,,,,,,,,,,,,,,,,,,,,,,,,,,,,,,,,,,,,,,,,,,,,,,,,,,,,,,,,,,,,,,,,,,,,,,,,,,,,,,,,,,,,,,,,,,,,,,,,,,,,,,,,,,,,,,,,,,,,,,,,,,,,,,,,,,,,,,,,,,,,,,,,,,,,,,,,,,,,,,,,,,,,,,,,,,,,,,,,,,,,,,,,,,,,,,,,,,,,,,,,,,,,,,,,,,,,,,,,,,,,,,,,,,,,,,,,,,,,,,,,,,,,
B05_RD14-0003-46_47_48-1;1;1-M4U15-0.045IP-Q1.1_002.10sec.fsa,D21S11,B,OL,187.37,5,27,194.51,33,27.2,196.24,2,28,198.59,12,29,202.53,53,30,206.7,14,30.2,208.4,17,31,210.5,78,31.2,212.52,74,OL,214,6,32.2,216.56,39,36,231.24,8,OL,235.73,3,,,,,,,,,,,,,,,,,,,,,,,,,,,,,,,,,,,,,,,,,,,,,,,,,,,,,,,,,,,,,,,,,,,,,,,,,,,,,,,,,,,,,,,,,,,,,,,,,,,,,,,,,,,,,,,,,,,,,,,,,,,,,,,,,,,,,,,,,,,,,,,,,,,,,,,,,,,,,,,,,,,,,,,,,,,,,,,,,,,,,,,,,,,,,,,,,,,,,,,,,,,,,,,,,,,,,,,,,,,,,,,,,,,,,,,,,,,,,,,,,,,,,,,,,,,,,,,,,,,,,
B05_RD14-0003-46_47_48-1;1;1-M4U15-0.045IP-Q1.1_002.10sec.fsa,D7S820,B,5.2,252.2,3,8,261.9,23,9,266.03,25,10,270.17,46,11,273.6,5,11,274.48,4,OL,276.08,4,12,278.4,5,OL,281.43,5,OL,287.06,4,OL,287.69,2,,,,,,,,,,,,,,,,,,,,,,,,,,,,,,,,,,,,,,,,,,,,,,,,,,,,,,,,,,,,,,,,,,,,,,,,,,,,,,,,,,,,,,,,,,,,,,,,,,,,,,,,,,,,,,,,,,,,,,,,,,,,,,,,,,,,,,,,,,,,,,,,,,,,,,,,,,,,,,,,,,,,,,,,,,,,,,,,,,,,,,,,,,,,,,,,,,,,,,,,,,,,,,,,,,,,,,,,,,,,,,,,,,,,,,,,,,,,,,,,,,,,,,,,,,,,,,,,,,,,,,,,,,,
B05_RD14-0003-46_47_48-1;1;1-M4U15-0.045IP-Q1.1_002.10sec.fsa,CSF1PO,B,8,310.09,6,9,314.09,7,OL,316.56,2,10,318.71,110,OL,320,5,11,322.82,47,12,326.86,92,OL,334.23,2,15,338.87,5,,,,,,,,,,,,,,,,,,,,,,,,,,,,,,,,,,,,,,,,,,,,,,,,,,,,,,,,,,,,,,,,,,,,,,,,,,,,,,,,,,,,,,,,,,,,,,,,,,,,,,,,,,,,,,,,,,,,,,,,,,,,,,,,,,,,,,,,,,,,,,,,,,,,,,,,,,,,,,,,,,,,,,,,,,,,,,,,,,,,,,,,,,,,,,,,,,,,,,,,,,,,,,,,,,,,,,,,,,,,,,,,,,,,,,,,,,,,,,,,,,,,,,,,,,,,,,,,,,,,,,,,,,,,,,,,,
B05_RD14-0003-46_47_48-1;1;1-M4U15-0.045IP-Q1.1_002.10sec.fsa,D3S1358,G,OL,100.38,9,OL,104.44,5,OL,105.04,5,OL,108.11,6,13,114.29,21,14,118.34,277,15,122.19,124,18,134.41,51,OL,140.38,4,OL,143.54,4,,,,,,,,,,,,,,,,,,,,,,,,,,,,,,,,,,,,,,,,,,,,,,,,,,,,,,,,,,,,,,,,,,,,,,,,,,,,,,,,,,,,,,,,,,,,,,,,,,,,,,,,,,,,,,,,,,,,,,,,,,,,,,,,,,,,,,,,,,,,,,,,,,,,,,,,,,,,,,,,,,,,,,,,,,,,,,,,,,,,,,,,,,,,,,,,,,,,,,,,,,,,,,,,,,,,,,,,,,,,,,,,,,,,,,,,,,,,,,,,,,,,,,,,,,,,,,,,,,,,,,,,,,,,,,
B05_RD14-0003-46_47_48-1;1;1-M4U15-0.045IP-Q1.1_002.10sec.fsa,TH01,G,6,168.56,100,7,172.5,137,9,180.63,107,10,184.55,8,OL,185.49,7,13.3,199.69,8,,,,,,,,,,,,,,,,,,,,,,,,,,,,,,,,,,,,,,,,,,,,,,,,,,,,,,,,,,,,,,,,,,,,,,,,,,,,,,,,,,,,,,,,,,,,,,,,,,,,,,,,,,,,,,,,,,,,,,,,,,,,,,,,,,,,,,,,,,,,,,,,,,,,,,,,,,,,,,,,,,,,,,,,,,,,,,,,,,,,,,,,,,,,,,,,,,,,,,,,,,,,,,,,,,,,,,,,,,,,,,,,,,,,,,,,,,,,,,,,,,,,,,,,,,,,,,,,,,,,,,,,,,,,,,,,,,,,,,,,,,
B05_RD14-0003-46_47_48-1;1;1-M4U15-0.045IP-Q1.1_002.10sec.fsa,D13S317,G,OL,204.77,7,OL,217.28,6,10,223.14,9,11,227.22,63,12,231.24,472,14,239.37,6,15,243.02,4,OL,244.89,4,,,,,,,,,,,,,,,,,,,,,,,,,,,,,,,,,,,,,,,,,,,,,,,,,,,,,,,,,,,,,,,,,,,,,,,,,,,,,,,,,,,,,,,,,,,,,,,,,,,,,,,,,,,,,,,,,,,,,,,,,,,,,,,,,,,,,,,,,,,,,,,,,,,,,,,,,,,,,,,,,,,,,,,,,,,,,,,,,,,,,,,,,,,,,,,,,,,,,,,,,,,,,,,,,,,,,,,,,,,,,,,,,,,,,,,,,,,,,,,,,,,,,,,,,,,,,,,,,,,,,,,,,,,,,,,,,,,,
B05_RD14-0003-46_47_48-1;1;1-M4U15-0.045IP-Q1.1_002.10sec.fsa,D16S539,G,8,263.25,9,OL,265.48,9,9,267.23,42,10,271.05,11,11,275.28,87,12,279.2,90,13,283.17,84,,,,,,,,,,,,,,,,,,,,,,,,,,,,,,,,,,,,,,,,,,,,,,,,,,,,,,,,,,,,,,,,,,,,,,,,,,,,,,,,,,,,,,,,,,,,,,,,,,,,,,,,,,,,,,,,,,,,,,,,,,,,,,,,,,,,,,,,,,,,,,,,,,,,,,,,,,,,,,,,,,,,,,,,,,,,,,,,,,,,,,,,,,,,,,,,,,,,,,,,,,,,,,,,,,,,,,,,,,,,,,,,,,,,,,,,,,,,,,,,,,,,,,,,,,,,,,,,,,,,,,,,,,,,,,,,,,,,,,,
B05_RD14-0003-46_47_48-1;1;1-M4U15-0.045IP-Q1.1_002.10sec.fsa,D2S1338,G,OL,303.93,7,15,304.56,7,OL,305.51,6,17,312.53,24,OL,319.05,4,OL,323.48,5,24,341.16,67,25,345.15,80,29,361.82,5,OL,364.3,5,,,,,,,,,,,,,,,,,,,,,,,,,,,,,,,,,,,,,,,,,,,,,,,,,,,,,,,,,,,,,,,,,,,,,,,,,,,,,,,,,,,,,,,,,,,,,,,,,,,,,,,,,,,,,,,,,,,,,,,,,,,,,,,,,,,,,,,,,,,,,,,,,,,,,,,,,,,,,,,,,,,,,,,,,,,,,,,,,,,,,,,,,,,,,,,,,,,,,,,,,,,,,,,,,,,,,,,,,,,,,,,,,,,,,,,,,,,,,,,,,,,,,,,,,,,,,,,,,,,,,,,,,,,,,,
B05_RD14-0003-46_47_48-1;1;1-M4U15-0.045IP-Q1.1_002.10sec.fsa,D19S433,Y,12,112.07,10,13,116.17,77,13.2,117.98,18,14,120.07,28,14.2,122.04,167,15,124.02,43,OL,128.74,5,18.2,138.33,7,OL,140.08,7,,,,,,,,,,,,,,,,,,,,,,,,,,,,,,,,,,,,,,,,,,,,,,,,,,,,,,,,,,,,,,,,,,,,,,,,,,,,,,,,,,,,,,,,,,,,,,,,,,,,,,,,,,,,,,,,,,,,,,,,,,,,,,,,,,,,,,,,,,,,,,,,,,,,,,,,,,,,,,,,,,,,,,,,,,,,,,,,,,,,,,,,,,,,,,,,,,,,,,,,,,,,,,,,,,,,,,,,,,,,,,,,,,,,,,,,,,,,,,,,,,,,,,,,,,,,,,,,,,,,,,,,,,,,,,,,,
B05_RD14-0003-46_47_48-1;1;1-M4U15-0.045IP-Q1.1_002.10sec.fsa,vWA,Y,15,168.25,12,16,172.19,137,17,176.28,86,OL,178.37,9,18,180.24,17,OL,189.33,6,21,192.31,7,OL,201.92,8,,,,,,,,,,,,,,,,,,,,,,,,,,,,,,,,,,,,,,,,,,,,,,,,,,,,,,,,,,,,,,,,,,,,,,,,,,,,,,,,,,,,,,,,,,,,,,,,,,,,,,,,,,,,,,,,,,,,,,,,,,,,,,,,,,,,,,,,,,,,,,,,,,,,,,,,,,,,,,,,,,,,,,,,,,,,,,,,,,,,,,,,,,,,,,,,,,,,,,,,,,,,,,,,,,,,,,,,,,,,,,,,,,,,,,,,,,,,,,,,,,,,,,,,,,,,,,,,,,,,,,,,,,,,,,,,,,,,
B05_RD14-0003-46_47_48-1;1;1-M4U15-0.045IP-Q1.1_002.10sec.fsa,TPOX,Y,OL,214.96,12,OL,216,9,OL,221.33,7,7,224.63,12,OL,225.97,5,OL,226.75,4,8,228.64,161,9,232.58,24,OL,233.84,9,10,236.44,23,13,248.54,6,OL,253.77,4,OL,256.11,11,,,,,,,,,,,,,,,,,,,,,,,,,,,,,,,,,,,,,,,,,,,,,,,,,,,,,,,,,,,,,,,,,,,,,,,,,,,,,,,,,,,,,,,,,,,,,,,,,,,,,,,,,,,,,,,,,,,,,,,,,,,,,,,,,,,,,,,,,,,,,,,,,,,,,,,,,,,,,,,,,,,,,,,,,,,,,,,,,,,,,,,,,,,,,,,,,,,,,,,,,,,,,,,,,,,,,,,,,,,,,,,,,,,,,,,,,,,,,,,,,,,,,,,,,,,,,,,,,,,,,
B05_RD14-0003-46_47_48-1;1;1-M4U15-0.045IP-Q1.1_002.10sec.fsa,D18S51,Y,OL,262.93,11,OL,266.67,6,10.2,275.12,11,12,280.95,16,OL,283.81,6,13,284.92,35,14.2,291.1,7,OL,296.27,10,OL,297.7,7,OL,302.27,10,OL,306.07,10,OL,316.14,7,21.2,318.8,6,21.2,319.57,6,22.2,323.23,7,,,,,,,,,,,,,,,,,,,,,,,,,,,,,,,,,,,,,,,,,,,,,,,,,,,,,,,,,,,,,,,,,,,,,,,,,,,,,,,,,,,,,,,,,,,,,,,,,,,,,,,,,,,,,,,,,,,,,,,,,,,,,,,,,,,,,,,,,,,,,,,,,,,,,,,,,,,,,,,,,,,,,,,,,,,,,,,,,,,,,,,,,,,,,,,,,,,,,,,,,,,,,,,,,,,,,,,,,,,,,,,,,,,,,,,,,,,,,,,,,,,,,,,,,,,,,,,
B05_RD14-0003-46_47_48-1;1;1-M4U15-0.045IP-Q1.1_002.10sec.fsa,AMEL,R,X,104.89,268,Y,110.8,268,,,,,,,,,,,,,,,,,,,,,,,,,,,,,,,,,,,,,,,,,,,,,,,,,,,,,,,,,,,,,,,,,,,,,,,,,,,,,,,,,,,,,,,,,,,,,,,,,,,,,,,,,,,,,,,,,,,,,,,,,,,,,,,,,,,,,,,,,,,,,,,,,,,,,,,,,,,,,,,,,,,,,,,,,,,,,,,,,,,,,,,,,,,,,,,,,,,,,,,,,,,,,,,,,,,,,,,,,,,,,,,,,,,,,,,,,,,,,,,,,,,,,,,,,,,,,,,,,,,,,,,,,,,,,,,,,,,,,,,,,,,,,,,,,,,,,,
B05_RD14-0003-46_47_48-1;1;1-M4U15-0.045IP-Q1.1_002.10sec.fsa,D5S818,R,OL,138.63,7,OL,142.77,9,11,148.87,73,12,152.98,121,13,157.03,28,14,161.23,36,,,,,,,,,,,,,,,,,,,,,,,,,,,,,,,,,,,,,,,,,,,,,,,,,,,,,,,,,,,,,,,,,,,,,,,,,,,,,,,,,,,,,,,,,,,,,,,,,,,,,,,,,,,,,,,,,,,,,,,,,,,,,,,,,,,,,,,,,,,,,,,,,,,,,,,,,,,,,,,,,,,,,,,,,,,,,,,,,,,,,,,,,,,,,,,,,,,,,,,,,,,,,,,,,,,,,,,,,,,,,,,,,,,,,,,,,,,,,,,,,,,,,,,,,,,,,,,,,,,,,,,,,,,,,,,,,,,,,,,,,,
B05_RD14-0003-46_47_48-1;1;1-M4U15-0.045IP-Q1.1_002.10sec.fsa,FGA,R,OL,217.76,10,OL,219.52,7,19.2,223.45,6,20,225.02,9,21,229.11,82,21.2,231.08,12,22,233.29,24,OL,234.63,6,OL,242.77,9,OL,244.4,10,25,245.46,16,OL,248.95,7,26.2,251.65,9,27,253.61,15,30.2,267.3,8,31.2,271.45,6,33.2,279.68,4,OL,289.2,5,OL,294.12,9,42.2,315.71,16,OL,317.34,9,44.2,324.14,5,47.2,336.68,5,OL,338.14,5,OL,341.08,8,OL,342.33,10,OL,347.4,7,,,,,,,,,,,,,,,,,,,,,,,,,,,,,,,,,,,,,,,,,,,,,,,,,,,,,,,,,,,,,,,,,,,,,,,,,,,,,,,,,,,,,,,,,,,,,,,,,,,,,,,,,,,,,,,,,,,,,,,,,,,,,,,,,,,,,,,,,,,,,,,,,,,,,,,,,,,,,,,,,,,,,,,,,,,,,,,,,,,,,,,,,,,,,,,,,,,,,,,,,,,,,,,,,,,,,,,,,,,
B06_RD14-0003-49_50_29-1;4;1-M2U15-0.378IP-Q0.9_002.10sec.fsa,D8S1179,B,OL,114.07,8,9,125.51,61,10,129.58,1325,OL,132.31,1,11,133.53,16,12,137.81,270,OL,140.22,3,13,141.92,255,14,146.07,78,15,150.23,977,OL,168.59,14,OL,172.34,11,OL,173.81,2,,,,,,,,,,,,,,,,,,,,,,,,,,,,,,,,,,,,,,,,,,,,,,,,,,,,,,,,,,,,,,,,,,,,,,,,,,,,,,,,,,,,,,,,,,,,,,,,,,,,,,,,,,,,,,,,,,,,,,,,,,,,,,,,,,,,,,,,,,,,,,,,,,,,,,,,,,,,,,,,,,,,,,,,,,,,,,,,,,,,,,,,,,,,,,,,,,,,,,,,,,,,,,,,,,,,,,,,,,,,,,,,,,,,,,,,,,,,,,,,,,,,,,,,,,,,,,,,,,,,,
B06_RD14-0003-49_50_29-1;4;1-M2U15-0.378IP-Q0.9_002.10sec.fsa,D21S11,B,OL,180.75,10,25.2,188.73,4,27,194.44,13,28,198.57,182,29,202.56,131,30.2,208.57,21,31,210.25,3,31.2,212.53,206,32,214.37,6,32.2,216.55,999,33.2,220.67,873,35,227.24,19,38,238.64,4,OL,239.92,8,OL,241.76,4,,,,,,,,,,,,,,,,,,,,,,,,,,,,,,,,,,,,,,,,,,,,,,,,,,,,,,,,,,,,,,,,,,,,,,,,,,,,,,,,,,,,,,,,,,,,,,,,,,,,,,,,,,,,,,,,,,,,,,,,,,,,,,,,,,,,,,,,,,,,,,,,,,,,,,,,,,,,,,,,,,,,,,,,,,,,,,,,,,,,,,,,,,,,,,,,,,,,,,,,,,,,,,,,,,,,,,,,,,,,,,,,,,,,,,,,,,,,,,,,,,,,,,,,,,,,,,,
B06_RD14-0003-49_50_29-1;4;1-M2U15-0.378IP-Q0.9_002.10sec.fsa,D7S820,B,OL,253.4,4,OL,256.71,2,7,258.02,14,8,262.01,331,9,265.97,128,10,269.93,10,OL,271.28,8,OL,272.18,4,11,273.91,10,OL,275.33,8,12,278.04,229,OL,282.93,12,OL,288.25,4,OL,291.24,3,,,,,,,,,,,,,,,,,,,,,,,,,,,,,,,,,,,,,,,,,,,,,,,,,,,,,,,,,,,,,,,,,,,,,,,,,,,,,,,,,,,,,,,,,,,,,,,,,,,,,,,,,,,,,,,,,,,,,,,,,,,,,,,,,,,,,,,,,,,,,,,,,,,,,,,,,,,,,,,,,,,,,,,,,,,,,,,,,,,,,,,,,,,,,,,,,,,,,,,,,,,,,,,,,,,,,,,,,,,,,,,,,,,,,,,,,,,,,,,,,,,,,,,,,,,,,,,,,,
B06_RD14-0003-49_50_29-1;4;1-M2U15-0.378IP-Q0.9_002.10sec.fsa,CSF1PO,B,5,298.5,6,OL,299.93,8,OL,312.55,7,9,314.48,73,10,318.62,313,11,322.8,609,12,326.82,53,13,330.82,722,14,335.31,4,15,338.49,6,OL,341.01,9,OL,344.58,5,,,,,,,,,,,,,,,,,,,,,,,,,,,,,,,,,,,,,,,,,,,,,,,,,,,,,,,,,,,,,,,,,,,,,,,,,,,,,,,,,,,,,,,,,,,,,,,,,,,,,,,,,,,,,,,,,,,,,,,,,,,,,,,,,,,,,,,,,,,,,,,,,,,,,,,,,,,,,,,,,,,,,,,,,,,,,,,,,,,,,,,,,,,,,,,,,,,,,,,,,,,,,,,,,,,,,,,,,,,,,,,,,,,,,,,,,,,,,,,,,,,,,,,,,,,,,,,,,,,,,,,,
B06_RD14-0003-49_50_29-1;4;1-M2U15-0.378IP-Q0.9_002.10sec.fsa,D3S1358,G,14,118.33,210,15,122.25,142,16,126.3,1950,17,130.44,2186,18,134.47,729,18.2,135.92,11,19,138.39,14,OL,139.56,13,20,142.22,8,OL,143.85,12,,,,,,,,,,,,,,,,,,,,,,,,,,,,,,,,,,,,,,,,,,,,,,,,,,,,,,,,,,,,,,,,,,,,,,,,,,,,,,,,,,,,,,,,,,,,,,,,,,,,,,,,,,,,,,,,,,,,,,,,,,,,,,,,,,,,,,,,,,,,,,,,,,,,,,,,,,,,,,,,,,,,,,,,,,,,,,,,,,,,,,,,,,,,,,,,,,,,,,,,,,,,,,,,,,,,,,,,,,,,,,,,,,,,,,,,,,,,,,,,,,,,,,,,,,,,,,,,,,,,,,,,,,,,,,
B06_RD14-0003-49_50_29-1;4;1-M2U15-0.378IP-Q0.9_002.10sec.fsa,TH01,G,4,160.59,5,OL,163.01,12,5,164.33,28,6,168.44,1983,7,172.49,1088,8,176.54,212,9,180.6,758,13,196.92,6,,,,,,,,,,,,,,,,,,,,,,,,,,,,,,,,,,,,,,,,,,,,,,,,,,,,,,,,,,,,,,,,,,,,,,,,,,,,,,,,,,,,,,,,,,,,,,,,,,,,,,,,,,,,,,,,,,,,,,,,,,,,,,,,,,,,,,,,,,,,,,,,,,,,,,,,,,,,,,,,,,,,,,,,,,,,,,,,,,,,,,,,,,,,,,,,,,,,,,,,,,,,,,,,,,,,,,,,,,,,,,,,,,,,,,,,,,,,,,,,,,,,,,,,,,,,,,,,,,,,,,,,,,,,,,,,,,,,
B06_RD14-0003-49_50_29-1;4;1-M2U15-0.378IP-Q0.9_002.10sec.fsa,D13S317,G,OL,205.41,8,OL,206.15,10,7,210.69,8,OL,214.15,7,OL,217.67,14,9,219.4,16,10,223.13,48,11,227.16,1106,12,231.21,1391,13,235.26,267,OL,241.46,5,OL,244.06,4,,,,,,,,,,,,,,,,,,,,,,,,,,,,,,,,,,,,,,,,,,,,,,,,,,,,,,,,,,,,,,,,,,,,,,,,,,,,,,,,,,,,,,,,,,,,,,,,,,,,,,,,,,,,,,,,,,,,,,,,,,,,,,,,,,,,,,,,,,,,,,,,,,,,,,,,,,,,,,,,,,,,,,,,,,,,,,,,,,,,,,,,,,,,,,,,,,,,,,,,,,,,,,,,,,,,,,,,,,,,,,,,,,,,,,,,,,,,,,,,,,,,,,,,,,,,,,,,,,,,,,,,
B06_RD14-0003-49_50_29-1;4;1-M2U15-0.378IP-Q0.9_002.10sec.fsa,D16S539,G,6,255.9,7,OL,264.55,8,9,267.31,22,10,271.21,308,11,275.18,495,12,279.17,820,13,283.08,760,14,286.9,6,,,,,,,,,,,,,,,,,,,,,,,,,,,,,,,,,,,,,,,,,,,,,,,,,,,,,,,,,,,,,,,,,,,,,,,,,,,,,,,,,,,,,,,,,,,,,,,,,,,,,,,,,,,,,,,,,,,,,,,,,,,,,,,,,,,,,,,,,,,,,,,,,,,,,,,,,,,,,,,,,,,,,,,,,,,,,,,,,,,,,,,,,,,,,,,,,,,,,,,,,,,,,,,,,,,,,,,,,,,,,,,,,,,,,,,,,,,,,,,,,,,,,,,,,,,,,,,,,,,,,,,,,,,,,,,,,,,,
B06_RD14-0003-49_50_29-1;4;1-M2U15-0.378IP-Q0.9_002.10sec.fsa,D2S1338,G,OL,302.77,7,OL,305.49,5,16,308.47,20,17,312.55,356,OL,315.94,6,19,320.62,10,20,325.05,53,21,329.05,715,22,333.11,618,23,337.06,206,24,341.01,151,,,,,,,,,,,,,,,,,,,,,,,,,,,,,,,,,,,,,,,,,,,,,,,,,,,,,,,,,,,,,,,,,,,,,,,,,,,,,,,,,,,,,,,,,,,,,,,,,,,,,,,,,,,,,,,,,,,,,,,,,,,,,,,,,,,,,,,,,,,,,,,,,,,,,,,,,,,,,,,,,,,,,,,,,,,,,,,,,,,,,,,,,,,,,,,,,,,,,,,,,,,,,,,,,,,,,,,,,,,,,,,,,,,,,,,,,,,,,,,,,,,,,,,,,,,,,,,,,,,,,,,,,,,
B06_RD14-0003-49_50_29-1;4;1-M2U15-0.378IP-Q0.9_002.10sec.fsa,D19S433,Y,OL,97.2,10,OL,97.71,8,10,103.78,44,11,108.04,818,OL,109.27,16,12,112.07,1613,13,116.1,336,OL,117.21,16,14,120,262,15,123.95,144,OL,135.05,12,,,,,,,,,,,,,,,,,,,,,,,,,,,,,,,,,,,,,,,,,,,,,,,,,,,,,,,,,,,,,,,,,,,,,,,,,,,,,,,,,,,,,,,,,,,,,,,,,,,,,,,,,,,,,,,,,,,,,,,,,,,,,,,,,,,,,,,,,,,,,,,,,,,,,,,,,,,,,,,,,,,,,,,,,,,,,,,,,,,,,,,,,,,,,,,,,,,,,,,,,,,,,,,,,,,,,,,,,,,,,,,,,,,,,,,,,,,,,,,,,,,,,,,,,,,,,,,,,,,,,,,,,,,
B06_RD14-0003-49_50_29-1;4;1-M2U15-0.378IP-Q0.9_002.10sec.fsa,vWA,Y,13,160.15,8,14,163.96,76,15,168,1285,OL,169.32,13,16,172.12,50,17,176.09,687,18,180.15,1599,19,184.29,273,,,,,,,,,,,,,,,,,,,,,,,,,,,,,,,,,,,,,,,,,,,,,,,,,,,,,,,,,,,,,,,,,,,,,,,,,,,,,,,,,,,,,,,,,,,,,,,,,,,,,,,,,,,,,,,,,,,,,,,,,,,,,,,,,,,,,,,,,,,,,,,,,,,,,,,,,,,,,,,,,,,,,,,,,,,,,,,,,,,,,,,,,,,,,,,,,,,,,,,,,,,,,,,,,,,,,,,,,,,,,,,,,,,,,,,,,,,,,,,,,,,,,,,,,,,,,,,,,,,,,,,,,,,,,,,,,,,,
B06_RD14-0003-49_50_29-1;4;1-M2U15-0.378IP-Q0.9_002.10sec.fsa,TPOX,Y,6,220.67,28,OL,222.91,8,7,224.62,603,8,228.66,17,8,229.18,17,OL,230.08,13,OL,233.76,13,10,236.69,270,11,240.69,1083,OL,246.05,11,OL,253.62,8,,,,,,,,,,,,,,,,,,,,,,,,,,,,,,,,,,,,,,,,,,,,,,,,,,,,,,,,,,,,,,,,,,,,,,,,,,,,,,,,,,,,,,,,,,,,,,,,,,,,,,,,,,,,,,,,,,,,,,,,,,,,,,,,,,,,,,,,,,,,,,,,,,,,,,,,,,,,,,,,,,,,,,,,,,,,,,,,,,,,,,,,,,,,,,,,,,,,,,,,,,,,,,,,,,,,,,,,,,,,,,,,,,,,,,,,,,,,,,,,,,,,,,,,,,,,,,,,,,,,,,,,,,,
B06_RD14-0003-49_50_29-1;4;1-M2U15-0.378IP-Q0.9_002.10sec.fsa,D18S51,Y,OL,263.13,13,OL,274.13,9,OL,276.16,13,12,280.9,138,13,284.95,111,14,289.07,134,14.2,290.65,10,15,292.97,28,16,297.01,384,17,301.02,92,17.2,303.13,8,18,305.27,9,19,308.99,20,20,313.01,192,21,317.07,7,22,321.56,8,OL,324.58,9,23.2,327.9,10,OL,330.82,22,OL,332.19,19,OL,336.83,8,27,341.63,6,,,,,,,,,,,,,,,,,,,,,,,,,,,,,,,,,,,,,,,,,,,,,,,,,,,,,,,,,,,,,,,,,,,,,,,,,,,,,,,,,,,,,,,,,,,,,,,,,,,,,,,,,,,,,,,,,,,,,,,,,,,,,,,,,,,,,,,,,,,,,,,,,,,,,,,,,,,,,,,,,,,,,,,,,,,,,,,,,,,,,,,,,,,,,,,,,,,,,,,,,,,,,,,,,,,,,,,,,,,,,,,,,,,,,,,,,,
B06_RD14-0003-49_50_29-1;4;1-M2U15-0.378IP-Q0.9_002.10sec.fsa,AMEL,R,X,104.86,1452,Y,110.77,1146,,,,,,,,,,,,,,,,,,,,,,,,,,,,,,,,,,,,,,,,,,,,,,,,,,,,,,,,,,,,,,,,,,,,,,,,,,,,,,,,,,,,,,,,,,,,,,,,,,,,,,,,,,,,,,,,,,,,,,,,,,,,,,,,,,,,,,,,,,,,,,,,,,,,,,,,,,,,,,,,,,,,,,,,,,,,,,,,,,,,,,,,,,,,,,,,,,,,,,,,,,,,,,,,,,,,,,,,,,,,,,,,,,,,,,,,,,,,,,,,,,,,,,,,,,,,,,,,,,,,,,,,,,,,,,,,,,,,,,,,,,,,,,,,,,,,,,
B06_RD14-0003-49_50_29-1;4;1-M2U15-0.378IP-Q0.9_002.10sec.fsa,D5S818,R,OL,131.16,10,OL,135.85,11,10,144.74,88,11,148.82,1681,12,152.98,222,13,157.08,605,OL,160.59,9,OL,166.75,7,17,173.3,9,OL,176.98,14,,,,,,,,,,,,,,,,,,,,,,,,,,,,,,,,,,,,,,,,,,,,,,,,,,,,,,,,,,,,,,,,,,,,,,,,,,,,,,,,,,,,,,,,,,,,,,,,,,,,,,,,,,,,,,,,,,,,,,,,,,,,,,,,,,,,,,,,,,,,,,,,,,,,,,,,,,,,,,,,,,,,,,,,,,,,,,,,,,,,,,,,,,,,,,,,,,,,,,,,,,,,,,,,,,,,,,,,,,,,,,,,,,,,,,,,,,,,,,,,,,,,,,,,,,,,,,,,,,,,,,,,,,,,,,
B06_RD14-0003-49_50_29-1;4;1-M2U15-0.378IP-Q0.9_002.10sec.fsa,FGA,R,OL,209.96,4,18,216.77,40,19,220.89,753,22,233.16,17,23,237.21,203,24,241.38,224,OL,248.41,9,26,249.32,8,OL,284.35,12,OL,303.5,10,OL,308.47,8,OL,312.32,6,OL,314,11,OL,320.94,9,OL,321.87,13,46.2,332.88,12,47.2,336.6,7,OL,342.1,10,OL,348.16,6,OL,351.58,5,,,,,,,,,,,,,,,,,,,,,,,,,,,,,,,,,,,,,,,,,,,,,,,,,,,,,,,,,,,,,,,,,,,,,,,,,,,,,,,,,,,,,,,,,,,,,,,,,,,,,,,,,,,,,,,,,,,,,,,,,,,,,,,,,,,,,,,,,,,,,,,,,,,,,,,,,,,,,,,,,,,,,,,,,,,,,,,,,,,,,,,,,,,,,,,,,,,,,,,,,,,,,,,,,,,,,,,,,,,,,,,,,,,,,,,,,,,,,,,,
B07_RD14-0003-49_50_29-1;4;1-M3U105-0.09IP-Q6.1_002.10sec.fsa,D8S1179,B,10,129.52,76,OL,133.07,5,13,141.87,32,OL,149.24,4,15,150.06,13,,,,,,,,,,,,,,,,,,,,,,,,,,,,,,,,,,,,,,,,,,,,,,,,,,,,,,,,,,,,,,,,,,,,,,,,,,,,,,,,,,,,,,,,,,,,,,,,,,,,,,,,,,,,,,,,,,,,,,,,,,,,,,,,,,,,,,,,,,,,,,,,,,,,,,,,,,,,,,,,,,,,,,,,,,,,,,,,,,,,,,,,,,,,,,,,,,,,,,,,,,,,,,,,,,,,,,,,,,,,,,,,,,,,,,,,,,,,,,,,,,,,,,,,,,,,,,,,,,,,,,,,,,,,,,,,,,,,,,,,,,,,,
B07_RD14-0003-49_50_29-1;4;1-M3U105-0.09IP-Q6.1_002.10sec.fsa,D21S11,B,OL,185.03,9,28,198.57,30,28.2,200.66,3,29,202.73,14,OL,205.72,5,OL,213.92,6,32.2,216.65,61,33.2,220.76,41,36.2,232.39,8,37,234.69,4,38,238.71,6,,,,,,,,,,,,,,,,,,,,,,,,,,,,,,,,,,,,,,,,,,,,,,,,,,,,,,,,,,,,,,,,,,,,,,,,,,,,,,,,,,,,,,,,,,,,,,,,,,,,,,,,,,,,,,,,,,,,,,,,,,,,,,,,,,,,,,,,,,,,,,,,,,,,,,,,,,,,,,,,,,,,,,,,,,,,,,,,,,,,,,,,,,,,,,,,,,,,,,,,,,,,,,,,,,,,,,,,,,,,,,,,,,,,,,,,,,,,,,,,,,,,,,,,,,,,,,,,,,,,,,,,,,,
B07_RD14-0003-49_50_29-1;4;1-M3U105-0.09IP-Q6.1_002.10sec.fsa,D7S820,B,10,270.31,4,OL,279.91,6,OL,283.2,5,,,,,,,,,,,,,,,,,,,,,,,,,,,,,,,,,,,,,,,,,,,,,,,,,,,,,,,,,,,,,,,,,,,,,,,,,,,,,,,,,,,,,,,,,,,,,,,,,,,,,,,,,,,,,,,,,,,,,,,,,,,,,,,,,,,,,,,,,,,,,,,,,,,,,,,,,,,,,,,,,,,,,,,,,,,,,,,,,,,,,,,,,,,,,,,,,,,,,,,,,,,,,,,,,,,,,,,,,,,,,,,,,,,,,,,,,,,,,,,,,,,,,,,,,,,,,,,,,,,,,,,,,,,,,,,,,,,,,,,,,,,,,,,,,,,
B07_RD14-0003-49_50_29-1;4;1-M3U105-0.09IP-Q6.1_002.10sec.fsa,CSF1PO,B,OL,313.91,9,OL,315.59,7,10,318.78,33,11,322.91,17,OL,324.36,6,13,330.95,16,OL,337.23,4,OL,340.28,6,,,,,,,,,,,,,,,,,,,,,,,,,,,,,,,,,,,,,,,,,,,,,,,,,,,,,,,,,,,,,,,,,,,,,,,,,,,,,,,,,,,,,,,,,,,,,,,,,,,,,,,,,,,,,,,,,,,,,,,,,,,,,,,,,,,,,,,,,,,,,,,,,,,,,,,,,,,,,,,,,,,,,,,,,,,,,,,,,,,,,,,,,,,,,,,,,,,,,,,,,,,,,,,,,,,,,,,,,,,,,,,,,,,,,,,,,,,,,,,,,,,,,,,,,,,,,,,,,,,,,,,,,,,,,,,,,,,,
B07_RD14-0003-49_50_29-1;4;1-M3U105-0.09IP-Q6.1_002.10sec.fsa,D3S1358,G,OL,110.81,7,14,118.25,21,16,126.25,130,17,130.39,210,18,134.41,150,19,138.72,10,20,141.87,10,,,,,,,,,,,,,,,,,,,,,,,,,,,,,,,,,,,,,,,,,,,,,,,,,,,,,,,,,,,,,,,,,,,,,,,,,,,,,,,,,,,,,,,,,,,,,,,,,,,,,,,,,,,,,,,,,,,,,,,,,,,,,,,,,,,,,,,,,,,,,,,,,,,,,,,,,,,,,,,,,,,,,,,,,,,,,,,,,,,,,,,,,,,,,,,,,,,,,,,,,,,,,,,,,,,,,,,,,,,,,,,,,,,,,,,,,,,,,,,,,,,,,,,,,,,,,,,,,,,,,,,,,,,,,,,,,,,,,,,
B07_RD14-0003-49_50_29-1;4;1-M3U105-0.09IP-Q6.1_002.10sec.fsa,TH01,G,OL,159.42,14,OL,166.31,8,6,168.53,245,7,172.65,160,OL,174.13,7,8,176.61,82,9,180.67,56,OL,190.74,3,,,,,,,,,,,,,,,,,,,,,,,,,,,,,,,,,,,,,,,,,,,,,,,,,,,,,,,,,,,,,,,,,,,,,,,,,,,,,,,,,,,,,,,,,,,,,,,,,,,,,,,,,,,,,,,,,,,,,,,,,,,,,,,,,,,,,,,,,,,,,,,,,,,,,,,,,,,,,,,,,,,,,,,,,,,,,,,,,,,,,,,,,,,,,,,,,,,,,,,,,,,,,,,,,,,,,,,,,,,,,,,,,,,,,,,,,,,,,,,,,,,,,,,,,,,,,,,,,,,,,,,,,,,,,,,,,,,,
B07_RD14-0003-49_50_29-1;4;1-M3U105-0.09IP-Q6.1_002.10sec.fsa,D13S317,G,OL,208.06,4,7,210.9,4,OL,224.32,11,OL,240.88,3,OL,242.55,8,,,,,,,,,,,,,,,,,,,,,,,,,,,,,,,,,,,,,,,,,,,,,,,,,,,,,,,,,,,,,,,,,,,,,,,,,,,,,,,,,,,,,,,,,,,,,,,,,,,,,,,,,,,,,,,,,,,,,,,,,,,,,,,,,,,,,,,,,,,,,,,,,,,,,,,,,,,,,,,,,,,,,,,,,,,,,,,,,,,,,,,,,,,,,,,,,,,,,,,,,,,,,,,,,,,,,,,,,,,,,,,,,,,,,,,,,,,,,,,,,,,,,,,,,,,,,,,,,,,,,,,,,,,,,,,,,,,,,,,,,,,,,
B07_RD14-0003-49_50_29-1;4;1-M3U105-0.09IP-Q6.1_002.10sec.fsa,D16S539,G,OL,261.99,6,OL,266.06,8,OL,267.96,8,OL,272.75,8,11,275.36,23,12,279.39,29,OL,280.69,5,OL,292.28,7,,,,,,,,,,,,,,,,,,,,,,,,,,,,,,,,,,,,,,,,,,,,,,,,,,,,,,,,,,,,,,,,,,,,,,,,,,,,,,,,,,,,,,,,,,,,,,,,,,,,,,,,,,,,,,,,,,,,,,,,,,,,,,,,,,,,,,,,,,,,,,,,,,,,,,,,,,,,,,,,,,,,,,,,,,,,,,,,,,,,,,,,,,,,,,,,,,,,,,,,,,,,,,,,,,,,,,,,,,,,,,,,,,,,,,,,,,,,,,,,,,,,,,,,,,,,,,,,,,,,,,,,,,,,,,,,,,,,
B07_RD14-0003-49_50_29-1;4;1-M3U105-0.09IP-Q6.1_002.10sec.fsa,D2S1338,G,15,305.16,6,OL,310.87,5,17,312.92,9,OL,314,8,OL,318.59,9,OL,322.64,9,OL,329.96,6,OL,335.71,6,OL,345.97,7,OL,346.89,4,OL,365.39,7,,,,,,,,,,,,,,,,,,,,,,,,,,,,,,,,,,,,,,,,,,,,,,,,,,,,,,,,,,,,,,,,,,,,,,,,,,,,,,,,,,,,,,,,,,,,,,,,,,,,,,,,,,,,,,,,,,,,,,,,,,,,,,,,,,,,,,,,,,,,,,,,,,,,,,,,,,,,,,,,,,,,,,,,,,,,,,,,,,,,,,,,,,,,,,,,,,,,,,,,,,,,,,,,,,,,,,,,,,,,,,,,,,,,,,,,,,,,,,,,,,,,,,,,,,,,,,,,,,,,,,,,,,,
B07_RD14-0003-49_50_29-1;4;1-M3U105-0.09IP-Q6.1_002.10sec.fsa,D19S433,Y,11,108.08,78,OL,109.48,8,12,112.13,24,OL,113.3,9,13,116.28,22,16,127.73,11,OL,137.2,13,18.2,137.76,15,,,,,,,,,,,,,,,,,,,,,,,,,,,,,,,,,,,,,,,,,,,,,,,,,,,,,,,,,,,,,,,,,,,,,,,,,,,,,,,,,,,,,,,,,,,,,,,,,,,,,,,,,,,,,,,,,,,,,,,,,,,,,,,,,,,,,,,,,,,,,,,,,,,,,,,,,,,,,,,,,,,,,,,,,,,,,,,,,,,,,,,,,,,,,,,,,,,,,,,,,,,,,,,,,,,,,,,,,,,,,,,,,,,,,,,,,,,,,,,,,,,,,,,,,,,,,,,,,,,,,,,,,,,,,,,,,,,,
B07_RD14-0003-49_50_29-1;4;1-M3U105-0.09IP-Q6.1_002.10sec.fsa,vWA,Y,14,164.26,15,15,168.21,28,17,176.61,14,18,180.34,39,OL,186.46,17,OL,191.75,13,23,200.41,8,,,,,,,,,,,,,,,,,,,,,,,,,,,,,,,,,,,,,,,,,,,,,,,,,,,,,,,,,,,,,,,,,,,,,,,,,,,,,,,,,,,,,,,,,,,,,,,,,,,,,,,,,,,,,,,,,,,,,,,,,,,,,,,,,,,,,,,,,,,,,,,,,,,,,,,,,,,,,,,,,,,,,,,,,,,,,,,,,,,,,,,,,,,,,,,,,,,,,,,,,,,,,,,,,,,,,,,,,,,,,,,,,,,,,,,,,,,,,,,,,,,,,,,,,,,,,,,,,,,,,,,,,,,,,,,,,,,,,,,
B07_RD14-0003-49_50_29-1;4;1-M3U105-0.09IP-Q6.1_002.10sec.fsa,TPOX,Y,OL,213.58,11,OL,216.05,4,7,224.74,49,9,232.31,10,OL,234.78,5,11,240.7,21,OL,244.22,9,OL,245.97,9,,,,,,,,,,,,,,,,,,,,,,,,,,,,,,,,,,,,,,,,,,,,,,,,,,,,,,,,,,,,,,,,,,,,,,,,,,,,,,,,,,,,,,,,,,,,,,,,,,,,,,,,,,,,,,,,,,,,,,,,,,,,,,,,,,,,,,,,,,,,,,,,,,,,,,,,,,,,,,,,,,,,,,,,,,,,,,,,,,,,,,,,,,,,,,,,,,,,,,,,,,,,,,,,,,,,,,,,,,,,,,,,,,,,,,,,,,,,,,,,,,,,,,,,,,,,,,,,,,,,,,,,,,,,,,,,,,,,
B07_RD14-0003-49_50_29-1;4;1-M3U105-0.09IP-Q6.1_002.10sec.fsa,D18S51,Y,OL,261.55,7,OL,270.05,8,10.2,275.19,6,OL,277.99,5,OL,293.76,6,OL,302.48,8,18,305.42,13,19,309.37,9,OL,322.45,15,23,325.81,5,OL,340.37,16,,,,,,,,,,,,,,,,,,,,,,,,,,,,,,,,,,,,,,,,,,,,,,,,,,,,,,,,,,,,,,,,,,,,,,,,,,,,,,,,,,,,,,,,,,,,,,,,,,,,,,,,,,,,,,,,,,,,,,,,,,,,,,,,,,,,,,,,,,,,,,,,,,,,,,,,,,,,,,,,,,,,,,,,,,,,,,,,,,,,,,,,,,,,,,,,,,,,,,,,,,,,,,,,,,,,,,,,,,,,,,,,,,,,,,,,,,,,,,,,,,,,,,,,,,,,,,,,,,,,,,,,,,,
B07_RD14-0003-49_50_29-1;4;1-M3U105-0.09IP-Q6.1_002.10sec.fsa,AMEL,R,X,104.87,144,OL,107.22,7,Y,110.81,93,,,,,,,,,,,,,,,,,,,,,,,,,,,,,,,,,,,,,,,,,,,,,,,,,,,,,,,,,,,,,,,,,,,,,,,,,,,,,,,,,,,,,,,,,,,,,,,,,,,,,,,,,,,,,,,,,,,,,,,,,,,,,,,,,,,,,,,,,,,,,,,,,,,,,,,,,,,,,,,,,,,,,,,,,,,,,,,,,,,,,,,,,,,,,,,,,,,,,,,,,,,,,,,,,,,,,,,,,,,,,,,,,,,,,,,,,,,,,,,,,,,,,,,,,,,,,,,,,,,,,,,,,,,,,,,,,,,,,,,,,,,,,,,,,,,
B07_RD14-0003-49_50_29-1;4;1-M3U105-0.09IP-Q6.1_002.10sec.fsa,D5S818,R,OL,134.89,18,10,144.73,11,11,148.83,58,OL,149.65,11,OL,155.85,10,13,157.01,26,,,,,,,,,,,,,,,,,,,,,,,,,,,,,,,,,,,,,,,,,,,,,,,,,,,,,,,,,,,,,,,,,,,,,,,,,,,,,,,,,,,,,,,,,,,,,,,,,,,,,,,,,,,,,,,,,,,,,,,,,,,,,,,,,,,,,,,,,,,,,,,,,,,,,,,,,,,,,,,,,,,,,,,,,,,,,,,,,,,,,,,,,,,,,,,,,,,,,,,,,,,,,,,,,,,,,,,,,,,,,,,,,,,,,,,,,,,,,,,,,,,,,,,,,,,,,,,,,,,,,,,,,,,,,,,,,,,,,,,,,,
B07_RD14-0003-49_50_29-1;4;1-M3U105-0.09IP-Q6.1_002.10sec.fsa,FGA,R,OL,213.83,6,18.2,219.23,4,19.2,223.13,8,OL,224.06,8,OL,225.76,7,20.2,226.69,7,OL,234.35,5,24.2,243.52,6,26,249.48,10,27.2,255.35,10,31,269.79,7,OL,273.01,9,OL,287.35,4,OL,301.37,8,OL,305.16,7,OL,325.62,8,OL,327.79,8,OL,353.53,10,,,,,,,,,,,,,,,,,,,,,,,,,,,,,,,,,,,,,,,,,,,,,,,,,,,,,,,,,,,,,,,,,,,,,,,,,,,,,,,,,,,,,,,,,,,,,,,,,,,,,,,,,,,,,,,,,,,,,,,,,,,,,,,,,,,,,,,,,,,,,,,,,,,,,,,,,,,,,,,,,,,,,,,,,,,,,,,,,,,,,,,,,,,,,,,,,,,,,,,,,,,,,,,,,,,,,,,,,,,,,,,,,,,,,,,,,,,,,,,,,,,,,,
B08_RD14-0003-30_31_32-1;4;4-M1U105-0.567IP-Q0.8_002.10sec.fsa,D8S1179,B,OL,116.43,4,9,125.56,14,10,129.6,70,11,133.6,1051,12,137.8,1104,13,141.9,1899,14,146.06,981,15,150.07,24,16,154.36,199,OL,157.7,2,,,,,,,,,,,,,,,,,,,,,,,,,,,,,,,,,,,,,,,,,,,,,,,,,,,,,,,,,,,,,,,,,,,,,,,,,,,,,,,,,,,,,,,,,,,,,,,,,,,,,,,,,,,,,,,,,,,,,,,,,,,,,,,,,,,,,,,,,,,,,,,,,,,,,,,,,,,,,,,,,,,,,,,,,,,,,,,,,,,,,,,,,,,,,,,,,,,,,,,,,,,,,,,,,,,,,,,,,,,,,,,,,,,,,,,,,,,,,,,,,,,,,,,,,,,,,,,,,,,,,,,,,,,,,,
B08_RD14-0003-30_31_32-1;4;4-M1U105-0.567IP-Q0.8_002.10sec.fsa,D21S11,B,OL,187.14,4,27,194.64,7,28,198.75,118,29,202.7,1725,30,206.64,67,30.2,208.67,58,31,210.71,790,31.2,212.66,808,32.2,216.76,7,OL,221.99,3,34,222.99,3,OL,227.87,6,OL,231.4,18,38.2,241.3,4,,,,,,,,,,,,,,,,,,,,,,,,,,,,,,,,,,,,,,,,,,,,,,,,,,,,,,,,,,,,,,,,,,,,,,,,,,,,,,,,,,,,,,,,,,,,,,,,,,,,,,,,,,,,,,,,,,,,,,,,,,,,,,,,,,,,,,,,,,,,,,,,,,,,,,,,,,,,,,,,,,,,,,,,,,,,,,,,,,,,,,,,,,,,,,,,,,,,,,,,,,,,,,,,,,,,,,,,,,,,,,,,,,,,,,,,,,,,,,,,,,,,,,,,,,,,,,,,,,
B08_RD14-0003-30_31_32-1;4;4-M1U105-0.567IP-Q0.8_002.10sec.fsa,D7S820,B,OL,254.96,4,OL,259.82,4,8,262.1,86,9,266.3,4,10,270.15,59,11,274.1,1099,12,278.16,80,13,282.2,1137,14,285.96,9,15,289.81,4,,,,,,,,,,,,,,,,,,,,,,,,,,,,,,,,,,,,,,,,,,,,,,,,,,,,,,,,,,,,,,,,,,,,,,,,,,,,,,,,,,,,,,,,,,,,,,,,,,,,,,,,,,,,,,,,,,,,,,,,,,,,,,,,,,,,,,,,,,,,,,,,,,,,,,,,,,,,,,,,,,,,,,,,,,,,,,,,,,,,,,,,,,,,,,,,,,,,,,,,,,,,,,,,,,,,,,,,,,,,,,,,,,,,,,,,,,,,,,,,,,,,,,,,,,,,,,,,,,,,,,,,,,,,,,
B08_RD14-0003-30_31_32-1;4;4-M1U105-0.567IP-Q0.8_002.10sec.fsa,CSF1PO,B,5,298.35,5,OL,304.97,4,9,314.7,29,10,318.99,762,OL,321.25,15,11,323.07,1158,12,327.09,1538,13,331.17,60,OL,339.81,5,,,,,,,,,,,,,,,,,,,,,,,,,,,,,,,,,,,,,,,,,,,,,,,,,,,,,,,,,,,,,,,,,,,,,,,,,,,,,,,,,,,,,,,,,,,,,,,,,,,,,,,,,,,,,,,,,,,,,,,,,,,,,,,,,,,,,,,,,,,,,,,,,,,,,,,,,,,,,,,,,,,,,,,,,,,,,,,,,,,,,,,,,,,,,,,,,,,,,,,,,,,,,,,,,,,,,,,,,,,,,,,,,,,,,,,,,,,,,,,,,,,,,,,,,,,,,,,,,,,,,,,,,,,,,,,,,
B08_RD14-0003-30_31_32-1;4;4-M1U105-0.567IP-Q0.8_002.10sec.fsa,D3S1358,G,OL,111.92,7,13,114.24,35,14,118.22,298,OL,119.76,13,15,122.2,3480,16,126.38,2757,17,130.26,361,OL,140.86,4,20,141.99,12,OL,143.54,5,,,,,,,,,,,,,,,,,,,,,,,,,,,,,,,,,,,,,,,,,,,,,,,,,,,,,,,,,,,,,,,,,,,,,,,,,,,,,,,,,,,,,,,,,,,,,,,,,,,,,,,,,,,,,,,,,,,,,,,,,,,,,,,,,,,,,,,,,,,,,,,,,,,,,,,,,,,,,,,,,,,,,,,,,,,,,,,,,,,,,,,,,,,,,,,,,,,,,,,,,,,,,,,,,,,,,,,,,,,,,,,,,,,,,,,,,,,,,,,,,,,,,,,,,,,,,,,,,,,,,,,,,,,,,,
B08_RD14-0003-30_31_32-1;4;4-M1U105-0.567IP-Q0.8_002.10sec.fsa,TH01,G,OL,158.67,7,6,168.62,484,7,172.73,1860,8,176.75,39,9,180.8,1313,9.3,183.92,3479,,,,,,,,,,,,,,,,,,,,,,,,,,,,,,,,,,,,,,,,,,,,,,,,,,,,,,,,,,,,,,,,,,,,,,,,,,,,,,,,,,,,,,,,,,,,,,,,,,,,,,,,,,,,,,,,,,,,,,,,,,,,,,,,,,,,,,,,,,,,,,,,,,,,,,,,,,,,,,,,,,,,,,,,,,,,,,,,,,,,,,,,,,,,,,,,,,,,,,,,,,,,,,,,,,,,,,,,,,,,,,,,,,,,,,,,,,,,,,,,,,,,,,,,,,,,,,,,,,,,,,,,,,,,,,,,,,,,,,,,,,
B08_RD14-0003-30_31_32-1;4;4-M1U105-0.567IP-Q0.8_002.10sec.fsa,D13S317,G,OL,209.91,4,10,223.26,68,11,227.33,1476,12,231.31,3472,13,235.38,14,OL,244.08,7,,,,,,,,,,,,,,,,,,,,,,,,,,,,,,,,,,,,,,,,,,,,,,,,,,,,,,,,,,,,,,,,,,,,,,,,,,,,,,,,,,,,,,,,,,,,,,,,,,,,,,,,,,,,,,,,,,,,,,,,,,,,,,,,,,,,,,,,,,,,,,,,,,,,,,,,,,,,,,,,,,,,,,,,,,,,,,,,,,,,,,,,,,,,,,,,,,,,,,,,,,,,,,,,,,,,,,,,,,,,,,,,,,,,,,,,,,,,,,,,,,,,,,,,,,,,,,,,,,,,,,,,,,,,,,,,,,,,,,,,,,
B08_RD14-0003-30_31_32-1;4;4-M1U105-0.567IP-Q0.8_002.10sec.fsa,D16S539,G,5,251.72,13,OL,253.7,7,OL,261.73,6,9,267.31,76,10,271.35,1797,11,275.3,1486,12,279.35,1650,13,283.3,1335,14,287.43,11,,,,,,,,,,,,,,,,,,,,,,,,,,,,,,,,,,,,,,,,,,,,,,,,,,,,,,,,,,,,,,,,,,,,,,,,,,,,,,,,,,,,,,,,,,,,,,,,,,,,,,,,,,,,,,,,,,,,,,,,,,,,,,,,,,,,,,,,,,,,,,,,,,,,,,,,,,,,,,,,,,,,,,,,,,,,,,,,,,,,,,,,,,,,,,,,,,,,,,,,,,,,,,,,,,,,,,,,,,,,,,,,,,,,,,,,,,,,,,,,,,,,,,,,,,,,,,,,,,,,,,,,,,,,,,,,,
B08_RD14-0003-30_31_32-1;4;4-M1U105-0.567IP-Q0.8_002.10sec.fsa,D2S1338,G,OL,304.06,11,16,308.74,17,17,312.86,256,18,316.99,232,19,321.25,3331,21,329.37,71,22,333.34,849,25,345.2,5,OL,352.64,5,OL,354.96,7,,,,,,,,,,,,,,,,,,,,,,,,,,,,,,,,,,,,,,,,,,,,,,,,,,,,,,,,,,,,,,,,,,,,,,,,,,,,,,,,,,,,,,,,,,,,,,,,,,,,,,,,,,,,,,,,,,,,,,,,,,,,,,,,,,,,,,,,,,,,,,,,,,,,,,,,,,,,,,,,,,,,,,,,,,,,,,,,,,,,,,,,,,,,,,,,,,,,,,,,,,,,,,,,,,,,,,,,,,,,,,,,,,,,,,,,,,,,,,,,,,,,,,,,,,,,,,,,,,,,,,,,,,,,,,
B08_RD14-0003-30_31_32-1;4;4-M1U105-0.567IP-Q0.8_002.10sec.fsa,D19S433,Y,OL,96.22,6,10,104.01,50,11,108.18,753,12,112.34,202,12.2,114.32,220,13,116.35,1162,14,120.24,1168,14.2,122.2,70,15,124.24,91,15.2,126.46,61,16,128.19,1010,16.2,130.02,4,OL,135.36,8,OL,140.26,13,,,,,,,,,,,,,,,,,,,,,,,,,,,,,,,,,,,,,,,,,,,,,,,,,,,,,,,,,,,,,,,,,,,,,,,,,,,,,,,,,,,,,,,,,,,,,,,,,,,,,,,,,,,,,,,,,,,,,,,,,,,,,,,,,,,,,,,,,,,,,,,,,,,,,,,,,,,,,,,,,,,,,,,,,,,,,,,,,,,,,,,,,,,,,,,,,,,,,,,,,,,,,,,,,,,,,,,,,,,,,,,,,,,,,,,,,,,,,,,,,,,,,,,,,,,,,,,,,,
B08_RD14-0003-30_31_32-1;4;4-M1U105-0.567IP-Q0.8_002.10sec.fsa,vWA,Y,OL,150.85,10,13,160.26,14,14,164.09,100,OL,165.22,14,15,168.18,1496,16,172.2,827,17,176.23,196,18,180.27,2227,19,184.1,79,OL,190.53,7,OL,195.53,9,,,,,,,,,,,,,,,,,,,,,,,,,,,,,,,,,,,,,,,,,,,,,,,,,,,,,,,,,,,,,,,,,,,,,,,,,,,,,,,,,,,,,,,,,,,,,,,,,,,,,,,,,,,,,,,,,,,,,,,,,,,,,,,,,,,,,,,,,,,,,,,,,,,,,,,,,,,,,,,,,,,,,,,,,,,,,,,,,,,,,,,,,,,,,,,,,,,,,,,,,,,,,,,,,,,,,,,,,,,,,,,,,,,,,,,,,,,,,,,,,,,,,,,,,,,,,,,,,,,,,,,,,,,
B08_RD14-0003-30_31_32-1;4;4-M1U105-0.567IP-Q0.8_002.10sec.fsa,TPOX,Y,6,220.81,982,7,224.98,53,OL,227.15,23,8,228.87,2505,10,236.92,21,11,240.93,249,12,245.29,8,13,248.98,10,14,253.07,14,,,,,,,,,,,,,,,,,,,,,,,,,,,,,,,,,,,,,,,,,,,,,,,,,,,,,,,,,,,,,,,,,,,,,,,,,,,,,,,,,,,,,,,,,,,,,,,,,,,,,,,,,,,,,,,,,,,,,,,,,,,,,,,,,,,,,,,,,,,,,,,,,,,,,,,,,,,,,,,,,,,,,,,,,,,,,,,,,,,,,,,,,,,,,,,,,,,,,,,,,,,,,,,,,,,,,,,,,,,,,,,,,,,,,,,,,,,,,,,,,,,,,,,,,,,,,,,,,,,,,,,,,,,,,,,,,
B08_RD14-0003-30_31_32-1;4;4-M1U105-0.567IP-Q0.8_002.10sec.fsa,D18S51,Y,OL,263.83,8,11,277.05,35,12,281.1,676,13,285.13,60,14,289.08,1043,15,293.11,569,16,297.15,180,17,301.08,731,OL,307.82,8,19,309.39,10,20,312.86,10,OL,314,11,OL,344.05,7,,,,,,,,,,,,,,,,,,,,,,,,,,,,,,,,,,,,,,,,,,,,,,,,,,,,,,,,,,,,,,,,,,,,,,,,,,,,,,,,,,,,,,,,,,,,,,,,,,,,,,,,,,,,,,,,,,,,,,,,,,,,,,,,,,,,,,,,,,,,,,,,,,,,,,,,,,,,,,,,,,,,,,,,,,,,,,,,,,,,,,,,,,,,,,,,,,,,,,,,,,,,,,,,,,,,,,,,,,,,,,,,,,,,,,,,,,,,,,,,,,,,,,,,,,,,,,,,,,,,,
B08_RD14-0003-30_31_32-1;4;4-M1U105-0.567IP-Q0.8_002.10sec.fsa,AMEL,R,X,104.85,2690,Y,110.76,2345,,,,,,,,,,,,,,,,,,,,,,,,,,,,,,,,,,,,,,,,,,,,,,,,,,,,,,,,,,,,,,,,,,,,,,,,,,,,,,,,,,,,,,,,,,,,,,,,,,,,,,,,,,,,,,,,,,,,,,,,,,,,,,,,,,,,,,,,,,,,,,,,,,,,,,,,,,,,,,,,,,,,,,,,,,,,,,,,,,,,,,,,,,,,,,,,,,,,,,,,,,,,,,,,,,,,,,,,,,,,,,,,,,,,,,,,,,,,,,,,,,,,,,,,,,,,,,,,,,,,,,,,,,,,,,,,,,,,,,,,,,,,,,,,,,,,,,
B08_RD14-0003-30_31_32-1;4;4-M1U105-0.567IP-Q0.8_002.10sec.fsa,D5S818,R,6,128.69,11,OL,135.02,7,8,136.37,12,9,140.6,103,10,144.76,2265,11,148.85,811,OL,151.03,3,12,152.96,197,13,157.09,773,14,161.22,14,OL,165.92,10,OL,167.75,13,16,169.49,13,OL,170.54,8,,,,,,,,,,,,,,,,,,,,,,,,,,,,,,,,,,,,,,,,,,,,,,,,,,,,,,,,,,,,,,,,,,,,,,,,,,,,,,,,,,,,,,,,,,,,,,,,,,,,,,,,,,,,,,,,,,,,,,,,,,,,,,,,,,,,,,,,,,,,,,,,,,,,,,,,,,,,,,,,,,,,,,,,,,,,,,,,,,,,,,,,,,,,,,,,,,,,,,,,,,,,,,,,,,,,,,,,,,,,,,,,,,,,,,,,,,,,,,,,,,,,,,,,,,,,,,,,,,
B08_RD14-0003-30_31_32-1;4;4-M1U105-0.567IP-Q0.8_002.10sec.fsa,FGA,R,OL,206.82,7,OL,207.44,7,18,216.85,9,19,221,111,20,224.98,79,21,229.05,1387,22,233.12,202,23,237.19,489,25.2,247.14,6,26,249.45,52,27,253.52,734,27.2,255.96,7,28,257.57,11,OL,268.59,10,OL,272.54,15,32,273.28,19,OL,277.33,16,OL,280.27,14,OL,281.19,20,OL,289.63,6,OL,291.37,10,OL,293.94,10,OL,307.17,6,OL,315.29,20,OL,324.99,13,OL,330.51,10,,,,,,,,,,,,,,,,,,,,,,,,,,,,,,,,,,,,,,,,,,,,,,,,,,,,,,,,,,,,,,,,,,,,,,,,,,,,,,,,,,,,,,,,,,,,,,,,,,,,,,,,,,,,,,,,,,,,,,,,,,,,,,,,,,,,,,,,,,,,,,,,,,,,,,,,,,,,,,,,,,,,,,,,,,,,,,,,,,,,,,,,,,,,,,,,,,,,,,,,,,,,,,,,,,,,,,,,,,,,,,
C06_RD14-0003-49_50_29-1;4;1-M2U15-0.186IP-Q0.9_003.10sec.fsa,D8S1179,B,OL,119.86,6,8,121.68,5,OL,122.81,3,9,125.57,56,10,129.55,910,11,133.7,22,12,137.82,200,13,141.92,194,14,145.99,65,15,150.15,782,16,154.47,5,18,162.29,5,OL,168.33,10,OL,172.62,13,OL,177.93,3,,,,,,,,,,,,,,,,,,,,,,,,,,,,,,,,,,,,,,,,,,,,,,,,,,,,,,,,,,,,,,,,,,,,,,,,,,,,,,,,,,,,,,,,,,,,,,,,,,,,,,,,,,,,,,,,,,,,,,,,,,,,,,,,,,,,,,,,,,,,,,,,,,,,,,,,,,,,,,,,,,,,,,,,,,,,,,,,,,,,,,,,,,,,,,,,,,,,,,,,,,,,,,,,,,,,,,,,,,,,,,,,,,,,,,,,,,,,,,,,,,,,,,,,,,,,,,,
C06_RD14-0003-49_50_29-1;4;1-M2U15-0.186IP-Q0.9_003.10sec.fsa,D21S11,B,27,194.71,12,28,198.51,170,29,202.56,136,30.2,208.56,10,31.2,212.53,159,32.2,216.55,874,33.2,220.67,557,34.2,224.38,6,35,227.29,11,OL,231.32,24,38.2,240.85,4,,,,,,,,,,,,,,,,,,,,,,,,,,,,,,,,,,,,,,,,,,,,,,,,,,,,,,,,,,,,,,,,,,,,,,,,,,,,,,,,,,,,,,,,,,,,,,,,,,,,,,,,,,,,,,,,,,,,,,,,,,,,,,,,,,,,,,,,,,,,,,,,,,,,,,,,,,,,,,,,,,,,,,,,,,,,,,,,,,,,,,,,,,,,,,,,,,,,,,,,,,,,,,,,,,,,,,,,,,,,,,,,,,,,,,,,,,,,,,,,,,,,,,,,,,,,,,,,,,,,,,,,,,,
C06_RD14-0003-49_50_29-1;4;1-M2U15-0.186IP-Q0.9_003.10sec.fsa,D7S820,B,5,250.07,4,5.2,252.13,3,OL,255.35,5,7,257.89,8,8,261.94,223,9,266.04,40,OL,267.09,3,OL,270.98,6,OL,272.7,2,11,273.98,16,OL,275.33,6,12,278.04,282,OL,283.28,13,,,,,,,,,,,,,,,,,,,,,,,,,,,,,,,,,,,,,,,,,,,,,,,,,,,,,,,,,,,,,,,,,,,,,,,,,,,,,,,,,,,,,,,,,,,,,,,,,,,,,,,,,,,,,,,,,,,,,,,,,,,,,,,,,,,,,,,,,,,,,,,,,,,,,,,,,,,,,,,,,,,,,,,,,,,,,,,,,,,,,,,,,,,,,,,,,,,,,,,,,,,,,,,,,,,,,,,,,,,,,,,,,,,,,,,,,,,,,,,,,,,,,,,,,,,,,,,,,,,,,
C06_RD14-0003-49_50_29-1;4;1-M2U15-0.186IP-Q0.9_003.10sec.fsa,CSF1PO,B,6,302.26,4,9,314.48,87,10,318.63,222,OL,320.16,5,11,322.78,290,12,326.86,25,13,330.84,358,,,,,,,,,,,,,,,,,,,,,,,,,,,,,,,,,,,,,,,,,,,,,,,,,,,,,,,,,,,,,,,,,,,,,,,,,,,,,,,,,,,,,,,,,,,,,,,,,,,,,,,,,,,,,,,,,,,,,,,,,,,,,,,,,,,,,,,,,,,,,,,,,,,,,,,,,,,,,,,,,,,,,,,,,,,,,,,,,,,,,,,,,,,,,,,,,,,,,,,,,,,,,,,,,,,,,,,,,,,,,,,,,,,,,,,,,,,,,,,,,,,,,,,,,,,,,,,,,,,,,,,,,,,,,,,,,,,,,,,
C06_RD14-0003-49_50_29-1;4;1-M2U15-0.186IP-Q0.9_003.10sec.fsa,D3S1358,G,OL,96.26,5,13,114.35,23,14,118.33,328,OL,121.19,3,15,122.39,54,15.2,124.22,3,16,126.27,780,17,130.4,1348,18,134.42,522,,,,,,,,,,,,,,,,,,,,,,,,,,,,,,,,,,,,,,,,,,,,,,,,,,,,,,,,,,,,,,,,,,,,,,,,,,,,,,,,,,,,,,,,,,,,,,,,,,,,,,,,,,,,,,,,,,,,,,,,,,,,,,,,,,,,,,,,,,,,,,,,,,,,,,,,,,,,,,,,,,,,,,,,,,,,,,,,,,,,,,,,,,,,,,,,,,,,,,,,,,,,,,,,,,,,,,,,,,,,,,,,,,,,,,,,,,,,,,,,,,,,,,,,,,,,,,,,,,,,,,,,,,,,,,,,,
C06_RD14-0003-49_50_29-1;4;1-M2U15-0.186IP-Q0.9_003.10sec.fsa,TH01,G,OL,158.88,6,5,164.35,22,6,168.48,1213,7,172.54,917,8,176.6,178,9,180.6,385,OL,182.02,11,10,184.41,10,OL,191.06,6,12,193,8,OL,195.46,9,,,,,,,,,,,,,,,,,,,,,,,,,,,,,,,,,,,,,,,,,,,,,,,,,,,,,,,,,,,,,,,,,,,,,,,,,,,,,,,,,,,,,,,,,,,,,,,,,,,,,,,,,,,,,,,,,,,,,,,,,,,,,,,,,,,,,,,,,,,,,,,,,,,,,,,,,,,,,,,,,,,,,,,,,,,,,,,,,,,,,,,,,,,,,,,,,,,,,,,,,,,,,,,,,,,,,,,,,,,,,,,,,,,,,,,,,,,,,,,,,,,,,,,,,,,,,,,,,,,,,,,,,,,
C06_RD14-0003-49_50_29-1;4;1-M2U15-0.186IP-Q0.9_003.10sec.fsa,D13S317,G,OL,207.09,8,OL,213.26,5,8,215.2,8,OL,217.75,12,10,223.05,26,11,227.21,739,12,231.24,1167,13,235.2,145,OL,241.15,8,,,,,,,,,,,,,,,,,,,,,,,,,,,,,,,,,,,,,,,,,,,,,,,,,,,,,,,,,,,,,,,,,,,,,,,,,,,,,,,,,,,,,,,,,,,,,,,,,,,,,,,,,,,,,,,,,,,,,,,,,,,,,,,,,,,,,,,,,,,,,,,,,,,,,,,,,,,,,,,,,,,,,,,,,,,,,,,,,,,,,,,,,,,,,,,,,,,,,,,,,,,,,,,,,,,,,,,,,,,,,,,,,,,,,,,,,,,,,,,,,,,,,,,,,,,,,,,,,,,,,,,,,,,,,,,,,
C06_RD14-0003-49_50_29-1;4;1-M2U15-0.186IP-Q0.9_003.10sec.fsa,D16S539,G,OL,253.01,5,OL,253.89,3,OL,257.31,4,8,262.83,6,9,267.01,10,10,271.13,235,11,275.18,348,12,279.25,445,13,283.13,522,,,,,,,,,,,,,,,,,,,,,,,,,,,,,,,,,,,,,,,,,,,,,,,,,,,,,,,,,,,,,,,,,,,,,,,,,,,,,,,,,,,,,,,,,,,,,,,,,,,,,,,,,,,,,,,,,,,,,,,,,,,,,,,,,,,,,,,,,,,,,,,,,,,,,,,,,,,,,,,,,,,,,,,,,,,,,,,,,,,,,,,,,,,,,,,,,,,,,,,,,,,,,,,,,,,,,,,,,,,,,,,,,,,,,,,,,,,,,,,,,,,,,,,,,,,,,,,,,,,,,,,,,,,,,,,,,
C06_RD14-0003-49_50_29-1;4;1-M2U15-0.186IP-Q0.9_003.10sec.fsa,D2S1338,G,OL,309.45,7,17,312.63,184,20,325.02,30,21,329.08,403,22,333.05,316,23,337.21,47,24,340.77,19,OL,342.78,4,27,353.51,4,,,,,,,,,,,,,,,,,,,,,,,,,,,,,,,,,,,,,,,,,,,,,,,,,,,,,,,,,,,,,,,,,,,,,,,,,,,,,,,,,,,,,,,,,,,,,,,,,,,,,,,,,,,,,,,,,,,,,,,,,,,,,,,,,,,,,,,,,,,,,,,,,,,,,,,,,,,,,,,,,,,,,,,,,,,,,,,,,,,,,,,,,,,,,,,,,,,,,,,,,,,,,,,,,,,,,,,,,,,,,,,,,,,,,,,,,,,,,,,,,,,,,,,,,,,,,,,,,,,,,,,,,,,,,,,,,
C06_RD14-0003-49_50_29-1;4;1-M2U15-0.186IP-Q0.9_003.10sec.fsa,D19S433,Y,9,100.07,7,10,103.8,43,11,108.01,713,12,112.13,838,13,116.1,215,14,120.07,182,15,124.01,132,17,131.98,10,OL,133.06,9,OL,140.3,6,,,,,,,,,,,,,,,,,,,,,,,,,,,,,,,,,,,,,,,,,,,,,,,,,,,,,,,,,,,,,,,,,,,,,,,,,,,,,,,,,,,,,,,,,,,,,,,,,,,,,,,,,,,,,,,,,,,,,,,,,,,,,,,,,,,,,,,,,,,,,,,,,,,,,,,,,,,,,,,,,,,,,,,,,,,,,,,,,,,,,,,,,,,,,,,,,,,,,,,,,,,,,,,,,,,,,,,,,,,,,,,,,,,,,,,,,,,,,,,,,,,,,,,,,,,,,,,,,,,,,,,,,,,,,,
C06_RD14-0003-49_50_29-1;4;1-M2U15-0.186IP-Q0.9_003.10sec.fsa,vWA,Y,OL,148.59,10,11,151.48,6,OL,154.84,8,14,163.91,53,15,168.04,622,17,176.16,196,18,180.22,825,19,184.34,114,20,188.67,11,24,204.9,10,OL,205.63,7,,,,,,,,,,,,,,,,,,,,,,,,,,,,,,,,,,,,,,,,,,,,,,,,,,,,,,,,,,,,,,,,,,,,,,,,,,,,,,,,,,,,,,,,,,,,,,,,,,,,,,,,,,,,,,,,,,,,,,,,,,,,,,,,,,,,,,,,,,,,,,,,,,,,,,,,,,,,,,,,,,,,,,,,,,,,,,,,,,,,,,,,,,,,,,,,,,,,,,,,,,,,,,,,,,,,,,,,,,,,,,,,,,,,,,,,,,,,,,,,,,,,,,,,,,,,,,,,,,,,,,,,,,,
C06_RD14-0003-49_50_29-1;4;1-M2U15-0.186IP-Q0.9_003.10sec.fsa,TPOX,Y,6,220.74,19,7,224.61,356,OL,229.37,15,OL,233.26,7,10,236.63,130,11,240.69,858,13,249.39,13,OL,250.15,6,OL,256.29,12,,,,,,,,,,,,,,,,,,,,,,,,,,,,,,,,,,,,,,,,,,,,,,,,,,,,,,,,,,,,,,,,,,,,,,,,,,,,,,,,,,,,,,,,,,,,,,,,,,,,,,,,,,,,,,,,,,,,,,,,,,,,,,,,,,,,,,,,,,,,,,,,,,,,,,,,,,,,,,,,,,,,,,,,,,,,,,,,,,,,,,,,,,,,,,,,,,,,,,,,,,,,,,,,,,,,,,,,,,,,,,,,,,,,,,,,,,,,,,,,,,,,,,,,,,,,,,,,,,,,,,,,,,,,,,,,,
C06_RD14-0003-49_50_29-1;4;1-M2U15-0.186IP-Q0.9_003.10sec.fsa,D18S51,Y,OL,261.34,4,12,280.97,84,13,284.99,60,14,288.93,38,15,293.02,26,16,297.03,337,19,309,31,20,313.01,319,OL,322.94,10,OL,332.59,6,25,333.88,7,OL,338.65,6,OL,342.85,5,,,,,,,,,,,,,,,,,,,,,,,,,,,,,,,,,,,,,,,,,,,,,,,,,,,,,,,,,,,,,,,,,,,,,,,,,,,,,,,,,,,,,,,,,,,,,,,,,,,,,,,,,,,,,,,,,,,,,,,,,,,,,,,,,,,,,,,,,,,,,,,,,,,,,,,,,,,,,,,,,,,,,,,,,,,,,,,,,,,,,,,,,,,,,,,,,,,,,,,,,,,,,,,,,,,,,,,,,,,,,,,,,,,,,,,,,,,,,,,,,,,,,,,,,,,,,,,,,,,,,
C06_RD14-0003-49_50_29-1;4;1-M2U15-0.186IP-Q0.9_003.10sec.fsa,AMEL,R,X,104.89,876,Y,110.83,780,,,,,,,,,,,,,,,,,,,,,,,,,,,,,,,,,,,,,,,,,,,,,,,,,,,,,,,,,,,,,,,,,,,,,,,,,,,,,,,,,,,,,,,,,,,,,,,,,,,,,,,,,,,,,,,,,,,,,,,,,,,,,,,,,,,,,,,,,,,,,,,,,,,,,,,,,,,,,,,,,,,,,,,,,,,,,,,,,,,,,,,,,,,,,,,,,,,,,,,,,,,,,,,,,,,,,,,,,,,,,,,,,,,,,,,,,,,,,,,,,,,,,,,,,,,,,,,,,,,,,,,,,,,,,,,,,,,,,,,,,,,,,,,,,,,,,,
C06_RD14-0003-49_50_29-1;4;1-M2U15-0.186IP-Q0.9_003.10sec.fsa,D5S818,R,8,136.37,7,10,144.66,71,11,148.81,1337,12,152.9,236,13,157.01,270,,,,,,,,,,,,,,,,,,,,,,,,,,,,,,,,,,,,,,,,,,,,,,,,,,,,,,,,,,,,,,,,,,,,,,,,,,,,,,,,,,,,,,,,,,,,,,,,,,,,,,,,,,,,,,,,,,,,,,,,,,,,,,,,,,,,,,,,,,,,,,,,,,,,,,,,,,,,,,,,,,,,,,,,,,,,,,,,,,,,,,,,,,,,,,,,,,,,,,,,,,,,,,,,,,,,,,,,,,,,,,,,,,,,,,,,,,,,,,,,,,,,,,,,,,,,,,,,,,,,,,,,,,,,,,,,,,,,,,,,,,,,,
C06_RD14-0003-49_50_29-1;4;1-M2U15-0.186IP-Q0.9_003.10sec.fsa,FGA,R,OL,205.85,9,17,212.6,10,18,216.77,33,19,220.89,602,19.2,223.12,4,20,225.13,19,OL,226.47,11,22,233.11,21,23,237.23,221,24,241.31,117,OL,243.91,7,25,245.59,8,28,257.46,9,OL,260.82,10,30,265.29,7,OL,277.21,9,OL,285.58,5,OL,288.33,4,OL,293.46,4,OL,298.14,7,OL,307.43,8,OL,313.62,13,OL,347.56,7,,,,,,,,,,,,,,,,,,,,,,,,,,,,,,,,,,,,,,,,,,,,,,,,,,,,,,,,,,,,,,,,,,,,,,,,,,,,,,,,,,,,,,,,,,,,,,,,,,,,,,,,,,,,,,,,,,,,,,,,,,,,,,,,,,,,,,,,,,,,,,,,,,,,,,,,,,,,,,,,,,,,,,,,,,,,,,,,,,,,,,,,,,,,,,,,,,,,,,,,,,,,,,,,,,,,,,,,,,,,,,,,,,,,,,,
C07_RD14-0003-30_31_32-1;4;4-M1U15-0.567IP-Q0.7_003.10sec.fsa,D8S1179,B,OL,112.2,7,10,129.65,61,OL,132.47,8,11,133.65,1174,12,137.85,1221,13,141.87,1811,14,146.02,1118,15,150.1,49,16,154.3,399,17,158.84,6,OL,161.39,2,OL,168.66,5,OL,171.28,5,OL,172.68,12,,,,,,,,,,,,,,,,,,,,,,,,,,,,,,,,,,,,,,,,,,,,,,,,,,,,,,,,,,,,,,,,,,,,,,,,,,,,,,,,,,,,,,,,,,,,,,,,,,,,,,,,,,,,,,,,,,,,,,,,,,,,,,,,,,,,,,,,,,,,,,,,,,,,,,,,,,,,,,,,,,,,,,,,,,,,,,,,,,,,,,,,,,,,,,,,,,,,,,,,,,,,,,,,,,,,,,,,,,,,,,,,,,,,,,,,,,,,,,,,,,,,,,,,,,,,,,,,,,
C07_RD14-0003-30_31_32-1;4;4-M1U15-0.567IP-Q0.7_003.10sec.fsa,D21S11,B,24.2,183.78,14,OL,185.62,3,25,186.63,6,25.2,188.31,10,27,194.53,12,28,198.65,162,28.2,200.74,5,29,202.71,2260,30,206.68,76,30.2,208.59,65,31,210.66,811,31.2,212.66,1036,32.2,216.82,8,35,227.26,23,OL,229.88,4,OL,231.41,32,,,,,,,,,,,,,,,,,,,,,,,,,,,,,,,,,,,,,,,,,,,,,,,,,,,,,,,,,,,,,,,,,,,,,,,,,,,,,,,,,,,,,,,,,,,,,,,,,,,,,,,,,,,,,,,,,,,,,,,,,,,,,,,,,,,,,,,,,,,,,,,,,,,,,,,,,,,,,,,,,,,,,,,,,,,,,,,,,,,,,,,,,,,,,,,,,,,,,,,,,,,,,,,,,,,,,,,,,,,,,,,,,,,,,,,,,,,,,,,,,,,,,,,,,,,,
C07_RD14-0003-30_31_32-1;4;4-M1U15-0.567IP-Q0.7_003.10sec.fsa,D7S820,B,OL,247.73,1,OL,256.65,3,8,262.06,133,10,270.09,50,OL,271.3,20,11,274.08,1043,12,278.08,67,OL,279.3,12,13,282.15,1076,,,,,,,,,,,,,,,,,,,,,,,,,,,,,,,,,,,,,,,,,,,,,,,,,,,,,,,,,,,,,,,,,,,,,,,,,,,,,,,,,,,,,,,,,,,,,,,,,,,,,,,,,,,,,,,,,,,,,,,,,,,,,,,,,,,,,,,,,,,,,,,,,,,,,,,,,,,,,,,,,,,,,,,,,,,,,,,,,,,,,,,,,,,,,,,,,,,,,,,,,,,,,,,,,,,,,,,,,,,,,,,,,,,,,,,,,,,,,,,,,,,,,,,,,,,,,,,,,,,,,,,,,,,,,,,,,
C07_RD14-0003-30_31_32-1;4;4-M1U15-0.567IP-Q0.7_003.10sec.fsa,CSF1PO,B,7,307.03,5,OL,312.48,6,9,314.56,28,10,318.78,575,10.2,321.18,37,11,322.9,1300,12,326.96,1948,13,330.91,132,15,338.94,6,,,,,,,,,,,,,,,,,,,,,,,,,,,,,,,,,,,,,,,,,,,,,,,,,,,,,,,,,,,,,,,,,,,,,,,,,,,,,,,,,,,,,,,,,,,,,,,,,,,,,,,,,,,,,,,,,,,,,,,,,,,,,,,,,,,,,,,,,,,,,,,,,,,,,,,,,,,,,,,,,,,,,,,,,,,,,,,,,,,,,,,,,,,,,,,,,,,,,,,,,,,,,,,,,,,,,,,,,,,,,,,,,,,,,,,,,,,,,,,,,,,,,,,,,,,,,,,,,,,,,,,,,,,,,,,,,
C07_RD14-0003-30_31_32-1;4;4-M1U15-0.567IP-Q0.7_003.10sec.fsa,D3S1358,G,12,110.09,6,13,114.23,30,OL,116.66,10,14,118.18,325,15,122.14,3931,16,126.38,4134,17,130.28,382,18,134.28,7,,,,,,,,,,,,,,,,,,,,,,,,,,,,,,,,,,,,,,,,,,,,,,,,,,,,,,,,,,,,,,,,,,,,,,,,,,,,,,,,,,,,,,,,,,,,,,,,,,,,,,,,,,,,,,,,,,,,,,,,,,,,,,,,,,,,,,,,,,,,,,,,,,,,,,,,,,,,,,,,,,,,,,,,,,,,,,,,,,,,,,,,,,,,,,,,,,,,,,,,,,,,,,,,,,,,,,,,,,,,,,,,,,,,,,,,,,,,,,,,,,,,,,,,,,,,,,,,,,,,,,,,,,,,,,,,,,,,
C07_RD14-0003-30_31_32-1;4;4-M1U15-0.567IP-Q0.7_003.10sec.fsa,TH01,G,OL,155.53,5,OL,159.09,13,OL,162.94,9,5,164.32,13,OL,166.12,16,5.3,167.1,6,6,168.49,855,7,172.59,3294,8,176.62,59,9,180.67,2009,9.3,183.86,4380,,,,,,,,,,,,,,,,,,,,,,,,,,,,,,,,,,,,,,,,,,,,,,,,,,,,,,,,,,,,,,,,,,,,,,,,,,,,,,,,,,,,,,,,,,,,,,,,,,,,,,,,,,,,,,,,,,,,,,,,,,,,,,,,,,,,,,,,,,,,,,,,,,,,,,,,,,,,,,,,,,,,,,,,,,,,,,,,,,,,,,,,,,,,,,,,,,,,,,,,,,,,,,,,,,,,,,,,,,,,,,,,,,,,,,,,,,,,,,,,,,,,,,,,,,,,,,,,,,,,,,,,,,,
C07_RD14-0003-30_31_32-1;4;4-M1U15-0.567IP-Q0.7_003.10sec.fsa,D13S317,G,OL,206.84,7,7,210.91,14,OL,214.6,10,8,215.45,11,9,218.97,7,10,223.29,109,11,227.26,2223,12,231.24,3272,OL,240,6,OL,242.91,5,OL,245.89,6,,,,,,,,,,,,,,,,,,,,,,,,,,,,,,,,,,,,,,,,,,,,,,,,,,,,,,,,,,,,,,,,,,,,,,,,,,,,,,,,,,,,,,,,,,,,,,,,,,,,,,,,,,,,,,,,,,,,,,,,,,,,,,,,,,,,,,,,,,,,,,,,,,,,,,,,,,,,,,,,,,,,,,,,,,,,,,,,,,,,,,,,,,,,,,,,,,,,,,,,,,,,,,,,,,,,,,,,,,,,,,,,,,,,,,,,,,,,,,,,,,,,,,,,,,,,,,,,,,,,,,,,,,,
C07_RD14-0003-30_31_32-1;4;4-M1U15-0.567IP-Q0.7_003.10sec.fsa,D16S539,G,OL,256.23,5,7,259.5,6,9,267.23,63,OL,269.48,5,10,271.3,1567,11,275.29,1683,12,279.3,1920,13,283.27,1879,14,287.15,15,OL,289.22,13,,,,,,,,,,,,,,,,,,,,,,,,,,,,,,,,,,,,,,,,,,,,,,,,,,,,,,,,,,,,,,,,,,,,,,,,,,,,,,,,,,,,,,,,,,,,,,,,,,,,,,,,,,,,,,,,,,,,,,,,,,,,,,,,,,,,,,,,,,,,,,,,,,,,,,,,,,,,,,,,,,,,,,,,,,,,,,,,,,,,,,,,,,,,,,,,,,,,,,,,,,,,,,,,,,,,,,,,,,,,,,,,,,,,,,,,,,,,,,,,,,,,,,,,,,,,,,,,,,,,,,,,,,,,,,
C07_RD14-0003-30_31_32-1;4;4-M1U15-0.567IP-Q0.7_003.10sec.fsa,D2S1338,G,OL,303.58,3,15,304.52,7,OL,306.08,9,16,308.6,21,17,312.75,334,18,316.9,288,19,321.09,4295,OL,327.59,15,21,329.2,138,22,333.23,1405,OL,338.05,7,OL,348.06,4,OL,362.81,4,OL,365.89,9,,,,,,,,,,,,,,,,,,,,,,,,,,,,,,,,,,,,,,,,,,,,,,,,,,,,,,,,,,,,,,,,,,,,,,,,,,,,,,,,,,,,,,,,,,,,,,,,,,,,,,,,,,,,,,,,,,,,,,,,,,,,,,,,,,,,,,,,,,,,,,,,,,,,,,,,,,,,,,,,,,,,,,,,,,,,,,,,,,,,,,,,,,,,,,,,,,,,,,,,,,,,,,,,,,,,,,,,,,,,,,,,,,,,,,,,,,,,,,,,,,,,,,,,,,,,,,,,,,
C07_RD14-0003-30_31_32-1;4;4-M1U15-0.567IP-Q0.7_003.10sec.fsa,D19S433,Y,OL,97.13,10,10,103.95,38,11,108.12,855,11.2,110.32,28,12,112.2,434,12.2,114.23,368,13,116.21,986,14,120.15,1463,14.2,122.22,45,15,124.14,140,15.2,126.46,55,16,128.09,1406,17,132.31,6,OL,139.36,12,OL,140.41,16,,,,,,,,,,,,,,,,,,,,,,,,,,,,,,,,,,,,,,,,,,,,,,,,,,,,,,,,,,,,,,,,,,,,,,,,,,,,,,,,,,,,,,,,,,,,,,,,,,,,,,,,,,,,,,,,,,,,,,,,,,,,,,,,,,,,,,,,,,,,,,,,,,,,,,,,,,,,,,,,,,,,,,,,,,,,,,,,,,,,,,,,,,,,,,,,,,,,,,,,,,,,,,,,,,,,,,,,,,,,,,,,,,,,,,,,,,,,,,,,,,,,,,,,,,,,,,,
C07_RD14-0003-30_31_32-1;4;4-M1U15-0.567IP-Q0.7_003.10sec.fsa,vWA,Y,12,156.03,9,OL,157.85,6,14,164.08,107,15,168.08,1917,16,172.1,940,17,176.21,222,18,180.25,2817,20,188.73,9,24,205.19,9,,,,,,,,,,,,,,,,,,,,,,,,,,,,,,,,,,,,,,,,,,,,,,,,,,,,,,,,,,,,,,,,,,,,,,,,,,,,,,,,,,,,,,,,,,,,,,,,,,,,,,,,,,,,,,,,,,,,,,,,,,,,,,,,,,,,,,,,,,,,,,,,,,,,,,,,,,,,,,,,,,,,,,,,,,,,,,,,,,,,,,,,,,,,,,,,,,,,,,,,,,,,,,,,,,,,,,,,,,,,,,,,,,,,,,,,,,,,,,,,,,,,,,,,,,,,,,,,,,,,,,,,,,,,,,,,,
C07_RD14-0003-30_31_32-1;4;4-M1U15-0.567IP-Q0.7_003.10sec.fsa,TPOX,Y,5,216.65,13,6,220.76,1354,7,224.8,64,8,228.78,3606,10,236.76,40,11,240.79,864,,,,,,,,,,,,,,,,,,,,,,,,,,,,,,,,,,,,,,,,,,,,,,,,,,,,,,,,,,,,,,,,,,,,,,,,,,,,,,,,,,,,,,,,,,,,,,,,,,,,,,,,,,,,,,,,,,,,,,,,,,,,,,,,,,,,,,,,,,,,,,,,,,,,,,,,,,,,,,,,,,,,,,,,,,,,,,,,,,,,,,,,,,,,,,,,,,,,,,,,,,,,,,,,,,,,,,,,,,,,,,,,,,,,,,,,,,,,,,,,,,,,,,,,,,,,,,,,,,,,,,,,,,,,,,,,,,,,,,,,,,
C07_RD14-0003-30_31_32-1;4;4-M1U15-0.567IP-Q0.7_003.10sec.fsa,D18S51,Y,10.2,274.94,20,11,277.03,61,12,281.03,884,13,285.17,49,14,289.04,875,15,293.1,707,16,297.07,207,17,301.02,568,OL,309.83,6,OL,320.73,33,23,325.25,12,,,,,,,,,,,,,,,,,,,,,,,,,,,,,,,,,,,,,,,,,,,,,,,,,,,,,,,,,,,,,,,,,,,,,,,,,,,,,,,,,,,,,,,,,,,,,,,,,,,,,,,,,,,,,,,,,,,,,,,,,,,,,,,,,,,,,,,,,,,,,,,,,,,,,,,,,,,,,,,,,,,,,,,,,,,,,,,,,,,,,,,,,,,,,,,,,,,,,,,,,,,,,,,,,,,,,,,,,,,,,,,,,,,,,,,,,,,,,,,,,,,,,,,,,,,,,,,,,,,,,,,,,,,
C07_RD14-0003-30_31_32-1;4;4-M1U15-0.567IP-Q0.7_003.10sec.fsa,AMEL,R,X,104.9,2766,Y,110.79,2877,,,,,,,,,,,,,,,,,,,,,,,,,,,,,,,,,,,,,,,,,,,,,,,,,,,,,,,,,,,,,,,,,,,,,,,,,,,,,,,,,,,,,,,,,,,,,,,,,,,,,,,,,,,,,,,,,,,,,,,,,,,,,,,,,,,,,,,,,,,,,,,,,,,,,,,,,,,,,,,,,,,,,,,,,,,,,,,,,,,,,,,,,,,,,,,,,,,,,,,,,,,,,,,,,,,,,,,,,,,,,,,,,,,,,,,,,,,,,,,,,,,,,,,,,,,,,,,,,,,,,,,,,,,,,,,,,,,,,,,,,,,,,,,,,,,,,,
C07_RD14-0003-30_31_32-1;4;4-M1U15-0.567IP-Q0.7_003.10sec.fsa,D5S818,R,OL,130.59,10,OL,134.6,13,OL,138.09,19,9,140.65,105,10,144.71,2430,11,148.79,904,12,152.98,264,13,157.1,778,16,169.23,13,OL,176.95,9,,,,,,,,,,,,,,,,,,,,,,,,,,,,,,,,,,,,,,,,,,,,,,,,,,,,,,,,,,,,,,,,,,,,,,,,,,,,,,,,,,,,,,,,,,,,,,,,,,,,,,,,,,,,,,,,,,,,,,,,,,,,,,,,,,,,,,,,,,,,,,,,,,,,,,,,,,,,,,,,,,,,,,,,,,,,,,,,,,,,,,,,,,,,,,,,,,,,,,,,,,,,,,,,,,,,,,,,,,,,,,,,,,,,,,,,,,,,,,,,,,,,,,,,,,,,,,,,,,,,,,,,,,,,,,
C07_RD14-0003-30_31_32-1;4;4-M1U15-0.567IP-Q0.7_003.10sec.fsa,FGA,R,18,216.74,16,19,220.93,162,20,224.97,100,21,229.03,1569,22,233.1,240,23,237.19,539,OL,238.72,8,OL,239.74,2,OL,242.47,8,OL,244.13,8,25,245.71,7,26,249.65,48,27,253.54,741,30.2,267.66,8,32.2,275.9,13,OL,282.41,13,OL,288.35,10,OL,289.13,16,OL,292.23,8,OL,297.84,7,OL,325.52,7,OL,338.76,8,OL,342.29,6,49.2,344.58,8,OL,345.4,9,50.2,348.42,7,OL,354.39,7,,,,,,,,,,,,,,,,,,,,,,,,,,,,,,,,,,,,,,,,,,,,,,,,,,,,,,,,,,,,,,,,,,,,,,,,,,,,,,,,,,,,,,,,,,,,,,,,,,,,,,,,,,,,,,,,,,,,,,,,,,,,,,,,,,,,,,,,,,,,,,,,,,,,,,,,,,,,,,,,,,,,,,,,,,,,,,,,,,,,,,,,,,,,,,,,,,,,,,,,,,,,,,,,,,,,,,,,,,,
C08_RD14-0003-30_31_32-1;4;4-M1U105-0.279IP-Q0.8_003.10sec.fsa,D8S1179,B,10,129.53,40,11,133.64,753,12,137.87,739,13,141.89,1173,14,146.04,604,15,150.2,9,16,154.3,120,,,,,,,,,,,,,,,,,,,,,,,,,,,,,,,,,,,,,,,,,,,,,,,,,,,,,,,,,,,,,,,,,,,,,,,,,,,,,,,,,,,,,,,,,,,,,,,,,,,,,,,,,,,,,,,,,,,,,,,,,,,,,,,,,,,,,,,,,,,,,,,,,,,,,,,,,,,,,,,,,,,,,,,,,,,,,,,,,,,,,,,,,,,,,,,,,,,,,,,,,,,,,,,,,,,,,,,,,,,,,,,,,,,,,,,,,,,,,,,,,,,,,,,,,,,,,,,,,,,,,,,,,,,,,,,,,,,,,,,
C08_RD14-0003-30_31_32-1;4;4-M1U105-0.279IP-Q0.8_003.10sec.fsa,D21S11,B,23.2,179.74,10,OL,187.49,4,28,198.75,83,28.2,200.79,11,29,202.8,1170,30,206.75,33,30.2,208.69,41,31,210.72,304,31.2,212.76,584,34.2,224.96,3,OL,226.13,7,35,227.21,11,36,231.19,23,OL,239.91,5,,,,,,,,,,,,,,,,,,,,,,,,,,,,,,,,,,,,,,,,,,,,,,,,,,,,,,,,,,,,,,,,,,,,,,,,,,,,,,,,,,,,,,,,,,,,,,,,,,,,,,,,,,,,,,,,,,,,,,,,,,,,,,,,,,,,,,,,,,,,,,,,,,,,,,,,,,,,,,,,,,,,,,,,,,,,,,,,,,,,,,,,,,,,,,,,,,,,,,,,,,,,,,,,,,,,,,,,,,,,,,,,,,,,,,,,,,,,,,,,,,,,,,,,,,,,,,,,,,
C08_RD14-0003-30_31_32-1;4;4-M1U105-0.279IP-Q0.8_003.10sec.fsa,D7S820,B,OL,251.52,4,8,262.1,47,10,270.1,25,11,274.16,574,12,278.14,48,13,282.19,672,14,286.3,18,16,293.97,6,,,,,,,,,,,,,,,,,,,,,,,,,,,,,,,,,,,,,,,,,,,,,,,,,,,,,,,,,,,,,,,,,,,,,,,,,,,,,,,,,,,,,,,,,,,,,,,,,,,,,,,,,,,,,,,,,,,,,,,,,,,,,,,,,,,,,,,,,,,,,,,,,,,,,,,,,,,,,,,,,,,,,,,,,,,,,,,,,,,,,,,,,,,,,,,,,,,,,,,,,,,,,,,,,,,,,,,,,,,,,,,,,,,,,,,,,,,,,,,,,,,,,,,,,,,,,,,,,,,,,,,,,,,,,,,,,,,,
C08_RD14-0003-30_31_32-1;4;4-M1U105-0.279IP-Q0.8_003.10sec.fsa,CSF1PO,B,OL,301.53,4,OL,309.04,6,OL,312.96,5,9,314.69,23,10,318.91,667,OL,321.24,18,11,323.06,742,12,327.16,1179,13,331.14,122,OL,333.32,5,OL,340.1,8,OL,341.44,6,,,,,,,,,,,,,,,,,,,,,,,,,,,,,,,,,,,,,,,,,,,,,,,,,,,,,,,,,,,,,,,,,,,,,,,,,,,,,,,,,,,,,,,,,,,,,,,,,,,,,,,,,,,,,,,,,,,,,,,,,,,,,,,,,,,,,,,,,,,,,,,,,,,,,,,,,,,,,,,,,,,,,,,,,,,,,,,,,,,,,,,,,,,,,,,,,,,,,,,,,,,,,,,,,,,,,,,,,,,,,,,,,,,,,,,,,,,,,,,,,,,,,,,,,,,,,,,,,,,,,,,,
C08_RD14-0003-30_31_32-1;4;4-M1U105-0.279IP-Q0.8_003.10sec.fsa,D3S1358,G,OL,97.61,9,13,114.32,25,14,118.16,230,15,122.12,2728,16,126.3,2261,17,130.28,191,18.2,136.42,11,OL,140.17,4,,,,,,,,,,,,,,,,,,,,,,,,,,,,,,,,,,,,,,,,,,,,,,,,,,,,,,,,,,,,,,,,,,,,,,,,,,,,,,,,,,,,,,,,,,,,,,,,,,,,,,,,,,,,,,,,,,,,,,,,,,,,,,,,,,,,,,,,,,,,,,,,,,,,,,,,,,,,,,,,,,,,,,,,,,,,,,,,,,,,,,,,,,,,,,,,,,,,,,,,,,,,,,,,,,,,,,,,,,,,,,,,,,,,,,,,,,,,,,,,,,,,,,,,,,,,,,,,,,,,,,,,,,,,,,,,,,,,
C08_RD14-0003-30_31_32-1;4;4-M1U105-0.279IP-Q0.8_003.10sec.fsa,TH01,G,6,168.61,320,6.3,171.41,13,7,172.72,1550,8,176.75,30,9,180.8,840,9.3,183.92,2406,13.3,199.73,8,,,,,,,,,,,,,,,,,,,,,,,,,,,,,,,,,,,,,,,,,,,,,,,,,,,,,,,,,,,,,,,,,,,,,,,,,,,,,,,,,,,,,,,,,,,,,,,,,,,,,,,,,,,,,,,,,,,,,,,,,,,,,,,,,,,,,,,,,,,,,,,,,,,,,,,,,,,,,,,,,,,,,,,,,,,,,,,,,,,,,,,,,,,,,,,,,,,,,,,,,,,,,,,,,,,,,,,,,,,,,,,,,,,,,,,,,,,,,,,,,,,,,,,,,,,,,,,,,,,,,,,,,,,,,,,,,,,,,,,
C08_RD14-0003-30_31_32-1;4;4-M1U105-0.279IP-Q0.8_003.10sec.fsa,D13S317,G,OL,212.58,7,OL,216.54,8,OL,217.54,9,10,223.24,62,11,227.21,1130,12,231.28,2582,OL,237.18,4,,,,,,,,,,,,,,,,,,,,,,,,,,,,,,,,,,,,,,,,,,,,,,,,,,,,,,,,,,,,,,,,,,,,,,,,,,,,,,,,,,,,,,,,,,,,,,,,,,,,,,,,,,,,,,,,,,,,,,,,,,,,,,,,,,,,,,,,,,,,,,,,,,,,,,,,,,,,,,,,,,,,,,,,,,,,,,,,,,,,,,,,,,,,,,,,,,,,,,,,,,,,,,,,,,,,,,,,,,,,,,,,,,,,,,,,,,,,,,,,,,,,,,,,,,,,,,,,,,,,,,,,,,,,,,,,,,,,,,,
C08_RD14-0003-30_31_32-1;4;4-M1U105-0.279IP-Q0.8_003.10sec.fsa,D16S539,G,OL,253.13,5,OL,262.65,8,9,267.24,32,10,271.39,666,11,275.36,500,12,279.44,1440,13,283.38,598,14,287.58,14,OL,293.42,4,,,,,,,,,,,,,,,,,,,,,,,,,,,,,,,,,,,,,,,,,,,,,,,,,,,,,,,,,,,,,,,,,,,,,,,,,,,,,,,,,,,,,,,,,,,,,,,,,,,,,,,,,,,,,,,,,,,,,,,,,,,,,,,,,,,,,,,,,,,,,,,,,,,,,,,,,,,,,,,,,,,,,,,,,,,,,,,,,,,,,,,,,,,,,,,,,,,,,,,,,,,,,,,,,,,,,,,,,,,,,,,,,,,,,,,,,,,,,,,,,,,,,,,,,,,,,,,,,,,,,,,,,,,,,,,,,
C08_RD14-0003-30_31_32-1;4;4-M1U105-0.279IP-Q0.8_003.10sec.fsa,D2S1338,G,OL,303.53,8,16,309.04,17,17,312.96,237,OL,315.18,7,18,317.04,150,19,321.24,1988,20,325.35,5,21,329.44,41,22,333.32,413,23,337.56,13,OL,342.97,7,OL,346.05,6,OL,350.47,7,OL,352.68,7,OL,359.23,8,,,,,,,,,,,,,,,,,,,,,,,,,,,,,,,,,,,,,,,,,,,,,,,,,,,,,,,,,,,,,,,,,,,,,,,,,,,,,,,,,,,,,,,,,,,,,,,,,,,,,,,,,,,,,,,,,,,,,,,,,,,,,,,,,,,,,,,,,,,,,,,,,,,,,,,,,,,,,,,,,,,,,,,,,,,,,,,,,,,,,,,,,,,,,,,,,,,,,,,,,,,,,,,,,,,,,,,,,,,,,,,,,,,,,,,,,,,,,,,,,,,,,,,,,,,,,,,
C08_RD14-0003-30_31_32-1;4;4-M1U105-0.279IP-Q0.8_003.10sec.fsa,D19S433,Y,10,104.03,37,OL,105.36,9,11,108.2,761,OL,110.61,23,12,112.35,303,12.2,114.4,183,13,116.32,716,14,120.24,721,14.2,122.12,48,15,124.16,64,15.2,126.38,54,16,128.21,638,OL,132.88,7,17.2,133.89,7,,,,,,,,,,,,,,,,,,,,,,,,,,,,,,,,,,,,,,,,,,,,,,,,,,,,,,,,,,,,,,,,,,,,,,,,,,,,,,,,,,,,,,,,,,,,,,,,,,,,,,,,,,,,,,,,,,,,,,,,,,,,,,,,,,,,,,,,,,,,,,,,,,,,,,,,,,,,,,,,,,,,,,,,,,,,,,,,,,,,,,,,,,,,,,,,,,,,,,,,,,,,,,,,,,,,,,,,,,,,,,,,,,,,,,,,,,,,,,,,,,,,,,,,,,,,,,,,,,
C08_RD14-0003-30_31_32-1;4;4-M1U105-0.279IP-Q0.8_003.10sec.fsa,vWA,Y,14,164.08,59,OL,166.87,14,15,168.18,729,OL,169.4,13,16,172.2,463,17,176.22,122,18,180.27,1334,19,183.92,66,OL,201.31,4,,,,,,,,,,,,,,,,,,,,,,,,,,,,,,,,,,,,,,,,,,,,,,,,,,,,,,,,,,,,,,,,,,,,,,,,,,,,,,,,,,,,,,,,,,,,,,,,,,,,,,,,,,,,,,,,,,,,,,,,,,,,,,,,,,,,,,,,,,,,,,,,,,,,,,,,,,,,,,,,,,,,,,,,,,,,,,,,,,,,,,,,,,,,,,,,,,,,,,,,,,,,,,,,,,,,,,,,,,,,,,,,,,,,,,,,,,,,,,,,,,,,,,,,,,,,,,,,,,,,,,,,,,,,,,,,,
C08_RD14-0003-30_31_32-1;4;4-M1U105-0.279IP-Q0.8_003.10sec.fsa,TPOX,Y,6,220.81,618,7,224.77,36,8,228.84,2226,OL,231.19,32,11,240.93,312,,,,,,,,,,,,,,,,,,,,,,,,,,,,,,,,,,,,,,,,,,,,,,,,,,,,,,,,,,,,,,,,,,,,,,,,,,,,,,,,,,,,,,,,,,,,,,,,,,,,,,,,,,,,,,,,,,,,,,,,,,,,,,,,,,,,,,,,,,,,,,,,,,,,,,,,,,,,,,,,,,,,,,,,,,,,,,,,,,,,,,,,,,,,,,,,,,,,,,,,,,,,,,,,,,,,,,,,,,,,,,,,,,,,,,,,,,,,,,,,,,,,,,,,,,,,,,,,,,,,,,,,,,,,,,,,,,,,,,,,,,,,,
C08_RD14-0003-30_31_32-1;4;4-M1U105-0.279IP-Q0.8_003.10sec.fsa,D18S51,Y,7,261.1,10,OL,265.96,12,9.2,271.3,18,12,281.1,368,13,285.3,28,14,289.22,508,15,293.15,465,16,297.17,126,17,301.08,302,OL,333.22,14,OL,346.53,9,,,,,,,,,,,,,,,,,,,,,,,,,,,,,,,,,,,,,,,,,,,,,,,,,,,,,,,,,,,,,,,,,,,,,,,,,,,,,,,,,,,,,,,,,,,,,,,,,,,,,,,,,,,,,,,,,,,,,,,,,,,,,,,,,,,,,,,,,,,,,,,,,,,,,,,,,,,,,,,,,,,,,,,,,,,,,,,,,,,,,,,,,,,,,,,,,,,,,,,,,,,,,,,,,,,,,,,,,,,,,,,,,,,,,,,,,,,,,,,,,,,,,,,,,,,,,,,,,,,,,,,,,,,
C08_RD14-0003-30_31_32-1;4;4-M1U105-0.279IP-Q0.8_003.10sec.fsa,AMEL,R,X,104.95,1373,Y,110.86,1515,,,,,,,,,,,,,,,,,,,,,,,,,,,,,,,,,,,,,,,,,,,,,,,,,,,,,,,,,,,,,,,,,,,,,,,,,,,,,,,,,,,,,,,,,,,,,,,,,,,,,,,,,,,,,,,,,,,,,,,,,,,,,,,,,,,,,,,,,,,,,,,,,,,,,,,,,,,,,,,,,,,,,,,,,,,,,,,,,,,,,,,,,,,,,,,,,,,,,,,,,,,,,,,,,,,,,,,,,,,,,,,,,,,,,,,,,,,,,,,,,,,,,,,,,,,,,,,,,,,,,,,,,,,,,,,,,,,,,,,,,,,,,,,,,,,,,,
C08_RD14-0003-30_31_32-1;4;4-M1U105-0.279IP-Q0.8_003.10sec.fsa,D5S818,R,9,140.69,83,10,144.74,1484,11,148.9,491,12,152.99,147,13,157.1,568,OL,174.21,12,,,,,,,,,,,,,,,,,,,,,,,,,,,,,,,,,,,,,,,,,,,,,,,,,,,,,,,,,,,,,,,,,,,,,,,,,,,,,,,,,,,,,,,,,,,,,,,,,,,,,,,,,,,,,,,,,,,,,,,,,,,,,,,,,,,,,,,,,,,,,,,,,,,,,,,,,,,,,,,,,,,,,,,,,,,,,,,,,,,,,,,,,,,,,,,,,,,,,,,,,,,,,,,,,,,,,,,,,,,,,,,,,,,,,,,,,,,,,,,,,,,,,,,,,,,,,,,,,,,,,,,,,,,,,,,,,,,,,,,,,,
C08_RD14-0003-30_31_32-1;4;4-M1U105-0.279IP-Q0.8_003.10sec.fsa,FGA,R,18.2,218.45,4,19,220.81,126,20,224.96,54,21,229.02,1061,22,233.1,116,23,237.18,428,25,245.29,11,26,249.45,31,27,253.49,456,29.2,263.85,9,30.2,267.61,6,31.2,271.66,8,OL,284.38,6,OL,303.98,11,OL,306.54,11,OL,308.3,17,44.2,324.21,5,OL,329.06,8,51.2,353.16,10,OL,353.93,6,,,,,,,,,,,,,,,,,,,,,,,,,,,,,,,,,,,,,,,,,,,,,,,,,,,,,,,,,,,,,,,,,,,,,,,,,,,,,,,,,,,,,,,,,,,,,,,,,,,,,,,,,,,,,,,,,,,,,,,,,,,,,,,,,,,,,,,,,,,,,,,,,,,,,,,,,,,,,,,,,,,,,,,,,,,,,,,,,,,,,,,,,,,,,,,,,,,,,,,,,,,,,,,,,,,,,,,,,,,,,,,,,,,,,,,,,,,,,,,,
D05_RD14-0003-46_47_48-1;1;1-M2U60-0.189IP-Q2.5_004.10sec.fsa,D8S1179,B,OL,120.07,7,8,122.02,8,OL,127.39,4,10,129.44,9,11,133.57,127,12,137.75,24,13,141.84,461,14,145.98,694,15,149.99,9,OL,153.47,4,OL,156.03,5,OL,157.35,3,OL,169.76,3,OL,172.59,7,,,,,,,,,,,,,,,,,,,,,,,,,,,,,,,,,,,,,,,,,,,,,,,,,,,,,,,,,,,,,,,,,,,,,,,,,,,,,,,,,,,,,,,,,,,,,,,,,,,,,,,,,,,,,,,,,,,,,,,,,,,,,,,,,,,,,,,,,,,,,,,,,,,,,,,,,,,,,,,,,,,,,,,,,,,,,,,,,,,,,,,,,,,,,,,,,,,,,,,,,,,,,,,,,,,,,,,,,,,,,,,,,,,,,,,,,,,,,,,,,,,,,,,,,,,,,,,,,,
D05_RD14-0003-46_47_48-1;1;1-M2U60-0.189IP-Q2.5_004.10sec.fsa,D21S11,B,24,182.1,4,OL,185.53,3,OL,187.55,5,26,190.43,22,26.2,192.37,3,27,194.48,276,OL,197.59,12,28,198.6,33,29,202.59,361,30,206.65,230,30.2,208.56,10,31,210.63,230,31.2,212.54,151,OL,214,3,32.2,216.57,272,33.2,220.39,5,OL,223.88,7,37,235.28,8,38.2,240.64,3,,,,,,,,,,,,,,,,,,,,,,,,,,,,,,,,,,,,,,,,,,,,,,,,,,,,,,,,,,,,,,,,,,,,,,,,,,,,,,,,,,,,,,,,,,,,,,,,,,,,,,,,,,,,,,,,,,,,,,,,,,,,,,,,,,,,,,,,,,,,,,,,,,,,,,,,,,,,,,,,,,,,,,,,,,,,,,,,,,,,,,,,,,,,,,,,,,,,,,,,,,,,,,,,,,,,,,,,,,,,,,,,,,,,,,,,,,,,,,,,,,,
D05_RD14-0003-46_47_48-1;1;1-M2U60-0.189IP-Q2.5_004.10sec.fsa,D7S820,B,7,258.47,5,8,262.03,24,8.2,263.99,1,9,265.96,43,10,270.04,69,12,278.02,38,OL,287.93,4,OL,292.01,3,,,,,,,,,,,,,,,,,,,,,,,,,,,,,,,,,,,,,,,,,,,,,,,,,,,,,,,,,,,,,,,,,,,,,,,,,,,,,,,,,,,,,,,,,,,,,,,,,,,,,,,,,,,,,,,,,,,,,,,,,,,,,,,,,,,,,,,,,,,,,,,,,,,,,,,,,,,,,,,,,,,,,,,,,,,,,,,,,,,,,,,,,,,,,,,,,,,,,,,,,,,,,,,,,,,,,,,,,,,,,,,,,,,,,,,,,,,,,,,,,,,,,,,,,,,,,,,,,,,,,,,,,,,,,,,,,,,,
D05_RD14-0003-46_47_48-1;1;1-M2U60-0.189IP-Q2.5_004.10sec.fsa,CSF1PO,B,5,298.67,4,7,306.55,5,OL,311.36,3,9,314.34,14,10,318.64,311,11,322.7,155,12,326.78,271,,,,,,,,,,,,,,,,,,,,,,,,,,,,,,,,,,,,,,,,,,,,,,,,,,,,,,,,,,,,,,,,,,,,,,,,,,,,,,,,,,,,,,,,,,,,,,,,,,,,,,,,,,,,,,,,,,,,,,,,,,,,,,,,,,,,,,,,,,,,,,,,,,,,,,,,,,,,,,,,,,,,,,,,,,,,,,,,,,,,,,,,,,,,,,,,,,,,,,,,,,,,,,,,,,,,,,,,,,,,,,,,,,,,,,,,,,,,,,,,,,,,,,,,,,,,,,,,,,,,,,,,,,,,,,,,,,,,,,,
D05_RD14-0003-46_47_48-1;1;1-M2U60-0.189IP-Q2.5_004.10sec.fsa,D3S1358,G,OL,98.23,6,OL,100.53,4,OL,103.3,23,OL,110.9,4,13,114.43,97,OL,115.5,4,14,118.36,1486,15,122.23,1033,16,126.08,27,17,130.32,35,18,134.39,472,OL,140.46,5,,,,,,,,,,,,,,,,,,,,,,,,,,,,,,,,,,,,,,,,,,,,,,,,,,,,,,,,,,,,,,,,,,,,,,,,,,,,,,,,,,,,,,,,,,,,,,,,,,,,,,,,,,,,,,,,,,,,,,,,,,,,,,,,,,,,,,,,,,,,,,,,,,,,,,,,,,,,,,,,,,,,,,,,,,,,,,,,,,,,,,,,,,,,,,,,,,,,,,,,,,,,,,,,,,,,,,,,,,,,,,,,,,,,,,,,,,,,,,,,,,,,,,,,,,,,,,,,,,,,,,,,
D05_RD14-0003-46_47_48-1;1;1-M2U60-0.189IP-Q2.5_004.10sec.fsa,TH01,G,4,160.69,2,5.3,167.09,3,6,168.46,257,7,172.51,757,8,176.48,41,9,180.62,948,OL,183.11,4,11,188.64,12,OL,189.88,6,OL,192.06,4,12,193.31,4,OL,196.03,4,OL,198.44,6,,,,,,,,,,,,,,,,,,,,,,,,,,,,,,,,,,,,,,,,,,,,,,,,,,,,,,,,,,,,,,,,,,,,,,,,,,,,,,,,,,,,,,,,,,,,,,,,,,,,,,,,,,,,,,,,,,,,,,,,,,,,,,,,,,,,,,,,,,,,,,,,,,,,,,,,,,,,,,,,,,,,,,,,,,,,,,,,,,,,,,,,,,,,,,,,,,,,,,,,,,,,,,,,,,,,,,,,,,,,,,,,,,,,,,,,,,,,,,,,,,,,,,,,,,,,,,,,,,,,,
D05_RD14-0003-46_47_48-1;1;1-M2U60-0.189IP-Q2.5_004.10sec.fsa,D13S317,G,10,223.18,5,11,227.15,141,12,231.21,696,OL,244.97,5,,,,,,,,,,,,,,,,,,,,,,,,,,,,,,,,,,,,,,,,,,,,,,,,,,,,,,,,,,,,,,,,,,,,,,,,,,,,,,,,,,,,,,,,,,,,,,,,,,,,,,,,,,,,,,,,,,,,,,,,,,,,,,,,,,,,,,,,,,,,,,,,,,,,,,,,,,,,,,,,,,,,,,,,,,,,,,,,,,,,,,,,,,,,,,,,,,,,,,,,,,,,,,,,,,,,,,,,,,,,,,,,,,,,,,,,,,,,,,,,,,,,,,,,,,,,,,,,,,,,,,,,,,,,,,,,,,,,,,,,,,,,,,,,
D05_RD14-0003-46_47_48-1;1;1-M2U60-0.189IP-Q2.5_004.10sec.fsa,D16S539,G,OL,265.17,3,OL,265.88,3,9,267.21,81,10,271.38,12,11,275.25,170,12,279.21,243,13,283.14,100,14,286.91,6,14,287.54,3,OL,293.11,6,,,,,,,,,,,,,,,,,,,,,,,,,,,,,,,,,,,,,,,,,,,,,,,,,,,,,,,,,,,,,,,,,,,,,,,,,,,,,,,,,,,,,,,,,,,,,,,,,,,,,,,,,,,,,,,,,,,,,,,,,,,,,,,,,,,,,,,,,,,,,,,,,,,,,,,,,,,,,,,,,,,,,,,,,,,,,,,,,,,,,,,,,,,,,,,,,,,,,,,,,,,,,,,,,,,,,,,,,,,,,,,,,,,,,,,,,,,,,,,,,,,,,,,,,,,,,,,,,,,,,,,,,,,,,,
D05_RD14-0003-46_47_48-1;1;1-M2U60-0.189IP-Q2.5_004.10sec.fsa,D2S1338,G,OL,303.14,3,17,312.64,75,18,316.44,5,OL,322.7,4,OL,331.48,3,22,333.18,9,23,337.12,84,24,341.06,65,OL,343.02,5,25,345.07,192,,,,,,,,,,,,,,,,,,,,,,,,,,,,,,,,,,,,,,,,,,,,,,,,,,,,,,,,,,,,,,,,,,,,,,,,,,,,,,,,,,,,,,,,,,,,,,,,,,,,,,,,,,,,,,,,,,,,,,,,,,,,,,,,,,,,,,,,,,,,,,,,,,,,,,,,,,,,,,,,,,,,,,,,,,,,,,,,,,,,,,,,,,,,,,,,,,,,,,,,,,,,,,,,,,,,,,,,,,,,,,,,,,,,,,,,,,,,,,,,,,,,,,,,,,,,,,,,,,,,,,,,,,,,,,
D05_RD14-0003-46_47_48-1;1;1-M2U60-0.189IP-Q2.5_004.10sec.fsa,D19S433,Y,9,99.7,20,10,103.9,280,12,112.3,31,13,116.15,533,13.2,118.15,29,14,120.07,159,14.2,122.02,162,15,123.97,159,17.2,133.5,4,,,,,,,,,,,,,,,,,,,,,,,,,,,,,,,,,,,,,,,,,,,,,,,,,,,,,,,,,,,,,,,,,,,,,,,,,,,,,,,,,,,,,,,,,,,,,,,,,,,,,,,,,,,,,,,,,,,,,,,,,,,,,,,,,,,,,,,,,,,,,,,,,,,,,,,,,,,,,,,,,,,,,,,,,,,,,,,,,,,,,,,,,,,,,,,,,,,,,,,,,,,,,,,,,,,,,,,,,,,,,,,,,,,,,,,,,,,,,,,,,,,,,,,,,,,,,,,,,,,,,,,,,,,,,,,,,
D05_RD14-0003-46_47_48-1;1;1-M2U60-0.189IP-Q2.5_004.10sec.fsa,vWA,Y,OL,157.82,6,OL,161.98,6,OL,166.63,8,15,168.08,60,16,172.2,885,17,176.18,255,18,180.23,288,25,208.94,8,,,,,,,,,,,,,,,,,,,,,,,,,,,,,,,,,,,,,,,,,,,,,,,,,,,,,,,,,,,,,,,,,,,,,,,,,,,,,,,,,,,,,,,,,,,,,,,,,,,,,,,,,,,,,,,,,,,,,,,,,,,,,,,,,,,,,,,,,,,,,,,,,,,,,,,,,,,,,,,,,,,,,,,,,,,,,,,,,,,,,,,,,,,,,,,,,,,,,,,,,,,,,,,,,,,,,,,,,,,,,,,,,,,,,,,,,,,,,,,,,,,,,,,,,,,,,,,,,,,,,,,,,,,,,,,,,,,,
D05_RD14-0003-46_47_48-1;1;1-M2U60-0.189IP-Q2.5_004.10sec.fsa,TPOX,Y,OL,215.79,7,8,228.63,519,9,232.61,91,10,236.62,143,OL,242.17,9,OL,251.01,10,OL,254.25,7,,,,,,,,,,,,,,,,,,,,,,,,,,,,,,,,,,,,,,,,,,,,,,,,,,,,,,,,,,,,,,,,,,,,,,,,,,,,,,,,,,,,,,,,,,,,,,,,,,,,,,,,,,,,,,,,,,,,,,,,,,,,,,,,,,,,,,,,,,,,,,,,,,,,,,,,,,,,,,,,,,,,,,,,,,,,,,,,,,,,,,,,,,,,,,,,,,,,,,,,,,,,,,,,,,,,,,,,,,,,,,,,,,,,,,,,,,,,,,,,,,,,,,,,,,,,,,,,,,,,,,,,,,,,,,,,,,,,,,,
D05_RD14-0003-46_47_48-1;1;1-M2U60-0.189IP-Q2.5_004.10sec.fsa,D18S51,Y,OL,265.48,5,OL,266.58,8,9,269.02,4,12,280.71,11,13,285.03,54,14,289.03,12,15,293.11,105,16,297.34,14,17,301.07,48,18,305,68,20,313.52,6,OL,324.34,8,OL,326.54,10,23.2,327.59,4,OL,338.96,11,,,,,,,,,,,,,,,,,,,,,,,,,,,,,,,,,,,,,,,,,,,,,,,,,,,,,,,,,,,,,,,,,,,,,,,,,,,,,,,,,,,,,,,,,,,,,,,,,,,,,,,,,,,,,,,,,,,,,,,,,,,,,,,,,,,,,,,,,,,,,,,,,,,,,,,,,,,,,,,,,,,,,,,,,,,,,,,,,,,,,,,,,,,,,,,,,,,,,,,,,,,,,,,,,,,,,,,,,,,,,,,,,,,,,,,,,,,,,,,,,,,,,,,,,,,,,,,
D05_RD14-0003-46_47_48-1;1;1-M2U60-0.189IP-Q2.5_004.10sec.fsa,AMEL,R,X,104.95,895,Y,110.82,522,,,,,,,,,,,,,,,,,,,,,,,,,,,,,,,,,,,,,,,,,,,,,,,,,,,,,,,,,,,,,,,,,,,,,,,,,,,,,,,,,,,,,,,,,,,,,,,,,,,,,,,,,,,,,,,,,,,,,,,,,,,,,,,,,,,,,,,,,,,,,,,,,,,,,,,,,,,,,,,,,,,,,,,,,,,,,,,,,,,,,,,,,,,,,,,,,,,,,,,,,,,,,,,,,,,,,,,,,,,,,,,,,,,,,,,,,,,,,,,,,,,,,,,,,,,,,,,,,,,,,,,,,,,,,,,,,,,,,,,,,,,,,,,,,,,,,,
D05_RD14-0003-46_47_48-1;1;1-M2U60-0.189IP-Q2.5_004.10sec.fsa,D5S818,R,OL,131.72,7,OL,133.13,7,OL,135.06,12,OL,138.2,11,9,140.69,11,OL,142.37,13,10,144.68,20,11,148.83,244,OL,151.38,6,12,152.93,190,OL,155.72,4,13,157.04,95,OL,158.21,8,14,161.22,100,OL,163.12,5,OL,170.37,9,OL,171.06,12,,,,,,,,,,,,,,,,,,,,,,,,,,,,,,,,,,,,,,,,,,,,,,,,,,,,,,,,,,,,,,,,,,,,,,,,,,,,,,,,,,,,,,,,,,,,,,,,,,,,,,,,,,,,,,,,,,,,,,,,,,,,,,,,,,,,,,,,,,,,,,,,,,,,,,,,,,,,,,,,,,,,,,,,,,,,,,,,,,,,,,,,,,,,,,,,,,,,,,,,,,,,,,,,,,,,,,,,,,,,,,,,,,,,,,,,,,,,,,,,,,,,,,,,,
D05_RD14-0003-46_47_48-1;1;1-M2U60-0.189IP-Q2.5_004.10sec.fsa,FGA,R,OL,207.18,9,17,212.47,11,19,220.93,89,OL,225.9,8,OL,226.52,8,21,229.02,203,22,233.16,37,23,237.24,7,24,241.13,11,25,245.29,22,26,249.6,68,27,253.55,62,28,257.47,9,OL,276.2,7,OL,278.18,8,OL,286.91,7,OL,295.77,11,OL,296.48,8,OL,317.54,7,OL,323.85,12,OL,342.04,6,,,,,,,,,,,,,,,,,,,,,,,,,,,,,,,,,,,,,,,,,,,,,,,,,,,,,,,,,,,,,,,,,,,,,,,,,,,,,,,,,,,,,,,,,,,,,,,,,,,,,,,,,,,,,,,,,,,,,,,,,,,,,,,,,,,,,,,,,,,,,,,,,,,,,,,,,,,,,,,,,,,,,,,,,,,,,,,,,,,,,,,,,,,,,,,,,,,,,,,,,,,,,,,,,,,,,,,,,,,,,,,,,,,,,,,,,,,,,
D06_RD14-0003-49_50_29-1;4;1-M3U15-0.09IP-Q1.0_004.10sec.fsa,D8S1179,B,OL,115.04,4,OL,115.94,5,8,121.18,4,9,125.52,9,10,129.54,248,12,137.83,69,13,141.91,83,14,146.03,41,15,150.23,381,OL,155.4,3,OL,161.38,3,OL,172.36,6,,,,,,,,,,,,,,,,,,,,,,,,,,,,,,,,,,,,,,,,,,,,,,,,,,,,,,,,,,,,,,,,,,,,,,,,,,,,,,,,,,,,,,,,,,,,,,,,,,,,,,,,,,,,,,,,,,,,,,,,,,,,,,,,,,,,,,,,,,,,,,,,,,,,,,,,,,,,,,,,,,,,,,,,,,,,,,,,,,,,,,,,,,,,,,,,,,,,,,,,,,,,,,,,,,,,,,,,,,,,,,,,,,,,,,,,,,,,,,,,,,,,,,,,,,,,,,,,,,,,,,,,
D06_RD14-0003-49_50_29-1;4;1-M3U15-0.09IP-Q1.0_004.10sec.fsa,D21S11,B,23.2,180,4,24,181.71,2,OL,187.19,5,28,198.45,52,29,202.53,124,30.2,208.33,10,31.2,212.55,114,32.2,216.59,223,33,218.59,4,33.2,220.59,213,OL,228.17,3,36,230.31,5,38,238.74,5,OL,240.08,4,,,,,,,,,,,,,,,,,,,,,,,,,,,,,,,,,,,,,,,,,,,,,,,,,,,,,,,,,,,,,,,,,,,,,,,,,,,,,,,,,,,,,,,,,,,,,,,,,,,,,,,,,,,,,,,,,,,,,,,,,,,,,,,,,,,,,,,,,,,,,,,,,,,,,,,,,,,,,,,,,,,,,,,,,,,,,,,,,,,,,,,,,,,,,,,,,,,,,,,,,,,,,,,,,,,,,,,,,,,,,,,,,,,,,,,,,,,,,,,,,,,,,,,,,,,,,,,,,,
D06_RD14-0003-49_50_29-1;4;1-M3U15-0.09IP-Q1.0_004.10sec.fsa,D7S820,B,OL,247.08,6,OL,247.83,3,OL,248.58,5,5,250.07,7,OL,256.39,6,8,261.98,107,OL,272.67,2,11,274,10,12,278.07,160,OL,287.88,1,OL,292.66,4,,,,,,,,,,,,,,,,,,,,,,,,,,,,,,,,,,,,,,,,,,,,,,,,,,,,,,,,,,,,,,,,,,,,,,,,,,,,,,,,,,,,,,,,,,,,,,,,,,,,,,,,,,,,,,,,,,,,,,,,,,,,,,,,,,,,,,,,,,,,,,,,,,,,,,,,,,,,,,,,,,,,,,,,,,,,,,,,,,,,,,,,,,,,,,,,,,,,,,,,,,,,,,,,,,,,,,,,,,,,,,,,,,,,,,,,,,,,,,,,,,,,,,,,,,,,,,,,,,,,,,,,,,,
D06_RD14-0003-49_50_29-1;4;1-M3U15-0.09IP-Q1.0_004.10sec.fsa,CSF1PO,B,5,298.68,4,OL,313.02,4,9,314.39,46,10,318.65,102,OL,320,5,11,322.75,100,12,326.78,16,13,330.86,157,OL,332.22,4,14,334.7,3,OL,337.62,4,15,338.66,3,OL,339.85,4,,,,,,,,,,,,,,,,,,,,,,,,,,,,,,,,,,,,,,,,,,,,,,,,,,,,,,,,,,,,,,,,,,,,,,,,,,,,,,,,,,,,,,,,,,,,,,,,,,,,,,,,,,,,,,,,,,,,,,,,,,,,,,,,,,,,,,,,,,,,,,,,,,,,,,,,,,,,,,,,,,,,,,,,,,,,,,,,,,,,,,,,,,,,,,,,,,,,,,,,,,,,,,,,,,,,,,,,,,,,,,,,,,,,,,,,,,,,,,,,,,,,,,,,,,,,,,,,,,,,,
D06_RD14-0003-49_50_29-1;4;1-M3U15-0.09IP-Q1.0_004.10sec.fsa,D3S1358,G,OL,99.79,7,OL,112.71,3,13,114.48,10,OL,116,9,14,118.35,86,15,122.23,27,16,126.29,287,17,130.39,436,18,134.46,154,OL,141.47,6,,,,,,,,,,,,,,,,,,,,,,,,,,,,,,,,,,,,,,,,,,,,,,,,,,,,,,,,,,,,,,,,,,,,,,,,,,,,,,,,,,,,,,,,,,,,,,,,,,,,,,,,,,,,,,,,,,,,,,,,,,,,,,,,,,,,,,,,,,,,,,,,,,,,,,,,,,,,,,,,,,,,,,,,,,,,,,,,,,,,,,,,,,,,,,,,,,,,,,,,,,,,,,,,,,,,,,,,,,,,,,,,,,,,,,,,,,,,,,,,,,,,,,,,,,,,,,,,,,,,,,,,,,,,,,
D06_RD14-0003-49_50_29-1;4;1-M3U15-0.09IP-Q1.0_004.10sec.fsa,TH01,G,3,155.92,4,6,168.43,333,OL,169.81,5,7,172.5,532,8,176.51,112,9,180.59,228,9.3,184.15,9,OL,191.49,4,OL,199.56,8,,,,,,,,,,,,,,,,,,,,,,,,,,,,,,,,,,,,,,,,,,,,,,,,,,,,,,,,,,,,,,,,,,,,,,,,,,,,,,,,,,,,,,,,,,,,,,,,,,,,,,,,,,,,,,,,,,,,,,,,,,,,,,,,,,,,,,,,,,,,,,,,,,,,,,,,,,,,,,,,,,,,,,,,,,,,,,,,,,,,,,,,,,,,,,,,,,,,,,,,,,,,,,,,,,,,,,,,,,,,,,,,,,,,,,,,,,,,,,,,,,,,,,,,,,,,,,,,,,,,,,,,,,,,,,,,,
D06_RD14-0003-49_50_29-1;4;1-M3U15-0.09IP-Q1.0_004.10sec.fsa,D13S317,G,OL,209.28,4,OL,214.37,7,9,219.26,7,10,223.16,15,11,227.21,325,12,231.27,318,13,235.19,58,15,243.4,5,,,,,,,,,,,,,,,,,,,,,,,,,,,,,,,,,,,,,,,,,,,,,,,,,,,,,,,,,,,,,,,,,,,,,,,,,,,,,,,,,,,,,,,,,,,,,,,,,,,,,,,,,,,,,,,,,,,,,,,,,,,,,,,,,,,,,,,,,,,,,,,,,,,,,,,,,,,,,,,,,,,,,,,,,,,,,,,,,,,,,,,,,,,,,,,,,,,,,,,,,,,,,,,,,,,,,,,,,,,,,,,,,,,,,,,,,,,,,,,,,,,,,,,,,,,,,,,,,,,,,,,,,,,,,,,,,,,,
D06_RD14-0003-49_50_29-1;4;1-M3U15-0.09IP-Q1.0_004.10sec.fsa,D16S539,G,7,259.28,6,OL,261.03,10,OL,261.69,6,OL,264.85,4,10,271.12,62,11,275.18,181,12,279.18,196,13,283.09,159,OL,288.54,6,OL,290.38,6,,,,,,,,,,,,,,,,,,,,,,,,,,,,,,,,,,,,,,,,,,,,,,,,,,,,,,,,,,,,,,,,,,,,,,,,,,,,,,,,,,,,,,,,,,,,,,,,,,,,,,,,,,,,,,,,,,,,,,,,,,,,,,,,,,,,,,,,,,,,,,,,,,,,,,,,,,,,,,,,,,,,,,,,,,,,,,,,,,,,,,,,,,,,,,,,,,,,,,,,,,,,,,,,,,,,,,,,,,,,,,,,,,,,,,,,,,,,,,,,,,,,,,,,,,,,,,,,,,,,,,,,,,,,,,
D06_RD14-0003-49_50_29-1;4;1-M3U15-0.09IP-Q1.0_004.10sec.fsa,D2S1338,G,OL,307.39,6,16,308.2,7,17,312.57,92,21,328.98,37,OL,331.54,4,22,332.97,71,23,337.09,10,24,340.99,72,OL,342.97,5,OL,355.8,4,,,,,,,,,,,,,,,,,,,,,,,,,,,,,,,,,,,,,,,,,,,,,,,,,,,,,,,,,,,,,,,,,,,,,,,,,,,,,,,,,,,,,,,,,,,,,,,,,,,,,,,,,,,,,,,,,,,,,,,,,,,,,,,,,,,,,,,,,,,,,,,,,,,,,,,,,,,,,,,,,,,,,,,,,,,,,,,,,,,,,,,,,,,,,,,,,,,,,,,,,,,,,,,,,,,,,,,,,,,,,,,,,,,,,,,,,,,,,,,,,,,,,,,,,,,,,,,,,,,,,,,,,,,,,,
D06_RD14-0003-49_50_29-1;4;1-M3U15-0.09IP-Q1.0_004.10sec.fsa,D19S433,Y,10,103.78,13,10.2,105.88,6,11,108.05,296,OL,109.06,9,OL,110.78,9,12,112.14,219,13.2,118.28,8,14,120.07,79,15,123.98,72,15.2,125.66,11,OL,127.14,10,,,,,,,,,,,,,,,,,,,,,,,,,,,,,,,,,,,,,,,,,,,,,,,,,,,,,,,,,,,,,,,,,,,,,,,,,,,,,,,,,,,,,,,,,,,,,,,,,,,,,,,,,,,,,,,,,,,,,,,,,,,,,,,,,,,,,,,,,,,,,,,,,,,,,,,,,,,,,,,,,,,,,,,,,,,,,,,,,,,,,,,,,,,,,,,,,,,,,,,,,,,,,,,,,,,,,,,,,,,,,,,,,,,,,,,,,,,,,,,,,,,,,,,,,,,,,,,,,,,,,,,,,,,
D06_RD14-0003-49_50_29-1;4;1-M3U15-0.09IP-Q1.0_004.10sec.fsa,vWA,Y,OL,151.04,9,OL,152.59,7,OL,161.09,3,14,164.07,17,15,168.07,223,17,176.14,88,18,180.22,196,19,184.3,136,20,188.45,9,OL,203.84,11,,,,,,,,,,,,,,,,,,,,,,,,,,,,,,,,,,,,,,,,,,,,,,,,,,,,,,,,,,,,,,,,,,,,,,,,,,,,,,,,,,,,,,,,,,,,,,,,,,,,,,,,,,,,,,,,,,,,,,,,,,,,,,,,,,,,,,,,,,,,,,,,,,,,,,,,,,,,,,,,,,,,,,,,,,,,,,,,,,,,,,,,,,,,,,,,,,,,,,,,,,,,,,,,,,,,,,,,,,,,,,,,,,,,,,,,,,,,,,,,,,,,,,,,,,,,,,,,,,,,,,,,,,,,,,
D06_RD14-0003-49_50_29-1;4;1-M3U15-0.09IP-Q1.0_004.10sec.fsa,TPOX,Y,OL,221.47,9,7,224.56,229,10,236.67,41,OL,238.44,8,11,240.68,155,OL,243.1,5,OL,245.8,10,OL,249.93,10,OL,254.73,12,,,,,,,,,,,,,,,,,,,,,,,,,,,,,,,,,,,,,,,,,,,,,,,,,,,,,,,,,,,,,,,,,,,,,,,,,,,,,,,,,,,,,,,,,,,,,,,,,,,,,,,,,,,,,,,,,,,,,,,,,,,,,,,,,,,,,,,,,,,,,,,,,,,,,,,,,,,,,,,,,,,,,,,,,,,,,,,,,,,,,,,,,,,,,,,,,,,,,,,,,,,,,,,,,,,,,,,,,,,,,,,,,,,,,,,,,,,,,,,,,,,,,,,,,,,,,,,,,,,,,,,,,,,,,,,,,
D06_RD14-0003-49_50_29-1;4;1-M3U15-0.09IP-Q1.0_004.10sec.fsa,D18S51,Y,13,284.86,22,14,288.98,23,16,296.99,51,OL,298.16,8,19,309.01,5,19.2,310.64,5,20,313.02,54,OL,322.22,8,,,,,,,,,,,,,,,,,,,,,,,,,,,,,,,,,,,,,,,,,,,,,,,,,,,,,,,,,,,,,,,,,,,,,,,,,,,,,,,,,,,,,,,,,,,,,,,,,,,,,,,,,,,,,,,,,,,,,,,,,,,,,,,,,,,,,,,,,,,,,,,,,,,,,,,,,,,,,,,,,,,,,,,,,,,,,,,,,,,,,,,,,,,,,,,,,,,,,,,,,,,,,,,,,,,,,,,,,,,,,,,,,,,,,,,,,,,,,,,,,,,,,,,,,,,,,,,,,,,,,,,,,,,,,,,,,,,,
D06_RD14-0003-49_50_29-1;4;1-M3U15-0.09IP-Q1.0_004.10sec.fsa,AMEL,R,X,104.87,344,Y,110.85,236,,,,,,,,,,,,,,,,,,,,,,,,,,,,,,,,,,,,,,,,,,,,,,,,,,,,,,,,,,,,,,,,,,,,,,,,,,,,,,,,,,,,,,,,,,,,,,,,,,,,,,,,,,,,,,,,,,,,,,,,,,,,,,,,,,,,,,,,,,,,,,,,,,,,,,,,,,,,,,,,,,,,,,,,,,,,,,,,,,,,,,,,,,,,,,,,,,,,,,,,,,,,,,,,,,,,,,,,,,,,,,,,,,,,,,,,,,,,,,,,,,,,,,,,,,,,,,,,,,,,,,,,,,,,,,,,,,,,,,,,,,,,,,,,,,,,,,
D06_RD14-0003-49_50_29-1;4;1-M3U15-0.09IP-Q1.0_004.10sec.fsa,D5S818,R,OL,125.94,10,OL,127.42,9,7,132.74,9,10,144.63,24,11,148.83,426,12,152.96,94,13,157.11,20,,,,,,,,,,,,,,,,,,,,,,,,,,,,,,,,,,,,,,,,,,,,,,,,,,,,,,,,,,,,,,,,,,,,,,,,,,,,,,,,,,,,,,,,,,,,,,,,,,,,,,,,,,,,,,,,,,,,,,,,,,,,,,,,,,,,,,,,,,,,,,,,,,,,,,,,,,,,,,,,,,,,,,,,,,,,,,,,,,,,,,,,,,,,,,,,,,,,,,,,,,,,,,,,,,,,,,,,,,,,,,,,,,,,,,,,,,,,,,,,,,,,,,,,,,,,,,,,,,,,,,,,,,,,,,,,,,,,,,,
D06_RD14-0003-49_50_29-1;4;1-M3U15-0.09IP-Q1.0_004.10sec.fsa,FGA,R,OL,204.34,8,OL,207.97,10,OL,216.07,7,OL,217.7,9,19,220.88,47,22.2,234.89,9,OL,236.15,4,23,237.33,19,24,241.36,26,25,245.35,18,25.2,247.9,8,OL,274.37,7,34.2,283.24,6,OL,284.42,7,OL,286.48,8,OL,287.29,10,OL,288.1,5,OL,293.68,7,OL,294.27,8,OL,296.48,12,OL,297.8,10,OL,302.01,9,OL,303.67,8,OL,307.24,12,OL,307.97,16,OL,309.3,8,43.2,320.15,5,,,,,,,,,,,,,,,,,,,,,,,,,,,,,,,,,,,,,,,,,,,,,,,,,,,,,,,,,,,,,,,,,,,,,,,,,,,,,,,,,,,,,,,,,,,,,,,,,,,,,,,,,,,,,,,,,,,,,,,,,,,,,,,,,,,,,,,,,,,,,,,,,,,,,,,,,,,,,,,,,,,,,,,,,,,,,,,,,,,,,,,,,,,,,,,,,,,,,,,,,,,,,,,,,,,,,,,,,,,
D08_RD14-0003-30_31_32-1;4;4-M2U105-0.135IP-Q5.1_004.10sec.fsa,D8S1179,B,OL,113.01,5,7,117.24,4,OL,119.84,9,OL,120.81,11,OL,127.76,4,OL,132.38,3,11,133.71,79,12,137.81,242,13,141.89,146,OL,144.65,3,14,146.04,155,OL,160,5,OL,177.82,5,,,,,,,,,,,,,,,,,,,,,,,,,,,,,,,,,,,,,,,,,,,,,,,,,,,,,,,,,,,,,,,,,,,,,,,,,,,,,,,,,,,,,,,,,,,,,,,,,,,,,,,,,,,,,,,,,,,,,,,,,,,,,,,,,,,,,,,,,,,,,,,,,,,,,,,,,,,,,,,,,,,,,,,,,,,,,,,,,,,,,,,,,,,,,,,,,,,,,,,,,,,,,,,,,,,,,,,,,,,,,,,,,,,,,,,,,,,,,,,,,,,,,,,,,,,,,,,,,,,,,
D08_RD14-0003-30_31_32-1;4;4-M2U105-0.135IP-Q5.1_004.10sec.fsa,D21S11,B,28,198.66,32,29,202.78,458,30,206.61,9,30.2,208.8,10,31,210.74,82,31.2,212.68,199,OL,221.52,4,35,227.24,4,OL,229.48,9,OL,240.09,3,OL,241.4,4,,,,,,,,,,,,,,,,,,,,,,,,,,,,,,,,,,,,,,,,,,,,,,,,,,,,,,,,,,,,,,,,,,,,,,,,,,,,,,,,,,,,,,,,,,,,,,,,,,,,,,,,,,,,,,,,,,,,,,,,,,,,,,,,,,,,,,,,,,,,,,,,,,,,,,,,,,,,,,,,,,,,,,,,,,,,,,,,,,,,,,,,,,,,,,,,,,,,,,,,,,,,,,,,,,,,,,,,,,,,,,,,,,,,,,,,,,,,,,,,,,,,,,,,,,,,,,,,,,,,,,,,,,,
D08_RD14-0003-30_31_32-1;4;4-M2U105-0.135IP-Q5.1_004.10sec.fsa,D7S820,B,5,249.82,6,OL,259.82,6,,,,,,,,,,,,,,,,,,,,,,,,,,,,,,,,,,,,,,,,,,,,,,,,,,,,,,,,,,,,,,,,,,,,,,,,,,,,,,,,,,,,,,,,,,,,,,,,,,,,,,,,,,,,,,,,,,,,,,,,,,,,,,,,,,,,,,,,,,,,,,,,,,,,,,,,,,,,,,,,,,,,,,,,,,,,,,,,,,,,,,,,,,,,,,,,,,,,,,,,,,,,,,,,,,,,,,,,,,,,,,,,,,,,,,,,,,,,,,,,,,,,,,,,,,,,,,,,,,,,,,,,,,,,,,,,,,,,,,,,,,,,,,,,,,,,,,
D08_RD14-0003-30_31_32-1;4;4-M2U105-0.135IP-Q5.1_004.10sec.fsa,CSF1PO,B,OL,299.91,10,7,306.13,3,10,318.81,49,11,323.04,23,OL,324.27,4,12,327.01,20,13,331.14,4,14,334.42,6,,,,,,,,,,,,,,,,,,,,,,,,,,,,,,,,,,,,,,,,,,,,,,,,,,,,,,,,,,,,,,,,,,,,,,,,,,,,,,,,,,,,,,,,,,,,,,,,,,,,,,,,,,,,,,,,,,,,,,,,,,,,,,,,,,,,,,,,,,,,,,,,,,,,,,,,,,,,,,,,,,,,,,,,,,,,,,,,,,,,,,,,,,,,,,,,,,,,,,,,,,,,,,,,,,,,,,,,,,,,,,,,,,,,,,,,,,,,,,,,,,,,,,,,,,,,,,,,,,,,,,,,,,,,,,,,,,,,
D08_RD14-0003-30_31_32-1;4;4-M2U105-0.135IP-Q5.1_004.10sec.fsa,D3S1358,G,OL,96.89,4,OL,99.92,7,OL,105.03,5,OL,110.88,8,13,114.41,19,OL,116.84,5,14,118.22,105,15,122.19,941,OL,125.21,9,16,126.36,633,17,130.31,135,OL,135.05,5,OL,141.2,4,,,,,,,,,,,,,,,,,,,,,,,,,,,,,,,,,,,,,,,,,,,,,,,,,,,,,,,,,,,,,,,,,,,,,,,,,,,,,,,,,,,,,,,,,,,,,,,,,,,,,,,,,,,,,,,,,,,,,,,,,,,,,,,,,,,,,,,,,,,,,,,,,,,,,,,,,,,,,,,,,,,,,,,,,,,,,,,,,,,,,,,,,,,,,,,,,,,,,,,,,,,,,,,,,,,,,,,,,,,,,,,,,,,,,,,,,,,,,,,,,,,,,,,,,,,,,,,,,,,,,
D08_RD14-0003-30_31_32-1;4;4-M2U105-0.135IP-Q5.1_004.10sec.fsa,TH01,G,OL,155.18,3,4,160.43,7,OL,161.72,8,5,164.48,6,OL,165.61,4,6,168.54,13,7,172.7,348,OL,178.78,5,9,180.8,176,9.3,183.91,322,12,192.61,5,OL,193.41,4,,,,,,,,,,,,,,,,,,,,,,,,,,,,,,,,,,,,,,,,,,,,,,,,,,,,,,,,,,,,,,,,,,,,,,,,,,,,,,,,,,,,,,,,,,,,,,,,,,,,,,,,,,,,,,,,,,,,,,,,,,,,,,,,,,,,,,,,,,,,,,,,,,,,,,,,,,,,,,,,,,,,,,,,,,,,,,,,,,,,,,,,,,,,,,,,,,,,,,,,,,,,,,,,,,,,,,,,,,,,,,,,,,,,,,,,,,,,,,,,,,,,,,,,,,,,,,,,,,,,,,,,
D08_RD14-0003-30_31_32-1;4;4-M2U105-0.135IP-Q5.1_004.10sec.fsa,D13S317,G,OL,203.73,4,10,223.66,9,11,227.24,184,OL,228.94,7,12,231.27,250,OL,233.43,2,13,235.14,10,OL,246.03,7,16,247.42,6,,,,,,,,,,,,,,,,,,,,,,,,,,,,,,,,,,,,,,,,,,,,,,,,,,,,,,,,,,,,,,,,,,,,,,,,,,,,,,,,,,,,,,,,,,,,,,,,,,,,,,,,,,,,,,,,,,,,,,,,,,,,,,,,,,,,,,,,,,,,,,,,,,,,,,,,,,,,,,,,,,,,,,,,,,,,,,,,,,,,,,,,,,,,,,,,,,,,,,,,,,,,,,,,,,,,,,,,,,,,,,,,,,,,,,,,,,,,,,,,,,,,,,,,,,,,,,,,,,,,,,,,,,,,,,,,,
D08_RD14-0003-30_31_32-1;4;4-M2U105-0.135IP-Q5.1_004.10sec.fsa,D16S539,G,5,251.24,5,OL,253.29,7,OL,262.46,6,10,271.33,96,11,275.38,130,12,279.35,87,13,283.44,24,OL,286.25,10,,,,,,,,,,,,,,,,,,,,,,,,,,,,,,,,,,,,,,,,,,,,,,,,,,,,,,,,,,,,,,,,,,,,,,,,,,,,,,,,,,,,,,,,,,,,,,,,,,,,,,,,,,,,,,,,,,,,,,,,,,,,,,,,,,,,,,,,,,,,,,,,,,,,,,,,,,,,,,,,,,,,,,,,,,,,,,,,,,,,,,,,,,,,,,,,,,,,,,,,,,,,,,,,,,,,,,,,,,,,,,,,,,,,,,,,,,,,,,,,,,,,,,,,,,,,,,,,,,,,,,,,,,,,,,,,,,,,
D08_RD14-0003-30_31_32-1;4;4-M2U105-0.135IP-Q5.1_004.10sec.fsa,D2S1338,G,OL,307.68,4,18,317.14,3,19,321.24,51,22,333.39,28,OL,337.87,6,OL,340.48,6,24,341.53,7,27,353.58,7,,,,,,,,,,,,,,,,,,,,,,,,,,,,,,,,,,,,,,,,,,,,,,,,,,,,,,,,,,,,,,,,,,,,,,,,,,,,,,,,,,,,,,,,,,,,,,,,,,,,,,,,,,,,,,,,,,,,,,,,,,,,,,,,,,,,,,,,,,,,,,,,,,,,,,,,,,,,,,,,,,,,,,,,,,,,,,,,,,,,,,,,,,,,,,,,,,,,,,,,,,,,,,,,,,,,,,,,,,,,,,,,,,,,,,,,,,,,,,,,,,,,,,,,,,,,,,,,,,,,,,,,,,,,,,,,,,,,
D08_RD14-0003-30_31_32-1;4;4-M2U105-0.135IP-Q5.1_004.10sec.fsa,D19S433,Y,11,108.16,196,OL,111.29,5,12,112.27,53,12.2,114.24,25,13,116.27,130,OL,119.19,10,14,120.24,92,14.2,122.11,27,16,128.25,169,OL,138.74,7,,,,,,,,,,,,,,,,,,,,,,,,,,,,,,,,,,,,,,,,,,,,,,,,,,,,,,,,,,,,,,,,,,,,,,,,,,,,,,,,,,,,,,,,,,,,,,,,,,,,,,,,,,,,,,,,,,,,,,,,,,,,,,,,,,,,,,,,,,,,,,,,,,,,,,,,,,,,,,,,,,,,,,,,,,,,,,,,,,,,,,,,,,,,,,,,,,,,,,,,,,,,,,,,,,,,,,,,,,,,,,,,,,,,,,,,,,,,,,,,,,,,,,,,,,,,,,,,,,,,,,,,,,,,,,
D08_RD14-0003-30_31_32-1;4;4-M2U105-0.135IP-Q5.1_004.10sec.fsa,vWA,Y,10,147.6,6,13,160.09,10,15,168.2,138,16,172.18,81,17,176.17,18,OL,179.13,6,18,180.27,154,20,188.26,7,OL,190.3,8,OL,194.3,10,OL,197.6,9,,,,,,,,,,,,,,,,,,,,,,,,,,,,,,,,,,,,,,,,,,,,,,,,,,,,,,,,,,,,,,,,,,,,,,,,,,,,,,,,,,,,,,,,,,,,,,,,,,,,,,,,,,,,,,,,,,,,,,,,,,,,,,,,,,,,,,,,,,,,,,,,,,,,,,,,,,,,,,,,,,,,,,,,,,,,,,,,,,,,,,,,,,,,,,,,,,,,,,,,,,,,,,,,,,,,,,,,,,,,,,,,,,,,,,,,,,,,,,,,,,,,,,,,,,,,,,,,,,,,,,,,,,,
D08_RD14-0003-30_31_32-1;4;4-M2U105-0.135IP-Q5.1_004.10sec.fsa,TPOX,Y,5,216.81,13,6,220.89,172,OL,226.25,8,8,228.85,202,OL,237.48,6,OL,238.29,9,OL,242.14,5,,,,,,,,,,,,,,,,,,,,,,,,,,,,,,,,,,,,,,,,,,,,,,,,,,,,,,,,,,,,,,,,,,,,,,,,,,,,,,,,,,,,,,,,,,,,,,,,,,,,,,,,,,,,,,,,,,,,,,,,,,,,,,,,,,,,,,,,,,,,,,,,,,,,,,,,,,,,,,,,,,,,,,,,,,,,,,,,,,,,,,,,,,,,,,,,,,,,,,,,,,,,,,,,,,,,,,,,,,,,,,,,,,,,,,,,,,,,,,,,,,,,,,,,,,,,,,,,,,,,,,,,,,,,,,,,,,,,,,,
D08_RD14-0003-30_31_32-1;4;4-M2U105-0.135IP-Q5.1_004.10sec.fsa,D18S51,Y,11,276.86,8,11.2,278.71,6,OL,282.17,10,OL,289.96,15,14.2,291.13,11,15,293.21,5,OL,295.75,10,17,301.16,23,18.2,306.86,6,22,321.43,5,OL,324.55,9,,,,,,,,,,,,,,,,,,,,,,,,,,,,,,,,,,,,,,,,,,,,,,,,,,,,,,,,,,,,,,,,,,,,,,,,,,,,,,,,,,,,,,,,,,,,,,,,,,,,,,,,,,,,,,,,,,,,,,,,,,,,,,,,,,,,,,,,,,,,,,,,,,,,,,,,,,,,,,,,,,,,,,,,,,,,,,,,,,,,,,,,,,,,,,,,,,,,,,,,,,,,,,,,,,,,,,,,,,,,,,,,,,,,,,,,,,,,,,,,,,,,,,,,,,,,,,,,,,,,,,,,,,,
D08_RD14-0003-30_31_32-1;4;4-M2U105-0.135IP-Q5.1_004.10sec.fsa,AMEL,R,X,104.87,372,Y,110.8,340,,,,,,,,,,,,,,,,,,,,,,,,,,,,,,,,,,,,,,,,,,,,,,,,,,,,,,,,,,,,,,,,,,,,,,,,,,,,,,,,,,,,,,,,,,,,,,,,,,,,,,,,,,,,,,,,,,,,,,,,,,,,,,,,,,,,,,,,,,,,,,,,,,,,,,,,,,,,,,,,,,,,,,,,,,,,,,,,,,,,,,,,,,,,,,,,,,,,,,,,,,,,,,,,,,,,,,,,,,,,,,,,,,,,,,,,,,,,,,,,,,,,,,,,,,,,,,,,,,,,,,,,,,,,,,,,,,,,,,,,,,,,,,,,,,,,,,
D08_RD14-0003-30_31_32-1;4;4-M2U105-0.135IP-Q5.1_004.10sec.fsa,D5S818,R,OL,125.62,14,OL,131.64,7,9,140.52,17,10,144.74,259,11,148.81,67,OL,151.25,7,12,153.08,39,13,157.1,97,OL,162.5,9,OL,174.96,10,OL,176.52,8,,,,,,,,,,,,,,,,,,,,,,,,,,,,,,,,,,,,,,,,,,,,,,,,,,,,,,,,,,,,,,,,,,,,,,,,,,,,,,,,,,,,,,,,,,,,,,,,,,,,,,,,,,,,,,,,,,,,,,,,,,,,,,,,,,,,,,,,,,,,,,,,,,,,,,,,,,,,,,,,,,,,,,,,,,,,,,,,,,,,,,,,,,,,,,,,,,,,,,,,,,,,,,,,,,,,,,,,,,,,,,,,,,,,,,,,,,,,,,,,,,,,,,,,,,,,,,,,,,,,,,,,,,,
D08_RD14-0003-30_31_32-1;4;4-M2U105-0.135IP-Q5.1_004.10sec.fsa,FGA,R,OL,207.66,5,16.2,210.82,10,19.2,222.77,5,21,228.94,25,22,232.98,21,23,237.12,38,OL,252.22,6,27,253.55,19,OL,256.21,7,28,257.44,11,OL,268.4,9,31,269.04,6,OL,286.25,7,OL,292.22,11,OL,294.75,11,OL,298.64,4,OL,316.84,8,47.2,336.94,11,48.2,340.86,5,OL,349.27,8,,,,,,,,,,,,,,,,,,,,,,,,,,,,,,,,,,,,,,,,,,,,,,,,,,,,,,,,,,,,,,,,,,,,,,,,,,,,,,,,,,,,,,,,,,,,,,,,,,,,,,,,,,,,,,,,,,,,,,,,,,,,,,,,,,,,,,,,,,,,,,,,,,,,,,,,,,,,,,,,,,,,,,,,,,,,,,,,,,,,,,,,,,,,,,,,,,,,,,,,,,,,,,,,,,,,,,,,,,,,,,,,,,,,,,,,,,,,,,,,
E05_RD14-0003-46_47_48-1;1;1-M2U60-0.093IP-Q2.5_001.10sec.fsa,D8S1179,B,OL,113.06,4,OL,126.16,3,10,129.59,23,11,133.61,178,12,137.89,13,13,141.87,237,OL,144.86,7,14,146.06,181,17,158.18,4,OL,161.18,3,OL,164.81,3,OL,168.22,6,OL,171.4,5,OL,176.52,2,,,,,,,,,,,,,,,,,,,,,,,,,,,,,,,,,,,,,,,,,,,,,,,,,,,,,,,,,,,,,,,,,,,,,,,,,,,,,,,,,,,,,,,,,,,,,,,,,,,,,,,,,,,,,,,,,,,,,,,,,,,,,,,,,,,,,,,,,,,,,,,,,,,,,,,,,,,,,,,,,,,,,,,,,,,,,,,,,,,,,,,,,,,,,,,,,,,,,,,,,,,,,,,,,,,,,,,,,,,,,,,,,,,,,,,,,,,,,,,,,,,,,,,,,,,,,,,,,,
E05_RD14-0003-46_47_48-1;1;1-M2U60-0.093IP-Q2.5_001.10sec.fsa,D21S11,B,27,194.42,72,28,198.49,33,29,202.58,216,30,206.58,178,30.2,208.43,11,31,210.51,168,31.2,212.51,126,32.2,216.58,37,OL,230.13,2,OL,240.23,3,,,,,,,,,,,,,,,,,,,,,,,,,,,,,,,,,,,,,,,,,,,,,,,,,,,,,,,,,,,,,,,,,,,,,,,,,,,,,,,,,,,,,,,,,,,,,,,,,,,,,,,,,,,,,,,,,,,,,,,,,,,,,,,,,,,,,,,,,,,,,,,,,,,,,,,,,,,,,,,,,,,,,,,,,,,,,,,,,,,,,,,,,,,,,,,,,,,,,,,,,,,,,,,,,,,,,,,,,,,,,,,,,,,,,,,,,,,,,,,,,,,,,,,,,,,,,,,,,,,,,,,,,,,,,,
E05_RD14-0003-46_47_48-1;1;1-M2U60-0.093IP-Q2.5_001.10sec.fsa,D7S820,B,OL,247.47,5,OL,251.34,3,5.2,251.93,3,OL,252.98,4,9,266.04,15,10,269.9,15,11,273.69,4,12,277.95,19,OL,283.07,5,,,,,,,,,,,,,,,,,,,,,,,,,,,,,,,,,,,,,,,,,,,,,,,,,,,,,,,,,,,,,,,,,,,,,,,,,,,,,,,,,,,,,,,,,,,,,,,,,,,,,,,,,,,,,,,,,,,,,,,,,,,,,,,,,,,,,,,,,,,,,,,,,,,,,,,,,,,,,,,,,,,,,,,,,,,,,,,,,,,,,,,,,,,,,,,,,,,,,,,,,,,,,,,,,,,,,,,,,,,,,,,,,,,,,,,,,,,,,,,,,,,,,,,,,,,,,,,,,,,,,,,,,,,,,,,,,
E05_RD14-0003-46_47_48-1;1;1-M2U60-0.093IP-Q2.5_001.10sec.fsa,CSF1PO,B,OL,301.25,3,8,310.25,3,10,318.63,184,10.2,320.23,5,11,322.65,49,12,326.77,126,13,331.02,4,OL,339.39,2,OL,344.66,5,,,,,,,,,,,,,,,,,,,,,,,,,,,,,,,,,,,,,,,,,,,,,,,,,,,,,,,,,,,,,,,,,,,,,,,,,,,,,,,,,,,,,,,,,,,,,,,,,,,,,,,,,,,,,,,,,,,,,,,,,,,,,,,,,,,,,,,,,,,,,,,,,,,,,,,,,,,,,,,,,,,,,,,,,,,,,,,,,,,,,,,,,,,,,,,,,,,,,,,,,,,,,,,,,,,,,,,,,,,,,,,,,,,,,,,,,,,,,,,,,,,,,,,,,,,,,,,,,,,,,,,,,,,,,,,,,
E05_RD14-0003-46_47_48-1;1;1-M2U60-0.093IP-Q2.5_001.10sec.fsa,D3S1358,G,13,114.35,40,14,118.38,779,OL,119.72,4,OL,120.63,3,15,122.26,448,16,126.02,5,17,130.38,18,18,134.41,238,OL,137.6,4,,,,,,,,,,,,,,,,,,,,,,,,,,,,,,,,,,,,,,,,,,,,,,,,,,,,,,,,,,,,,,,,,,,,,,,,,,,,,,,,,,,,,,,,,,,,,,,,,,,,,,,,,,,,,,,,,,,,,,,,,,,,,,,,,,,,,,,,,,,,,,,,,,,,,,,,,,,,,,,,,,,,,,,,,,,,,,,,,,,,,,,,,,,,,,,,,,,,,,,,,,,,,,,,,,,,,,,,,,,,,,,,,,,,,,,,,,,,,,,,,,,,,,,,,,,,,,,,,,,,,,,,,,,,,,,,,
E05_RD14-0003-46_47_48-1;1;1-M2U60-0.093IP-Q2.5_001.10sec.fsa,TH01,G,3,156.52,6,OL,157.2,6,OL,159.17,4,6,168.44,442,7,172.51,442,8,176.52,15,9,180.6,570,OL,182.11,5,OL,186.27,2,OL,195.47,4,,,,,,,,,,,,,,,,,,,,,,,,,,,,,,,,,,,,,,,,,,,,,,,,,,,,,,,,,,,,,,,,,,,,,,,,,,,,,,,,,,,,,,,,,,,,,,,,,,,,,,,,,,,,,,,,,,,,,,,,,,,,,,,,,,,,,,,,,,,,,,,,,,,,,,,,,,,,,,,,,,,,,,,,,,,,,,,,,,,,,,,,,,,,,,,,,,,,,,,,,,,,,,,,,,,,,,,,,,,,,,,,,,,,,,,,,,,,,,,,,,,,,,,,,,,,,,,,,,,,,,,,,,,,,,
E05_RD14-0003-46_47_48-1;1;1-M2U60-0.093IP-Q2.5_001.10sec.fsa,D13S317,G,OL,204.21,4,OL,208.87,6,OL,221.35,10,10,223.15,8,11,227.2,151,12,231.26,236,,,,,,,,,,,,,,,,,,,,,,,,,,,,,,,,,,,,,,,,,,,,,,,,,,,,,,,,,,,,,,,,,,,,,,,,,,,,,,,,,,,,,,,,,,,,,,,,,,,,,,,,,,,,,,,,,,,,,,,,,,,,,,,,,,,,,,,,,,,,,,,,,,,,,,,,,,,,,,,,,,,,,,,,,,,,,,,,,,,,,,,,,,,,,,,,,,,,,,,,,,,,,,,,,,,,,,,,,,,,,,,,,,,,,,,,,,,,,,,,,,,,,,,,,,,,,,,,,,,,,,,,,,,,,,,,,,,,,,,,,,
E05_RD14-0003-46_47_48-1;1;1-M2U60-0.093IP-Q2.5_001.10sec.fsa,D16S539,G,OL,256.83,8,9,267.25,32,11,275.29,118,12,279.16,240,13,283.07,91,14,287.35,5,,,,,,,,,,,,,,,,,,,,,,,,,,,,,,,,,,,,,,,,,,,,,,,,,,,,,,,,,,,,,,,,,,,,,,,,,,,,,,,,,,,,,,,,,,,,,,,,,,,,,,,,,,,,,,,,,,,,,,,,,,,,,,,,,,,,,,,,,,,,,,,,,,,,,,,,,,,,,,,,,,,,,,,,,,,,,,,,,,,,,,,,,,,,,,,,,,,,,,,,,,,,,,,,,,,,,,,,,,,,,,,,,,,,,,,,,,,,,,,,,,,,,,,,,,,,,,,,,,,,,,,,,,,,,,,,,,,,,,,,,,
E05_RD14-0003-46_47_48-1;1;1-M2U60-0.093IP-Q2.5_001.10sec.fsa,D2S1338,G,OL,300.22,6,OL,305.57,4,OL,306.32,5,OL,311.78,2,OL,313.69,7,23,337.09,48,24,341.09,74,25,345.05,85,OL,363.57,6,,,,,,,,,,,,,,,,,,,,,,,,,,,,,,,,,,,,,,,,,,,,,,,,,,,,,,,,,,,,,,,,,,,,,,,,,,,,,,,,,,,,,,,,,,,,,,,,,,,,,,,,,,,,,,,,,,,,,,,,,,,,,,,,,,,,,,,,,,,,,,,,,,,,,,,,,,,,,,,,,,,,,,,,,,,,,,,,,,,,,,,,,,,,,,,,,,,,,,,,,,,,,,,,,,,,,,,,,,,,,,,,,,,,,,,,,,,,,,,,,,,,,,,,,,,,,,,,,,,,,,,,,,,,,,,,,
E05_RD14-0003-46_47_48-1;1;1-M2U60-0.093IP-Q2.5_001.10sec.fsa,D19S433,Y,OL,96.32,11,OL,98.56,6,10,103.81,85,13,116.12,193,14,120.07,123,14.2,122.05,24,15,124.03,123,18.2,138.11,7,OL,139.2,6,,,,,,,,,,,,,,,,,,,,,,,,,,,,,,,,,,,,,,,,,,,,,,,,,,,,,,,,,,,,,,,,,,,,,,,,,,,,,,,,,,,,,,,,,,,,,,,,,,,,,,,,,,,,,,,,,,,,,,,,,,,,,,,,,,,,,,,,,,,,,,,,,,,,,,,,,,,,,,,,,,,,,,,,,,,,,,,,,,,,,,,,,,,,,,,,,,,,,,,,,,,,,,,,,,,,,,,,,,,,,,,,,,,,,,,,,,,,,,,,,,,,,,,,,,,,,,,,,,,,,,,,,,,,,,,,,
E05_RD14-0003-46_47_48-1;1;1-M2U60-0.093IP-Q2.5_001.10sec.fsa,vWA,Y,OL,149.36,9,12,155.99,7,OL,162.29,7,14,164.22,10,15,168.22,30,16,172.14,316,17,176.15,77,18,180.23,64,18.2,181.81,8,20,188.68,8,OL,193.21,9,OL,194.42,5,25,209.17,7,,,,,,,,,,,,,,,,,,,,,,,,,,,,,,,,,,,,,,,,,,,,,,,,,,,,,,,,,,,,,,,,,,,,,,,,,,,,,,,,,,,,,,,,,,,,,,,,,,,,,,,,,,,,,,,,,,,,,,,,,,,,,,,,,,,,,,,,,,,,,,,,,,,,,,,,,,,,,,,,,,,,,,,,,,,,,,,,,,,,,,,,,,,,,,,,,,,,,,,,,,,,,,,,,,,,,,,,,,,,,,,,,,,,,,,,,,,,,,,,,,,,,,,,,,,,,,,,,,,,,
E05_RD14-0003-46_47_48-1;1;1-M2U60-0.093IP-Q2.5_001.10sec.fsa,TPOX,Y,OL,214.53,5,6,220.67,10,8,228.55,179,OL,230.88,8,9,232.61,22,OL,248.39,7,,,,,,,,,,,,,,,,,,,,,,,,,,,,,,,,,,,,,,,,,,,,,,,,,,,,,,,,,,,,,,,,,,,,,,,,,,,,,,,,,,,,,,,,,,,,,,,,,,,,,,,,,,,,,,,,,,,,,,,,,,,,,,,,,,,,,,,,,,,,,,,,,,,,,,,,,,,,,,,,,,,,,,,,,,,,,,,,,,,,,,,,,,,,,,,,,,,,,,,,,,,,,,,,,,,,,,,,,,,,,,,,,,,,,,,,,,,,,,,,,,,,,,,,,,,,,,,,,,,,,,,,,,,,,,,,,,,,,,,,,,
E05_RD14-0003-46_47_48-1;1;1-M2U60-0.093IP-Q2.5_001.10sec.fsa,D18S51,Y,OL,261.51,9,OL,265.81,6,10.2,275.06,8,OL,276.27,7,12,280.98,59,13,284.95,55,OL,287.8,7,15,292.89,23,17,301.03,25,OL,309.64,9,OL,326.93,9,,,,,,,,,,,,,,,,,,,,,,,,,,,,,,,,,,,,,,,,,,,,,,,,,,,,,,,,,,,,,,,,,,,,,,,,,,,,,,,,,,,,,,,,,,,,,,,,,,,,,,,,,,,,,,,,,,,,,,,,,,,,,,,,,,,,,,,,,,,,,,,,,,,,,,,,,,,,,,,,,,,,,,,,,,,,,,,,,,,,,,,,,,,,,,,,,,,,,,,,,,,,,,,,,,,,,,,,,,,,,,,,,,,,,,,,,,,,,,,,,,,,,,,,,,,,,,,,,,,,,,,,,,,
E05_RD14-0003-46_47_48-1;1;1-M2U60-0.093IP-Q2.5_001.10sec.fsa,AMEL,R,X,104.91,336,OL,107.32,6,OL,108.63,8,Y,110.81,292,,,,,,,,,,,,,,,,,,,,,,,,,,,,,,,,,,,,,,,,,,,,,,,,,,,,,,,,,,,,,,,,,,,,,,,,,,,,,,,,,,,,,,,,,,,,,,,,,,,,,,,,,,,,,,,,,,,,,,,,,,,,,,,,,,,,,,,,,,,,,,,,,,,,,,,,,,,,,,,,,,,,,,,,,,,,,,,,,,,,,,,,,,,,,,,,,,,,,,,,,,,,,,,,,,,,,,,,,,,,,,,,,,,,,,,,,,,,,,,,,,,,,,,,,,,,,,,,,,,,,,,,,,,,,,,,,,,,,,,,,,,,,,,,
E05_RD14-0003-46_47_48-1;1;1-M2U60-0.093IP-Q2.5_001.10sec.fsa,D5S818,R,OL,131.74,6,OL,137.74,6,11,148.76,138,12,152.9,151,13,157.05,105,OL,158.11,7,14,161.18,102,OL,163.55,9,15,165.03,10,OL,170.22,6,OL,170.74,7,OL,171.77,7,,,,,,,,,,,,,,,,,,,,,,,,,,,,,,,,,,,,,,,,,,,,,,,,,,,,,,,,,,,,,,,,,,,,,,,,,,,,,,,,,,,,,,,,,,,,,,,,,,,,,,,,,,,,,,,,,,,,,,,,,,,,,,,,,,,,,,,,,,,,,,,,,,,,,,,,,,,,,,,,,,,,,,,,,,,,,,,,,,,,,,,,,,,,,,,,,,,,,,,,,,,,,,,,,,,,,,,,,,,,,,,,,,,,,,,,,,,,,,,,,,,,,,,,,,,,,,,,,,,,,,,,
E05_RD14-0003-46_47_48-1;1;1-M2U60-0.093IP-Q2.5_001.10sec.fsa,FGA,R,OL,205.84,8,16,208.8,8,OL,218.17,8,18.2,218.78,11,19,220.97,34,OL,222.1,7,21,229.08,55,22,233.22,32,25,245.71,6,26,249.62,17,27,253.72,31,30,265.59,5,30.2,267.18,7,32,273.31,7,OL,281.2,10,OL,290.42,4,OL,300.88,8,OL,302.29,10,OL,306.39,12,OL,307.9,15,OL,308.58,11,OL,314.4,6,OL,317.19,6,OL,321.17,11,OL,323.66,9,OL,343.03,6,OL,356.96,5,OL,357.74,8,,,,,,,,,,,,,,,,,,,,,,,,,,,,,,,,,,,,,,,,,,,,,,,,,,,,,,,,,,,,,,,,,,,,,,,,,,,,,,,,,,,,,,,,,,,,,,,,,,,,,,,,,,,,,,,,,,,,,,,,,,,,,,,,,,,,,,,,,,,,,,,,,,,,,,,,,,,,,,,,,,,,,,,,,,,,,,,,,,,,,,,,,,,,,,,,,,,,,,,,,,,,,,,,,,,,,,,,
E06_RD14-0003-49_50_29-1;4;1-M1U60-0.378IP-Q0.6_001.10sec.fsa,D8S1179,B,OL,113.84,7,OL,118.24,6,OL,119.12,4,8,121.53,14,9,125.52,119,10,129.54,2462,11,133.69,30,12,137.8,431,OL,140.52,5,13,141.89,495,OL,143.62,4,14,146.04,105,15,150.2,1567,16,154.39,17,19,166.38,4,19,167.07,3,OL,170.02,5,20,170.88,6,OL,172.01,9,OL,174.78,6,,,,,,,,,,,,,,,,,,,,,,,,,,,,,,,,,,,,,,,,,,,,,,,,,,,,,,,,,,,,,,,,,,,,,,,,,,,,,,,,,,,,,,,,,,,,,,,,,,,,,,,,,,,,,,,,,,,,,,,,,,,,,,,,,,,,,,,,,,,,,,,,,,,,,,,,,,,,,,,,,,,,,,,,,,,,,,,,,,,,,,,,,,,,,,,,,,,,,,,,,,,,,,,,,,,,,,,,,,,,,,,,,,,,,,,,,,,,,,,,
E06_RD14-0003-49_50_29-1;4;1-M1U60-0.378IP-Q0.6_001.10sec.fsa,D21S11,B,25.2,188.27,6,OL,193.33,10,27,194.58,15,28,198.76,334,29,202.76,187,30.2,208.66,23,31.2,212.68,331,32.2,216.81,1297,33.2,220.89,687,34.2,224.83,7,35.2,229.14,5,36,230.75,9,37,234.88,5,OL,239.82,5,39,243.13,4,,,,,,,,,,,,,,,,,,,,,,,,,,,,,,,,,,,,,,,,,,,,,,,,,,,,,,,,,,,,,,,,,,,,,,,,,,,,,,,,,,,,,,,,,,,,,,,,,,,,,,,,,,,,,,,,,,,,,,,,,,,,,,,,,,,,,,,,,,,,,,,,,,,,,,,,,,,,,,,,,,,,,,,,,,,,,,,,,,,,,,,,,,,,,,,,,,,,,,,,,,,,,,,,,,,,,,,,,,,,,,,,,,,,,,,,,,,,,,,,,,,,,,,,,,,,,,,
E06_RD14-0003-49_50_29-1;4;1-M1U60-0.378IP-Q0.6_001.10sec.fsa,D7S820,B,OL,247.07,6,7,258.15,28,8,262.08,737,9,266.06,181,10,269.96,9,11,274.15,58,12,278.17,1074,13,282.26,11,14,286.6,4,OL,287.68,4,,,,,,,,,,,,,,,,,,,,,,,,,,,,,,,,,,,,,,,,,,,,,,,,,,,,,,,,,,,,,,,,,,,,,,,,,,,,,,,,,,,,,,,,,,,,,,,,,,,,,,,,,,,,,,,,,,,,,,,,,,,,,,,,,,,,,,,,,,,,,,,,,,,,,,,,,,,,,,,,,,,,,,,,,,,,,,,,,,,,,,,,,,,,,,,,,,,,,,,,,,,,,,,,,,,,,,,,,,,,,,,,,,,,,,,,,,,,,,,,,,,,,,,,,,,,,,,,,,,,,,,,,,,,,,
E06_RD14-0003-49_50_29-1;4;1-M1U60-0.378IP-Q0.6_001.10sec.fsa,CSF1PO,B,9,314.77,171,10,318.93,796,11,323.01,1000,12,327.05,79,13,331.07,1109,OL,333.22,3,,,,,,,,,,,,,,,,,,,,,,,,,,,,,,,,,,,,,,,,,,,,,,,,,,,,,,,,,,,,,,,,,,,,,,,,,,,,,,,,,,,,,,,,,,,,,,,,,,,,,,,,,,,,,,,,,,,,,,,,,,,,,,,,,,,,,,,,,,,,,,,,,,,,,,,,,,,,,,,,,,,,,,,,,,,,,,,,,,,,,,,,,,,,,,,,,,,,,,,,,,,,,,,,,,,,,,,,,,,,,,,,,,,,,,,,,,,,,,,,,,,,,,,,,,,,,,,,,,,,,,,,,,,,,,,,,,,,,,,,,,
E06_RD14-0003-49_50_29-1;4;1-M1U60-0.378IP-Q0.6_001.10sec.fsa,D3S1358,G,OL,94.68,27,OL,98.85,5,OL,99.84,4,OL,102.83,7,OL,108.14,9,13,114.4,46,14,118.32,746,15,122.26,185,16,126.25,2182,17,130.37,3258,18,134.44,1344,OL,141.63,12,,,,,,,,,,,,,,,,,,,,,,,,,,,,,,,,,,,,,,,,,,,,,,,,,,,,,,,,,,,,,,,,,,,,,,,,,,,,,,,,,,,,,,,,,,,,,,,,,,,,,,,,,,,,,,,,,,,,,,,,,,,,,,,,,,,,,,,,,,,,,,,,,,,,,,,,,,,,,,,,,,,,,,,,,,,,,,,,,,,,,,,,,,,,,,,,,,,,,,,,,,,,,,,,,,,,,,,,,,,,,,,,,,,,,,,,,,,,,,,,,,,,,,,,,,,,,,,,,,,,,,,,
E06_RD14-0003-49_50_29-1;4;1-M1U60-0.378IP-Q0.6_001.10sec.fsa,TH01,G,OL,154.48,6,OL,158.15,5,5,164.57,52,5.3,167.51,23,6,168.63,3481,7,172.7,2561,8,176.78,484,9,180.8,1066,OL,193.6,6,,,,,,,,,,,,,,,,,,,,,,,,,,,,,,,,,,,,,,,,,,,,,,,,,,,,,,,,,,,,,,,,,,,,,,,,,,,,,,,,,,,,,,,,,,,,,,,,,,,,,,,,,,,,,,,,,,,,,,,,,,,,,,,,,,,,,,,,,,,,,,,,,,,,,,,,,,,,,,,,,,,,,,,,,,,,,,,,,,,,,,,,,,,,,,,,,,,,,,,,,,,,,,,,,,,,,,,,,,,,,,,,,,,,,,,,,,,,,,,,,,,,,,,,,,,,,,,,,,,,,,,,,,,,,,,,,
E06_RD14-0003-49_50_29-1;4;1-M1U60-0.378IP-Q0.6_001.10sec.fsa,D13S317,G,OL,207,5,OL,220.63,6,10,223.22,73,11,227.25,1844,12,231.29,1952,13,235.33,327,OL,241.29,4,15,243.13,4,,,,,,,,,,,,,,,,,,,,,,,,,,,,,,,,,,,,,,,,,,,,,,,,,,,,,,,,,,,,,,,,,,,,,,,,,,,,,,,,,,,,,,,,,,,,,,,,,,,,,,,,,,,,,,,,,,,,,,,,,,,,,,,,,,,,,,,,,,,,,,,,,,,,,,,,,,,,,,,,,,,,,,,,,,,,,,,,,,,,,,,,,,,,,,,,,,,,,,,,,,,,,,,,,,,,,,,,,,,,,,,,,,,,,,,,,,,,,,,,,,,,,,,,,,,,,,,,,,,,,,,,,,,,,,,,,,,,
E06_RD14-0003-49_50_29-1;4;1-M1U60-0.378IP-Q0.6_001.10sec.fsa,D16S539,G,OL,266.24,8,9,267.51,34,10,271.33,535,11,275.34,449,12,279.36,996,13,283.25,1889,14,287.23,18,OL,291.75,3,,,,,,,,,,,,,,,,,,,,,,,,,,,,,,,,,,,,,,,,,,,,,,,,,,,,,,,,,,,,,,,,,,,,,,,,,,,,,,,,,,,,,,,,,,,,,,,,,,,,,,,,,,,,,,,,,,,,,,,,,,,,,,,,,,,,,,,,,,,,,,,,,,,,,,,,,,,,,,,,,,,,,,,,,,,,,,,,,,,,,,,,,,,,,,,,,,,,,,,,,,,,,,,,,,,,,,,,,,,,,,,,,,,,,,,,,,,,,,,,,,,,,,,,,,,,,,,,,,,,,,,,,,,,,,,,,,,,
E06_RD14-0003-49_50_29-1;4;1-M1U60-0.378IP-Q0.6_001.10sec.fsa,D2S1338,G,16,308.8,32,17,312.88,687,OL,317.38,14,19,320.94,8,OL,323.01,9,20,325.27,111,21,329.3,1923,22,333.22,1176,23,337.22,230,24,341.23,260,26,349.22,5,OL,355.13,8,29,361.13,4,OL,362.83,4,OL,364.92,7,,,,,,,,,,,,,,,,,,,,,,,,,,,,,,,,,,,,,,,,,,,,,,,,,,,,,,,,,,,,,,,,,,,,,,,,,,,,,,,,,,,,,,,,,,,,,,,,,,,,,,,,,,,,,,,,,,,,,,,,,,,,,,,,,,,,,,,,,,,,,,,,,,,,,,,,,,,,,,,,,,,,,,,,,,,,,,,,,,,,,,,,,,,,,,,,,,,,,,,,,,,,,,,,,,,,,,,,,,,,,,,,,,,,,,,,,,,,,,,,,,,,,,,,,,,,,,,
E06_RD14-0003-49_50_29-1;4;1-M1U60-0.378IP-Q0.6_001.10sec.fsa,D19S433,Y,10,104,70,11,108.14,1520,OL,110.79,17,12,112.27,2071,13,116.32,407,13.2,118.32,17,14,120.24,340,15,124.13,383,15.2,126.25,63,16.2,130.45,77,OL,134.44,40,OL,140.09,15,,,,,,,,,,,,,,,,,,,,,,,,,,,,,,,,,,,,,,,,,,,,,,,,,,,,,,,,,,,,,,,,,,,,,,,,,,,,,,,,,,,,,,,,,,,,,,,,,,,,,,,,,,,,,,,,,,,,,,,,,,,,,,,,,,,,,,,,,,,,,,,,,,,,,,,,,,,,,,,,,,,,,,,,,,,,,,,,,,,,,,,,,,,,,,,,,,,,,,,,,,,,,,,,,,,,,,,,,,,,,,,,,,,,,,,,,,,,,,,,,,,,,,,,,,,,,,,,,,,,,,,,
E06_RD14-0003-49_50_29-1;4;1-M1U60-0.378IP-Q0.6_001.10sec.fsa,vWA,Y,11,151.6,12,12,155.88,14,13,159.56,11,14,164.05,60,15,168.11,1205,16,172.44,91,17,176.26,835,18,180.36,1855,19,184.44,198,OL,190.49,9,OL,199.38,8,OL,202.67,7,OL,206.05,5,25,209.27,10,,,,,,,,,,,,,,,,,,,,,,,,,,,,,,,,,,,,,,,,,,,,,,,,,,,,,,,,,,,,,,,,,,,,,,,,,,,,,,,,,,,,,,,,,,,,,,,,,,,,,,,,,,,,,,,,,,,,,,,,,,,,,,,,,,,,,,,,,,,,,,,,,,,,,,,,,,,,,,,,,,,,,,,,,,,,,,,,,,,,,,,,,,,,,,,,,,,,,,,,,,,,,,,,,,,,,,,,,,,,,,,,,,,,,,,,,,,,,,,,,,,,,,,,,,,,,,,,,,
E06_RD14-0003-49_50_29-1;4;1-M1U60-0.378IP-Q0.6_001.10sec.fsa,TPOX,Y,6,220.72,25,7,224.92,1038,OL,231.29,53,9,232.9,14,10,236.94,545,11,241.01,1698,OL,246.53,8,OL,256.82,9,,,,,,,,,,,,,,,,,,,,,,,,,,,,,,,,,,,,,,,,,,,,,,,,,,,,,,,,,,,,,,,,,,,,,,,,,,,,,,,,,,,,,,,,,,,,,,,,,,,,,,,,,,,,,,,,,,,,,,,,,,,,,,,,,,,,,,,,,,,,,,,,,,,,,,,,,,,,,,,,,,,,,,,,,,,,,,,,,,,,,,,,,,,,,,,,,,,,,,,,,,,,,,,,,,,,,,,,,,,,,,,,,,,,,,,,,,,,,,,,,,,,,,,,,,,,,,,,,,,,,,,,,,,,,,,,,,,,
E06_RD14-0003-49_50_29-1;4;1-M1U60-0.378IP-Q0.6_001.10sec.fsa,D18S51,Y,7,260.36,12,7,261.08,10,OL,269.96,10,OL,271.33,20,11,277.25,15,12,281.08,210,12.2,283.16,41,13,285.06,162,14,289.13,105,14.2,290.94,9,15,293.11,64,16,297.1,766,17,301.08,295,19,309.08,64,20,313.16,701,22.2,323.86,10,23,325.27,12,24,329.39,43,OL,332.94,27,OL,336.66,11,OL,340.57,12,27,341.42,13,OL,342.75,5,,,,,,,,,,,,,,,,,,,,,,,,,,,,,,,,,,,,,,,,,,,,,,,,,,,,,,,,,,,,,,,,,,,,,,,,,,,,,,,,,,,,,,,,,,,,,,,,,,,,,,,,,,,,,,,,,,,,,,,,,,,,,,,,,,,,,,,,,,,,,,,,,,,,,,,,,,,,,,,,,,,,,,,,,,,,,,,,,,,,,,,,,,,,,,,,,,,,,,,,,,,,,,,,,,,,,,,,,,,,,,,,,,,,,,,
E06_RD14-0003-49_50_29-1;4;1-M1U60-0.378IP-Q0.6_001.10sec.fsa,AMEL,R,X,104.91,2189,Y,110.79,1910,,,,,,,,,,,,,,,,,,,,,,,,,,,,,,,,,,,,,,,,,,,,,,,,,,,,,,,,,,,,,,,,,,,,,,,,,,,,,,,,,,,,,,,,,,,,,,,,,,,,,,,,,,,,,,,,,,,,,,,,,,,,,,,,,,,,,,,,,,,,,,,,,,,,,,,,,,,,,,,,,,,,,,,,,,,,,,,,,,,,,,,,,,,,,,,,,,,,,,,,,,,,,,,,,,,,,,,,,,,,,,,,,,,,,,,,,,,,,,,,,,,,,,,,,,,,,,,,,,,,,,,,,,,,,,,,,,,,,,,,,,,,,,,,,,,,,,
E06_RD14-0003-49_50_29-1;4;1-M1U60-0.378IP-Q0.6_001.10sec.fsa,D5S818,R,OL,126.99,48,6,128.22,44,6,128.72,44,OL,129.46,50,OL,131.86,34,7,132.61,36,10,144.74,90,11,148.9,2073,12,152.99,265,13,157.1,444,14,161.46,12,OL,165.78,7,OL,170.19,62,OL,171.05,58,OL,171.92,64,OL,175.74,18,OL,177.91,23,,,,,,,,,,,,,,,,,,,,,,,,,,,,,,,,,,,,,,,,,,,,,,,,,,,,,,,,,,,,,,,,,,,,,,,,,,,,,,,,,,,,,,,,,,,,,,,,,,,,,,,,,,,,,,,,,,,,,,,,,,,,,,,,,,,,,,,,,,,,,,,,,,,,,,,,,,,,,,,,,,,,,,,,,,,,,,,,,,,,,,,,,,,,,,,,,,,,,,,,,,,,,,,,,,,,,,,,,,,,,,,,,,,,,,,,,,,,,,,,,,,,,,,,,
E06_RD14-0003-49_50_29-1;4;1-M1U60-0.378IP-Q0.6_001.10sec.fsa,FGA,R,18,216.81,89,19,220.89,1511,20,225.46,13,OL,228.15,39,21,229.32,41,OL,230.3,35,22,233.17,39,23,237.21,521,24,241.29,318,26,249.73,8,OL,258.85,12,31,269.14,13,OL,270.51,11,OL,274.33,13,32.2,275.97,15,OL,276.8,17,OL,280.9,39,OL,284.52,18,OL,288.59,8,OL,307.43,24,OL,308.34,20,OL,314.29,10,43.2,320,8,OL,321.98,8,OL,330.23,20,OL,331.54,27,,,,,,,,,,,,,,,,,,,,,,,,,,,,,,,,,,,,,,,,,,,,,,,,,,,,,,,,,,,,,,,,,,,,,,,,,,,,,,,,,,,,,,,,,,,,,,,,,,,,,,,,,,,,,,,,,,,,,,,,,,,,,,,,,,,,,,,,,,,,,,,,,,,,,,,,,,,,,,,,,,,,,,,,,,,,,,,,,,,,,,,,,,,,,,,,,,,,,,,,,,,,,,,,,,,,,,,,,,,,,,
E07_RD14-0003-30_31_32-1;4;4-M2U15-0.279IP-Q1.0_001.10sec.fsa,D8S1179,B,7,117.56,4,9,125.65,9,10,129.56,53,11,133.57,721,12,137.77,732,13,141.89,1095,14,145.99,739,OL,151.54,5,OL,156.56,4,OL,165.74,7,19,166.68,5,OL,169.12,4,OL,172.51,12,OL,175.9,6,OL,177.32,3,,,,,,,,,,,,,,,,,,,,,,,,,,,,,,,,,,,,,,,,,,,,,,,,,,,,,,,,,,,,,,,,,,,,,,,,,,,,,,,,,,,,,,,,,,,,,,,,,,,,,,,,,,,,,,,,,,,,,,,,,,,,,,,,,,,,,,,,,,,,,,,,,,,,,,,,,,,,,,,,,,,,,,,,,,,,,,,,,,,,,,,,,,,,,,,,,,,,,,,,,,,,,,,,,,,,,,,,,,,,,,,,,,,,,,,,,,,,,,,,,,,,,,,,,,,,,,,
E07_RD14-0003-30_31_32-1;4;4-M2U15-0.279IP-Q1.0_001.10sec.fsa,D21S11,B,OL,183.69,13,OL,184.98,5,26.2,192.45,5,28,198.63,95,28.2,200.55,8,29,202.68,1402,30,206.62,65,30.2,208.6,64,31,210.66,733,31.2,212.65,872,32,214.65,26,OL,220,5,OL,221.21,4,OL,226.13,5,35.2,228.55,2,36,231.14,15,OL,241.49,4,,,,,,,,,,,,,,,,,,,,,,,,,,,,,,,,,,,,,,,,,,,,,,,,,,,,,,,,,,,,,,,,,,,,,,,,,,,,,,,,,,,,,,,,,,,,,,,,,,,,,,,,,,,,,,,,,,,,,,,,,,,,,,,,,,,,,,,,,,,,,,,,,,,,,,,,,,,,,,,,,,,,,,,,,,,,,,,,,,,,,,,,,,,,,,,,,,,,,,,,,,,,,,,,,,,,,,,,,,,,,,,,,,,,,,,,,,,,,,,,,,,,,,,,,
E07_RD14-0003-30_31_32-1;4;4-M2U15-0.279IP-Q1.0_001.10sec.fsa,D7S820,B,OL,249.51,6,OL,259.04,6,OL,259.92,11,8,262.04,86,10,269.96,21,11,274.07,409,12,278.19,30,13,282.12,497,OL,291.92,5,16,294.04,7,,,,,,,,,,,,,,,,,,,,,,,,,,,,,,,,,,,,,,,,,,,,,,,,,,,,,,,,,,,,,,,,,,,,,,,,,,,,,,,,,,,,,,,,,,,,,,,,,,,,,,,,,,,,,,,,,,,,,,,,,,,,,,,,,,,,,,,,,,,,,,,,,,,,,,,,,,,,,,,,,,,,,,,,,,,,,,,,,,,,,,,,,,,,,,,,,,,,,,,,,,,,,,,,,,,,,,,,,,,,,,,,,,,,,,,,,,,,,,,,,,,,,,,,,,,,,,,,,,,,,,,,,,,,,,
E07_RD14-0003-30_31_32-1;4;4-M2U15-0.279IP-Q1.0_001.10sec.fsa,CSF1PO,B,OL,299.27,5,OL,300.08,6,7,306.62,5,9,314.53,25,10,318.76,509,11,322.9,698,OL,324.6,4,12,326.97,1246,13,330.94,81,OL,337.41,5,OL,343.78,4,,,,,,,,,,,,,,,,,,,,,,,,,,,,,,,,,,,,,,,,,,,,,,,,,,,,,,,,,,,,,,,,,,,,,,,,,,,,,,,,,,,,,,,,,,,,,,,,,,,,,,,,,,,,,,,,,,,,,,,,,,,,,,,,,,,,,,,,,,,,,,,,,,,,,,,,,,,,,,,,,,,,,,,,,,,,,,,,,,,,,,,,,,,,,,,,,,,,,,,,,,,,,,,,,,,,,,,,,,,,,,,,,,,,,,,,,,,,,,,,,,,,,,,,,,,,,,,,,,,,,,,,,,,
E07_RD14-0003-30_31_32-1;4;4-M2U15-0.279IP-Q1.0_001.10sec.fsa,D3S1358,G,OL,100.31,9,OL,104.35,6,OL,107.09,6,13,114,20,OL,115.34,10,14,118.22,198,15,122.15,2833,16,126.33,1868,17,130.32,300,18,134.72,10,OL,135.48,8,,,,,,,,,,,,,,,,,,,,,,,,,,,,,,,,,,,,,,,,,,,,,,,,,,,,,,,,,,,,,,,,,,,,,,,,,,,,,,,,,,,,,,,,,,,,,,,,,,,,,,,,,,,,,,,,,,,,,,,,,,,,,,,,,,,,,,,,,,,,,,,,,,,,,,,,,,,,,,,,,,,,,,,,,,,,,,,,,,,,,,,,,,,,,,,,,,,,,,,,,,,,,,,,,,,,,,,,,,,,,,,,,,,,,,,,,,,,,,,,,,,,,,,,,,,,,,,,,,,,,,,,,,,
E07_RD14-0003-30_31_32-1;4;4-M2U15-0.279IP-Q1.0_001.10sec.fsa,TH01,G,3,156.64,5,OL,159.28,9,OL,162.83,6,OL,163.85,8,6,168.49,94,7,172.58,2126,8,176.61,28,9,180.72,952,9.3,183.85,2080,OL,190.2,9,OL,197.83,4,,,,,,,,,,,,,,,,,,,,,,,,,,,,,,,,,,,,,,,,,,,,,,,,,,,,,,,,,,,,,,,,,,,,,,,,,,,,,,,,,,,,,,,,,,,,,,,,,,,,,,,,,,,,,,,,,,,,,,,,,,,,,,,,,,,,,,,,,,,,,,,,,,,,,,,,,,,,,,,,,,,,,,,,,,,,,,,,,,,,,,,,,,,,,,,,,,,,,,,,,,,,,,,,,,,,,,,,,,,,,,,,,,,,,,,,,,,,,,,,,,,,,,,,,,,,,,,,,,,,,,,,,,,
E07_RD14-0003-30_31_32-1;4;4-M2U15-0.279IP-Q1.0_001.10sec.fsa,D13S317,G,OL,212.89,11,OL,213.76,7,OL,215.7,8,10,223.22,44,11,227.26,1147,12,231.22,2794,13,235.36,19,OL,242.32,4,OL,244.06,4,,,,,,,,,,,,,,,,,,,,,,,,,,,,,,,,,,,,,,,,,,,,,,,,,,,,,,,,,,,,,,,,,,,,,,,,,,,,,,,,,,,,,,,,,,,,,,,,,,,,,,,,,,,,,,,,,,,,,,,,,,,,,,,,,,,,,,,,,,,,,,,,,,,,,,,,,,,,,,,,,,,,,,,,,,,,,,,,,,,,,,,,,,,,,,,,,,,,,,,,,,,,,,,,,,,,,,,,,,,,,,,,,,,,,,,,,,,,,,,,,,,,,,,,,,,,,,,,,,,,,,,,,,,,,,,,,
E07_RD14-0003-30_31_32-1;4;4-M2U15-0.279IP-Q1.0_001.10sec.fsa,D16S539,G,OL,265.06,5,9,267.26,25,10,271.28,716,11,275.22,761,12,279.26,820,13,283.27,637,OL,292.57,5,,,,,,,,,,,,,,,,,,,,,,,,,,,,,,,,,,,,,,,,,,,,,,,,,,,,,,,,,,,,,,,,,,,,,,,,,,,,,,,,,,,,,,,,,,,,,,,,,,,,,,,,,,,,,,,,,,,,,,,,,,,,,,,,,,,,,,,,,,,,,,,,,,,,,,,,,,,,,,,,,,,,,,,,,,,,,,,,,,,,,,,,,,,,,,,,,,,,,,,,,,,,,,,,,,,,,,,,,,,,,,,,,,,,,,,,,,,,,,,,,,,,,,,,,,,,,,,,,,,,,,,,,,,,,,,,,,,,,,,
E07_RD14-0003-30_31_32-1;4;4-M2U15-0.279IP-Q1.0_001.10sec.fsa,D2S1338,G,OL,302.89,7,OL,304.18,7,OL,311.07,8,17,312.74,71,18,316.81,107,19,321.11,1249,OL,327.99,6,21,329.17,54,22,333.22,453,OL,340,5,OL,342.84,8,OL,358.18,5,,,,,,,,,,,,,,,,,,,,,,,,,,,,,,,,,,,,,,,,,,,,,,,,,,,,,,,,,,,,,,,,,,,,,,,,,,,,,,,,,,,,,,,,,,,,,,,,,,,,,,,,,,,,,,,,,,,,,,,,,,,,,,,,,,,,,,,,,,,,,,,,,,,,,,,,,,,,,,,,,,,,,,,,,,,,,,,,,,,,,,,,,,,,,,,,,,,,,,,,,,,,,,,,,,,,,,,,,,,,,,,,,,,,,,,,,,,,,,,,,,,,,,,,,,,,,,,,,,,,,,,,
E07_RD14-0003-30_31_32-1;4;4-M2U15-0.279IP-Q1.0_001.10sec.fsa,D19S433,Y,10,103.9,29,11,108.08,494,12,112.18,151,12.2,114.22,134,13,116.22,744,14,120.15,855,15,124.09,68,15.2,126.25,41,16,128.06,702,OL,132.74,7,,,,,,,,,,,,,,,,,,,,,,,,,,,,,,,,,,,,,,,,,,,,,,,,,,,,,,,,,,,,,,,,,,,,,,,,,,,,,,,,,,,,,,,,,,,,,,,,,,,,,,,,,,,,,,,,,,,,,,,,,,,,,,,,,,,,,,,,,,,,,,,,,,,,,,,,,,,,,,,,,,,,,,,,,,,,,,,,,,,,,,,,,,,,,,,,,,,,,,,,,,,,,,,,,,,,,,,,,,,,,,,,,,,,,,,,,,,,,,,,,,,,,,,,,,,,,,,,,,,,,,,,,,,,,,
E07_RD14-0003-30_31_32-1;4;4-M2U15-0.279IP-Q1.0_001.10sec.fsa,vWA,Y,OL,157.2,10,13,160.31,15,OL,162.36,5,14,164.08,79,15,168.17,1254,16,172.19,970,17,176.21,143,18,180.24,1783,OL,183.69,47,OL,193.81,8,OL,208.37,7,,,,,,,,,,,,,,,,,,,,,,,,,,,,,,,,,,,,,,,,,,,,,,,,,,,,,,,,,,,,,,,,,,,,,,,,,,,,,,,,,,,,,,,,,,,,,,,,,,,,,,,,,,,,,,,,,,,,,,,,,,,,,,,,,,,,,,,,,,,,,,,,,,,,,,,,,,,,,,,,,,,,,,,,,,,,,,,,,,,,,,,,,,,,,,,,,,,,,,,,,,,,,,,,,,,,,,,,,,,,,,,,,,,,,,,,,,,,,,,,,,,,,,,,,,,,,,,,,,,,,,,,,,,
E07_RD14-0003-30_31_32-1;4;4-M2U15-0.279IP-Q1.0_001.10sec.fsa,TPOX,Y,OL,213.36,9,6,220.72,495,7,224.67,27,8,228.71,2020,OL,231.14,30,10,236.74,13,11,240.83,159,OL,254.25,7,,,,,,,,,,,,,,,,,,,,,,,,,,,,,,,,,,,,,,,,,,,,,,,,,,,,,,,,,,,,,,,,,,,,,,,,,,,,,,,,,,,,,,,,,,,,,,,,,,,,,,,,,,,,,,,,,,,,,,,,,,,,,,,,,,,,,,,,,,,,,,,,,,,,,,,,,,,,,,,,,,,,,,,,,,,,,,,,,,,,,,,,,,,,,,,,,,,,,,,,,,,,,,,,,,,,,,,,,,,,,,,,,,,,,,,,,,,,,,,,,,,,,,,,,,,,,,,,,,,,,,,,,,,,,,,,,,,,
E07_RD14-0003-30_31_32-1;4;4-M2U15-0.279IP-Q1.0_001.10sec.fsa,D18S51,Y,9,269.06,9,11,277.03,25,12,281.06,383,13,285.14,28,14,289.06,333,15,293.14,604,16,297.14,42,17,301.04,230,17.2,303.37,5,OL,305.8,4,18.2,307.36,9,19,308.84,8,21.2,319.56,6,OL,324.51,9,23.2,327.74,9,OL,329.09,10,OL,340.52,8,,,,,,,,,,,,,,,,,,,,,,,,,,,,,,,,,,,,,,,,,,,,,,,,,,,,,,,,,,,,,,,,,,,,,,,,,,,,,,,,,,,,,,,,,,,,,,,,,,,,,,,,,,,,,,,,,,,,,,,,,,,,,,,,,,,,,,,,,,,,,,,,,,,,,,,,,,,,,,,,,,,,,,,,,,,,,,,,,,,,,,,,,,,,,,,,,,,,,,,,,,,,,,,,,,,,,,,,,,,,,,,,,,,,,,,,,,,,,,,,,,,,,,,,,
E07_RD14-0003-30_31_32-1;4;4-M2U15-0.279IP-Q1.0_001.10sec.fsa,AMEL,R,X,104.89,1259,Y,110.82,1263,,,,,,,,,,,,,,,,,,,,,,,,,,,,,,,,,,,,,,,,,,,,,,,,,,,,,,,,,,,,,,,,,,,,,,,,,,,,,,,,,,,,,,,,,,,,,,,,,,,,,,,,,,,,,,,,,,,,,,,,,,,,,,,,,,,,,,,,,,,,,,,,,,,,,,,,,,,,,,,,,,,,,,,,,,,,,,,,,,,,,,,,,,,,,,,,,,,,,,,,,,,,,,,,,,,,,,,,,,,,,,,,,,,,,,,,,,,,,,,,,,,,,,,,,,,,,,,,,,,,,,,,,,,,,,,,,,,,,,,,,,,,,,,,,,,,,,
E07_RD14-0003-30_31_32-1;4;4-M2U15-0.279IP-Q1.0_001.10sec.fsa,D5S818,R,OL,125.65,23,OL,127.6,14,OL,129.26,10,OL,134.64,8,9,140.63,73,10,144.65,1521,11,148.84,550,12,152.97,192,13,157.12,387,15,164.79,9,16,169.12,9,OL,174.08,7,,,,,,,,,,,,,,,,,,,,,,,,,,,,,,,,,,,,,,,,,,,,,,,,,,,,,,,,,,,,,,,,,,,,,,,,,,,,,,,,,,,,,,,,,,,,,,,,,,,,,,,,,,,,,,,,,,,,,,,,,,,,,,,,,,,,,,,,,,,,,,,,,,,,,,,,,,,,,,,,,,,,,,,,,,,,,,,,,,,,,,,,,,,,,,,,,,,,,,,,,,,,,,,,,,,,,,,,,,,,,,,,,,,,,,,,,,,,,,,,,,,,,,,,,,,,,,,,,,,,,,,,
E07_RD14-0003-30_31_32-1;4;4-M2U15-0.279IP-Q1.0_001.10sec.fsa,FGA,R,OL,211.3,9,19,220.97,40,20,224.92,61,OL,227.82,21,21,229.04,835,22,233.09,77,23,237.23,312,OL,241.99,18,26,249.51,21,27,253.53,331,OL,260.98,8,30.2,267.92,12,31.2,271.77,23,OL,272.59,12,33.2,279.83,8,OL,291.67,7,OL,306.29,9,OL,325.79,9,46.2,332.54,8,OL,337.33,10,OL,349.55,10,OL,353.95,11,OL,358.7,11,,,,,,,,,,,,,,,,,,,,,,,,,,,,,,,,,,,,,,,,,,,,,,,,,,,,,,,,,,,,,,,,,,,,,,,,,,,,,,,,,,,,,,,,,,,,,,,,,,,,,,,,,,,,,,,,,,,,,,,,,,,,,,,,,,,,,,,,,,,,,,,,,,,,,,,,,,,,,,,,,,,,,,,,,,,,,,,,,,,,,,,,,,,,,,,,,,,,,,,,,,,,,,,,,,,,,,,,,,,,,,,,,,,,,,,
F05_RD14-0003-46_47_48-1;1;1-M3U60-0.045IP-Q4.0_002.10sec.fsa,D8S1179,B,OL,112.5,4,OL,132.33,3,11,133.48,22,14,145.86,33,OL,148.47,4,OL,149.44,3,OL,159.1,2,,,,,,,,,,,,,,,,,,,,,,,,,,,,,,,,,,,,,,,,,,,,,,,,,,,,,,,,,,,,,,,,,,,,,,,,,,,,,,,,,,,,,,,,,,,,,,,,,,,,,,,,,,,,,,,,,,,,,,,,,,,,,,,,,,,,,,,,,,,,,,,,,,,,,,,,,,,,,,,,,,,,,,,,,,,,,,,,,,,,,,,,,,,,,,,,,,,,,,,,,,,,,,,,,,,,,,,,,,,,,,,,,,,,,,,,,,,,,,,,,,,,,,,,,,,,,,,,,,,,,,,,,,,,,,,,,,,,,,,
F05_RD14-0003-46_47_48-1;1;1-M3U60-0.045IP-Q4.0_002.10sec.fsa,D21S11,B,25,186.75,4,25.2,188.78,3,27,194.47,30,OL,196.04,5,29,202.55,23,29.2,204.96,3,30,206.57,41,31,210.61,26,31.2,212.52,60,32.2,216.58,54,,,,,,,,,,,,,,,,,,,,,,,,,,,,,,,,,,,,,,,,,,,,,,,,,,,,,,,,,,,,,,,,,,,,,,,,,,,,,,,,,,,,,,,,,,,,,,,,,,,,,,,,,,,,,,,,,,,,,,,,,,,,,,,,,,,,,,,,,,,,,,,,,,,,,,,,,,,,,,,,,,,,,,,,,,,,,,,,,,,,,,,,,,,,,,,,,,,,,,,,,,,,,,,,,,,,,,,,,,,,,,,,,,,,,,,,,,,,,,,,,,,,,,,,,,,,,,,,,,,,,,,,,,,,,,
F05_RD14-0003-46_47_48-1;1;1-M3U60-0.045IP-Q4.0_002.10sec.fsa,D7S820,B,OL,248.71,4,10,269.97,12,OL,273.36,3,12,277.81,3,OL,280.15,6,13,281.94,3,15,289.71,2,,,,,,,,,,,,,,,,,,,,,,,,,,,,,,,,,,,,,,,,,,,,,,,,,,,,,,,,,,,,,,,,,,,,,,,,,,,,,,,,,,,,,,,,,,,,,,,,,,,,,,,,,,,,,,,,,,,,,,,,,,,,,,,,,,,,,,,,,,,,,,,,,,,,,,,,,,,,,,,,,,,,,,,,,,,,,,,,,,,,,,,,,,,,,,,,,,,,,,,,,,,,,,,,,,,,,,,,,,,,,,,,,,,,,,,,,,,,,,,,,,,,,,,,,,,,,,,,,,,,,,,,,,,,,,,,,,,,,,,
F05_RD14-0003-46_47_48-1;1;1-M3U60-0.045IP-Q4.0_002.10sec.fsa,CSF1PO,B,7,306.5,3,OL,313,4,OL,314,7,OL,315.28,5,10,318.47,14,11,322.87,16,OL,324.57,4,12,326.8,15,OL,329.95,5,,,,,,,,,,,,,,,,,,,,,,,,,,,,,,,,,,,,,,,,,,,,,,,,,,,,,,,,,,,,,,,,,,,,,,,,,,,,,,,,,,,,,,,,,,,,,,,,,,,,,,,,,,,,,,,,,,,,,,,,,,,,,,,,,,,,,,,,,,,,,,,,,,,,,,,,,,,,,,,,,,,,,,,,,,,,,,,,,,,,,,,,,,,,,,,,,,,,,,,,,,,,,,,,,,,,,,,,,,,,,,,,,,,,,,,,,,,,,,,,,,,,,,,,,,,,,,,,,,,,,,,,,,,,,,,,,
F05_RD14-0003-46_47_48-1;1;1-M3U60-0.045IP-Q4.0_002.10sec.fsa,D3S1358,G,OL,96.7,7,OL,102.62,12,12,110.06,13,OL,111.35,6,13,114.28,22,OL,115.47,5,14,118.33,366,OL,120.7,6,15,122.18,142,15.2,124.29,2,18,134.35,24,,,,,,,,,,,,,,,,,,,,,,,,,,,,,,,,,,,,,,,,,,,,,,,,,,,,,,,,,,,,,,,,,,,,,,,,,,,,,,,,,,,,,,,,,,,,,,,,,,,,,,,,,,,,,,,,,,,,,,,,,,,,,,,,,,,,,,,,,,,,,,,,,,,,,,,,,,,,,,,,,,,,,,,,,,,,,,,,,,,,,,,,,,,,,,,,,,,,,,,,,,,,,,,,,,,,,,,,,,,,,,,,,,,,,,,,,,,,,,,,,,,,,,,,,,,,,,,,,,,,,,,,,,,
F05_RD14-0003-46_47_48-1;1;1-M3U60-0.045IP-Q4.0_002.10sec.fsa,TH01,G,OL,155.79,6,6,168.33,24,7,172.47,116,9,180.6,90,,,,,,,,,,,,,,,,,,,,,,,,,,,,,,,,,,,,,,,,,,,,,,,,,,,,,,,,,,,,,,,,,,,,,,,,,,,,,,,,,,,,,,,,,,,,,,,,,,,,,,,,,,,,,,,,,,,,,,,,,,,,,,,,,,,,,,,,,,,,,,,,,,,,,,,,,,,,,,,,,,,,,,,,,,,,,,,,,,,,,,,,,,,,,,,,,,,,,,,,,,,,,,,,,,,,,,,,,,,,,,,,,,,,,,,,,,,,,,,,,,,,,,,,,,,,,,,,,,,,,,,,,,,,,,,,,,,,,,,,,,,,,,,,
F05_RD14-0003-46_47_48-1;1;1-M3U60-0.045IP-Q4.0_002.10sec.fsa,D13S317,G,OL,203.64,8,OL,208.55,5,11,227.24,11,12,231.26,162,13,235.44,5,OL,242.45,6,,,,,,,,,,,,,,,,,,,,,,,,,,,,,,,,,,,,,,,,,,,,,,,,,,,,,,,,,,,,,,,,,,,,,,,,,,,,,,,,,,,,,,,,,,,,,,,,,,,,,,,,,,,,,,,,,,,,,,,,,,,,,,,,,,,,,,,,,,,,,,,,,,,,,,,,,,,,,,,,,,,,,,,,,,,,,,,,,,,,,,,,,,,,,,,,,,,,,,,,,,,,,,,,,,,,,,,,,,,,,,,,,,,,,,,,,,,,,,,,,,,,,,,,,,,,,,,,,,,,,,,,,,,,,,,,,,,,,,,,,,
F05_RD14-0003-46_47_48-1;1;1-M3U60-0.045IP-Q4.0_002.10sec.fsa,D16S539,G,OL,257,6,7,259.41,6,OL,277.13,5,12,279.55,8,13,282.76,5,OL,286.05,5,OL,289.93,7,OL,293.81,5,16,294.93,7,,,,,,,,,,,,,,,,,,,,,,,,,,,,,,,,,,,,,,,,,,,,,,,,,,,,,,,,,,,,,,,,,,,,,,,,,,,,,,,,,,,,,,,,,,,,,,,,,,,,,,,,,,,,,,,,,,,,,,,,,,,,,,,,,,,,,,,,,,,,,,,,,,,,,,,,,,,,,,,,,,,,,,,,,,,,,,,,,,,,,,,,,,,,,,,,,,,,,,,,,,,,,,,,,,,,,,,,,,,,,,,,,,,,,,,,,,,,,,,,,,,,,,,,,,,,,,,,,,,,,,,,,,,,,,,,,
F05_RD14-0003-46_47_48-1;1;1-M3U60-0.045IP-Q4.0_002.10sec.fsa,D2S1338,G,OL,326.65,6,OL,328.57,10,OL,336.28,7,23,337.04,21,OL,342.87,5,25,344.89,9,25,345.44,8,OL,355.16,9,OL,359.3,5,,,,,,,,,,,,,,,,,,,,,,,,,,,,,,,,,,,,,,,,,,,,,,,,,,,,,,,,,,,,,,,,,,,,,,,,,,,,,,,,,,,,,,,,,,,,,,,,,,,,,,,,,,,,,,,,,,,,,,,,,,,,,,,,,,,,,,,,,,,,,,,,,,,,,,,,,,,,,,,,,,,,,,,,,,,,,,,,,,,,,,,,,,,,,,,,,,,,,,,,,,,,,,,,,,,,,,,,,,,,,,,,,,,,,,,,,,,,,,,,,,,,,,,,,,,,,,,,,,,,,,,,,,,,,,,,,
F05_RD14-0003-46_47_48-1;1;1-M3U60-0.045IP-Q4.0_002.10sec.fsa,D19S433,Y,OL,100.73,6,10,103.85,29,OL,111.28,5,14,120.07,21,15,123.72,19,16,128.12,8,18,136.15,8,,,,,,,,,,,,,,,,,,,,,,,,,,,,,,,,,,,,,,,,,,,,,,,,,,,,,,,,,,,,,,,,,,,,,,,,,,,,,,,,,,,,,,,,,,,,,,,,,,,,,,,,,,,,,,,,,,,,,,,,,,,,,,,,,,,,,,,,,,,,,,,,,,,,,,,,,,,,,,,,,,,,,,,,,,,,,,,,,,,,,,,,,,,,,,,,,,,,,,,,,,,,,,,,,,,,,,,,,,,,,,,,,,,,,,,,,,,,,,,,,,,,,,,,,,,,,,,,,,,,,,,,,,,,,,,,,,,,,,,
F05_RD14-0003-46_47_48-1;1;1-M3U60-0.045IP-Q4.0_002.10sec.fsa,vWA,Y,OL,154.45,5,13,160.07,11,OL,163.17,9,15,167.97,14,16,172.17,133,17,176.16,24,OL,189.45,6,OL,194.69,7,,,,,,,,,,,,,,,,,,,,,,,,,,,,,,,,,,,,,,,,,,,,,,,,,,,,,,,,,,,,,,,,,,,,,,,,,,,,,,,,,,,,,,,,,,,,,,,,,,,,,,,,,,,,,,,,,,,,,,,,,,,,,,,,,,,,,,,,,,,,,,,,,,,,,,,,,,,,,,,,,,,,,,,,,,,,,,,,,,,,,,,,,,,,,,,,,,,,,,,,,,,,,,,,,,,,,,,,,,,,,,,,,,,,,,,,,,,,,,,,,,,,,,,,,,,,,,,,,,,,,,,,,,,,,,,,,,,,
F05_RD14-0003-46_47_48-1;1;1-M3U60-0.045IP-Q4.0_002.10sec.fsa,TPOX,Y,5,216.81,7,OL,218.4,8,OL,227.01,8,8,228.43,22,OL,230.07,8,OL,245.81,8,OL,247.87,9,,,,,,,,,,,,,,,,,,,,,,,,,,,,,,,,,,,,,,,,,,,,,,,,,,,,,,,,,,,,,,,,,,,,,,,,,,,,,,,,,,,,,,,,,,,,,,,,,,,,,,,,,,,,,,,,,,,,,,,,,,,,,,,,,,,,,,,,,,,,,,,,,,,,,,,,,,,,,,,,,,,,,,,,,,,,,,,,,,,,,,,,,,,,,,,,,,,,,,,,,,,,,,,,,,,,,,,,,,,,,,,,,,,,,,,,,,,,,,,,,,,,,,,,,,,,,,,,,,,,,,,,,,,,,,,,,,,,,,,
F05_RD14-0003-46_47_48-1;1;1-M3U60-0.045IP-Q4.0_002.10sec.fsa,D18S51,Y,OL,265.54,4,OL,273.43,6,OL,283.58,9,13,285.08,22,OL,287.54,5,18,304.94,15,OL,307.78,7,19,308.6,10,OL,320.16,8,OL,322.33,6,22.2,323.72,6,23.2,327.65,6,OL,331.1,5,25,333.31,8,,,,,,,,,,,,,,,,,,,,,,,,,,,,,,,,,,,,,,,,,,,,,,,,,,,,,,,,,,,,,,,,,,,,,,,,,,,,,,,,,,,,,,,,,,,,,,,,,,,,,,,,,,,,,,,,,,,,,,,,,,,,,,,,,,,,,,,,,,,,,,,,,,,,,,,,,,,,,,,,,,,,,,,,,,,,,,,,,,,,,,,,,,,,,,,,,,,,,,,,,,,,,,,,,,,,,,,,,,,,,,,,,,,,,,,,,,,,,,,,,,,,,,,,,,,,,,,,,,
F05_RD14-0003-46_47_48-1;1;1-M3U60-0.045IP-Q4.0_002.10sec.fsa,AMEL,R,X,104.94,64,Y,110.78,113,,,,,,,,,,,,,,,,,,,,,,,,,,,,,,,,,,,,,,,,,,,,,,,,,,,,,,,,,,,,,,,,,,,,,,,,,,,,,,,,,,,,,,,,,,,,,,,,,,,,,,,,,,,,,,,,,,,,,,,,,,,,,,,,,,,,,,,,,,,,,,,,,,,,,,,,,,,,,,,,,,,,,,,,,,,,,,,,,,,,,,,,,,,,,,,,,,,,,,,,,,,,,,,,,,,,,,,,,,,,,,,,,,,,,,,,,,,,,,,,,,,,,,,,,,,,,,,,,,,,,,,,,,,,,,,,,,,,,,,,,,,,,,,,,,,,,,
F05_RD14-0003-46_47_48-1;1;1-M3U60-0.045IP-Q4.0_002.10sec.fsa,D5S818,R,OL,129.33,3,7,132.19,6,OL,133.84,6,10,144.52,6,11,148.77,28,12,153.02,20,13,156.92,10,OL,158.87,9,OL,163.54,9,15,165.01,10,OL,165.83,9,OL,167.74,10,,,,,,,,,,,,,,,,,,,,,,,,,,,,,,,,,,,,,,,,,,,,,,,,,,,,,,,,,,,,,,,,,,,,,,,,,,,,,,,,,,,,,,,,,,,,,,,,,,,,,,,,,,,,,,,,,,,,,,,,,,,,,,,,,,,,,,,,,,,,,,,,,,,,,,,,,,,,,,,,,,,,,,,,,,,,,,,,,,,,,,,,,,,,,,,,,,,,,,,,,,,,,,,,,,,,,,,,,,,,,,,,,,,,,,,,,,,,,,,,,,,,,,,,,,,,,,,,,,,,,,,,
F05_RD14-0003-46_47_48-1;1;1-M3U60-0.045IP-Q4.0_002.10sec.fsa,FGA,R,23,236.86,7,OL,238.58,7,25,245.28,14,OL,252.44,3,OL,260.97,8,29.2,263.29,12,OL,266.67,6,30.2,267.79,7,31,269.9,8,OL,272.98,6,OL,274.34,7,OL,278.04,5,OL,280.97,9,OL,288.14,8,OL,290.23,6,OL,298.66,10,OL,301.91,7,OL,303.23,8,OL,305.01,5,42.2,315.75,8,43.2,320.39,3,44.2,324.03,6,OL,329.57,6,49.2,344.27,6,,,,,,,,,,,,,,,,,,,,,,,,,,,,,,,,,,,,,,,,,,,,,,,,,,,,,,,,,,,,,,,,,,,,,,,,,,,,,,,,,,,,,,,,,,,,,,,,,,,,,,,,,,,,,,,,,,,,,,,,,,,,,,,,,,,,,,,,,,,,,,,,,,,,,,,,,,,,,,,,,,,,,,,,,,,,,,,,,,,,,,,,,,,,,,,,,,,,,,,,,,,,,,,,,,,,,,,,,,,,,,,,,,,,
F06_RD14-0003-49_50_29-1;4;1-M2U60-0.186IP-Q3.8_002.10sec.fsa,D8S1179,B,OL,112.44,5,OL,124.13,4,9,125.52,20,10,129.55,357,11,133.61,7,12,137.89,114,13,141.97,88,14,146.02,31,15,150.25,444,18,162.49,6,19,166.18,3,OL,175.32,9,,,,,,,,,,,,,,,,,,,,,,,,,,,,,,,,,,,,,,,,,,,,,,,,,,,,,,,,,,,,,,,,,,,,,,,,,,,,,,,,,,,,,,,,,,,,,,,,,,,,,,,,,,,,,,,,,,,,,,,,,,,,,,,,,,,,,,,,,,,,,,,,,,,,,,,,,,,,,,,,,,,,,,,,,,,,,,,,,,,,,,,,,,,,,,,,,,,,,,,,,,,,,,,,,,,,,,,,,,,,,,,,,,,,,,,,,,,,,,,,,,,,,,,,,,,,,,,,,,,,,,,,
F06_RD14-0003-49_50_29-1;4;1-M2U60-0.186IP-Q3.8_002.10sec.fsa,D21S11,B,25.2,188.26,4,OL,189.68,14,27,194.93,13,28,198.75,131,29,202.76,177,30.2,208.66,18,31.2,212.68,177,32.2,216.81,439,33.2,220.89,185,34,222.85,8,36,231.06,4,37.2,237.14,3,,,,,,,,,,,,,,,,,,,,,,,,,,,,,,,,,,,,,,,,,,,,,,,,,,,,,,,,,,,,,,,,,,,,,,,,,,,,,,,,,,,,,,,,,,,,,,,,,,,,,,,,,,,,,,,,,,,,,,,,,,,,,,,,,,,,,,,,,,,,,,,,,,,,,,,,,,,,,,,,,,,,,,,,,,,,,,,,,,,,,,,,,,,,,,,,,,,,,,,,,,,,,,,,,,,,,,,,,,,,,,,,,,,,,,,,,,,,,,,,,,,,,,,,,,,,,,,,,,,,,,,,
F06_RD14-0003-49_50_29-1;4;1-M2U60-0.186IP-Q3.8_002.10sec.fsa,D7S820,B,5,250.18,3,OL,254.97,2,8,262.08,31,OL,276.8,4,12,278.17,35,13,281.9,4,OL,282.8,4,,,,,,,,,,,,,,,,,,,,,,,,,,,,,,,,,,,,,,,,,,,,,,,,,,,,,,,,,,,,,,,,,,,,,,,,,,,,,,,,,,,,,,,,,,,,,,,,,,,,,,,,,,,,,,,,,,,,,,,,,,,,,,,,,,,,,,,,,,,,,,,,,,,,,,,,,,,,,,,,,,,,,,,,,,,,,,,,,,,,,,,,,,,,,,,,,,,,,,,,,,,,,,,,,,,,,,,,,,,,,,,,,,,,,,,,,,,,,,,,,,,,,,,,,,,,,,,,,,,,,,,,,,,,,,,,,,,,,,,
F06_RD14-0003-49_50_29-1;4;1-M2U60-0.186IP-Q3.8_002.10sec.fsa,CSF1PO,B,OL,304.84,3,8,310.39,5,9,314.77,81,10,318.93,103,11,323.01,165,12,327.05,15,13,331.07,153,,,,,,,,,,,,,,,,,,,,,,,,,,,,,,,,,,,,,,,,,,,,,,,,,,,,,,,,,,,,,,,,,,,,,,,,,,,,,,,,,,,,,,,,,,,,,,,,,,,,,,,,,,,,,,,,,,,,,,,,,,,,,,,,,,,,,,,,,,,,,,,,,,,,,,,,,,,,,,,,,,,,,,,,,,,,,,,,,,,,,,,,,,,,,,,,,,,,,,,,,,,,,,,,,,,,,,,,,,,,,,,,,,,,,,,,,,,,,,,,,,,,,,,,,,,,,,,,,,,,,,,,,,,,,,,,,,,,,,,
F06_RD14-0003-49_50_29-1;4;1-M2U60-0.186IP-Q3.8_002.10sec.fsa,D3S1358,G,OL,98.36,7,OL,99.75,7,13,114.32,24,OL,116,10,14,118.32,266,OL,119.6,9,15,122.35,109,16,126.34,1118,17,130.46,1328,18,134.45,649,,,,,,,,,,,,,,,,,,,,,,,,,,,,,,,,,,,,,,,,,,,,,,,,,,,,,,,,,,,,,,,,,,,,,,,,,,,,,,,,,,,,,,,,,,,,,,,,,,,,,,,,,,,,,,,,,,,,,,,,,,,,,,,,,,,,,,,,,,,,,,,,,,,,,,,,,,,,,,,,,,,,,,,,,,,,,,,,,,,,,,,,,,,,,,,,,,,,,,,,,,,,,,,,,,,,,,,,,,,,,,,,,,,,,,,,,,,,,,,,,,,,,,,,,,,,,,,,,,,,,,,,,,,,,,
F06_RD14-0003-49_50_29-1;4;1-M2U60-0.186IP-Q3.8_002.10sec.fsa,TH01,G,6,168.59,942,7,172.64,854,OL,174.37,7,8,176.71,276,9,180.8,321,11,189.24,8,OL,190.39,9,OL,191.73,8,OL,193.77,8,,,,,,,,,,,,,,,,,,,,,,,,,,,,,,,,,,,,,,,,,,,,,,,,,,,,,,,,,,,,,,,,,,,,,,,,,,,,,,,,,,,,,,,,,,,,,,,,,,,,,,,,,,,,,,,,,,,,,,,,,,,,,,,,,,,,,,,,,,,,,,,,,,,,,,,,,,,,,,,,,,,,,,,,,,,,,,,,,,,,,,,,,,,,,,,,,,,,,,,,,,,,,,,,,,,,,,,,,,,,,,,,,,,,,,,,,,,,,,,,,,,,,,,,,,,,,,,,,,,,,,,,,,,,,,,,,
F06_RD14-0003-49_50_29-1;4;1-M2U60-0.186IP-Q3.8_002.10sec.fsa,D13S317,G,OL,212.51,19,OL,217.54,9,10,223.12,15,11,227.31,322,12,231.33,464,13,235.35,128,OL,242.21,5,,,,,,,,,,,,,,,,,,,,,,,,,,,,,,,,,,,,,,,,,,,,,,,,,,,,,,,,,,,,,,,,,,,,,,,,,,,,,,,,,,,,,,,,,,,,,,,,,,,,,,,,,,,,,,,,,,,,,,,,,,,,,,,,,,,,,,,,,,,,,,,,,,,,,,,,,,,,,,,,,,,,,,,,,,,,,,,,,,,,,,,,,,,,,,,,,,,,,,,,,,,,,,,,,,,,,,,,,,,,,,,,,,,,,,,,,,,,,,,,,,,,,,,,,,,,,,,,,,,,,,,,,,,,,,,,,,,,,,,
F06_RD14-0003-49_50_29-1;4;1-M2U60-0.186IP-Q3.8_002.10sec.fsa,D16S539,G,OL,260.9,7,OL,266.06,6,10,271.42,29,11,275.24,37,12,279.45,107,13,283.35,233,14,287.33,6,,,,,,,,,,,,,,,,,,,,,,,,,,,,,,,,,,,,,,,,,,,,,,,,,,,,,,,,,,,,,,,,,,,,,,,,,,,,,,,,,,,,,,,,,,,,,,,,,,,,,,,,,,,,,,,,,,,,,,,,,,,,,,,,,,,,,,,,,,,,,,,,,,,,,,,,,,,,,,,,,,,,,,,,,,,,,,,,,,,,,,,,,,,,,,,,,,,,,,,,,,,,,,,,,,,,,,,,,,,,,,,,,,,,,,,,,,,,,,,,,,,,,,,,,,,,,,,,,,,,,,,,,,,,,,,,,,,,,,,
F06_RD14-0003-49_50_29-1;4;1-M2U60-0.186IP-Q3.8_002.10sec.fsa,D2S1338,G,OL,306.65,5,17,312.98,25,20,325.27,12,21,329.3,113,22,333.22,172,24,341.14,26,OL,354.56,5,,,,,,,,,,,,,,,,,,,,,,,,,,,,,,,,,,,,,,,,,,,,,,,,,,,,,,,,,,,,,,,,,,,,,,,,,,,,,,,,,,,,,,,,,,,,,,,,,,,,,,,,,,,,,,,,,,,,,,,,,,,,,,,,,,,,,,,,,,,,,,,,,,,,,,,,,,,,,,,,,,,,,,,,,,,,,,,,,,,,,,,,,,,,,,,,,,,,,,,,,,,,,,,,,,,,,,,,,,,,,,,,,,,,,,,,,,,,,,,,,,,,,,,,,,,,,,,,,,,,,,,,,,,,,,,,,,,,,,,
F06_RD14-0003-49_50_29-1;4;1-M2U60-0.186IP-Q3.8_002.10sec.fsa,D19S433,Y,9.2,101.67,4,10,104,21,11,108.23,317,12,112.27,544,13,116.32,123,14,120.24,178,OL,123.08,7,15,124.22,65,16.2,130.37,37,OL,134.53,14,OL,139.66,7,,,,,,,,,,,,,,,,,,,,,,,,,,,,,,,,,,,,,,,,,,,,,,,,,,,,,,,,,,,,,,,,,,,,,,,,,,,,,,,,,,,,,,,,,,,,,,,,,,,,,,,,,,,,,,,,,,,,,,,,,,,,,,,,,,,,,,,,,,,,,,,,,,,,,,,,,,,,,,,,,,,,,,,,,,,,,,,,,,,,,,,,,,,,,,,,,,,,,,,,,,,,,,,,,,,,,,,,,,,,,,,,,,,,,,,,,,,,,,,,,,,,,,,,,,,,,,,,,,,,,,,,,,,
F06_RD14-0003-49_50_29-1;4;1-M2U60-0.186IP-Q3.8_002.10sec.fsa,vWA,Y,OL,156.51,6,14,164.12,30,15,168.16,319,OL,172.73,37,17,176.19,272,18,180.27,419,OL,181.69,9,19,184.44,44,OL,190.22,16,OL,206.22,8,,,,,,,,,,,,,,,,,,,,,,,,,,,,,,,,,,,,,,,,,,,,,,,,,,,,,,,,,,,,,,,,,,,,,,,,,,,,,,,,,,,,,,,,,,,,,,,,,,,,,,,,,,,,,,,,,,,,,,,,,,,,,,,,,,,,,,,,,,,,,,,,,,,,,,,,,,,,,,,,,,,,,,,,,,,,,,,,,,,,,,,,,,,,,,,,,,,,,,,,,,,,,,,,,,,,,,,,,,,,,,,,,,,,,,,,,,,,,,,,,,,,,,,,,,,,,,,,,,,,,,,,,,,,,,
F06_RD14-0003-49_50_29-1;4;1-M2U60-0.186IP-Q3.8_002.10sec.fsa,TPOX,Y,OL,215.27,10,7,224.9,205,10,236.87,87,11,240.92,385,,,,,,,,,,,,,,,,,,,,,,,,,,,,,,,,,,,,,,,,,,,,,,,,,,,,,,,,,,,,,,,,,,,,,,,,,,,,,,,,,,,,,,,,,,,,,,,,,,,,,,,,,,,,,,,,,,,,,,,,,,,,,,,,,,,,,,,,,,,,,,,,,,,,,,,,,,,,,,,,,,,,,,,,,,,,,,,,,,,,,,,,,,,,,,,,,,,,,,,,,,,,,,,,,,,,,,,,,,,,,,,,,,,,,,,,,,,,,,,,,,,,,,,,,,,,,,,,,,,,,,,,,,,,,,,,,,,,,,,,,,,,,,,,
F06_RD14-0003-49_50_29-1;4;1-M2U60-0.186IP-Q3.8_002.10sec.fsa,D18S51,Y,8,264.43,8,OL,266.33,7,9.2,270.6,9,OL,275.52,9,12,281.09,16,16,297.38,25,17,301.16,21,OL,306.28,8,19,308.83,10,20,313.16,33,OL,320.66,8,OL,335.26,9,26,337.59,7,27,341.71,9,,,,,,,,,,,,,,,,,,,,,,,,,,,,,,,,,,,,,,,,,,,,,,,,,,,,,,,,,,,,,,,,,,,,,,,,,,,,,,,,,,,,,,,,,,,,,,,,,,,,,,,,,,,,,,,,,,,,,,,,,,,,,,,,,,,,,,,,,,,,,,,,,,,,,,,,,,,,,,,,,,,,,,,,,,,,,,,,,,,,,,,,,,,,,,,,,,,,,,,,,,,,,,,,,,,,,,,,,,,,,,,,,,,,,,,,,,,,,,,,,,,,,,,,,,,,,,,,,,
F06_RD14-0003-49_50_29-1;4;1-M2U60-0.186IP-Q3.8_002.10sec.fsa,AMEL,R,X,104.91,732,Y,110.87,656,,,,,,,,,,,,,,,,,,,,,,,,,,,,,,,,,,,,,,,,,,,,,,,,,,,,,,,,,,,,,,,,,,,,,,,,,,,,,,,,,,,,,,,,,,,,,,,,,,,,,,,,,,,,,,,,,,,,,,,,,,,,,,,,,,,,,,,,,,,,,,,,,,,,,,,,,,,,,,,,,,,,,,,,,,,,,,,,,,,,,,,,,,,,,,,,,,,,,,,,,,,,,,,,,,,,,,,,,,,,,,,,,,,,,,,,,,,,,,,,,,,,,,,,,,,,,,,,,,,,,,,,,,,,,,,,,,,,,,,,,,,,,,,,,,,,,,
F06_RD14-0003-49_50_29-1;4;1-M2U60-0.186IP-Q3.8_002.10sec.fsa,D5S818,R,OL,127.82,19,6,128.48,23,OL,129.63,19,7,132.95,12,OL,137.22,7,OL,143.69,7,10,144.81,34,11,148.87,397,12,153.03,65,13,157.12,134,OL,160.69,7,14,161.29,7,OL,164.72,8,OL,170.83,17,OL,174.2,9,,,,,,,,,,,,,,,,,,,,,,,,,,,,,,,,,,,,,,,,,,,,,,,,,,,,,,,,,,,,,,,,,,,,,,,,,,,,,,,,,,,,,,,,,,,,,,,,,,,,,,,,,,,,,,,,,,,,,,,,,,,,,,,,,,,,,,,,,,,,,,,,,,,,,,,,,,,,,,,,,,,,,,,,,,,,,,,,,,,,,,,,,,,,,,,,,,,,,,,,,,,,,,,,,,,,,,,,,,,,,,,,,,,,,,,,,,,,,,,,,,,,,,,,,,,,,,,
F06_RD14-0003-49_50_29-1;4;1-M2U60-0.186IP-Q3.8_002.10sec.fsa,FGA,R,OL,207.61,5,18,216.63,10,19,220.89,168,19.2,222.85,6,22.2,234.72,6,23,237.14,43,24,241.11,34,24.2,243.31,7,OL,248.35,8,OL,278.08,6,OL,289.5,10,OL,290.41,8,OL,301.43,8,OL,315.35,8,OL,323.58,10,OL,343.42,6,OL,351.6,7,,,,,,,,,,,,,,,,,,,,,,,,,,,,,,,,,,,,,,,,,,,,,,,,,,,,,,,,,,,,,,,,,,,,,,,,,,,,,,,,,,,,,,,,,,,,,,,,,,,,,,,,,,,,,,,,,,,,,,,,,,,,,,,,,,,,,,,,,,,,,,,,,,,,,,,,,,,,,,,,,,,,,,,,,,,,,,,,,,,,,,,,,,,,,,,,,,,,,,,,,,,,,,,,,,,,,,,,,,,,,,,,,,,,,,,,,,,,,,,,,,,,,,,,,
F07_RD14-0003-30_31_32-1;4;4-M2U15-0.135IP-Q1.0_002.10sec.fsa,D8S1179,B,OL,112.94,6,OL,115.39,5,OL,116.05,3,OL,119.85,7,10,129.59,52,11,133.59,633,12,137.78,391,13,141.87,401,14,146.02,425,15,149.72,6,16,154.37,49,OL,159.05,5,OL,160.16,7,18,162.1,6,OL,175.53,5,,,,,,,,,,,,,,,,,,,,,,,,,,,,,,,,,,,,,,,,,,,,,,,,,,,,,,,,,,,,,,,,,,,,,,,,,,,,,,,,,,,,,,,,,,,,,,,,,,,,,,,,,,,,,,,,,,,,,,,,,,,,,,,,,,,,,,,,,,,,,,,,,,,,,,,,,,,,,,,,,,,,,,,,,,,,,,,,,,,,,,,,,,,,,,,,,,,,,,,,,,,,,,,,,,,,,,,,,,,,,,,,,,,,,,,,,,,,,,,,,,,,,,,,,,,,,,,
F07_RD14-0003-30_31_32-1;4;4-M2U15-0.135IP-Q1.0_002.10sec.fsa,D21S11,B,OL,180.96,5,27,194.64,4,28,198.56,49,28.2,200.7,4,29,202.66,621,29.2,204.54,3,30,206.58,29,30.2,208.63,18,31,210.68,353,31.2,212.65,339,OL,223.77,4,OL,227.37,12,OL,231.39,11,37.2,237.26,5,38,238.39,8,38.2,240.91,4,,,,,,,,,,,,,,,,,,,,,,,,,,,,,,,,,,,,,,,,,,,,,,,,,,,,,,,,,,,,,,,,,,,,,,,,,,,,,,,,,,,,,,,,,,,,,,,,,,,,,,,,,,,,,,,,,,,,,,,,,,,,,,,,,,,,,,,,,,,,,,,,,,,,,,,,,,,,,,,,,,,,,,,,,,,,,,,,,,,,,,,,,,,,,,,,,,,,,,,,,,,,,,,,,,,,,,,,,,,,,,,,,,,,,,,,,,,,,,,,,,,,,,,,,,,,
F07_RD14-0003-30_31_32-1;4;4-M2U15-0.135IP-Q1.0_002.10sec.fsa,D7S820,B,OL,247.47,4,OL,248.53,6,OL,251.51,4,OL,254.85,6,9,265.93,6,10,270,15,OL,271.07,9,OL,272.7,7,11,274.09,172,12,278.03,14,13,282.1,180,15,289.63,3,16,294.41,3,,,,,,,,,,,,,,,,,,,,,,,,,,,,,,,,,,,,,,,,,,,,,,,,,,,,,,,,,,,,,,,,,,,,,,,,,,,,,,,,,,,,,,,,,,,,,,,,,,,,,,,,,,,,,,,,,,,,,,,,,,,,,,,,,,,,,,,,,,,,,,,,,,,,,,,,,,,,,,,,,,,,,,,,,,,,,,,,,,,,,,,,,,,,,,,,,,,,,,,,,,,,,,,,,,,,,,,,,,,,,,,,,,,,,,,,,,,,,,,,,,,,,,,,,,,,,,,,,,,,,
F07_RD14-0003-30_31_32-1;4;4-M2U15-0.135IP-Q1.0_002.10sec.fsa,CSF1PO,B,9,314.43,13,10,318.78,159,10.2,321.02,10,11,322.89,318,12,326.96,445,OL,333.2,5,OL,339.92,7,OL,341.19,6,16,343.24,6,,,,,,,,,,,,,,,,,,,,,,,,,,,,,,,,,,,,,,,,,,,,,,,,,,,,,,,,,,,,,,,,,,,,,,,,,,,,,,,,,,,,,,,,,,,,,,,,,,,,,,,,,,,,,,,,,,,,,,,,,,,,,,,,,,,,,,,,,,,,,,,,,,,,,,,,,,,,,,,,,,,,,,,,,,,,,,,,,,,,,,,,,,,,,,,,,,,,,,,,,,,,,,,,,,,,,,,,,,,,,,,,,,,,,,,,,,,,,,,,,,,,,,,,,,,,,,,,,,,,,,,,,,,,,,,,,
F07_RD14-0003-30_31_32-1;4;4-M2U15-0.135IP-Q1.0_002.10sec.fsa,D3S1358,G,OL,95.79,4,OL,111.51,12,14,118.17,66,15,122.21,886,16,126.37,1101,17,130.19,30,OL,143.91,4,,,,,,,,,,,,,,,,,,,,,,,,,,,,,,,,,,,,,,,,,,,,,,,,,,,,,,,,,,,,,,,,,,,,,,,,,,,,,,,,,,,,,,,,,,,,,,,,,,,,,,,,,,,,,,,,,,,,,,,,,,,,,,,,,,,,,,,,,,,,,,,,,,,,,,,,,,,,,,,,,,,,,,,,,,,,,,,,,,,,,,,,,,,,,,,,,,,,,,,,,,,,,,,,,,,,,,,,,,,,,,,,,,,,,,,,,,,,,,,,,,,,,,,,,,,,,,,,,,,,,,,,,,,,,,,,,,,,,,,
F07_RD14-0003-30_31_32-1;4;4-M2U15-0.135IP-Q1.0_002.10sec.fsa,TH01,G,4,159.92,10,OL,163.74,6,6,168.57,73,6.3,171.39,9,7,172.56,364,8,176.47,11,9,180.64,377,9.3,183.84,1112,OL,195.36,9,OL,199.6,5,,,,,,,,,,,,,,,,,,,,,,,,,,,,,,,,,,,,,,,,,,,,,,,,,,,,,,,,,,,,,,,,,,,,,,,,,,,,,,,,,,,,,,,,,,,,,,,,,,,,,,,,,,,,,,,,,,,,,,,,,,,,,,,,,,,,,,,,,,,,,,,,,,,,,,,,,,,,,,,,,,,,,,,,,,,,,,,,,,,,,,,,,,,,,,,,,,,,,,,,,,,,,,,,,,,,,,,,,,,,,,,,,,,,,,,,,,,,,,,,,,,,,,,,,,,,,,,,,,,,,,,,,,,,,,
F07_RD14-0003-30_31_32-1;4;4-M2U15-0.135IP-Q1.0_002.10sec.fsa,D13S317,G,OL,203.44,8,OL,208,8,9,219.35,4,10,223.28,27,11,227.29,649,12,231.31,936,16,247.14,6,,,,,,,,,,,,,,,,,,,,,,,,,,,,,,,,,,,,,,,,,,,,,,,,,,,,,,,,,,,,,,,,,,,,,,,,,,,,,,,,,,,,,,,,,,,,,,,,,,,,,,,,,,,,,,,,,,,,,,,,,,,,,,,,,,,,,,,,,,,,,,,,,,,,,,,,,,,,,,,,,,,,,,,,,,,,,,,,,,,,,,,,,,,,,,,,,,,,,,,,,,,,,,,,,,,,,,,,,,,,,,,,,,,,,,,,,,,,,,,,,,,,,,,,,,,,,,,,,,,,,,,,,,,,,,,,,,,,,,,
F07_RD14-0003-30_31_32-1;4;4-M2U15-0.135IP-Q1.0_002.10sec.fsa,D16S539,G,OL,253.98,7,OL,257.86,7,7,259.6,7,OL,263.98,10,9,266.99,18,10,271.23,478,11,275.24,528,12,279.34,142,13,283.32,161,,,,,,,,,,,,,,,,,,,,,,,,,,,,,,,,,,,,,,,,,,,,,,,,,,,,,,,,,,,,,,,,,,,,,,,,,,,,,,,,,,,,,,,,,,,,,,,,,,,,,,,,,,,,,,,,,,,,,,,,,,,,,,,,,,,,,,,,,,,,,,,,,,,,,,,,,,,,,,,,,,,,,,,,,,,,,,,,,,,,,,,,,,,,,,,,,,,,,,,,,,,,,,,,,,,,,,,,,,,,,,,,,,,,,,,,,,,,,,,,,,,,,,,,,,,,,,,,,,,,,,,,,,,,,,,,,
F07_RD14-0003-30_31_32-1;4;4-M2U15-0.135IP-Q1.0_002.10sec.fsa,D2S1338,G,14,301.04,9,17,312.16,5,18,316.86,52,19,321.02,648,21,329.16,25,22,333.2,288,OL,339.25,5,OL,346.91,7,OL,354.52,8,29,361.28,7,,,,,,,,,,,,,,,,,,,,,,,,,,,,,,,,,,,,,,,,,,,,,,,,,,,,,,,,,,,,,,,,,,,,,,,,,,,,,,,,,,,,,,,,,,,,,,,,,,,,,,,,,,,,,,,,,,,,,,,,,,,,,,,,,,,,,,,,,,,,,,,,,,,,,,,,,,,,,,,,,,,,,,,,,,,,,,,,,,,,,,,,,,,,,,,,,,,,,,,,,,,,,,,,,,,,,,,,,,,,,,,,,,,,,,,,,,,,,,,,,,,,,,,,,,,,,,,,,,,,,,,,,,,,,,
F07_RD14-0003-30_31_32-1;4;4-M2U15-0.135IP-Q1.0_002.10sec.fsa,D19S433,Y,11,108.1,290,12,112.19,58,12.2,114.15,29,13,116.2,307,14,120.15,300,15,124.21,29,16,128.09,328,17,131.62,13,17,132.38,11,17.2,134.04,11,OL,135.18,12,OL,136.55,8,,,,,,,,,,,,,,,,,,,,,,,,,,,,,,,,,,,,,,,,,,,,,,,,,,,,,,,,,,,,,,,,,,,,,,,,,,,,,,,,,,,,,,,,,,,,,,,,,,,,,,,,,,,,,,,,,,,,,,,,,,,,,,,,,,,,,,,,,,,,,,,,,,,,,,,,,,,,,,,,,,,,,,,,,,,,,,,,,,,,,,,,,,,,,,,,,,,,,,,,,,,,,,,,,,,,,,,,,,,,,,,,,,,,,,,,,,,,,,,,,,,,,,,,,,,,,,,,,,,,,,,,
F07_RD14-0003-30_31_32-1;4;4-M2U15-0.135IP-Q1.0_002.10sec.fsa,vWA,Y,10,147.99,11,14,164.13,37,15,168.11,401,16,172.17,313,17,176.16,64,18,180.24,595,20,188.24,15,OL,193.2,8,OL,198.48,11,OL,199.28,13,23,200.7,14,OL,206.03,11,,,,,,,,,,,,,,,,,,,,,,,,,,,,,,,,,,,,,,,,,,,,,,,,,,,,,,,,,,,,,,,,,,,,,,,,,,,,,,,,,,,,,,,,,,,,,,,,,,,,,,,,,,,,,,,,,,,,,,,,,,,,,,,,,,,,,,,,,,,,,,,,,,,,,,,,,,,,,,,,,,,,,,,,,,,,,,,,,,,,,,,,,,,,,,,,,,,,,,,,,,,,,,,,,,,,,,,,,,,,,,,,,,,,,,,,,,,,,,,,,,,,,,,,,,,,,,,,,,,,,,,,
F07_RD14-0003-30_31_32-1;4;4-M2U15-0.135IP-Q1.0_002.10sec.fsa,TPOX,Y,OL,214.32,10,5,216.59,20,6,220.72,374,7,224.89,18,8,228.82,922,9,232.35,10,11,240.91,81,12,244.93,12,OL,245.5,13,OL,253.82,10,OL,255.56,13,,,,,,,,,,,,,,,,,,,,,,,,,,,,,,,,,,,,,,,,,,,,,,,,,,,,,,,,,,,,,,,,,,,,,,,,,,,,,,,,,,,,,,,,,,,,,,,,,,,,,,,,,,,,,,,,,,,,,,,,,,,,,,,,,,,,,,,,,,,,,,,,,,,,,,,,,,,,,,,,,,,,,,,,,,,,,,,,,,,,,,,,,,,,,,,,,,,,,,,,,,,,,,,,,,,,,,,,,,,,,,,,,,,,,,,,,,,,,,,,,,,,,,,,,,,,,,,,,,,,,,,,,,,
F07_RD14-0003-30_31_32-1;4;4-M2U15-0.135IP-Q1.0_002.10sec.fsa,D18S51,Y,OL,265.52,14,9,268.37,11,9.2,270.33,7,OL,277.86,11,12,281.05,196,12.2,283.07,10,13,285.02,20,14,289.06,105,15,293.11,96,16,297.08,44,17,301.04,81,18,304.84,8,OL,305.73,14,OL,316.25,9,23.2,327.72,5,OL,334.8,7,OL,342.39,8,,,,,,,,,,,,,,,,,,,,,,,,,,,,,,,,,,,,,,,,,,,,,,,,,,,,,,,,,,,,,,,,,,,,,,,,,,,,,,,,,,,,,,,,,,,,,,,,,,,,,,,,,,,,,,,,,,,,,,,,,,,,,,,,,,,,,,,,,,,,,,,,,,,,,,,,,,,,,,,,,,,,,,,,,,,,,,,,,,,,,,,,,,,,,,,,,,,,,,,,,,,,,,,,,,,,,,,,,,,,,,,,,,,,,,,,,,,,,,,,,,,,,,,,,
F07_RD14-0003-30_31_32-1;4;4-M2U15-0.135IP-Q1.0_002.10sec.fsa,AMEL,R,X,104.97,498,OL,109.61,15,Y,110.9,846,,,,,,,,,,,,,,,,,,,,,,,,,,,,,,,,,,,,,,,,,,,,,,,,,,,,,,,,,,,,,,,,,,,,,,,,,,,,,,,,,,,,,,,,,,,,,,,,,,,,,,,,,,,,,,,,,,,,,,,,,,,,,,,,,,,,,,,,,,,,,,,,,,,,,,,,,,,,,,,,,,,,,,,,,,,,,,,,,,,,,,,,,,,,,,,,,,,,,,,,,,,,,,,,,,,,,,,,,,,,,,,,,,,,,,,,,,,,,,,,,,,,,,,,,,,,,,,,,,,,,,,,,,,,,,,,,,,,,,,,,,,,,,,,,,,
F07_RD14-0003-30_31_32-1;4;4-M2U15-0.135IP-Q1.0_002.10sec.fsa,D5S818,R,6,128.84,11,9,140.7,36,10,144.69,773,11,148.85,221,12,153.03,111,13,157.14,321,14,161.09,9,OL,175.45,10,,,,,,,,,,,,,,,,,,,,,,,,,,,,,,,,,,,,,,,,,,,,,,,,,,,,,,,,,,,,,,,,,,,,,,,,,,,,,,,,,,,,,,,,,,,,,,,,,,,,,,,,,,,,,,,,,,,,,,,,,,,,,,,,,,,,,,,,,,,,,,,,,,,,,,,,,,,,,,,,,,,,,,,,,,,,,,,,,,,,,,,,,,,,,,,,,,,,,,,,,,,,,,,,,,,,,,,,,,,,,,,,,,,,,,,,,,,,,,,,,,,,,,,,,,,,,,,,,,,,,,,,,,,,,,,,,,,,
F07_RD14-0003-30_31_32-1;4;4-M2U15-0.135IP-Q1.0_002.10sec.fsa,FGA,R,OL,219.59,6,20,224.89,16,20.2,227.05,9,21,229.14,217,22,233,28,23,237.18,68,23.2,239.11,10,OL,244.52,7,27,253.5,130,OL,266.99,9,OL,305.16,9,OL,306.14,9,OL,312.91,8,OL,345.63,6,OL,358.11,7,,,,,,,,,,,,,,,,,,,,,,,,,,,,,,,,,,,,,,,,,,,,,,,,,,,,,,,,,,,,,,,,,,,,,,,,,,,,,,,,,,,,,,,,,,,,,,,,,,,,,,,,,,,,,,,,,,,,,,,,,,,,,,,,,,,,,,,,,,,,,,,,,,,,,,,,,,,,,,,,,,,,,,,,,,,,,,,,,,,,,,,,,,,,,,,,,,,,,,,,,,,,,,,,,,,,,,,,,,,,,,,,,,,,,,,,,,,,,,,,,,,,,,,,,,,,,,,
G05_RD14-0003-46_47_48-1;1;1-M2U105-0.189IP-Q4.6_003.10sec.fsa,D8S1179,B,OL,111.85,5,OL,114.91,4,OL,121.06,5,OL,122.25,5,10,129.58,15,11,133.61,69,OL,136.65,4,12,137.81,17,13,141.92,329,14,146.07,242,OL,147.33,5,15,150.22,20,18,162.51,7,19,166.71,4,OL,172.39,6,,,,,,,,,,,,,,,,,,,,,,,,,,,,,,,,,,,,,,,,,,,,,,,,,,,,,,,,,,,,,,,,,,,,,,,,,,,,,,,,,,,,,,,,,,,,,,,,,,,,,,,,,,,,,,,,,,,,,,,,,,,,,,,,,,,,,,,,,,,,,,,,,,,,,,,,,,,,,,,,,,,,,,,,,,,,,,,,,,,,,,,,,,,,,,,,,,,,,,,,,,,,,,,,,,,,,,,,,,,,,,,,,,,,,,,,,,,,,,,,,,,,,,,,,,,,,,,
G05_RD14-0003-46_47_48-1;1;1-M2U105-0.189IP-Q4.6_003.10sec.fsa,D21S11,B,OL,188.89,4,27,194.41,100,28,198.51,16,29,202.56,142,30,206.58,277,30.2,208.56,12,31,210.54,262,31.2,212.53,169,32.2,216.55,114,36,231.17,13,36.2,233.11,3,OL,233.78,4,,,,,,,,,,,,,,,,,,,,,,,,,,,,,,,,,,,,,,,,,,,,,,,,,,,,,,,,,,,,,,,,,,,,,,,,,,,,,,,,,,,,,,,,,,,,,,,,,,,,,,,,,,,,,,,,,,,,,,,,,,,,,,,,,,,,,,,,,,,,,,,,,,,,,,,,,,,,,,,,,,,,,,,,,,,,,,,,,,,,,,,,,,,,,,,,,,,,,,,,,,,,,,,,,,,,,,,,,,,,,,,,,,,,,,,,,,,,,,,,,,,,,,,,,,,,,,,,,,,,,,,,
G05_RD14-0003-46_47_48-1;1;1-M2U105-0.189IP-Q4.6_003.10sec.fsa,D7S820,B,5,250.07,5,5.2,251.85,2,OL,253.47,1,8.2,264.41,4,9,266.05,5,10,269.95,24,OL,276.17,3,OL,279.7,5,OL,283.04,4,15,289.86,3,,,,,,,,,,,,,,,,,,,,,,,,,,,,,,,,,,,,,,,,,,,,,,,,,,,,,,,,,,,,,,,,,,,,,,,,,,,,,,,,,,,,,,,,,,,,,,,,,,,,,,,,,,,,,,,,,,,,,,,,,,,,,,,,,,,,,,,,,,,,,,,,,,,,,,,,,,,,,,,,,,,,,,,,,,,,,,,,,,,,,,,,,,,,,,,,,,,,,,,,,,,,,,,,,,,,,,,,,,,,,,,,,,,,,,,,,,,,,,,,,,,,,,,,,,,,,,,,,,,,,,,,,,,,,,
G05_RD14-0003-46_47_48-1;1;1-M2U105-0.189IP-Q4.6_003.10sec.fsa,CSF1PO,B,OL,299.93,7,6,302.62,4,OL,304.68,3,OL,307.43,3,OL,309.23,1,8,310.05,4,9,314.32,18,10,318.63,128,11,322.63,28,12,326.78,170,OL,341.78,4,,,,,,,,,,,,,,,,,,,,,,,,,,,,,,,,,,,,,,,,,,,,,,,,,,,,,,,,,,,,,,,,,,,,,,,,,,,,,,,,,,,,,,,,,,,,,,,,,,,,,,,,,,,,,,,,,,,,,,,,,,,,,,,,,,,,,,,,,,,,,,,,,,,,,,,,,,,,,,,,,,,,,,,,,,,,,,,,,,,,,,,,,,,,,,,,,,,,,,,,,,,,,,,,,,,,,,,,,,,,,,,,,,,,,,,,,,,,,,,,,,,,,,,,,,,,,,,,,,,,,,,,,,,
G05_RD14-0003-46_47_48-1;1;1-M2U105-0.189IP-Q4.6_003.10sec.fsa,D3S1358,G,OL,98.2,8,12,110.13,12,13,114.35,87,14,118.33,1406,15,122.18,746,OL,124.73,7,16,126.15,8,OL,127.01,5,17,130.44,38,18,134.47,414,OL,139.56,6,20,142.66,6,OL,144.07,8,,,,,,,,,,,,,,,,,,,,,,,,,,,,,,,,,,,,,,,,,,,,,,,,,,,,,,,,,,,,,,,,,,,,,,,,,,,,,,,,,,,,,,,,,,,,,,,,,,,,,,,,,,,,,,,,,,,,,,,,,,,,,,,,,,,,,,,,,,,,,,,,,,,,,,,,,,,,,,,,,,,,,,,,,,,,,,,,,,,,,,,,,,,,,,,,,,,,,,,,,,,,,,,,,,,,,,,,,,,,,,,,,,,,,,,,,,,,,,,,,,,,,,,,,,,,,,,,,,,,,
G05_RD14-0003-46_47_48-1;1;1-M2U105-0.189IP-Q4.6_003.10sec.fsa,TH01,G,6,168.48,280,7,172.54,420,8,176.6,37,9,180.67,621,9.3,183.89,6,,,,,,,,,,,,,,,,,,,,,,,,,,,,,,,,,,,,,,,,,,,,,,,,,,,,,,,,,,,,,,,,,,,,,,,,,,,,,,,,,,,,,,,,,,,,,,,,,,,,,,,,,,,,,,,,,,,,,,,,,,,,,,,,,,,,,,,,,,,,,,,,,,,,,,,,,,,,,,,,,,,,,,,,,,,,,,,,,,,,,,,,,,,,,,,,,,,,,,,,,,,,,,,,,,,,,,,,,,,,,,,,,,,,,,,,,,,,,,,,,,,,,,,,,,,,,,,,,,,,,,,,,,,,,,,,,,,,,,,,,,,,,
G05_RD14-0003-46_47_48-1;1;1-M2U105-0.189IP-Q4.6_003.10sec.fsa,D13S317,G,OL,203.95,8,OL,205.19,9,OL,208.49,7,9,219.4,3,11,227.21,134,12,231.24,536,OL,235.95,4,OL,240.15,8,,,,,,,,,,,,,,,,,,,,,,,,,,,,,,,,,,,,,,,,,,,,,,,,,,,,,,,,,,,,,,,,,,,,,,,,,,,,,,,,,,,,,,,,,,,,,,,,,,,,,,,,,,,,,,,,,,,,,,,,,,,,,,,,,,,,,,,,,,,,,,,,,,,,,,,,,,,,,,,,,,,,,,,,,,,,,,,,,,,,,,,,,,,,,,,,,,,,,,,,,,,,,,,,,,,,,,,,,,,,,,,,,,,,,,,,,,,,,,,,,,,,,,,,,,,,,,,,,,,,,,,,,,,,,,,,,,,,
G05_RD14-0003-46_47_48-1;1;1-M2U105-0.189IP-Q4.6_003.10sec.fsa,D16S539,G,OL,258.54,7,7,259.71,4,9,267.18,42,10,271.52,4,11,275.19,13,12,279.17,93,13,283.04,67,OL,286.3,7,OL,292.67,3,,,,,,,,,,,,,,,,,,,,,,,,,,,,,,,,,,,,,,,,,,,,,,,,,,,,,,,,,,,,,,,,,,,,,,,,,,,,,,,,,,,,,,,,,,,,,,,,,,,,,,,,,,,,,,,,,,,,,,,,,,,,,,,,,,,,,,,,,,,,,,,,,,,,,,,,,,,,,,,,,,,,,,,,,,,,,,,,,,,,,,,,,,,,,,,,,,,,,,,,,,,,,,,,,,,,,,,,,,,,,,,,,,,,,,,,,,,,,,,,,,,,,,,,,,,,,,,,,,,,,,,,,,,,,,,,,
G05_RD14-0003-46_47_48-1;1;1-M2U105-0.189IP-Q4.6_003.10sec.fsa,D2S1338,G,OL,303.73,5,16,309,5,17,312.4,15,19,321.32,2,OL,327.55,7,23,337.13,36,24,340.93,23,OL,343.72,4,OL,346.12,7,OL,355.42,5,28,357.83,4,OL,359.84,5,,,,,,,,,,,,,,,,,,,,,,,,,,,,,,,,,,,,,,,,,,,,,,,,,,,,,,,,,,,,,,,,,,,,,,,,,,,,,,,,,,,,,,,,,,,,,,,,,,,,,,,,,,,,,,,,,,,,,,,,,,,,,,,,,,,,,,,,,,,,,,,,,,,,,,,,,,,,,,,,,,,,,,,,,,,,,,,,,,,,,,,,,,,,,,,,,,,,,,,,,,,,,,,,,,,,,,,,,,,,,,,,,,,,,,,,,,,,,,,,,,,,,,,,,,,,,,,,,,,,,,,,
G05_RD14-0003-46_47_48-1;1;1-M2U105-0.189IP-Q4.6_003.10sec.fsa,D19S433,Y,OL,98.2,5,10,103.92,92,OL,106.46,12,12,112.07,27,13,116.1,429,13.2,118.12,36,14,120,124,14.2,122.04,130,15,124.02,134,OL,128.65,11,16.2,129.79,12,OL,132.74,12,17.2,133.61,11,18.2,137.74,9,,,,,,,,,,,,,,,,,,,,,,,,,,,,,,,,,,,,,,,,,,,,,,,,,,,,,,,,,,,,,,,,,,,,,,,,,,,,,,,,,,,,,,,,,,,,,,,,,,,,,,,,,,,,,,,,,,,,,,,,,,,,,,,,,,,,,,,,,,,,,,,,,,,,,,,,,,,,,,,,,,,,,,,,,,,,,,,,,,,,,,,,,,,,,,,,,,,,,,,,,,,,,,,,,,,,,,,,,,,,,,,,,,,,,,,,,,,,,,,,,,,,,,,,,,,,,,,,,,
G05_RD14-0003-46_47_48-1;1;1-M2U105-0.189IP-Q4.6_003.10sec.fsa,vWA,Y,10,147.85,10,15,167.97,33,16,172.17,536,17,176.23,247,18,180.22,186,,,,,,,,,,,,,,,,,,,,,,,,,,,,,,,,,,,,,,,,,,,,,,,,,,,,,,,,,,,,,,,,,,,,,,,,,,,,,,,,,,,,,,,,,,,,,,,,,,,,,,,,,,,,,,,,,,,,,,,,,,,,,,,,,,,,,,,,,,,,,,,,,,,,,,,,,,,,,,,,,,,,,,,,,,,,,,,,,,,,,,,,,,,,,,,,,,,,,,,,,,,,,,,,,,,,,,,,,,,,,,,,,,,,,,,,,,,,,,,,,,,,,,,,,,,,,,,,,,,,,,,,,,,,,,,,,,,,,,,,,,,,,
G05_RD14-0003-46_47_48-1;1;1-M2U105-0.189IP-Q4.6_003.10sec.fsa,TPOX,Y,OL,217.97,4,OL,219.02,8,8,228.55,296,9,232.66,67,10,236.55,62,12,244.67,8,13,249.32,10,OL,250.89,7,,,,,,,,,,,,,,,,,,,,,,,,,,,,,,,,,,,,,,,,,,,,,,,,,,,,,,,,,,,,,,,,,,,,,,,,,,,,,,,,,,,,,,,,,,,,,,,,,,,,,,,,,,,,,,,,,,,,,,,,,,,,,,,,,,,,,,,,,,,,,,,,,,,,,,,,,,,,,,,,,,,,,,,,,,,,,,,,,,,,,,,,,,,,,,,,,,,,,,,,,,,,,,,,,,,,,,,,,,,,,,,,,,,,,,,,,,,,,,,,,,,,,,,,,,,,,,,,,,,,,,,,,,,,,,,,,,,,
G05_RD14-0003-46_47_48-1;1;1-M2U105-0.189IP-Q4.6_003.10sec.fsa,D18S51,Y,7,260.82,6,OL,267.4,5,12,280.96,60,13,284.89,18,OL,290.38,8,15,292.82,28,16,296.97,19,20,313.31,11,21.2,319.52,6,22,322.01,5,24,329.69,5,OL,331.44,9,OL,333.12,7,OL,334.33,10,OL,336.91,7,OL,338.34,11,,,,,,,,,,,,,,,,,,,,,,,,,,,,,,,,,,,,,,,,,,,,,,,,,,,,,,,,,,,,,,,,,,,,,,,,,,,,,,,,,,,,,,,,,,,,,,,,,,,,,,,,,,,,,,,,,,,,,,,,,,,,,,,,,,,,,,,,,,,,,,,,,,,,,,,,,,,,,,,,,,,,,,,,,,,,,,,,,,,,,,,,,,,,,,,,,,,,,,,,,,,,,,,,,,,,,,,,,,,,,,,,,,,,,,,,,,,,,,,,,,,,,,,,,,,,
G05_RD14-0003-46_47_48-1;1;1-M2U105-0.189IP-Q4.6_003.10sec.fsa,AMEL,R,X,104.94,532,Y,110.78,200,,,,,,,,,,,,,,,,,,,,,,,,,,,,,,,,,,,,,,,,,,,,,,,,,,,,,,,,,,,,,,,,,,,,,,,,,,,,,,,,,,,,,,,,,,,,,,,,,,,,,,,,,,,,,,,,,,,,,,,,,,,,,,,,,,,,,,,,,,,,,,,,,,,,,,,,,,,,,,,,,,,,,,,,,,,,,,,,,,,,,,,,,,,,,,,,,,,,,,,,,,,,,,,,,,,,,,,,,,,,,,,,,,,,,,,,,,,,,,,,,,,,,,,,,,,,,,,,,,,,,,,,,,,,,,,,,,,,,,,,,,,,,,,,,,,,,,
G05_RD14-0003-46_47_48-1;1;1-M2U105-0.189IP-Q4.6_003.10sec.fsa,D5S818,R,OL,142.44,11,11,148.81,141,12,152.9,108,OL,154.69,5,OL,155.89,5,13,157.08,68,14,161.18,130,,,,,,,,,,,,,,,,,,,,,,,,,,,,,,,,,,,,,,,,,,,,,,,,,,,,,,,,,,,,,,,,,,,,,,,,,,,,,,,,,,,,,,,,,,,,,,,,,,,,,,,,,,,,,,,,,,,,,,,,,,,,,,,,,,,,,,,,,,,,,,,,,,,,,,,,,,,,,,,,,,,,,,,,,,,,,,,,,,,,,,,,,,,,,,,,,,,,,,,,,,,,,,,,,,,,,,,,,,,,,,,,,,,,,,,,,,,,,,,,,,,,,,,,,,,,,,,,,,,,,,,,,,,,,,,,,,,,,,,
G05_RD14-0003-46_47_48-1;1;1-M2U105-0.189IP-Q4.6_003.10sec.fsa,FGA,R,16.2,210.62,5,OL,219.47,7,19,220.89,24,21,229.08,29,OL,230.42,6,23.2,238.87,5,25,245.43,34,OL,248.33,5,26,249.62,68,OL,252.66,5,OL,270.54,7,OL,281.56,8,OL,291.12,5,OL,293.04,7,OL,307.5,10,OL,315.35,6,OL,323.25,8,46.2,331.98,6,OL,338.72,6,50.2,348.6,7,51.2,352.63,7,,,,,,,,,,,,,,,,,,,,,,,,,,,,,,,,,,,,,,,,,,,,,,,,,,,,,,,,,,,,,,,,,,,,,,,,,,,,,,,,,,,,,,,,,,,,,,,,,,,,,,,,,,,,,,,,,,,,,,,,,,,,,,,,,,,,,,,,,,,,,,,,,,,,,,,,,,,,,,,,,,,,,,,,,,,,,,,,,,,,,,,,,,,,,,,,,,,,,,,,,,,,,,,,,,,,,,,,,,,,,,,,,,,,,,,,,,,,,
G06_RD14-0003-49_50_29-1;4;1-M3U60-0.09IP-Q6.7_003.10sec.fsa,D8S1179,B,OL,115.44,6,OL,120.16,9,9,125.66,6,10,129.51,97,11,133.56,7,12,137.73,37,14,146.01,6,15,150.24,33,16,154.06,3,18,163.02,4,OL,165.35,3,20,170.71,4,OL,172.18,6,,,,,,,,,,,,,,,,,,,,,,,,,,,,,,,,,,,,,,,,,,,,,,,,,,,,,,,,,,,,,,,,,,,,,,,,,,,,,,,,,,,,,,,,,,,,,,,,,,,,,,,,,,,,,,,,,,,,,,,,,,,,,,,,,,,,,,,,,,,,,,,,,,,,,,,,,,,,,,,,,,,,,,,,,,,,,,,,,,,,,,,,,,,,,,,,,,,,,,,,,,,,,,,,,,,,,,,,,,,,,,,,,,,,,,,,,,,,,,,,,,,,,,,,,,,,,,,,,,,,,
G06_RD14-0003-49_50_29-1;4;1-M3U60-0.09IP-Q6.7_003.10sec.fsa,D21S11,B,23.2,180.09,6,OL,182.84,8,27,194.7,8,OL,197.26,5,28,198.76,103,OL,200.09,7,29,202.74,42,31.2,212.69,27,32.2,216.72,99,33.2,220.89,89,OL,229.56,4,OL,235.98,2,OL,240,8,,,,,,,,,,,,,,,,,,,,,,,,,,,,,,,,,,,,,,,,,,,,,,,,,,,,,,,,,,,,,,,,,,,,,,,,,,,,,,,,,,,,,,,,,,,,,,,,,,,,,,,,,,,,,,,,,,,,,,,,,,,,,,,,,,,,,,,,,,,,,,,,,,,,,,,,,,,,,,,,,,,,,,,,,,,,,,,,,,,,,,,,,,,,,,,,,,,,,,,,,,,,,,,,,,,,,,,,,,,,,,,,,,,,,,,,,,,,,,,,,,,,,,,,,,,,,,,,,,,,,
G06_RD14-0003-49_50_29-1;4;1-M3U60-0.09IP-Q6.7_003.10sec.fsa,D7S820,B,5,249.82,6,8,262.08,14,OL,272.7,4,OL,279.09,4,OL,280,5,OL,287.39,6,OL,291,4,,,,,,,,,,,,,,,,,,,,,,,,,,,,,,,,,,,,,,,,,,,,,,,,,,,,,,,,,,,,,,,,,,,,,,,,,,,,,,,,,,,,,,,,,,,,,,,,,,,,,,,,,,,,,,,,,,,,,,,,,,,,,,,,,,,,,,,,,,,,,,,,,,,,,,,,,,,,,,,,,,,,,,,,,,,,,,,,,,,,,,,,,,,,,,,,,,,,,,,,,,,,,,,,,,,,,,,,,,,,,,,,,,,,,,,,,,,,,,,,,,,,,,,,,,,,,,,,,,,,,,,,,,,,,,,,,,,,,,,
G06_RD14-0003-49_50_29-1;4;1-M3U60-0.09IP-Q6.7_003.10sec.fsa,CSF1PO,B,OL,299.91,5,6,302.74,3,OL,305.25,1,9,314.67,18,OL,317.67,9,10,318.83,38,OL,320.09,4,11,323.02,33,OL,324.8,3,OL,325.55,3,OL,327.9,6,13,330.98,32,OL,340.09,5,,,,,,,,,,,,,,,,,,,,,,,,,,,,,,,,,,,,,,,,,,,,,,,,,,,,,,,,,,,,,,,,,,,,,,,,,,,,,,,,,,,,,,,,,,,,,,,,,,,,,,,,,,,,,,,,,,,,,,,,,,,,,,,,,,,,,,,,,,,,,,,,,,,,,,,,,,,,,,,,,,,,,,,,,,,,,,,,,,,,,,,,,,,,,,,,,,,,,,,,,,,,,,,,,,,,,,,,,,,,,,,,,,,,,,,,,,,,,,,,,,,,,,,,,,,,,,,,,,,,,
G06_RD14-0003-49_50_29-1;4;1-M3U60-0.09IP-Q6.7_003.10sec.fsa,D3S1358,G,OL,94.29,10,13,114.4,15,14,118.32,91,OL,119.84,5,OL,121.05,3,15,122.26,23,16,126.32,242,17,130.42,282,18,134.39,309,,,,,,,,,,,,,,,,,,,,,,,,,,,,,,,,,,,,,,,,,,,,,,,,,,,,,,,,,,,,,,,,,,,,,,,,,,,,,,,,,,,,,,,,,,,,,,,,,,,,,,,,,,,,,,,,,,,,,,,,,,,,,,,,,,,,,,,,,,,,,,,,,,,,,,,,,,,,,,,,,,,,,,,,,,,,,,,,,,,,,,,,,,,,,,,,,,,,,,,,,,,,,,,,,,,,,,,,,,,,,,,,,,,,,,,,,,,,,,,,,,,,,,,,,,,,,,,,,,,,,,,,,,,,,,,,,
G06_RD14-0003-49_50_29-1;4;1-M3U60-0.09IP-Q6.7_003.10sec.fsa,TH01,G,OL,154.67,14,3,156.85,5,5,164.66,10,OL,166.04,3,6,168.63,298,OL,169.84,9,7,172.7,152,8,176.78,50,OL,178.26,4,9,180.8,51,OL,194.87,6,,,,,,,,,,,,,,,,,,,,,,,,,,,,,,,,,,,,,,,,,,,,,,,,,,,,,,,,,,,,,,,,,,,,,,,,,,,,,,,,,,,,,,,,,,,,,,,,,,,,,,,,,,,,,,,,,,,,,,,,,,,,,,,,,,,,,,,,,,,,,,,,,,,,,,,,,,,,,,,,,,,,,,,,,,,,,,,,,,,,,,,,,,,,,,,,,,,,,,,,,,,,,,,,,,,,,,,,,,,,,,,,,,,,,,,,,,,,,,,,,,,,,,,,,,,,,,,,,,,,,,,,,,,
G06_RD14-0003-49_50_29-1;4;1-M3U60-0.09IP-Q6.7_003.10sec.fsa,D13S317,G,OL,205.66,9,OL,209.64,6,OL,216.27,11,10,223.04,7,11,227.33,98,12,231.34,47,OL,234.02,6,OL,237.95,6,OL,241.09,9,OL,245.1,5,,,,,,,,,,,,,,,,,,,,,,,,,,,,,,,,,,,,,,,,,,,,,,,,,,,,,,,,,,,,,,,,,,,,,,,,,,,,,,,,,,,,,,,,,,,,,,,,,,,,,,,,,,,,,,,,,,,,,,,,,,,,,,,,,,,,,,,,,,,,,,,,,,,,,,,,,,,,,,,,,,,,,,,,,,,,,,,,,,,,,,,,,,,,,,,,,,,,,,,,,,,,,,,,,,,,,,,,,,,,,,,,,,,,,,,,,,,,,,,,,,,,,,,,,,,,,,,,,,,,,,,,,,,,,,
G06_RD14-0003-49_50_29-1;4;1-M3U60-0.09IP-Q6.7_003.10sec.fsa,D16S539,G,OL,262.17,5,OL,267.88,6,OL,268.79,5,12,279.36,15,13,283.25,45,OL,293.43,4,,,,,,,,,,,,,,,,,,,,,,,,,,,,,,,,,,,,,,,,,,,,,,,,,,,,,,,,,,,,,,,,,,,,,,,,,,,,,,,,,,,,,,,,,,,,,,,,,,,,,,,,,,,,,,,,,,,,,,,,,,,,,,,,,,,,,,,,,,,,,,,,,,,,,,,,,,,,,,,,,,,,,,,,,,,,,,,,,,,,,,,,,,,,,,,,,,,,,,,,,,,,,,,,,,,,,,,,,,,,,,,,,,,,,,,,,,,,,,,,,,,,,,,,,,,,,,,,,,,,,,,,,,,,,,,,,,,,,,,,,,
G06_RD14-0003-49_50_29-1;4;1-M3U60-0.09IP-Q6.7_003.10sec.fsa,D2S1338,G,OL,302.57,7,OL,315.93,7,OL,320.09,5,OL,322.36,4,23,337.03,5,OL,342.65,5,OL,343.5,6,OL,348.33,5,OL,360.09,9,OL,364.14,6,OL,365.74,9,OL,366.5,6,,,,,,,,,,,,,,,,,,,,,,,,,,,,,,,,,,,,,,,,,,,,,,,,,,,,,,,,,,,,,,,,,,,,,,,,,,,,,,,,,,,,,,,,,,,,,,,,,,,,,,,,,,,,,,,,,,,,,,,,,,,,,,,,,,,,,,,,,,,,,,,,,,,,,,,,,,,,,,,,,,,,,,,,,,,,,,,,,,,,,,,,,,,,,,,,,,,,,,,,,,,,,,,,,,,,,,,,,,,,,,,,,,,,,,,,,,,,,,,,,,,,,,,,,,,,,,,,,,,,,,,,
G06_RD14-0003-49_50_29-1;4;1-M3U60-0.09IP-Q6.7_003.10sec.fsa,D19S433,Y,11,108.22,117,12,112.35,157,13,116.32,25,13.2,117.92,2,14,120.4,26,15,124.2,51,16,128.12,8,OL,140.26,6,,,,,,,,,,,,,,,,,,,,,,,,,,,,,,,,,,,,,,,,,,,,,,,,,,,,,,,,,,,,,,,,,,,,,,,,,,,,,,,,,,,,,,,,,,,,,,,,,,,,,,,,,,,,,,,,,,,,,,,,,,,,,,,,,,,,,,,,,,,,,,,,,,,,,,,,,,,,,,,,,,,,,,,,,,,,,,,,,,,,,,,,,,,,,,,,,,,,,,,,,,,,,,,,,,,,,,,,,,,,,,,,,,,,,,,,,,,,,,,,,,,,,,,,,,,,,,,,,,,,,,,,,,,,,,,,,,,,
G06_RD14-0003-49_50_29-1;4;1-M3U60-0.09IP-Q6.7_003.10sec.fsa,vWA,Y,10,147.65,9,15,168.11,49,17,176.26,48,18,180.35,147,19,184.34,39,OL,197.35,7,24,204.45,9,,,,,,,,,,,,,,,,,,,,,,,,,,,,,,,,,,,,,,,,,,,,,,,,,,,,,,,,,,,,,,,,,,,,,,,,,,,,,,,,,,,,,,,,,,,,,,,,,,,,,,,,,,,,,,,,,,,,,,,,,,,,,,,,,,,,,,,,,,,,,,,,,,,,,,,,,,,,,,,,,,,,,,,,,,,,,,,,,,,,,,,,,,,,,,,,,,,,,,,,,,,,,,,,,,,,,,,,,,,,,,,,,,,,,,,,,,,,,,,,,,,,,,,,,,,,,,,,,,,,,,,,,,,,,,,,,,,,,,,
G06_RD14-0003-49_50_29-1;4;1-M3U60-0.09IP-Q6.7_003.10sec.fsa,TPOX,Y,OL,217.36,6,OL,219.27,8,OL,220,8,OL,221.34,6,7,224.91,91,10,236.88,22,OL,239.46,6,11,240.91,66,,,,,,,,,,,,,,,,,,,,,,,,,,,,,,,,,,,,,,,,,,,,,,,,,,,,,,,,,,,,,,,,,,,,,,,,,,,,,,,,,,,,,,,,,,,,,,,,,,,,,,,,,,,,,,,,,,,,,,,,,,,,,,,,,,,,,,,,,,,,,,,,,,,,,,,,,,,,,,,,,,,,,,,,,,,,,,,,,,,,,,,,,,,,,,,,,,,,,,,,,,,,,,,,,,,,,,,,,,,,,,,,,,,,,,,,,,,,,,,,,,,,,,,,,,,,,,,,,,,,,,,,,,,,,,,,,,,,
G06_RD14-0003-49_50_29-1;4;1-M3U60-0.09IP-Q6.7_003.10sec.fsa,D18S51,Y,OL,278.44,10,11.2,279.27,10,14.2,291.27,7,16.2,299.1,6,17,301.32,7,17.2,303.01,3,19.2,311.42,5,OL,313.63,6,20.2,314.77,7,OL,322.17,6,,,,,,,,,,,,,,,,,,,,,,,,,,,,,,,,,,,,,,,,,,,,,,,,,,,,,,,,,,,,,,,,,,,,,,,,,,,,,,,,,,,,,,,,,,,,,,,,,,,,,,,,,,,,,,,,,,,,,,,,,,,,,,,,,,,,,,,,,,,,,,,,,,,,,,,,,,,,,,,,,,,,,,,,,,,,,,,,,,,,,,,,,,,,,,,,,,,,,,,,,,,,,,,,,,,,,,,,,,,,,,,,,,,,,,,,,,,,,,,,,,,,,,,,,,,,,,,,,,,,,,,,,,,,,,
G06_RD14-0003-49_50_29-1;4;1-M3U60-0.09IP-Q6.7_003.10sec.fsa,AMEL,R,X,104.91,236,OL,108.47,6,OL,109.46,5,Y,110.87,162,,,,,,,,,,,,,,,,,,,,,,,,,,,,,,,,,,,,,,,,,,,,,,,,,,,,,,,,,,,,,,,,,,,,,,,,,,,,,,,,,,,,,,,,,,,,,,,,,,,,,,,,,,,,,,,,,,,,,,,,,,,,,,,,,,,,,,,,,,,,,,,,,,,,,,,,,,,,,,,,,,,,,,,,,,,,,,,,,,,,,,,,,,,,,,,,,,,,,,,,,,,,,,,,,,,,,,,,,,,,,,,,,,,,,,,,,,,,,,,,,,,,,,,,,,,,,,,,,,,,,,,,,,,,,,,,,,,,,,,,,,,,,,,,
G06_RD14-0003-49_50_29-1;4;1-M3U60-0.09IP-Q6.7_003.10sec.fsa,D5S818,R,6,128.53,10,9,140.68,6,OL,146.35,7,11,148.77,34,OL,155.8,5,13,157.02,19,OL,174.09,8,,,,,,,,,,,,,,,,,,,,,,,,,,,,,,,,,,,,,,,,,,,,,,,,,,,,,,,,,,,,,,,,,,,,,,,,,,,,,,,,,,,,,,,,,,,,,,,,,,,,,,,,,,,,,,,,,,,,,,,,,,,,,,,,,,,,,,,,,,,,,,,,,,,,,,,,,,,,,,,,,,,,,,,,,,,,,,,,,,,,,,,,,,,,,,,,,,,,,,,,,,,,,,,,,,,,,,,,,,,,,,,,,,,,,,,,,,,,,,,,,,,,,,,,,,,,,,,,,,,,,,,,,,,,,,,,,,,,,,,
G06_RD14-0003-49_50_29-1;4;1-M3U60-0.09IP-Q6.7_003.10sec.fsa,FGA,R,16.2,210.77,10,OL,211.9,9,OL,222.41,5,OL,226.25,6,23.2,239.2,9,24,241.28,32,OL,254.7,8,OL,260.81,12,OL,295.41,7,OL,297.12,5,OL,300.44,6,OL,306.24,9,OL,307.5,15,42.2,315.93,8,OL,341.32,6,OL,346.53,7,OL,356.87,4,OL,359.71,7,,,,,,,,,,,,,,,,,,,,,,,,,,,,,,,,,,,,,,,,,,,,,,,,,,,,,,,,,,,,,,,,,,,,,,,,,,,,,,,,,,,,,,,,,,,,,,,,,,,,,,,,,,,,,,,,,,,,,,,,,,,,,,,,,,,,,,,,,,,,,,,,,,,,,,,,,,,,,,,,,,,,,,,,,,,,,,,,,,,,,,,,,,,,,,,,,,,,,,,,,,,,,,,,,,,,,,,,,,,,,,,,,,,,,,,,,,,,,,,,,,,,,,
G07_RD14-0003-30_31_32-1;4;4-M1U60-0.567IP-Q0.8_003.10sec.fsa,D8S1179,B,7,117.81,3,OL,122.22,23,OL,126.32,21,10,129.62,60,11,133.64,1019,12,137.84,708,13,141.95,1018,14,146.11,804,15,150.19,17,16,154.37,142,OL,160.16,6,OL,168.57,4,OL,169.43,3,OL,172.64,16,,,,,,,,,,,,,,,,,,,,,,,,,,,,,,,,,,,,,,,,,,,,,,,,,,,,,,,,,,,,,,,,,,,,,,,,,,,,,,,,,,,,,,,,,,,,,,,,,,,,,,,,,,,,,,,,,,,,,,,,,,,,,,,,,,,,,,,,,,,,,,,,,,,,,,,,,,,,,,,,,,,,,,,,,,,,,,,,,,,,,,,,,,,,,,,,,,,,,,,,,,,,,,,,,,,,,,,,,,,,,,,,,,,,,,,,,,,,,,,,,,,,,,,,,,,,,,,,,,
G07_RD14-0003-30_31_32-1;4;4-M1U60-0.567IP-Q0.8_003.10sec.fsa,D21S11,B,23.2,180.64,10,24.2,183.76,24,26.2,192.64,3,27.2,196.72,3,28,198.64,106,29,202.63,1600,30,206.6,44,30.2,208.64,41,31,210.6,565,31.2,212.58,606,32.2,216.71,5,35,227.28,25,OL,231.36,42,,,,,,,,,,,,,,,,,,,,,,,,,,,,,,,,,,,,,,,,,,,,,,,,,,,,,,,,,,,,,,,,,,,,,,,,,,,,,,,,,,,,,,,,,,,,,,,,,,,,,,,,,,,,,,,,,,,,,,,,,,,,,,,,,,,,,,,,,,,,,,,,,,,,,,,,,,,,,,,,,,,,,,,,,,,,,,,,,,,,,,,,,,,,,,,,,,,,,,,,,,,,,,,,,,,,,,,,,,,,,,,,,,,,,,,,,,,,,,,,,,,,,,,,,,,,,,,,,,,,,
G07_RD14-0003-30_31_32-1;4;4-M1U60-0.567IP-Q0.8_003.10sec.fsa,D7S820,B,8,262.1,97,10,270.05,44,OL,271.27,19,11,274.12,849,12,278.12,47,OL,279.26,16,13,282.1,635,14,286.15,5,,,,,,,,,,,,,,,,,,,,,,,,,,,,,,,,,,,,,,,,,,,,,,,,,,,,,,,,,,,,,,,,,,,,,,,,,,,,,,,,,,,,,,,,,,,,,,,,,,,,,,,,,,,,,,,,,,,,,,,,,,,,,,,,,,,,,,,,,,,,,,,,,,,,,,,,,,,,,,,,,,,,,,,,,,,,,,,,,,,,,,,,,,,,,,,,,,,,,,,,,,,,,,,,,,,,,,,,,,,,,,,,,,,,,,,,,,,,,,,,,,,,,,,,,,,,,,,,,,,,,,,,,,,,,,,,,,,,
G07_RD14-0003-30_31_32-1;4;4-M1U60-0.567IP-Q0.8_003.10sec.fsa,CSF1PO,B,9,314.61,39,10,318.78,787,10.2,321.02,42,11,322.88,812,12,326.93,1312,13,330.97,154,OL,333.15,11,,,,,,,,,,,,,,,,,,,,,,,,,,,,,,,,,,,,,,,,,,,,,,,,,,,,,,,,,,,,,,,,,,,,,,,,,,,,,,,,,,,,,,,,,,,,,,,,,,,,,,,,,,,,,,,,,,,,,,,,,,,,,,,,,,,,,,,,,,,,,,,,,,,,,,,,,,,,,,,,,,,,,,,,,,,,,,,,,,,,,,,,,,,,,,,,,,,,,,,,,,,,,,,,,,,,,,,,,,,,,,,,,,,,,,,,,,,,,,,,,,,,,,,,,,,,,,,,,,,,,,,,,,,,,,,,,,,,,,,
G07_RD14-0003-30_31_32-1;4;4-M1U60-0.567IP-Q0.8_003.10sec.fsa,D3S1358,G,OL,98.42,6,OL,103.37,8,OL,105.36,6,OL,108.25,4,13,114.22,28,OL,115.61,6,14,118.25,261,15,122.15,3540,16,126.39,3264,17,130.3,544,18,134.02,9,,,,,,,,,,,,,,,,,,,,,,,,,,,,,,,,,,,,,,,,,,,,,,,,,,,,,,,,,,,,,,,,,,,,,,,,,,,,,,,,,,,,,,,,,,,,,,,,,,,,,,,,,,,,,,,,,,,,,,,,,,,,,,,,,,,,,,,,,,,,,,,,,,,,,,,,,,,,,,,,,,,,,,,,,,,,,,,,,,,,,,,,,,,,,,,,,,,,,,,,,,,,,,,,,,,,,,,,,,,,,,,,,,,,,,,,,,,,,,,,,,,,,,,,,,,,,,,,,,,,,,,,,,,
G07_RD14-0003-30_31_32-1;4;4-M1U60-0.567IP-Q0.8_003.10sec.fsa,TH01,G,4,160.08,8,4,160.86,10,5,164.36,15,6,168.5,341,7,172.56,2484,8,176.63,45,9,180.64,1260,9.3,183.84,3161,13.3,200.46,6,,,,,,,,,,,,,,,,,,,,,,,,,,,,,,,,,,,,,,,,,,,,,,,,,,,,,,,,,,,,,,,,,,,,,,,,,,,,,,,,,,,,,,,,,,,,,,,,,,,,,,,,,,,,,,,,,,,,,,,,,,,,,,,,,,,,,,,,,,,,,,,,,,,,,,,,,,,,,,,,,,,,,,,,,,,,,,,,,,,,,,,,,,,,,,,,,,,,,,,,,,,,,,,,,,,,,,,,,,,,,,,,,,,,,,,,,,,,,,,,,,,,,,,,,,,,,,,,,,,,,,,,,,,,,,,,,
G07_RD14-0003-30_31_32-1;4;4-M1U60-0.567IP-Q0.8_003.10sec.fsa,D13S317,G,OL,204.58,10,OL,205.12,11,OL,207.23,6,OL,209.66,6,10,223.2,50,11,227.28,1365,12,231.28,2738,13,235.28,27,OL,238.32,10,OL,241.91,7,,,,,,,,,,,,,,,,,,,,,,,,,,,,,,,,,,,,,,,,,,,,,,,,,,,,,,,,,,,,,,,,,,,,,,,,,,,,,,,,,,,,,,,,,,,,,,,,,,,,,,,,,,,,,,,,,,,,,,,,,,,,,,,,,,,,,,,,,,,,,,,,,,,,,,,,,,,,,,,,,,,,,,,,,,,,,,,,,,,,,,,,,,,,,,,,,,,,,,,,,,,,,,,,,,,,,,,,,,,,,,,,,,,,,,,,,,,,,,,,,,,,,,,,,,,,,,,,,,,,,,,,,,,,,,
G07_RD14-0003-30_31_32-1;4;4-M1U60-0.567IP-Q0.8_003.10sec.fsa,D16S539,G,OL,252.07,7,OL,256.92,7,7,259.37,5,9,267.28,52,10,271.27,1103,11,275.26,1131,12,279.26,1274,13,283.24,1264,,,,,,,,,,,,,,,,,,,,,,,,,,,,,,,,,,,,,,,,,,,,,,,,,,,,,,,,,,,,,,,,,,,,,,,,,,,,,,,,,,,,,,,,,,,,,,,,,,,,,,,,,,,,,,,,,,,,,,,,,,,,,,,,,,,,,,,,,,,,,,,,,,,,,,,,,,,,,,,,,,,,,,,,,,,,,,,,,,,,,,,,,,,,,,,,,,,,,,,,,,,,,,,,,,,,,,,,,,,,,,,,,,,,,,,,,,,,,,,,,,,,,,,,,,,,,,,,,,,,,,,,,,,,,,,,,,,,
G07_RD14-0003-30_31_32-1;4;4-M1U60-0.567IP-Q0.8_003.10sec.fsa,D2S1338,G,15,304.24,8,OL,311.01,8,17,312.67,191,18,316.86,195,19,321.02,2933,20,325.16,11,OL,327.77,8,21,329.04,50,22,333.15,559,OL,347.51,6,28,357.09,6,OL,362.97,6,,,,,,,,,,,,,,,,,,,,,,,,,,,,,,,,,,,,,,,,,,,,,,,,,,,,,,,,,,,,,,,,,,,,,,,,,,,,,,,,,,,,,,,,,,,,,,,,,,,,,,,,,,,,,,,,,,,,,,,,,,,,,,,,,,,,,,,,,,,,,,,,,,,,,,,,,,,,,,,,,,,,,,,,,,,,,,,,,,,,,,,,,,,,,,,,,,,,,,,,,,,,,,,,,,,,,,,,,,,,,,,,,,,,,,,,,,,,,,,,,,,,,,,,,,,,,,,,,,,,,,,,
G07_RD14-0003-30_31_32-1;4;4-M1U60-0.567IP-Q0.8_003.10sec.fsa,D19S433,Y,10,103.98,39,11,108.1,1004,11.2,110.22,19,12,112.19,263,12.2,114.22,236,13,116.2,765,14,120.15,1023,15,124.08,112,16,128.04,1291,OL,130.98,9,17.2,133.56,12,OL,134.93,11,OL,138.54,11,OL,139.54,14,,,,,,,,,,,,,,,,,,,,,,,,,,,,,,,,,,,,,,,,,,,,,,,,,,,,,,,,,,,,,,,,,,,,,,,,,,,,,,,,,,,,,,,,,,,,,,,,,,,,,,,,,,,,,,,,,,,,,,,,,,,,,,,,,,,,,,,,,,,,,,,,,,,,,,,,,,,,,,,,,,,,,,,,,,,,,,,,,,,,,,,,,,,,,,,,,,,,,,,,,,,,,,,,,,,,,,,,,,,,,,,,,,,,,,,,,,,,,,,,,,,,,,,,,,,,,,,,,,
G07_RD14-0003-30_31_32-1;4;4-M1U60-0.567IP-Q0.8_003.10sec.fsa,vWA,Y,11,151.77,8,OL,152.8,16,14,164.13,92,15,168.11,1362,16,172.17,663,17,176.16,92,18,180.24,1218,19,184.64,14,OL,203.02,14,OL,206.06,11,25,209.03,7,,,,,,,,,,,,,,,,,,,,,,,,,,,,,,,,,,,,,,,,,,,,,,,,,,,,,,,,,,,,,,,,,,,,,,,,,,,,,,,,,,,,,,,,,,,,,,,,,,,,,,,,,,,,,,,,,,,,,,,,,,,,,,,,,,,,,,,,,,,,,,,,,,,,,,,,,,,,,,,,,,,,,,,,,,,,,,,,,,,,,,,,,,,,,,,,,,,,,,,,,,,,,,,,,,,,,,,,,,,,,,,,,,,,,,,,,,,,,,,,,,,,,,,,,,,,,,,,,,,,,,,,,,,
G07_RD14-0003-30_31_32-1;4;4-M1U60-0.567IP-Q0.8_003.10sec.fsa,TPOX,Y,6,220.8,975,7,224.8,54,8,228.8,2699,OL,235.52,9,OL,238.72,14,11,240.83,419,14,253.27,11,,,,,,,,,,,,,,,,,,,,,,,,,,,,,,,,,,,,,,,,,,,,,,,,,,,,,,,,,,,,,,,,,,,,,,,,,,,,,,,,,,,,,,,,,,,,,,,,,,,,,,,,,,,,,,,,,,,,,,,,,,,,,,,,,,,,,,,,,,,,,,,,,,,,,,,,,,,,,,,,,,,,,,,,,,,,,,,,,,,,,,,,,,,,,,,,,,,,,,,,,,,,,,,,,,,,,,,,,,,,,,,,,,,,,,,,,,,,,,,,,,,,,,,,,,,,,,,,,,,,,,,,,,,,,,,,,,,,,,,
G07_RD14-0003-30_31_32-1;4;4-M1U60-0.567IP-Q0.8_003.10sec.fsa,D18S51,Y,7,260.97,9,OL,270.05,12,OL,272,8,10,272.57,9,11,276.81,29,12,281.05,520,13,285.02,56,14,289.07,879,15,293.12,565,16,297.08,123,17,301.03,594,18,305.05,15,OL,313.83,8,20.2,314.69,7,27,342.05,10,OL,344.6,8,,,,,,,,,,,,,,,,,,,,,,,,,,,,,,,,,,,,,,,,,,,,,,,,,,,,,,,,,,,,,,,,,,,,,,,,,,,,,,,,,,,,,,,,,,,,,,,,,,,,,,,,,,,,,,,,,,,,,,,,,,,,,,,,,,,,,,,,,,,,,,,,,,,,,,,,,,,,,,,,,,,,,,,,,,,,,,,,,,,,,,,,,,,,,,,,,,,,,,,,,,,,,,,,,,,,,,,,,,,,,,,,,,,,,,,,,,,,,,,,,,,,,,,,,,,,
G07_RD14-0003-30_31_32-1;4;4-M1U60-0.567IP-Q0.8_003.10sec.fsa,AMEL,R,X,104.9,2426,Y,110.83,2233,,,,,,,,,,,,,,,,,,,,,,,,,,,,,,,,,,,,,,,,,,,,,,,,,,,,,,,,,,,,,,,,,,,,,,,,,,,,,,,,,,,,,,,,,,,,,,,,,,,,,,,,,,,,,,,,,,,,,,,,,,,,,,,,,,,,,,,,,,,,,,,,,,,,,,,,,,,,,,,,,,,,,,,,,,,,,,,,,,,,,,,,,,,,,,,,,,,,,,,,,,,,,,,,,,,,,,,,,,,,,,,,,,,,,,,,,,,,,,,,,,,,,,,,,,,,,,,,,,,,,,,,,,,,,,,,,,,,,,,,,,,,,,,,,,,,,,
G07_RD14-0003-30_31_32-1;4;4-M1U60-0.567IP-Q0.8_003.10sec.fsa,D5S818,R,9,140.7,80,10,144.77,1797,11,148.86,976,12,153.03,250,13,157.14,648,14,161.01,12,16,169.04,18,OL,169.9,20,OL,171.54,20,OL,173.89,6,,,,,,,,,,,,,,,,,,,,,,,,,,,,,,,,,,,,,,,,,,,,,,,,,,,,,,,,,,,,,,,,,,,,,,,,,,,,,,,,,,,,,,,,,,,,,,,,,,,,,,,,,,,,,,,,,,,,,,,,,,,,,,,,,,,,,,,,,,,,,,,,,,,,,,,,,,,,,,,,,,,,,,,,,,,,,,,,,,,,,,,,,,,,,,,,,,,,,,,,,,,,,,,,,,,,,,,,,,,,,,,,,,,,,,,,,,,,,,,,,,,,,,,,,,,,,,,,,,,,,,,,,,,,,,
G07_RD14-0003-30_31_32-1;4;4-M1U60-0.567IP-Q0.8_003.10sec.fsa,FGA,R,16.2,211.16,9,19,221.12,19,OL,222.32,11,20,225.12,96,21,229.12,1137,22,233.2,204,23,237.2,482,OL,241.91,13,OL,242.82,10,24.2,243.56,10,25,245.55,12,OL,246.29,6,25.2,247.12,7,26,249.59,38,27,253.59,524,29,261.37,8,30,265.26,5,OL,272.24,17,OL,272.89,15,OL,277.06,15,OL,278.12,14,OL,280.49,11,34.2,283.72,12,OL,285.99,10,OL,288.01,7,OL,316.77,14,OL,321.53,14,OL,323.3,11,OL,325.41,9,OL,357,7,,,,,,,,,,,,,,,,,,,,,,,,,,,,,,,,,,,,,,,,,,,,,,,,,,,,,,,,,,,,,,,,,,,,,,,,,,,,,,,,,,,,,,,,,,,,,,,,,,,,,,,,,,,,,,,,,,,,,,,,,,,,,,,,,,,,,,,,,,,,,,,,,,,,,,,,,,,,,,,,,,,,,,,,,,,,,,,,,,,,,,,,,,,,,,,,,,,,,,,,,,,,,,,,,,
H04_RD14-0003-46_47_48-1;1;1-M2U15-0.189IP-Q0.8_004.10sec.fsa,D8S1179,B,OL,115.36,3,OL,115.93,4,7,117.07,3,OL,120.14,9,9,125.81,7,10,129.58,32,11,133.59,408,12,137.78,46,13,141.89,829,OL,144.62,4,14,145.99,790,15,150.03,8,OL,172.52,7,OL,178.11,4,,,,,,,,,,,,,,,,,,,,,,,,,,,,,,,,,,,,,,,,,,,,,,,,,,,,,,,,,,,,,,,,,,,,,,,,,,,,,,,,,,,,,,,,,,,,,,,,,,,,,,,,,,,,,,,,,,,,,,,,,,,,,,,,,,,,,,,,,,,,,,,,,,,,,,,,,,,,,,,,,,,,,,,,,,,,,,,,,,,,,,,,,,,,,,,,,,,,,,,,,,,,,,,,,,,,,,,,,,,,,,,,,,,,,,,,,,,,,,,,,,,,,,,,,,,,,,,,,,
H04_RD14-0003-46_47_48-1;1;1-M2U15-0.189IP-Q0.8_004.10sec.fsa,D21S11,B,23.2,180.54,9,24,182.3,3,OL,185.36,1,26,190.19,11,27,194.48,254,28,198.47,16,29,202.56,207,30,206.56,368,30.2,208.53,32,31,210.5,247,31.2,212.48,492,32.2,216.57,191,33,218.67,3,35.2,229.14,2,36,230.37,2,36,231.29,12,37,235.22,2,,,,,,,,,,,,,,,,,,,,,,,,,,,,,,,,,,,,,,,,,,,,,,,,,,,,,,,,,,,,,,,,,,,,,,,,,,,,,,,,,,,,,,,,,,,,,,,,,,,,,,,,,,,,,,,,,,,,,,,,,,,,,,,,,,,,,,,,,,,,,,,,,,,,,,,,,,,,,,,,,,,,,,,,,,,,,,,,,,,,,,,,,,,,,,,,,,,,,,,,,,,,,,,,,,,,,,,,,,,,,,,,,,,,,,,,,,,,,,,,,,,,,,,,,
H04_RD14-0003-46_47_48-1;1;1-M2U15-0.189IP-Q0.8_004.10sec.fsa,D7S820,B,5.2,251.67,3,6,254.41,3,OL,255.16,2,OL,256.6,3,7,258.11,5,8,261.93,113,9,265.96,161,10,270,269,12,278.04,51,13,282.09,3,15,289.66,3,OL,292.28,5,OL,292.98,5,,,,,,,,,,,,,,,,,,,,,,,,,,,,,,,,,,,,,,,,,,,,,,,,,,,,,,,,,,,,,,,,,,,,,,,,,,,,,,,,,,,,,,,,,,,,,,,,,,,,,,,,,,,,,,,,,,,,,,,,,,,,,,,,,,,,,,,,,,,,,,,,,,,,,,,,,,,,,,,,,,,,,,,,,,,,,,,,,,,,,,,,,,,,,,,,,,,,,,,,,,,,,,,,,,,,,,,,,,,,,,,,,,,,,,,,,,,,,,,,,,,,,,,,,,,,,,,,,,,,,
H04_RD14-0003-46_47_48-1;1;1-M2U15-0.189IP-Q0.8_004.10sec.fsa,CSF1PO,B,5,298.69,6,OL,300.08,7,6,302.57,5,OL,303.18,5,7,306.56,6,8,310.68,4,OL,312.42,3,9,314.33,30,10,318.66,421,11,322.75,87,12,326.78,528,13,330.7,4,OL,332.46,3,OL,337.15,4,OL,343.72,7,,,,,,,,,,,,,,,,,,,,,,,,,,,,,,,,,,,,,,,,,,,,,,,,,,,,,,,,,,,,,,,,,,,,,,,,,,,,,,,,,,,,,,,,,,,,,,,,,,,,,,,,,,,,,,,,,,,,,,,,,,,,,,,,,,,,,,,,,,,,,,,,,,,,,,,,,,,,,,,,,,,,,,,,,,,,,,,,,,,,,,,,,,,,,,,,,,,,,,,,,,,,,,,,,,,,,,,,,,,,,,,,,,,,,,,,,,,,,,,,,,,,,,,,,,,,,,,
H04_RD14-0003-46_47_48-1;1;1-M2U15-0.189IP-Q0.8_004.10sec.fsa,D3S1358,G,OL,107.35,7,12,110.06,12,OL,112.18,3,13,114.36,102,14,118.36,1661,15,122.29,691,16,126.24,10,17,130.38,48,18,134.4,546,,,,,,,,,,,,,,,,,,,,,,,,,,,,,,,,,,,,,,,,,,,,,,,,,,,,,,,,,,,,,,,,,,,,,,,,,,,,,,,,,,,,,,,,,,,,,,,,,,,,,,,,,,,,,,,,,,,,,,,,,,,,,,,,,,,,,,,,,,,,,,,,,,,,,,,,,,,,,,,,,,,,,,,,,,,,,,,,,,,,,,,,,,,,,,,,,,,,,,,,,,,,,,,,,,,,,,,,,,,,,,,,,,,,,,,,,,,,,,,,,,,,,,,,,,,,,,,,,,,,,,,,,,,,,,,,,
H04_RD14-0003-46_47_48-1;1;1-M2U15-0.189IP-Q0.8_004.10sec.fsa,TH01,G,OL,162.87,2,5,164.37,10,6,168.45,566,7,172.52,894,8,176.6,70,9,180.61,1365,10,184.67,9,OL,195.63,5,,,,,,,,,,,,,,,,,,,,,,,,,,,,,,,,,,,,,,,,,,,,,,,,,,,,,,,,,,,,,,,,,,,,,,,,,,,,,,,,,,,,,,,,,,,,,,,,,,,,,,,,,,,,,,,,,,,,,,,,,,,,,,,,,,,,,,,,,,,,,,,,,,,,,,,,,,,,,,,,,,,,,,,,,,,,,,,,,,,,,,,,,,,,,,,,,,,,,,,,,,,,,,,,,,,,,,,,,,,,,,,,,,,,,,,,,,,,,,,,,,,,,,,,,,,,,,,,,,,,,,,,,,,,,,,,,,,,
H04_RD14-0003-46_47_48-1;1;1-M2U15-0.189IP-Q0.8_004.10sec.fsa,D13S317,G,10,223.15,16,OL,225.76,5,11,227.22,299,12,231.29,1740,13,235.37,8,15,243,3,,,,,,,,,,,,,,,,,,,,,,,,,,,,,,,,,,,,,,,,,,,,,,,,,,,,,,,,,,,,,,,,,,,,,,,,,,,,,,,,,,,,,,,,,,,,,,,,,,,,,,,,,,,,,,,,,,,,,,,,,,,,,,,,,,,,,,,,,,,,,,,,,,,,,,,,,,,,,,,,,,,,,,,,,,,,,,,,,,,,,,,,,,,,,,,,,,,,,,,,,,,,,,,,,,,,,,,,,,,,,,,,,,,,,,,,,,,,,,,,,,,,,,,,,,,,,,,,,,,,,,,,,,,,,,,,,,,,,,,,,,
H04_RD14-0003-46_47_48-1;1;1-M2U15-0.189IP-Q0.8_004.10sec.fsa,D16S539,G,6,255.32,3,8,263.17,7,OL,264.41,4,9,267.21,120,10,271.25,26,11,275.23,400,12,279.14,776,13,283.09,120,OL,288.89,6,16,295.06,2,,,,,,,,,,,,,,,,,,,,,,,,,,,,,,,,,,,,,,,,,,,,,,,,,,,,,,,,,,,,,,,,,,,,,,,,,,,,,,,,,,,,,,,,,,,,,,,,,,,,,,,,,,,,,,,,,,,,,,,,,,,,,,,,,,,,,,,,,,,,,,,,,,,,,,,,,,,,,,,,,,,,,,,,,,,,,,,,,,,,,,,,,,,,,,,,,,,,,,,,,,,,,,,,,,,,,,,,,,,,,,,,,,,,,,,,,,,,,,,,,,,,,,,,,,,,,,,,,,,,,,,,,,,,,,
H04_RD14-0003-46_47_48-1;1;1-M2U15-0.189IP-Q0.8_004.10sec.fsa,D2S1338,G,14,301.13,4,15,304.71,10,OL,306.4,4,16,308.57,11,17,312.57,125,OL,319.58,7,OL,320.41,8,OL,330.94,4,22,333.02,29,23,337.07,307,24,341.05,174,25,345.09,627,OL,352.29,11,27,352.94,9,OL,359.27,4,OL,362.82,5,,,,,,,,,,,,,,,,,,,,,,,,,,,,,,,,,,,,,,,,,,,,,,,,,,,,,,,,,,,,,,,,,,,,,,,,,,,,,,,,,,,,,,,,,,,,,,,,,,,,,,,,,,,,,,,,,,,,,,,,,,,,,,,,,,,,,,,,,,,,,,,,,,,,,,,,,,,,,,,,,,,,,,,,,,,,,,,,,,,,,,,,,,,,,,,,,,,,,,,,,,,,,,,,,,,,,,,,,,,,,,,,,,,,,,,,,,,,,,,,,,,,,,,,,,,,
H04_RD14-0003-46_47_48-1;1;1-M2U15-0.189IP-Q0.8_004.10sec.fsa,D19S433,Y,9,99.85,17,10,103.9,393,OL,106.99,3,12,112.11,31,12.2,114.43,4,13,116.07,523,13.2,118.36,43,14,120.07,364,14.2,122.07,347,15,124.01,229,OL,131.4,11,OL,133,9,18,135.57,5,OL,141.89,17,,,,,,,,,,,,,,,,,,,,,,,,,,,,,,,,,,,,,,,,,,,,,,,,,,,,,,,,,,,,,,,,,,,,,,,,,,,,,,,,,,,,,,,,,,,,,,,,,,,,,,,,,,,,,,,,,,,,,,,,,,,,,,,,,,,,,,,,,,,,,,,,,,,,,,,,,,,,,,,,,,,,,,,,,,,,,,,,,,,,,,,,,,,,,,,,,,,,,,,,,,,,,,,,,,,,,,,,,,,,,,,,,,,,,,,,,,,,,,,,,,,,,,,,,,,,,,,,,,
H04_RD14-0003-46_47_48-1;1;1-M2U15-0.189IP-Q0.8_004.10sec.fsa,vWA,Y,OL,153.55,4,OL,166.56,9,15,168.15,93,16,172.15,1340,17,176.22,338,OL,177.51,6,18,180.23,311,OL,183.52,4,21,192.49,6,23,200.3,9,,,,,,,,,,,,,,,,,,,,,,,,,,,,,,,,,,,,,,,,,,,,,,,,,,,,,,,,,,,,,,,,,,,,,,,,,,,,,,,,,,,,,,,,,,,,,,,,,,,,,,,,,,,,,,,,,,,,,,,,,,,,,,,,,,,,,,,,,,,,,,,,,,,,,,,,,,,,,,,,,,,,,,,,,,,,,,,,,,,,,,,,,,,,,,,,,,,,,,,,,,,,,,,,,,,,,,,,,,,,,,,,,,,,,,,,,,,,,,,,,,,,,,,,,,,,,,,,,,,,,,,,,,,,,,
H04_RD14-0003-46_47_48-1;1;1-M2U15-0.189IP-Q0.8_004.10sec.fsa,TPOX,Y,OL,214.93,6,OL,215.56,8,7,224.3,13,8,228.6,761,9,232.6,200,10,236.61,402,OL,253.95,5,,,,,,,,,,,,,,,,,,,,,,,,,,,,,,,,,,,,,,,,,,,,,,,,,,,,,,,,,,,,,,,,,,,,,,,,,,,,,,,,,,,,,,,,,,,,,,,,,,,,,,,,,,,,,,,,,,,,,,,,,,,,,,,,,,,,,,,,,,,,,,,,,,,,,,,,,,,,,,,,,,,,,,,,,,,,,,,,,,,,,,,,,,,,,,,,,,,,,,,,,,,,,,,,,,,,,,,,,,,,,,,,,,,,,,,,,,,,,,,,,,,,,,,,,,,,,,,,,,,,,,,,,,,,,,,,,,,,,,,
H04_RD14-0003-46_47_48-1;1;1-M2U15-0.189IP-Q0.8_004.10sec.fsa,D18S51,Y,OL,271.56,4,12,280.93,72,13,285.02,119,14,289.04,11,15,293.06,149,16,297.07,7,17,300.98,129,18,304.87,123,21.2,319.16,8,OL,320.24,9,23,325.25,5,23.2,327.9,5,OL,335.56,7,26,337.71,8,,,,,,,,,,,,,,,,,,,,,,,,,,,,,,,,,,,,,,,,,,,,,,,,,,,,,,,,,,,,,,,,,,,,,,,,,,,,,,,,,,,,,,,,,,,,,,,,,,,,,,,,,,,,,,,,,,,,,,,,,,,,,,,,,,,,,,,,,,,,,,,,,,,,,,,,,,,,,,,,,,,,,,,,,,,,,,,,,,,,,,,,,,,,,,,,,,,,,,,,,,,,,,,,,,,,,,,,,,,,,,,,,,,,,,,,,,,,,,,,,,,,,,,,,,,,,,,,,,
H04_RD14-0003-46_47_48-1;1;1-M2U15-0.189IP-Q0.8_004.10sec.fsa,AMEL,R,X,104.93,841,Y,110.79,852,,,,,,,,,,,,,,,,,,,,,,,,,,,,,,,,,,,,,,,,,,,,,,,,,,,,,,,,,,,,,,,,,,,,,,,,,,,,,,,,,,,,,,,,,,,,,,,,,,,,,,,,,,,,,,,,,,,,,,,,,,,,,,,,,,,,,,,,,,,,,,,,,,,,,,,,,,,,,,,,,,,,,,,,,,,,,,,,,,,,,,,,,,,,,,,,,,,,,,,,,,,,,,,,,,,,,,,,,,,,,,,,,,,,,,,,,,,,,,,,,,,,,,,,,,,,,,,,,,,,,,,,,,,,,,,,,,,,,,,,,,,,,,,,,,,,,,
H04_RD14-0003-46_47_48-1;1;1-M2U15-0.189IP-Q0.8_004.10sec.fsa,D5S818,R,10,144.7,28,11,148.81,502,12,152.94,369,13,157.08,303,14,161.21,225,OL,177.66,8,,,,,,,,,,,,,,,,,,,,,,,,,,,,,,,,,,,,,,,,,,,,,,,,,,,,,,,,,,,,,,,,,,,,,,,,,,,,,,,,,,,,,,,,,,,,,,,,,,,,,,,,,,,,,,,,,,,,,,,,,,,,,,,,,,,,,,,,,,,,,,,,,,,,,,,,,,,,,,,,,,,,,,,,,,,,,,,,,,,,,,,,,,,,,,,,,,,,,,,,,,,,,,,,,,,,,,,,,,,,,,,,,,,,,,,,,,,,,,,,,,,,,,,,,,,,,,,,,,,,,,,,,,,,,,,,,,,,,,,,,,
H04_RD14-0003-46_47_48-1;1;1-M2U15-0.189IP-Q0.8_004.10sec.fsa,FGA,R,19,221,87,20,225.07,14,21,229.06,159,22,233.22,130,23,237.3,12,OL,238.46,13,24,241.27,12,25,245.53,116,26,249.61,104,27,253.57,131,30,265.5,4,OL,272.89,6,OL,274.37,10,OL,294.83,8,OL,297.53,6,42.2,316.16,8,OL,322.91,5,OL,327.58,9,48.2,340.89,12,OL,357.97,5,,,,,,,,,,,,,,,,,,,,,,,,,,,,,,,,,,,,,,,,,,,,,,,,,,,,,,,,,,,,,,,,,,,,,,,,,,,,,,,,,,,,,,,,,,,,,,,,,,,,,,,,,,,,,,,,,,,,,,,,,,,,,,,,,,,,,,,,,,,,,,,,,,,,,,,,,,,,,,,,,,,,,,,,,,,,,,,,,,,,,,,,,,,,,,,,,,,,,,,,,,,,,,,,,,,,,,,,,,,,,,,,,,,,,,,,,,,,,,,,
H05_RD14-0003-46_47_48-1;1;1-M2U105-0.093IP-Q4.6_004.10sec.fsa,D8S1179,B,OL,114.35,5,OL,114.91,3,OL,124.27,2,10,129.56,11,11,133.62,178,OL,140,6,13,141.91,108,14,146.03,247,15,150.15,5,OL,154.96,2,OL,164.29,3,OL,168.65,6,OL,172.8,4,,,,,,,,,,,,,,,,,,,,,,,,,,,,,,,,,,,,,,,,,,,,,,,,,,,,,,,,,,,,,,,,,,,,,,,,,,,,,,,,,,,,,,,,,,,,,,,,,,,,,,,,,,,,,,,,,,,,,,,,,,,,,,,,,,,,,,,,,,,,,,,,,,,,,,,,,,,,,,,,,,,,,,,,,,,,,,,,,,,,,,,,,,,,,,,,,,,,,,,,,,,,,,,,,,,,,,,,,,,,,,,,,,,,,,,,,,,,,,,,,,,,,,,,,,,,,,,,,,,,,
H05_RD14-0003-46_47_48-1;1;1-M2U105-0.093IP-Q4.6_004.10sec.fsa,D21S11,B,OL,183.71,1,27,194.45,109,28,198.59,4,OL,201.44,3,29,202.45,12,30,206.58,197,31,210.5,132,31.2,212.54,101,OL,213.85,3,32.2,216.55,88,33,218.72,4,OL,220.07,4,34,222.43,5,34,223.09,5,34.2,224.85,5,OL,231.47,6,OL,232.13,2,36.2,232.79,3,37,234.93,3,38,239.34,4,,,,,,,,,,,,,,,,,,,,,,,,,,,,,,,,,,,,,,,,,,,,,,,,,,,,,,,,,,,,,,,,,,,,,,,,,,,,,,,,,,,,,,,,,,,,,,,,,,,,,,,,,,,,,,,,,,,,,,,,,,,,,,,,,,,,,,,,,,,,,,,,,,,,,,,,,,,,,,,,,,,,,,,,,,,,,,,,,,,,,,,,,,,,,,,,,,,,,,,,,,,,,,,,,,,,,,,,,,,,,,,,,,,,,,,,,,,,,,,,
H05_RD14-0003-46_47_48-1;1;1-M2U105-0.093IP-Q4.6_004.10sec.fsa,D7S820,B,OL,248.8,2,OL,252.62,6,8,261.99,11,9,265.83,18,10,269.98,19,OL,275.76,2,OL,287.84,4,16,294.36,4,,,,,,,,,,,,,,,,,,,,,,,,,,,,,,,,,,,,,,,,,,,,,,,,,,,,,,,,,,,,,,,,,,,,,,,,,,,,,,,,,,,,,,,,,,,,,,,,,,,,,,,,,,,,,,,,,,,,,,,,,,,,,,,,,,,,,,,,,,,,,,,,,,,,,,,,,,,,,,,,,,,,,,,,,,,,,,,,,,,,,,,,,,,,,,,,,,,,,,,,,,,,,,,,,,,,,,,,,,,,,,,,,,,,,,,,,,,,,,,,,,,,,,,,,,,,,,,,,,,,,,,,,,,,,,,,,,,,
H05_RD14-0003-46_47_48-1;1;1-M2U105-0.093IP-Q4.6_004.10sec.fsa,CSF1PO,B,OL,299.93,5,OL,307.94,4,8,310.02,2,10,318.65,124,11,322.66,29,12,326.83,18,13,330.45,2,OL,340,6,,,,,,,,,,,,,,,,,,,,,,,,,,,,,,,,,,,,,,,,,,,,,,,,,,,,,,,,,,,,,,,,,,,,,,,,,,,,,,,,,,,,,,,,,,,,,,,,,,,,,,,,,,,,,,,,,,,,,,,,,,,,,,,,,,,,,,,,,,,,,,,,,,,,,,,,,,,,,,,,,,,,,,,,,,,,,,,,,,,,,,,,,,,,,,,,,,,,,,,,,,,,,,,,,,,,,,,,,,,,,,,,,,,,,,,,,,,,,,,,,,,,,,,,,,,,,,,,,,,,,,,,,,,,,,,,,,,,
H05_RD14-0003-46_47_48-1;1;1-M2U105-0.093IP-Q4.6_004.10sec.fsa,D3S1358,G,OL,95.37,8,OL,111.86,3,13,114.28,36,14,118.33,746,15,122.24,389,17,130.2,13,18,134.47,138,OL,140.37,6,OL,143.75,6,,,,,,,,,,,,,,,,,,,,,,,,,,,,,,,,,,,,,,,,,,,,,,,,,,,,,,,,,,,,,,,,,,,,,,,,,,,,,,,,,,,,,,,,,,,,,,,,,,,,,,,,,,,,,,,,,,,,,,,,,,,,,,,,,,,,,,,,,,,,,,,,,,,,,,,,,,,,,,,,,,,,,,,,,,,,,,,,,,,,,,,,,,,,,,,,,,,,,,,,,,,,,,,,,,,,,,,,,,,,,,,,,,,,,,,,,,,,,,,,,,,,,,,,,,,,,,,,,,,,,,,,,,,,,,,,,
H05_RD14-0003-46_47_48-1;1;1-M2U105-0.093IP-Q4.6_004.10sec.fsa,TH01,G,OL,161.74,4,6,168.43,201,7,172.43,270,8,176.58,28,9,180.52,584,9.3,183.63,8,10,184.38,10,10,185.12,9,,,,,,,,,,,,,,,,,,,,,,,,,,,,,,,,,,,,,,,,,,,,,,,,,,,,,,,,,,,,,,,,,,,,,,,,,,,,,,,,,,,,,,,,,,,,,,,,,,,,,,,,,,,,,,,,,,,,,,,,,,,,,,,,,,,,,,,,,,,,,,,,,,,,,,,,,,,,,,,,,,,,,,,,,,,,,,,,,,,,,,,,,,,,,,,,,,,,,,,,,,,,,,,,,,,,,,,,,,,,,,,,,,,,,,,,,,,,,,,,,,,,,,,,,,,,,,,,,,,,,,,,,,,,,,,,,,,,
H05_RD14-0003-46_47_48-1;1;1-M2U105-0.093IP-Q4.6_004.10sec.fsa,D13S317,G,OL,208.39,4,OL,214.45,5,8,215.05,5,OL,220.44,4,11,227.28,73,12,231.25,344,,,,,,,,,,,,,,,,,,,,,,,,,,,,,,,,,,,,,,,,,,,,,,,,,,,,,,,,,,,,,,,,,,,,,,,,,,,,,,,,,,,,,,,,,,,,,,,,,,,,,,,,,,,,,,,,,,,,,,,,,,,,,,,,,,,,,,,,,,,,,,,,,,,,,,,,,,,,,,,,,,,,,,,,,,,,,,,,,,,,,,,,,,,,,,,,,,,,,,,,,,,,,,,,,,,,,,,,,,,,,,,,,,,,,,,,,,,,,,,,,,,,,,,,,,,,,,,,,,,,,,,,,,,,,,,,,,,,,,,,,,
H05_RD14-0003-46_47_48-1;1;1-M2U105-0.093IP-Q4.6_004.10sec.fsa,D16S539,G,9,267.24,29,OL,269.83,3,OL,270.5,5,11,275.24,61,12,279.18,135,OL,280.66,1,14,286.82,6,16,295.32,4,,,,,,,,,,,,,,,,,,,,,,,,,,,,,,,,,,,,,,,,,,,,,,,,,,,,,,,,,,,,,,,,,,,,,,,,,,,,,,,,,,,,,,,,,,,,,,,,,,,,,,,,,,,,,,,,,,,,,,,,,,,,,,,,,,,,,,,,,,,,,,,,,,,,,,,,,,,,,,,,,,,,,,,,,,,,,,,,,,,,,,,,,,,,,,,,,,,,,,,,,,,,,,,,,,,,,,,,,,,,,,,,,,,,,,,,,,,,,,,,,,,,,,,,,,,,,,,,,,,,,,,,,,,,,,,,,,,,
H05_RD14-0003-46_47_48-1;1;1-M2U105-0.093IP-Q4.6_004.10sec.fsa,D2S1338,G,14,300.72,5,OL,314.39,5,OL,326.15,3,OL,334.64,4,25,345.12,14,,,,,,,,,,,,,,,,,,,,,,,,,,,,,,,,,,,,,,,,,,,,,,,,,,,,,,,,,,,,,,,,,,,,,,,,,,,,,,,,,,,,,,,,,,,,,,,,,,,,,,,,,,,,,,,,,,,,,,,,,,,,,,,,,,,,,,,,,,,,,,,,,,,,,,,,,,,,,,,,,,,,,,,,,,,,,,,,,,,,,,,,,,,,,,,,,,,,,,,,,,,,,,,,,,,,,,,,,,,,,,,,,,,,,,,,,,,,,,,,,,,,,,,,,,,,,,,,,,,,,,,,,,,,,,,,,,,,,,,,,,,,,
H05_RD14-0003-46_47_48-1;1;1-M2U105-0.093IP-Q4.6_004.10sec.fsa,D19S433,Y,OL,94.81,11,9,99.93,9,10,103.82,87,13,116.1,184,14,120.07,128,14.2,122.03,105,15,123.99,70,OL,131.05,7,,,,,,,,,,,,,,,,,,,,,,,,,,,,,,,,,,,,,,,,,,,,,,,,,,,,,,,,,,,,,,,,,,,,,,,,,,,,,,,,,,,,,,,,,,,,,,,,,,,,,,,,,,,,,,,,,,,,,,,,,,,,,,,,,,,,,,,,,,,,,,,,,,,,,,,,,,,,,,,,,,,,,,,,,,,,,,,,,,,,,,,,,,,,,,,,,,,,,,,,,,,,,,,,,,,,,,,,,,,,,,,,,,,,,,,,,,,,,,,,,,,,,,,,,,,,,,,,,,,,,,,,,,,,,,,,,,,,
H05_RD14-0003-46_47_48-1;1;1-M2U105-0.093IP-Q4.6_004.10sec.fsa,vWA,Y,OL,165.16,7,OL,166.54,11,15,168,20,16,172.14,310,17,176.14,95,18,180.15,188,OL,186.67,7,OL,187.34,9,24,204.62,9,,,,,,,,,,,,,,,,,,,,,,,,,,,,,,,,,,,,,,,,,,,,,,,,,,,,,,,,,,,,,,,,,,,,,,,,,,,,,,,,,,,,,,,,,,,,,,,,,,,,,,,,,,,,,,,,,,,,,,,,,,,,,,,,,,,,,,,,,,,,,,,,,,,,,,,,,,,,,,,,,,,,,,,,,,,,,,,,,,,,,,,,,,,,,,,,,,,,,,,,,,,,,,,,,,,,,,,,,,,,,,,,,,,,,,,,,,,,,,,,,,,,,,,,,,,,,,,,,,,,,,,,,,,,,,,,,
H05_RD14-0003-46_47_48-1;1;1-M2U105-0.093IP-Q4.6_004.10sec.fsa,TPOX,Y,OL,214,8,7,224.63,8,8,228.68,169,10,236.62,103,OL,243.09,5,12,245.28,5,OL,246.18,8,OL,251.75,8,,,,,,,,,,,,,,,,,,,,,,,,,,,,,,,,,,,,,,,,,,,,,,,,,,,,,,,,,,,,,,,,,,,,,,,,,,,,,,,,,,,,,,,,,,,,,,,,,,,,,,,,,,,,,,,,,,,,,,,,,,,,,,,,,,,,,,,,,,,,,,,,,,,,,,,,,,,,,,,,,,,,,,,,,,,,,,,,,,,,,,,,,,,,,,,,,,,,,,,,,,,,,,,,,,,,,,,,,,,,,,,,,,,,,,,,,,,,,,,,,,,,,,,,,,,,,,,,,,,,,,,,,,,,,,,,,,,,
H05_RD14-0003-46_47_48-1;1;1-M2U105-0.093IP-Q4.6_004.10sec.fsa,D18S51,Y,10,273.24,8,12,280.88,22,13,285.13,7,OL,292.39,5,16,297.51,4,OL,304.34,6,19.2,310.69,10,20,312.57,10,OL,336.43,7,OL,344.13,12,,,,,,,,,,,,,,,,,,,,,,,,,,,,,,,,,,,,,,,,,,,,,,,,,,,,,,,,,,,,,,,,,,,,,,,,,,,,,,,,,,,,,,,,,,,,,,,,,,,,,,,,,,,,,,,,,,,,,,,,,,,,,,,,,,,,,,,,,,,,,,,,,,,,,,,,,,,,,,,,,,,,,,,,,,,,,,,,,,,,,,,,,,,,,,,,,,,,,,,,,,,,,,,,,,,,,,,,,,,,,,,,,,,,,,,,,,,,,,,,,,,,,,,,,,,,,,,,,,,,,,,,,,,,,,
H05_RD14-0003-46_47_48-1;1;1-M2U105-0.093IP-Q4.6_004.10sec.fsa,AMEL,R,X,104.83,260,OL,106.13,8,Y,110.79,240,,,,,,,,,,,,,,,,,,,,,,,,,,,,,,,,,,,,,,,,,,,,,,,,,,,,,,,,,,,,,,,,,,,,,,,,,,,,,,,,,,,,,,,,,,,,,,,,,,,,,,,,,,,,,,,,,,,,,,,,,,,,,,,,,,,,,,,,,,,,,,,,,,,,,,,,,,,,,,,,,,,,,,,,,,,,,,,,,,,,,,,,,,,,,,,,,,,,,,,,,,,,,,,,,,,,,,,,,,,,,,,,,,,,,,,,,,,,,,,,,,,,,,,,,,,,,,,,,,,,,,,,,,,,,,,,,,,,,,,,,,,,,,,,,,,
H05_RD14-0003-46_47_48-1;1;1-M2U105-0.093IP-Q4.6_004.10sec.fsa,D5S818,R,OL,127.94,7,OL,130.06,6,OL,131.48,9,OL,138.63,6,OL,139.14,6,9,140.66,6,11,148.83,99,12,152.89,93,13,156.96,39,14,161.24,42,OL,169.96,8,,,,,,,,,,,,,,,,,,,,,,,,,,,,,,,,,,,,,,,,,,,,,,,,,,,,,,,,,,,,,,,,,,,,,,,,,,,,,,,,,,,,,,,,,,,,,,,,,,,,,,,,,,,,,,,,,,,,,,,,,,,,,,,,,,,,,,,,,,,,,,,,,,,,,,,,,,,,,,,,,,,,,,,,,,,,,,,,,,,,,,,,,,,,,,,,,,,,,,,,,,,,,,,,,,,,,,,,,,,,,,,,,,,,,,,,,,,,,,,,,,,,,,,,,,,,,,,,,,,,,,,,,,,
H05_RD14-0003-46_47_48-1;1;1-M2U105-0.093IP-Q4.6_004.10sec.fsa,FGA,R,OL,205.63,10,16.2,210.5,5,17.2,214.6,9,OL,222.21,7,OL,225.59,6,21,229.12,24,22,233.24,41,OL,234.19,7,OL,246.4,6,25.2,247.9,7,OL,258.41,8,31,269.76,8,32,274.06,7,OL,274.57,8,OL,288.14,8,OL,307.35,12,OL,318.57,5,48.2,340.38,6,OL,351.33,8,51.2,352.25,6,OL,355.24,7,,,,,,,,,,,,,,,,,,,,,,,,,,,,,,,,,,,,,,,,,,,,,,,,,,,,,,,,,,,,,,,,,,,,,,,,,,,,,,,,,,,,,,,,,,,,,,,,,,,,,,,,,,,,,,,,,,,,,,,,,,,,,,,,,,,,,,,,,,,,,,,,,,,,,,,,,,,,,,,,,,,,,,,,,,,,,,,,,,,,,,,,,,,,,,,,,,,,,,,,,,,,,,,,,,,,,,,,,,,,,,,,,,,,,,,,,,,,,
H06_RD14-0003-49_50_29-1;4;1-M1U105-0.378IP-Q0.6_004.10sec.fsa,D8S1179,B,OL,120,7,8,121.28,14,OL,124.43,4,9,125.49,104,10,129.58,2387,11,133.71,33,12,137.81,511,13,141.96,573,14,146.05,146,15,150.25,2003,16,154.38,16,OL,156.88,3,17,158.35,5,OL,168.56,9,OL,172.68,7,OL,174.66,3,OL,176.81,6,OL,177.84,7,,,,,,,,,,,,,,,,,,,,,,,,,,,,,,,,,,,,,,,,,,,,,,,,,,,,,,,,,,,,,,,,,,,,,,,,,,,,,,,,,,,,,,,,,,,,,,,,,,,,,,,,,,,,,,,,,,,,,,,,,,,,,,,,,,,,,,,,,,,,,,,,,,,,,,,,,,,,,,,,,,,,,,,,,,,,,,,,,,,,,,,,,,,,,,,,,,,,,,,,,,,,,,,,,,,,,,,,,,,,,,,,,,,,,,,,,,,,,,,,,,,,,,
H06_RD14-0003-49_50_29-1;4;1-M1U105-0.378IP-Q0.6_004.10sec.fsa,D21S11,B,OL,180.79,9,24.2,183.86,4,25.2,187.98,3,27,194.47,14,28,198.68,296,29,202.74,368,30,206.54,11,30.2,208.61,25,31.2,212.69,338,32.2,216.77,1254,33.2,220.88,985,34.2,224.87,15,OL,233.4,2,OL,240.09,4,,,,,,,,,,,,,,,,,,,,,,,,,,,,,,,,,,,,,,,,,,,,,,,,,,,,,,,,,,,,,,,,,,,,,,,,,,,,,,,,,,,,,,,,,,,,,,,,,,,,,,,,,,,,,,,,,,,,,,,,,,,,,,,,,,,,,,,,,,,,,,,,,,,,,,,,,,,,,,,,,,,,,,,,,,,,,,,,,,,,,,,,,,,,,,,,,,,,,,,,,,,,,,,,,,,,,,,,,,,,,,,,,,,,,,,,,,,,,,,,,,,,,,,,,,,,,,,,,,
H06_RD14-0003-49_50_29-1;4;1-M1U105-0.378IP-Q0.6_004.10sec.fsa,D7S820,B,7,258.25,21,8,262.15,785,9,266.19,308,11,274.21,43,12,278.28,756,13,282.32,11,14,285.99,6,OL,293.31,4,16,294.29,3,,,,,,,,,,,,,,,,,,,,,,,,,,,,,,,,,,,,,,,,,,,,,,,,,,,,,,,,,,,,,,,,,,,,,,,,,,,,,,,,,,,,,,,,,,,,,,,,,,,,,,,,,,,,,,,,,,,,,,,,,,,,,,,,,,,,,,,,,,,,,,,,,,,,,,,,,,,,,,,,,,,,,,,,,,,,,,,,,,,,,,,,,,,,,,,,,,,,,,,,,,,,,,,,,,,,,,,,,,,,,,,,,,,,,,,,,,,,,,,,,,,,,,,,,,,,,,,,,,,,,,,,,,,,,,,,,
H06_RD14-0003-49_50_29-1;4;1-M1U105-0.378IP-Q0.6_004.10sec.fsa,CSF1PO,B,8,310.71,6,OL,312.72,6,9,314.76,254,10,318.85,1091,11,322.98,745,12,326.98,62,13,331.05,848,14,335.03,10,15,338.99,23,,,,,,,,,,,,,,,,,,,,,,,,,,,,,,,,,,,,,,,,,,,,,,,,,,,,,,,,,,,,,,,,,,,,,,,,,,,,,,,,,,,,,,,,,,,,,,,,,,,,,,,,,,,,,,,,,,,,,,,,,,,,,,,,,,,,,,,,,,,,,,,,,,,,,,,,,,,,,,,,,,,,,,,,,,,,,,,,,,,,,,,,,,,,,,,,,,,,,,,,,,,,,,,,,,,,,,,,,,,,,,,,,,,,,,,,,,,,,,,,,,,,,,,,,,,,,,,,,,,,,,,,,,,,,,,,,
H06_RD14-0003-49_50_29-1;4;1-M1U105-0.378IP-Q0.6_004.10sec.fsa,D3S1358,G,OL,101.74,7,OL,111.06,7,13,114.4,46,OL,115.5,8,14,118.34,706,15,122.25,236,16,126.3,2716,17,130.4,3781,18,134.46,797,19,138.06,7,OL,140.25,8,,,,,,,,,,,,,,,,,,,,,,,,,,,,,,,,,,,,,,,,,,,,,,,,,,,,,,,,,,,,,,,,,,,,,,,,,,,,,,,,,,,,,,,,,,,,,,,,,,,,,,,,,,,,,,,,,,,,,,,,,,,,,,,,,,,,,,,,,,,,,,,,,,,,,,,,,,,,,,,,,,,,,,,,,,,,,,,,,,,,,,,,,,,,,,,,,,,,,,,,,,,,,,,,,,,,,,,,,,,,,,,,,,,,,,,,,,,,,,,,,,,,,,,,,,,,,,,,,,,,,,,,,,,
H06_RD14-0003-49_50_29-1;4;1-M1U105-0.378IP-Q0.6_004.10sec.fsa,TH01,G,OL,155.33,7,3,156.02,8,OL,159.48,12,5,164.53,45,6,168.64,2815,7,172.68,2574,8,176.72,535,9,180.79,921,9.3,183.59,12,OL,187.1,5,OL,195.35,4,,,,,,,,,,,,,,,,,,,,,,,,,,,,,,,,,,,,,,,,,,,,,,,,,,,,,,,,,,,,,,,,,,,,,,,,,,,,,,,,,,,,,,,,,,,,,,,,,,,,,,,,,,,,,,,,,,,,,,,,,,,,,,,,,,,,,,,,,,,,,,,,,,,,,,,,,,,,,,,,,,,,,,,,,,,,,,,,,,,,,,,,,,,,,,,,,,,,,,,,,,,,,,,,,,,,,,,,,,,,,,,,,,,,,,,,,,,,,,,,,,,,,,,,,,,,,,,,,,,,,,,,,,,
H06_RD14-0003-49_50_29-1;4;1-M1U105-0.378IP-Q0.6_004.10sec.fsa,D13S317,G,9,219.1,15,10,223.28,89,11,227.27,1712,12,231.27,2025,13,235.36,396,OL,244.83,5,,,,,,,,,,,,,,,,,,,,,,,,,,,,,,,,,,,,,,,,,,,,,,,,,,,,,,,,,,,,,,,,,,,,,,,,,,,,,,,,,,,,,,,,,,,,,,,,,,,,,,,,,,,,,,,,,,,,,,,,,,,,,,,,,,,,,,,,,,,,,,,,,,,,,,,,,,,,,,,,,,,,,,,,,,,,,,,,,,,,,,,,,,,,,,,,,,,,,,,,,,,,,,,,,,,,,,,,,,,,,,,,,,,,,,,,,,,,,,,,,,,,,,,,,,,,,,,,,,,,,,,,,,,,,,,,,,,,,,,,,,
H06_RD14-0003-49_50_29-1;4;1-M1U105-0.378IP-Q0.6_004.10sec.fsa,D16S539,G,OL,256.59,4,OL,260.45,6,OL,262.06,9,9,267.36,22,10,271.41,478,11,275.38,651,12,279.46,1834,13,283.31,1764,14,287.24,23,,,,,,,,,,,,,,,,,,,,,,,,,,,,,,,,,,,,,,,,,,,,,,,,,,,,,,,,,,,,,,,,,,,,,,,,,,,,,,,,,,,,,,,,,,,,,,,,,,,,,,,,,,,,,,,,,,,,,,,,,,,,,,,,,,,,,,,,,,,,,,,,,,,,,,,,,,,,,,,,,,,,,,,,,,,,,,,,,,,,,,,,,,,,,,,,,,,,,,,,,,,,,,,,,,,,,,,,,,,,,,,,,,,,,,,,,,,,,,,,,,,,,,,,,,,,,,,,,,,,,,,,,,,,,,,,,
H06_RD14-0003-49_50_29-1;4;1-M1U105-0.378IP-Q0.6_004.10sec.fsa,D2S1338,G,15,304.69,5,16,308.9,57,17,312.9,947,OL,314.66,11,OL,318.76,8,20,325.21,74,OL,326.79,4,21,329.2,1111,22,333.27,1385,23,337.24,620,24,341.22,346,25,345.44,6,OL,351.82,6,27,352.95,7,OL,366.43,7,,,,,,,,,,,,,,,,,,,,,,,,,,,,,,,,,,,,,,,,,,,,,,,,,,,,,,,,,,,,,,,,,,,,,,,,,,,,,,,,,,,,,,,,,,,,,,,,,,,,,,,,,,,,,,,,,,,,,,,,,,,,,,,,,,,,,,,,,,,,,,,,,,,,,,,,,,,,,,,,,,,,,,,,,,,,,,,,,,,,,,,,,,,,,,,,,,,,,,,,,,,,,,,,,,,,,,,,,,,,,,,,,,,,,,,,,,,,,,,,,,,,,,,,,,,,,,,
H06_RD14-0003-49_50_29-1;4;1-M1U105-0.378IP-Q0.6_004.10sec.fsa,D19S433,Y,OL,98.21,8,OL,100.5,15,9.2,101.33,15,OL,102.82,8,10,104.06,82,11,108.19,1778,12,112.28,1774,13,116.29,459,13.2,118.42,17,14,120.16,264,15,124.19,566,15.2,126.3,64,OL,130.48,98,OL,134.63,22,18,136.3,5,,,,,,,,,,,,,,,,,,,,,,,,,,,,,,,,,,,,,,,,,,,,,,,,,,,,,,,,,,,,,,,,,,,,,,,,,,,,,,,,,,,,,,,,,,,,,,,,,,,,,,,,,,,,,,,,,,,,,,,,,,,,,,,,,,,,,,,,,,,,,,,,,,,,,,,,,,,,,,,,,,,,,,,,,,,,,,,,,,,,,,,,,,,,,,,,,,,,,,,,,,,,,,,,,,,,,,,,,,,,,,,,,,,,,,,,,,,,,,,,,,,,,,,,,,,,,,,
H06_RD14-0003-49_50_29-1;4;1-M1U105-0.378IP-Q0.6_004.10sec.fsa,vWA,Y,OL,156.97,12,14,164.02,58,OL,166.07,8,15,168.13,1151,16,172.59,91,17,176.21,969,18,180.26,1773,19,184.38,399,OL,193.5,5,,,,,,,,,,,,,,,,,,,,,,,,,,,,,,,,,,,,,,,,,,,,,,,,,,,,,,,,,,,,,,,,,,,,,,,,,,,,,,,,,,,,,,,,,,,,,,,,,,,,,,,,,,,,,,,,,,,,,,,,,,,,,,,,,,,,,,,,,,,,,,,,,,,,,,,,,,,,,,,,,,,,,,,,,,,,,,,,,,,,,,,,,,,,,,,,,,,,,,,,,,,,,,,,,,,,,,,,,,,,,,,,,,,,,,,,,,,,,,,,,,,,,,,,,,,,,,,,,,,,,,,,,,,,,,,,,
H06_RD14-0003-49_50_29-1;4;1-M1U105-0.378IP-Q0.6_004.10sec.fsa,TPOX,Y,7,224.78,1143,OL,227.18,44,OL,231.27,65,10,236.88,424,11,240.91,2123,12,245.01,9,OL,246.92,10,OL,253.87,6,,,,,,,,,,,,,,,,,,,,,,,,,,,,,,,,,,,,,,,,,,,,,,,,,,,,,,,,,,,,,,,,,,,,,,,,,,,,,,,,,,,,,,,,,,,,,,,,,,,,,,,,,,,,,,,,,,,,,,,,,,,,,,,,,,,,,,,,,,,,,,,,,,,,,,,,,,,,,,,,,,,,,,,,,,,,,,,,,,,,,,,,,,,,,,,,,,,,,,,,,,,,,,,,,,,,,,,,,,,,,,,,,,,,,,,,,,,,,,,,,,,,,,,,,,,,,,,,,,,,,,,,,,,,,,,,,,,,
H06_RD14-0003-49_50_29-1;4;1-M1U105-0.378IP-Q0.6_004.10sec.fsa,D18S51,Y,OL,263.58,7,8,264.75,7,OL,275.65,19,11.2,279.46,36,12,281.16,322,12.2,283.13,40,13,285.18,260,14,289.2,324,14.2,290.81,6,15,293.22,94,16,297.23,1088,17,301.14,243,19,309.08,76,20,313.18,772,21,317.13,9,OL,324.38,12,23,325.59,8,24,329.3,30,,,,,,,,,,,,,,,,,,,,,,,,,,,,,,,,,,,,,,,,,,,,,,,,,,,,,,,,,,,,,,,,,,,,,,,,,,,,,,,,,,,,,,,,,,,,,,,,,,,,,,,,,,,,,,,,,,,,,,,,,,,,,,,,,,,,,,,,,,,,,,,,,,,,,,,,,,,,,,,,,,,,,,,,,,,,,,,,,,,,,,,,,,,,,,,,,,,,,,,,,,,,,,,,,,,,,,,,,,,,,,,,,,,,,,,,,,,,,,,,,,,,,,
H06_RD14-0003-49_50_29-1;4;1-M1U105-0.378IP-Q0.6_004.10sec.fsa,AMEL,R,X,104.89,2189,OL,108.76,7,Y,110.89,2178,,,,,,,,,,,,,,,,,,,,,,,,,,,,,,,,,,,,,,,,,,,,,,,,,,,,,,,,,,,,,,,,,,,,,,,,,,,,,,,,,,,,,,,,,,,,,,,,,,,,,,,,,,,,,,,,,,,,,,,,,,,,,,,,,,,,,,,,,,,,,,,,,,,,,,,,,,,,,,,,,,,,,,,,,,,,,,,,,,,,,,,,,,,,,,,,,,,,,,,,,,,,,,,,,,,,,,,,,,,,,,,,,,,,,,,,,,,,,,,,,,,,,,,,,,,,,,,,,,,,,,,,,,,,,,,,,,,,,,,,,,,,,,,,,,,
H06_RD14-0003-49_50_29-1;4;1-M1U105-0.378IP-Q0.6_004.10sec.fsa,D5S818,R,OL,127.53,55,6,128.35,56,OL,129.66,53,7,132.05,17,OL,133.71,19,10,144.77,111,11,148.88,2069,12,153,270,13,157.14,486,14,161.28,16,OL,162.56,7,OL,164.44,6,16,169.33,45,OL,170.36,45,OL,171.91,45,OL,177.33,13,,,,,,,,,,,,,,,,,,,,,,,,,,,,,,,,,,,,,,,,,,,,,,,,,,,,,,,,,,,,,,,,,,,,,,,,,,,,,,,,,,,,,,,,,,,,,,,,,,,,,,,,,,,,,,,,,,,,,,,,,,,,,,,,,,,,,,,,,,,,,,,,,,,,,,,,,,,,,,,,,,,,,,,,,,,,,,,,,,,,,,,,,,,,,,,,,,,,,,,,,,,,,,,,,,,,,,,,,,,,,,,,,,,,,,,,,,,,,,,,,,,,,,,,,,,,
H06_RD14-0003-49_50_29-1;4;1-M1U105-0.378IP-Q0.6_004.10sec.fsa,FGA,R,OL,207.57,5,18,216.68,75,19,220.88,1808,21,228.87,42,21,229.49,43,22,233.22,38,23,237.14,298,24,241.28,470,OL,246.65,4,OL,256.76,11,28.2,259.83,6,OL,260.98,11,OL,263.05,9,OL,265.11,8,31.2,271.86,9,OL,272.76,13,32,273.48,19,OL,277.01,16,OL,277.64,15,OL,280.98,39,OL,281.52,39,OL,301.58,11,OL,307.82,15,OL,319.43,12,OL,330.22,24,OL,331.61,26,46.2,332.16,26,50.2,348.44,10,51.2,352.85,9,,,,,,,,,,,,,,,,,,,,,,,,,,,,,,,,,,,,,,,,,,,,,,,,,,,,,,,,,,,,,,,,,,,,,,,,,,,,,,,,,,,,,,,,,,,,,,,,,,,,,,,,,,,,,,,,,,,,,,,,,,,,,,,,,,,,,,,,,,,,,,,,,,,,,,,,,,,,,,,,,,,,,,,,,,,,,,,,,,,,,,,,,,,,,,,,,,,,,,,,,,,,,,,,,,,,,
H07_RD14-0003-30_31_32-1;4;4-M1U60-0.279IP-Q0.8_004.10sec.fsa,D8S1179,B,OL,119.56,8,OL,120.44,11,8,122.05,8,9,125.59,14,OL,126.26,10,10,129.6,56,OL,130.95,3,11,133.57,683,12,137.8,595,13,141.87,1145,14,146.08,482,15,150.07,22,OL,151.64,4,16,154.31,151,17,158.65,7,OL,161.31,5,18,162.55,6,OL,168.59,5,OL,171.3,5,OL,172.54,14,OL,177.51,7,,,,,,,,,,,,,,,,,,,,,,,,,,,,,,,,,,,,,,,,,,,,,,,,,,,,,,,,,,,,,,,,,,,,,,,,,,,,,,,,,,,,,,,,,,,,,,,,,,,,,,,,,,,,,,,,,,,,,,,,,,,,,,,,,,,,,,,,,,,,,,,,,,,,,,,,,,,,,,,,,,,,,,,,,,,,,,,,,,,,,,,,,,,,,,,,,,,,,,,,,,,,,,,,,,,,,,,,,,,,,,,,,,,,,,,,,,,,,
H07_RD14-0003-30_31_32-1;4;4-M1U60-0.279IP-Q0.8_004.10sec.fsa,D21S11,B,OL,183.73,19,OL,184.92,4,27,194.6,11,28,198.65,115,28.2,200.62,9,29,202.71,1416,29.2,204.11,4,30,206.59,31,30.2,208.69,41,31,210.64,270,31.2,212.59,581,32.2,216.47,6,OL,226.27,5,35.2,228.9,5,36,231.29,12,37,235.12,7,,,,,,,,,,,,,,,,,,,,,,,,,,,,,,,,,,,,,,,,,,,,,,,,,,,,,,,,,,,,,,,,,,,,,,,,,,,,,,,,,,,,,,,,,,,,,,,,,,,,,,,,,,,,,,,,,,,,,,,,,,,,,,,,,,,,,,,,,,,,,,,,,,,,,,,,,,,,,,,,,,,,,,,,,,,,,,,,,,,,,,,,,,,,,,,,,,,,,,,,,,,,,,,,,,,,,,,,,,,,,,,,,,,,,,,,,,,,,,,,,,,,,,,,,,,,
H07_RD14-0003-30_31_32-1;4;4-M1U60-0.279IP-Q0.8_004.10sec.fsa,D7S820,B,5.2,252.13,5,OL,255.44,2,7,258.35,5,8,262.01,21,10,270.05,48,OL,271.1,9,11,274.09,760,12,278.14,54,13,282.16,742,OL,288.87,3,,,,,,,,,,,,,,,,,,,,,,,,,,,,,,,,,,,,,,,,,,,,,,,,,,,,,,,,,,,,,,,,,,,,,,,,,,,,,,,,,,,,,,,,,,,,,,,,,,,,,,,,,,,,,,,,,,,,,,,,,,,,,,,,,,,,,,,,,,,,,,,,,,,,,,,,,,,,,,,,,,,,,,,,,,,,,,,,,,,,,,,,,,,,,,,,,,,,,,,,,,,,,,,,,,,,,,,,,,,,,,,,,,,,,,,,,,,,,,,,,,,,,,,,,,,,,,,,,,,,,,,,,,,,,,
H07_RD14-0003-30_31_32-1;4;4-M1U60-0.279IP-Q0.8_004.10sec.fsa,CSF1PO,B,OL,300.08,7,7,306.15,4,9,314.68,22,10,318.79,513,10.2,320.84,5,11,322.85,654,OL,324.95,14,12,326.95,1218,13,330.87,104,OL,332.87,8,16,342.52,4,,,,,,,,,,,,,,,,,,,,,,,,,,,,,,,,,,,,,,,,,,,,,,,,,,,,,,,,,,,,,,,,,,,,,,,,,,,,,,,,,,,,,,,,,,,,,,,,,,,,,,,,,,,,,,,,,,,,,,,,,,,,,,,,,,,,,,,,,,,,,,,,,,,,,,,,,,,,,,,,,,,,,,,,,,,,,,,,,,,,,,,,,,,,,,,,,,,,,,,,,,,,,,,,,,,,,,,,,,,,,,,,,,,,,,,,,,,,,,,,,,,,,,,,,,,,,,,,,,,,,,,,,,,
H07_RD14-0003-30_31_32-1;4;4-M1U60-0.279IP-Q0.8_004.10sec.fsa,D3S1358,G,OL,99.1,7,OL,102.88,7,11,105.97,9,OL,108.6,6,13,114.22,29,14,118.25,182,15,122.2,2253,16,126.4,1987,17,130.27,143,OL,140.54,4,,,,,,,,,,,,,,,,,,,,,,,,,,,,,,,,,,,,,,,,,,,,,,,,,,,,,,,,,,,,,,,,,,,,,,,,,,,,,,,,,,,,,,,,,,,,,,,,,,,,,,,,,,,,,,,,,,,,,,,,,,,,,,,,,,,,,,,,,,,,,,,,,,,,,,,,,,,,,,,,,,,,,,,,,,,,,,,,,,,,,,,,,,,,,,,,,,,,,,,,,,,,,,,,,,,,,,,,,,,,,,,,,,,,,,,,,,,,,,,,,,,,,,,,,,,,,,,,,,,,,,,,,,,,,,
H07_RD14-0003-30_31_32-1;4;4-M1U60-0.279IP-Q0.8_004.10sec.fsa,TH01,G,OL,159.68,8,4,160.23,10,OL,163.4,1,5,164.64,13,6,168.59,376,7,172.62,1694,8,176.66,38,9,180.71,772,9.3,183.81,2114,OL,189.44,6,OL,191.67,4,,,,,,,,,,,,,,,,,,,,,,,,,,,,,,,,,,,,,,,,,,,,,,,,,,,,,,,,,,,,,,,,,,,,,,,,,,,,,,,,,,,,,,,,,,,,,,,,,,,,,,,,,,,,,,,,,,,,,,,,,,,,,,,,,,,,,,,,,,,,,,,,,,,,,,,,,,,,,,,,,,,,,,,,,,,,,,,,,,,,,,,,,,,,,,,,,,,,,,,,,,,,,,,,,,,,,,,,,,,,,,,,,,,,,,,,,,,,,,,,,,,,,,,,,,,,,,,,,,,,,,,,,,,
H07_RD14-0003-30_31_32-1;4;4-M1U60-0.279IP-Q0.8_004.10sec.fsa,D13S317,G,OL,206.67,6,OL,213.53,4,OL,218.48,11,9,219.68,6,10,223.25,49,11,227.23,1112,12,231.29,1680,13,235.52,7,14,239.6,8,,,,,,,,,,,,,,,,,,,,,,,,,,,,,,,,,,,,,,,,,,,,,,,,,,,,,,,,,,,,,,,,,,,,,,,,,,,,,,,,,,,,,,,,,,,,,,,,,,,,,,,,,,,,,,,,,,,,,,,,,,,,,,,,,,,,,,,,,,,,,,,,,,,,,,,,,,,,,,,,,,,,,,,,,,,,,,,,,,,,,,,,,,,,,,,,,,,,,,,,,,,,,,,,,,,,,,,,,,,,,,,,,,,,,,,,,,,,,,,,,,,,,,,,,,,,,,,,,,,,,,,,,,,,,,,,,
H07_RD14-0003-30_31_32-1;4;4-M1U60-0.279IP-Q0.8_004.10sec.fsa,D16S539,G,OL,252.37,5,9,267.23,68,OL,269.08,7,10,271.26,781,11,275.3,815,12,279.27,896,13,283.28,748,14,287.35,8,16,295.28,6,,,,,,,,,,,,,,,,,,,,,,,,,,,,,,,,,,,,,,,,,,,,,,,,,,,,,,,,,,,,,,,,,,,,,,,,,,,,,,,,,,,,,,,,,,,,,,,,,,,,,,,,,,,,,,,,,,,,,,,,,,,,,,,,,,,,,,,,,,,,,,,,,,,,,,,,,,,,,,,,,,,,,,,,,,,,,,,,,,,,,,,,,,,,,,,,,,,,,,,,,,,,,,,,,,,,,,,,,,,,,,,,,,,,,,,,,,,,,,,,,,,,,,,,,,,,,,,,,,,,,,,,,,,,,,,,,
H07_RD14-0003-30_31_32-1;4;4-M1U60-0.279IP-Q0.8_004.10sec.fsa,D2S1338,G,14,300.32,4,OL,303.02,4,17,312.76,99,18,316.82,106,19,321.01,1619,21,329.12,48,22,333.2,558,OL,334.78,9,OL,345.89,7,OL,349.69,4,OL,356.45,6,OL,360.34,5,OL,364.45,5,,,,,,,,,,,,,,,,,,,,,,,,,,,,,,,,,,,,,,,,,,,,,,,,,,,,,,,,,,,,,,,,,,,,,,,,,,,,,,,,,,,,,,,,,,,,,,,,,,,,,,,,,,,,,,,,,,,,,,,,,,,,,,,,,,,,,,,,,,,,,,,,,,,,,,,,,,,,,,,,,,,,,,,,,,,,,,,,,,,,,,,,,,,,,,,,,,,,,,,,,,,,,,,,,,,,,,,,,,,,,,,,,,,,,,,,,,,,,,,,,,,,,,,,,,,,,,,,,,,,,
H07_RD14-0003-30_31_32-1;4;4-M1U60-0.279IP-Q0.8_004.10sec.fsa,D19S433,Y,OL,96.04,5,OL,97.68,8,10,103.93,37,11,108.08,668,12,112.13,265,12.2,114.22,189,13,116.2,651,14,120.15,438,14.2,122.2,28,15,124.11,67,16,128.04,696,,,,,,,,,,,,,,,,,,,,,,,,,,,,,,,,,,,,,,,,,,,,,,,,,,,,,,,,,,,,,,,,,,,,,,,,,,,,,,,,,,,,,,,,,,,,,,,,,,,,,,,,,,,,,,,,,,,,,,,,,,,,,,,,,,,,,,,,,,,,,,,,,,,,,,,,,,,,,,,,,,,,,,,,,,,,,,,,,,,,,,,,,,,,,,,,,,,,,,,,,,,,,,,,,,,,,,,,,,,,,,,,,,,,,,,,,,,,,,,,,,,,,,,,,,,,,,,,,,,,,,,,,,,
H07_RD14-0003-30_31_32-1;4;4-M1U60-0.279IP-Q0.8_004.10sec.fsa,vWA,Y,14,164.02,57,15,168.13,889,16,172.16,612,17,176.19,86,18,180.24,1021,19,183.97,36,OL,191.83,9,OL,194.05,7,OL,202.63,16,OL,206.12,7,OL,206.98,6,,,,,,,,,,,,,,,,,,,,,,,,,,,,,,,,,,,,,,,,,,,,,,,,,,,,,,,,,,,,,,,,,,,,,,,,,,,,,,,,,,,,,,,,,,,,,,,,,,,,,,,,,,,,,,,,,,,,,,,,,,,,,,,,,,,,,,,,,,,,,,,,,,,,,,,,,,,,,,,,,,,,,,,,,,,,,,,,,,,,,,,,,,,,,,,,,,,,,,,,,,,,,,,,,,,,,,,,,,,,,,,,,,,,,,,,,,,,,,,,,,,,,,,,,,,,,,,,,,,,,,,,,,,
H07_RD14-0003-30_31_32-1;4;4-M1U60-0.279IP-Q0.8_004.10sec.fsa,TPOX,Y,5,217.03,16,6,220.71,838,7,224.76,32,8,228.74,1804,OL,231.37,31,11,240.82,279,,,,,,,,,,,,,,,,,,,,,,,,,,,,,,,,,,,,,,,,,,,,,,,,,,,,,,,,,,,,,,,,,,,,,,,,,,,,,,,,,,,,,,,,,,,,,,,,,,,,,,,,,,,,,,,,,,,,,,,,,,,,,,,,,,,,,,,,,,,,,,,,,,,,,,,,,,,,,,,,,,,,,,,,,,,,,,,,,,,,,,,,,,,,,,,,,,,,,,,,,,,,,,,,,,,,,,,,,,,,,,,,,,,,,,,,,,,,,,,,,,,,,,,,,,,,,,,,,,,,,,,,,,,,,,,,,,,,,,,,,,
H07_RD14-0003-30_31_32-1;4;4-M1U60-0.279IP-Q0.8_004.10sec.fsa,D18S51,Y,9.2,271.1,18,OL,277.89,10,12,281.04,296,12.2,283.28,18,13,285.27,27,14,289.11,332,15,293.11,366,16,297.12,124,17,301.03,207,22,321.34,30,23,325.78,11,23.2,328.04,7,24,329.54,10,OL,340.84,8,27,341.77,12,,,,,,,,,,,,,,,,,,,,,,,,,,,,,,,,,,,,,,,,,,,,,,,,,,,,,,,,,,,,,,,,,,,,,,,,,,,,,,,,,,,,,,,,,,,,,,,,,,,,,,,,,,,,,,,,,,,,,,,,,,,,,,,,,,,,,,,,,,,,,,,,,,,,,,,,,,,,,,,,,,,,,,,,,,,,,,,,,,,,,,,,,,,,,,,,,,,,,,,,,,,,,,,,,,,,,,,,,,,,,,,,,,,,,,,,,,,,,,,,,,,,,,,,,,,,,,,
H07_RD14-0003-30_31_32-1;4;4-M1U60-0.279IP-Q0.8_004.10sec.fsa,AMEL,R,X,104.91,1668,Y,110.85,1147,,,,,,,,,,,,,,,,,,,,,,,,,,,,,,,,,,,,,,,,,,,,,,,,,,,,,,,,,,,,,,,,,,,,,,,,,,,,,,,,,,,,,,,,,,,,,,,,,,,,,,,,,,,,,,,,,,,,,,,,,,,,,,,,,,,,,,,,,,,,,,,,,,,,,,,,,,,,,,,,,,,,,,,,,,,,,,,,,,,,,,,,,,,,,,,,,,,,,,,,,,,,,,,,,,,,,,,,,,,,,,,,,,,,,,,,,,,,,,,,,,,,,,,,,,,,,,,,,,,,,,,,,,,,,,,,,,,,,,,,,,,,,,,,,,,,,,
H07_RD14-0003-30_31_32-1;4;4-M1U60-0.279IP-Q0.8_004.10sec.fsa,D5S818,R,OL,125.59,19,OL,126.85,16,7,132.89,12,OL,138.78,8,9,140.62,61,10,144.67,1100,11,148.82,394,12,152.98,119,13,157.15,291,OL,162.16,7,OL,167.58,9,16,169.44,19,OL,176.5,9,,,,,,,,,,,,,,,,,,,,,,,,,,,,,,,,,,,,,,,,,,,,,,,,,,,,,,,,,,,,,,,,,,,,,,,,,,,,,,,,,,,,,,,,,,,,,,,,,,,,,,,,,,,,,,,,,,,,,,,,,,,,,,,,,,,,,,,,,,,,,,,,,,,,,,,,,,,,,,,,,,,,,,,,,,,,,,,,,,,,,,,,,,,,,,,,,,,,,,,,,,,,,,,,,,,,,,,,,,,,,,,,,,,,,,,,,,,,,,,,,,,,,,,,,,,,,,,,,,,,,
H07_RD14-0003-30_31_32-1;4;4-M1U60-0.279IP-Q0.8_004.10sec.fsa,FGA,R,OL,206.9,7,OL,216,6,19,221.03,42,20,224.92,60,21,229.06,773,22,233.12,115,23,237.2,301,24,241.71,15,26.2,251.5,7,27,253.55,288,29,261.93,14,OL,272.63,11,OL,278.7,14,OL,281.52,23,OL,282.8,21,34.2,284.16,6,OL,303.5,13,OL,306.96,11,OL,307.53,12,OL,319.23,11,43.2,320,7,OL,323.44,10,44.2,324.78,12,46.2,332.54,10,48.2,340.42,5,OL,345.22,7,51.2,352.56,9,,,,,,,,,,,,,,,,,,,,,,,,,,,,,,,,,,,,,,,,,,,,,,,,,,,,,,,,,,,,,,,,,,,,,,,,,,,,,,,,,,,,,,,,,,,,,,,,,,,,,,,,,,,,,,,,,,,,,,,,,,,,,,,,,,,,,,,,,,,,,,,,,,,,,,,,,,,,,,,,,,,,,,,,,,,,,,,,,,,,,,,,,,,,,,,,,,,,,,,,,,,,,,,,,,,,,,,,,,,
